session,plant,date,bbch,cls,n_common_poses,pose,image_id_c1,relpath_c1,image_id_c2,relpath_c2,image_id_c3,relpath_c3,image_id_c4,relpath_c4
p001_20230816,1,20230816,70,4_S7,12,2,c1_p001_20230816_o02,data/data_0/pi1_00002_1_2_20230816154734.jpg,c2_p001_20230816_o02,data/data_0/pi2_00002_1_2_20230816154750.jpg,c3_p001_20230816_o02,data/data_0/pi3_00002_1_2_20230816154800.jpg,c4_p001_20230816_o02,data/data_0/pi4_00002_1_2_20230816154808.jpg
p001_20230921,1,20230921,79,4_S7,12,12,c1_p001_20230921_o12,data/data_3/pi1_00984_1_12_20230921150721.jpg,c2_p001_20230921_o12,data/data_3/pi2_00984_1_12_20230921150707.jpg,c3_p001_20230921_o12,data/data_3/pi3_00984_1_12_20230921150653.jpg,c4_p001_20230921_o12,data/data_3/pi4_00984_1_12_20230921150615.jpg
p001_20231005,1,20231005,87,5_S8,12,7,c1_p001_20231005_o07,data/data_7/pi1_01951_1_7_20231005094812.jpg,c2_p001_20231005_o07,data/data_7/pi2_01951_1_7_20231005094827.jpg,c3_p001_20231005_o07,data/data_7/pi3_01951_1_7_20231005094840.jpg,c4_p001_20231005_o07,data/data_7/pi4_01951_1_7_20231005094856.jpg
p002_20230816,2,20230816,68,3_S6,12,10,c1_p002_20230816_o10,data/data_0/pi1_00022_2_10_20230816154734.jpg,c2_p002_20230816_o10,data/data_0/pi2_00022_2_10_20230816154750.jpg,c3_p002_20230816_o10,data/data_0/pi3_00022_2_10_20230816154800.jpg,c4_p002_20230816_o10,data/data_0/pi4_00022_2_10_20230816154808.jpg
p002_20230921,2,20230921,77,4_S7,12,4,c1_p002_20230921_o04,data/data_3/pi1_00988_2_4_20230921150721.jpg,c2_p002_20230921_o04,data/data_3/pi2_00988_2_4_20230921150707.jpg,c3_p002_20230921_o04,data/data_3/pi3_00988_2_4_20230921150653.jpg,c4_p002_20230921_o04,data/data_3/pi4_00988_2_4_20230921150615.jpg
p002_20231005,2,20231005,79,4_S7,12,12,c1_p002_20231005_o12,data/data_7/pi1_01968_2_12_20231005094812.jpg,c2_p002_20231005_o12,data/data_7/pi2_01968_2_12_20231005094827.jpg,c3_p002_20231005_o12,data/data_7/pi3_01968_2_12_20231005094840.jpg,c4_p002_20231005_o12,data/data_7/pi4_01968_2_12_20231005094856.jpg
p003_20230816,3,20230816,64,3_S6,12,2,c1_p003_20230816_o02,data/data_0/pi1_00026_3_2_20230816154734.jpg,c2_p003_20230816_o02,data/data_0/pi2_00026_3_2_20230816154750.jpg,c3_p003_20230816_o02,data/data_0/pi3_00026_3_2_20230816154800.jpg,c4_p003_20230816_o02,data/data_0/pi4_00026_3_2_20230816154808.jpg
p003_20230921,3,20230921,77,4_S7,12,8,c1_p003_20230921_o08,data/data_4/pi1_01004_3_8_20230921150721.jpg,c2_p003_20230921_o08,data/data_4/pi2_01004_3_8_20230921150707.jpg,c3_p003_20230921_o08,data/data_4/pi3_01004_3_8_20230921150653.jpg,c4_p003_20230921_o08,data/data_4/pi4_01004_3_8_20230921150615.jpg
p003_20231005,3,20231005,79,4_S7,12,8,c1_p003_20231005_o08,data/data_7/pi1_01976_3_8_20231005094812.jpg,c2_p003_20231005_o08,data/data_7/pi2_01976_3_8_20231005094827.jpg,c3_p003_20231005_o08,data/data_7/pi3_01976_3_8_20231005094840.jpg,c4_p003_20231005_o08,data/data_7/pi4_01976_3_8_20231005094856.jpg
p004_20230816,4,20230816,61,3_S6,12,11,c1_p004_20230816_o11,data/data_0/pi1_00047_4_11_20230816154734.jpg,c2_p004_20230816_o11,data/data_0/pi2_00047_4_11_20230816154750.jpg,c3_p004_20230816_o11,data/data_0/pi3_00047_4_11_20230816154800.jpg,c4_p004_20230816_o11,data/data_0/pi4_00047_4_11_20230816154808.jpg
p004_20230921,4,20230921,79,4_S7,12,2,c1_p004_20230921_o02,data/data_4/pi1_01010_4_2_20230921150721.jpg,c2_p004_20230921_o02,data/data_4/pi2_01010_4_2_20230921150707.jpg,c3_p004_20230921_o02,data/data_4/pi3_01010_4_2_20230921150653.jpg,c4_p004_20230921_o02,data/data_4/pi4_01010_4_2_20230921150615.jpg
p004_20231005,4,20231005,82,5_S8,12,12,c1_p004_20231005_o12,data/data_7/pi1_01992_4_12_20231005094812.jpg,c2_p004_20231005_o12,data/data_7/pi2_01992_4_12_20231005094827.jpg,c3_p004_20231005_o12,data/data_7/pi3_01992_4_12_20231005094840.jpg,c4_p004_20231005_o12,data/data_7/pi4_01992_4_12_20231005094856.jpg
p005_20230816,5,20230816,65,3_S6,12,2,c1_p005_20230816_o02,data/data_0/pi1_00050_5_2_20230816154734.jpg,c2_p005_20230816_o02,data/data_0/pi2_00050_5_2_20230816154750.jpg,c3_p005_20230816_o02,data/data_0/pi3_00050_5_2_20230816154800.jpg,c4_p005_20230816_o02,data/data_0/pi4_00050_5_2_20230816154808.jpg
p005_20230921,5,20230921,77,4_S7,12,7,c1_p005_20230921_o07,data/data_4/pi1_01027_5_7_20230921150721.jpg,c2_p005_20230921_o07,data/data_4/pi2_01027_5_7_20230921150707.jpg,c3_p005_20230921_o07,data/data_4/pi3_01027_5_7_20230921150653.jpg,c4_p005_20230921_o07,data/data_4/pi4_01027_5_7_20230921150615.jpg
p005_20231005,5,20231005,79,4_S7,12,9,c1_p005_20231005_o09,data/data_8/pi1_02001_5_9_20231005094812.jpg,c2_p005_20231005_o09,data/data_8/pi2_02001_5_9_20231005094827.jpg,c3_p005_20231005_o09,data/data_8/pi3_02001_5_9_20231005094840.jpg,c4_p005_20231005_o09,data/data_8/pi4_02001_5_9_20231005094856.jpg
p006_20230816,6,20230816,65,3_S6,12,4,c1_p006_20230816_o04,data/data_0/pi1_00064_6_4_20230816154734.jpg,c2_p006_20230816_o04,data/data_0/pi2_00064_6_4_20230816154750.jpg,c3_p006_20230816_o04,data/data_0/pi3_00064_6_4_20230816154800.jpg,c4_p006_20230816_o04,data/data_0/pi4_00064_6_4_20230816154808.jpg
p006_20230921,6,20230921,78,4_S7,12,2,c1_p006_20230921_o02,data/data_4/pi1_01034_6_2_20230921150721.jpg,c2_p006_20230921_o02,data/data_4/pi2_01034_6_2_20230921150707.jpg,c3_p006_20230921_o02,data/data_4/pi3_01034_6_2_20230921150653.jpg,c4_p006_20230921_o02,data/data_4/pi4_01034_6_2_20230921150615.jpg
p006_20231005,6,20231005,79,4_S7,12,7,c1_p006_20231005_o07,data/data_8/pi1_02011_6_7_20231005094812.jpg,c2_p006_20231005_o07,data/data_8/pi2_02011_6_7_20231005094827.jpg,c3_p006_20231005_o07,data/data_8/pi3_02011_6_7_20231005094840.jpg,c4_p006_20231005_o07,data/data_8/pi4_02011_6_7_20231005094856.jpg
p007_20230816,7,20230816,67,3_S6,12,9,c1_p007_20230816_o09,data/data_0/pi1_00081_7_9_20230816154734.jpg,c2_p007_20230816_o09,data/data_0/pi2_00081_7_9_20230816154750.jpg,c3_p007_20230816_o09,data/data_0/pi3_00081_7_9_20230816154800.jpg,c4_p007_20230816_o09,data/data_0/pi4_00081_7_9_20230816154808.jpg
p007_20230921,7,20230921,80,5_S8,12,4,c1_p007_20230921_o04,data/data_4/pi1_01048_7_4_20230921150721.jpg,c2_p007_20230921_o04,data/data_4/pi2_01048_7_4_20230921150707.jpg,c3_p007_20230921_o04,data/data_4/pi3_01048_7_4_20230921150653.jpg,c4_p007_20230921_o04,data/data_4/pi4_01048_7_4_20230921150615.jpg
p007_20231005,7,20231005,83,5_S8,12,11,c1_p007_20231005_o11,data/data_8/pi1_02027_7_11_20231005094812.jpg,c2_p007_20231005_o11,data/data_8/pi2_02027_7_11_20231005094827.jpg,c3_p007_20231005_o11,data/data_8/pi3_02027_7_11_20231005094840.jpg,c4_p007_20231005_o11,data/data_8/pi4_02027_7_11_20231005094856.jpg
p008_20230816,8,20230816,63,3_S6,12,6,c1_p008_20230816_o06,data/data_0/pi1_00090_8_6_20230816154734.jpg,c2_p008_20230816_o06,data/data_0/pi2_00090_8_6_20230816154750.jpg,c3_p008_20230816_o06,data/data_0/pi3_00090_8_6_20230816154800.jpg,c4_p008_20230816_o06,data/data_0/pi4_00090_8_6_20230816154808.jpg
p008_20230921,8,20230921,73,4_S7,12,3,c1_p008_20230921_o03,data/data_4/pi1_01059_8_3_20230921150721.jpg,c2_p008_20230921_o03,data/data_4/pi2_01059_8_3_20230921150707.jpg,c3_p008_20230921_o03,data/data_4/pi3_01059_8_3_20230921150653.jpg,c4_p008_20230921_o03,data/data_4/pi4_01059_8_3_20230921150615.jpg
p008_20231005,8,20231005,76,4_S7,12,11,c1_p008_20231005_o11,data/data_8/pi1_02039_8_11_20231005094812.jpg,c2_p008_20231005_o11,data/data_8/pi2_02039_8_11_20231005094827.jpg,c3_p008_20231005_o11,data/data_8/pi3_02039_8_11_20231005094840.jpg,c4_p008_20231005_o11,data/data_8/pi4_02039_8_11_20231005094856.jpg
p009_20230816,9,20230816,64,3_S6,12,11,c1_p009_20230816_o11,data/data_0/pi1_00107_9_11_20230816154734.jpg,c2_p009_20230816_o11,data/data_0/pi2_00107_9_11_20230816154750.jpg,c3_p009_20230816_o11,data/data_0/pi3_00107_9_11_20230816154800.jpg,c4_p009_20230816_o11,data/data_0/pi4_00107_9_11_20230816154808.jpg
p009_20230921,9,20230921,75,4_S7,12,10,c1_p009_20230921_o10,data/data_4/pi1_01078_9_10_20230921150721.jpg,c2_p009_20230921_o10,data/data_4/pi2_01078_9_10_20230921150707.jpg,c3_p009_20230921_o10,data/data_4/pi3_01078_9_10_20230921150653.jpg,c4_p009_20230921_o10,data/data_4/pi4_01078_9_10_20230921150615.jpg
p009_20231005,9,20231005,84,5_S8,12,1,c1_p009_20231005_o01,data/data_8/pi1_02041_9_1_20231005094812.jpg,c2_p009_20231005_o01,data/data_8/pi2_02041_9_1_20231005094827.jpg,c3_p009_20231005_o01,data/data_8/pi3_02041_9_1_20231005094840.jpg,c4_p009_20231005_o01,data/data_8/pi4_02041_9_1_20231005094856.jpg
p010_20230816,10,20230816,64,3_S6,12,7,c1_p010_20230816_o07,data/data_0/pi1_00115_10_7_20230816154734.jpg,c2_p010_20230816_o07,data/data_0/pi2_00115_10_7_20230816154750.jpg,c3_p010_20230816_o07,data/data_0/pi3_00115_10_7_20230816154800.jpg,c4_p010_20230816_o07,data/data_0/pi4_00115_10_7_20230816154808.jpg
p010_20230921,10,20230921,72,4_S7,12,5,c1_p010_20230921_o05,data/data_4/pi1_01085_10_5_20230921150721.jpg,c2_p010_20230921_o05,data/data_4/pi2_01085_10_5_20230921150707.jpg,c3_p010_20230921_o05,data/data_4/pi3_01085_10_5_20230921150653.jpg,c4_p010_20230921_o05,data/data_4/pi4_01085_10_5_20230921150615.jpg
p010_20231005,10,20231005,85,5_S8,12,3,c1_p010_20231005_o03,data/data_8/pi1_02055_10_3_20231005094812.jpg,c2_p010_20231005_o03,data/data_8/pi2_02055_10_3_20231005094827.jpg,c3_p010_20231005_o03,data/data_8/pi3_02055_10_3_20231005094840.jpg,c4_p010_20231005_o03,data/data_8/pi4_02055_10_3_20231005094856.jpg
p011_20230816,11,20230816,27,1_S2,12,10,c1_p011_20230816_o10,data/data_0/pi1_00130_11_10_20230816154734.jpg,c2_p011_20230816_o10,data/data_0/pi2_00130_11_10_20230816154750.jpg,c3_p011_20230816_o10,data/data_0/pi3_00130_11_10_20230816154800.jpg,c4_p011_20230816_o10,data/data_0/pi4_00130_11_10_20230816154808.jpg
p011_20230921,11,20230921,51,2_S5,12,3,c1_p011_20230921_o03,data/data_4/pi1_01095_11_3_20230921150721.jpg,c2_p011_20230921_o03,data/data_4/pi2_01095_11_3_20230921150707.jpg,c3_p011_20230921_o03,data/data_4/pi3_01095_11_3_20230921150653.jpg,c4_p011_20230921_o03,data/data_4/pi4_01095_11_3_20230921150615.jpg
p011_20231005,11,20231005,52,2_S5,12,4,c1_p011_20231005_o04,data/data_8/pi1_02068_11_4_20231005094812.jpg,c2_p011_20231005_o04,data/data_8/pi2_02068_11_4_20231005094827.jpg,c3_p011_20231005_o04,data/data_8/pi3_02068_11_4_20231005094840.jpg,c4_p011_20231005_o04,data/data_8/pi4_02068_11_4_20231005094856.jpg
p012_20230816,12,20230816,65,3_S6,12,2,c1_p012_20230816_o02,data/data_0/pi1_00134_12_2_20230816154734.jpg,c2_p012_20230816_o02,data/data_0/pi2_00134_12_2_20230816154750.jpg,c3_p012_20230816_o02,data/data_0/pi3_00134_12_2_20230816154800.jpg,c4_p012_20230816_o02,data/data_0/pi4_00134_12_2_20230816154808.jpg
p012_20230921,12,20230921,79,4_S7,12,7,c1_p012_20230921_o07,data/data_4/pi1_01111_12_7_20230921150721.jpg,c2_p012_20230921_o07,data/data_4/pi2_01111_12_7_20230921150707.jpg,c3_p012_20230921_o07,data/data_4/pi3_01111_12_7_20230921150653.jpg,c4_p012_20230921_o07,data/data_4/pi4_01111_12_7_20230921150615.jpg
p012_20231005,12,20231005,82,5_S8,12,12,c1_p012_20231005_o12,data/data_8/pi1_02088_12_12_20231005094812.jpg,c2_p012_20231005_o12,data/data_8/pi2_02088_12_12_20231005094827.jpg,c3_p012_20231005_o12,data/data_8/pi3_02088_12_12_20231005094840.jpg,c4_p012_20231005_o12,data/data_8/pi4_02088_12_12_20231005094856.jpg
p013_20230816,13,20230816,59,2_S5,12,1,c1_p013_20230816_o01,data/data_0/pi1_00145_13_1_20230816154734.jpg,c2_p013_20230816_o01,data/data_0/pi2_00145_13_1_20230816154750.jpg,c3_p013_20230816_o01,data/data_0/pi3_00145_13_1_20230816154800.jpg,c4_p013_20230816_o01,data/data_0/pi4_00145_13_1_20230816154808.jpg
p013_20230921,13,20230921,75,4_S7,12,12,c1_p013_20230921_o12,data/data_4/pi1_01128_13_12_20230921150721.jpg,c2_p013_20230921_o12,data/data_4/pi2_01128_13_12_20230921150707.jpg,c3_p013_20230921_o12,data/data_4/pi3_01128_13_12_20230921150653.jpg,c4_p013_20230921_o12,data/data_4/pi4_01128_13_12_20230921150615.jpg
p013_20231005,13,20231005,88,5_S8,12,8,c1_p013_20231005_o08,data/data_8/pi1_02096_13_8_20231005094812.jpg,c2_p013_20231005_o08,data/data_8/pi2_02096_13_8_20231005094827.jpg,c3_p013_20231005_o08,data/data_8/pi3_02096_13_8_20231005094840.jpg,c4_p013_20231005_o08,data/data_8/pi4_02096_13_8_20231005094856.jpg
p014_20230816,14,20230816,69,3_S6,12,8,c1_p014_20230816_o08,data/data_0/pi1_00164_14_8_20230816154734.jpg,c2_p014_20230816_o08,data/data_0/pi2_00164_14_8_20230816154750.jpg,c3_p014_20230816_o08,data/data_0/pi3_00164_14_8_20230816154800.jpg,c4_p014_20230816_o08,data/data_0/pi4_00164_14_8_20230816154808.jpg
p014_20230921,14,20230921,76,4_S7,12,2,c1_p014_20230921_o02,data/data_4/pi1_01130_14_2_20230921150721.jpg,c2_p014_20230921_o02,data/data_4/pi2_01130_14_2_20230921150707.jpg,c3_p014_20230921_o02,data/data_4/pi3_01130_14_2_20230921150653.jpg,c4_p014_20230921_o02,data/data_4/pi4_01130_14_2_20230921150615.jpg
p014_20231005,14,20231005,79,4_S7,12,6,c1_p014_20231005_o06,data/data_8/pi1_02106_14_6_20231005094812.jpg,c2_p014_20231005_o06,data/data_8/pi2_02106_14_6_20231005094827.jpg,c3_p014_20231005_o06,data/data_8/pi3_02106_14_6_20231005094840.jpg,c4_p014_20231005_o06,data/data_8/pi4_02106_14_6_20231005094856.jpg
p015_20230816,15,20230816,66,3_S6,12,1,c1_p015_20230816_o01,data/data_0/pi1_00169_15_1_20230816154734.jpg,c2_p015_20230816_o01,data/data_0/pi2_00169_15_1_20230816154750.jpg,c3_p015_20230816_o01,data/data_0/pi3_00169_15_1_20230816154800.jpg,c4_p015_20230816_o01,data/data_0/pi4_00169_15_1_20230816154808.jpg
p015_20230921,15,20230921,73,4_S7,12,12,c1_p015_20230921_o12,data/data_4/pi1_01152_15_12_20230921150721.jpg,c2_p015_20230921_o12,data/data_4/pi2_01152_15_12_20230921150707.jpg,c3_p015_20230921_o12,data/data_4/pi3_01152_15_12_20230921150653.jpg,c4_p015_20230921_o12,data/data_4/pi4_01152_15_12_20230921150615.jpg
p015_20231005,15,20231005,77,4_S7,12,6,c1_p015_20231005_o06,data/data_8/pi1_02118_15_6_20231005094812.jpg,c2_p015_20231005_o06,data/data_8/pi2_02118_15_6_20231005094827.jpg,c3_p015_20231005_o06,data/data_8/pi3_02118_15_6_20231005094840.jpg,c4_p015_20231005_o06,data/data_8/pi4_02118_15_6_20231005094856.jpg
p016_20230816,16,20230816,70,4_S7,12,5,c1_p016_20230816_o05,data/data_0/pi1_00185_16_5_20230816154734.jpg,c2_p016_20230816_o05,data/data_0/pi2_00185_16_5_20230816154750.jpg,c3_p016_20230816_o05,data/data_0/pi3_00185_16_5_20230816154800.jpg,c4_p016_20230816_o05,data/data_0/pi4_00185_16_5_20230816154808.jpg
p016_20230921,16,20230921,75,4_S7,12,12,c1_p016_20230921_o12,data/data_4/pi1_01164_16_12_20230921150721.jpg,c2_p016_20230921_o12,data/data_4/pi2_01164_16_12_20230921150707.jpg,c3_p016_20230921_o12,data/data_4/pi3_01164_16_12_20230921150653.jpg,c4_p016_20230921_o12,data/data_4/pi4_01164_16_12_20230921150615.jpg
p016_20231005,16,20231005,77,4_S7,12,9,c1_p016_20231005_o09,data/data_8/pi1_02133_16_9_20231005094812.jpg,c2_p016_20231005_o09,data/data_8/pi2_02133_16_9_20231005094827.jpg,c3_p016_20231005_o09,data/data_8/pi3_02133_16_9_20231005094840.jpg,c4_p016_20231005_o09,data/data_8/pi4_02133_16_9_20231005094856.jpg
p017_20230816,17,20230816,71,4_S7,12,6,c1_p017_20230816_o06,data/data_0/pi1_00198_17_6_20230816154734.jpg,c2_p017_20230816_o06,data/data_0/pi2_00198_17_6_20230816154750.jpg,c3_p017_20230816_o06,data/data_0/pi3_00198_17_6_20230816154800.jpg,c4_p017_20230816_o06,data/data_0/pi4_00198_17_6_20230816154808.jpg
p017_20230921,17,20230921,74,4_S7,12,10,c1_p017_20230921_o10,data/data_4/pi1_01174_17_10_20230921150721.jpg,c2_p017_20230921_o10,data/data_4/pi2_01174_17_10_20230921150707.jpg,c3_p017_20230921_o10,data/data_4/pi3_01174_17_10_20230921150653.jpg,c4_p017_20230921_o10,data/data_4/pi4_01174_17_10_20230921150615.jpg
p017_20231005,17,20231005,72,4_S7,12,6,c1_p017_20231005_o06,data/data_8/pi1_02142_17_6_20231005094812.jpg,c2_p017_20231005_o06,data/data_8/pi2_02142_17_6_20231005094827.jpg,c3_p017_20231005_o06,data/data_8/pi3_02142_17_6_20231005094840.jpg,c4_p017_20231005_o06,data/data_8/pi4_02142_17_6_20231005094856.jpg
p018_20230816,18,20230816,68,3_S6,12,11,c1_p018_20230816_o11,data/data_0/pi1_00215_18_11_20230816154734.jpg,c2_p018_20230816_o11,data/data_0/pi2_00215_18_11_20230816154750.jpg,c3_p018_20230816_o11,data/data_0/pi3_00215_18_11_20230816154800.jpg,c4_p018_20230816_o11,data/data_0/pi4_00215_18_11_20230816154808.jpg
p018_20230921,18,20230921,78,4_S7,12,10,c1_p018_20230921_o10,data/data_4/pi1_01186_18_10_20230921150721.jpg,c2_p018_20230921_o10,data/data_4/pi2_01186_18_10_20230921150707.jpg,c3_p018_20230921_o10,data/data_4/pi3_01186_18_10_20230921150653.jpg,c4_p018_20230921_o10,data/data_4/pi4_01186_18_10_20230921150615.jpg
p018_20231005,18,20231005,89,5_S8,12,5,c1_p018_20231005_o05,data/data_8/pi1_02153_18_5_20231005094812.jpg,c2_p018_20231005_o05,data/data_8/pi2_02153_18_5_20231005094827.jpg,c3_p018_20231005_o05,data/data_8/pi3_02153_18_5_20231005094840.jpg,c4_p018_20231005_o05,data/data_8/pi4_02153_18_5_20231005094856.jpg
p019_20230816,19,20230816,70,4_S7,12,3,c1_p019_20230816_o03,data/data_0/pi1_00219_19_3_20230816154734.jpg,c2_p019_20230816_o03,data/data_0/pi2_00219_19_3_20230816154750.jpg,c3_p019_20230816_o03,data/data_0/pi3_00219_19_3_20230816154800.jpg,c4_p019_20230816_o03,data/data_0/pi4_00219_19_3_20230816154808.jpg
p019_20230921,19,20230921,78,4_S7,12,1,c1_p019_20230921_o01,data/data_4/pi1_01189_19_1_20230921150721.jpg,c2_p019_20230921_o01,data/data_4/pi2_01189_19_1_20230921150707.jpg,c3_p019_20230921_o01,data/data_4/pi3_01189_19_1_20230921150653.jpg,c4_p019_20230921_o01,data/data_4/pi4_01189_19_1_20230921150615.jpg
p019_20231005,19,20231005,85,5_S8,12,7,c1_p019_20231005_o07,data/data_8/pi1_02167_19_7_20231005094812.jpg,c2_p019_20231005_o07,data/data_8/pi2_02167_19_7_20231005094827.jpg,c3_p019_20231005_o07,data/data_8/pi3_02167_19_7_20231005094840.jpg,c4_p019_20231005_o07,data/data_8/pi4_02167_19_7_20231005094856.jpg
p020_20230816,20,20230816,70,4_S7,12,3,c1_p020_20230816_o03,data/data_0/pi1_00231_20_3_20230816154734.jpg,c2_p020_20230816_o03,data/data_0/pi2_00231_20_3_20230816154750.jpg,c3_p020_20230816_o03,data/data_0/pi3_00231_20_3_20230816154800.jpg,c4_p020_20230816_o03,data/data_0/pi4_00231_20_3_20230816154808.jpg
p020_20230921,20,20230921,72,4_S7,12,1,c1_p020_20230921_o01,data/data_4/pi1_01201_20_1_20230921150721.jpg,c2_p020_20230921_o01,data/data_4/pi2_01201_20_1_20230921150707.jpg,c3_p020_20230921_o01,data/data_4/pi3_01201_20_1_20230921150653.jpg,c4_p020_20230921_o01,data/data_4/pi4_01201_20_1_20230921150615.jpg
p020_20231005,20,20231005,78,4_S7,12,10,c1_p020_20231005_o10,data/data_8/pi1_02182_20_10_20231005094812.jpg,c2_p020_20231005_o10,data/data_8/pi2_02182_20_10_20231005094827.jpg,c3_p020_20231005_o10,data/data_8/pi3_02182_20_10_20231005094840.jpg,c4_p020_20231005_o10,data/data_8/pi4_02182_20_10_20231005094856.jpg
p021_20230816,21,20230816,64,3_S6,12,3,c1_p021_20230816_o03,data/data_0/pi1_00243_21_3_20230816154734.jpg,c2_p021_20230816_o03,data/data_0/pi2_00243_21_3_20230816154750.jpg,c3_p021_20230816_o03,data/data_0/pi3_00243_21_3_20230816154800.jpg,c4_p021_20230816_o03,data/data_0/pi4_00243_21_3_20230816154808.jpg
p021_20230921,21,20230921,83,5_S8,12,5,c1_p021_20230921_o05,data/data_4/pi1_01217_21_5_20230921150721.jpg,c2_p021_20230921_o05,data/data_4/pi2_01217_21_5_20230921150707.jpg,c3_p021_20230921_o05,data/data_4/pi3_01217_21_5_20230921150653.jpg,c4_p021_20230921_o05,data/data_4/pi4_01217_21_5_20230921150615.jpg
p021_20231005,21,20231005,83,5_S8,12,6,c1_p021_20231005_o06,data/data_8/pi1_02190_21_6_20231005094812.jpg,c2_p021_20231005_o06,data/data_8/pi2_02190_21_6_20231005094827.jpg,c3_p021_20231005_o06,data/data_8/pi3_02190_21_6_20231005094840.jpg,c4_p021_20231005_o06,data/data_8/pi4_02190_21_6_20231005094856.jpg
p022_20230828,22,20230828,19,0_S1,12,11,c1_p022_20230828_o11,data/data_1/pi1_00263_22_11_20230828154247.jpg,c2_p022_20230828_o11,data/data_1/pi2_00263_22_11_20230828154311.jpg,c3_p022_20230828_o11,data/data_1/pi3_00263_22_11_20230828154326.jpg,c4_p022_20230828_o11,data/data_1/pi4_00263_22_11_20230828154341.jpg
p022_20230904,22,20230904,53,2_S5,12,1,c1_p022_20230904_o01,data/data_1/pi1_00493_22_1_20230904095544.jpg,c2_p022_20230904_o01,data/data_1/pi2_00493_22_1_20230904095610.jpg,c3_p022_20230904_o01,data/data_1/pi3_00493_22_1_20230904095624.jpg,c4_p022_20230904_o01,data/data_1/pi4_00493_22_1_20230904095637.jpg
p022_20230908,22,20230908,63,3_S6,12,3,c1_p022_20230908_o03,data/data_2/pi1_00735_22_3_20230908154600.jpg,c2_p022_20230908_o03,data/data_2/pi2_00735_22_3_20230908154627.jpg,c3_p022_20230908_o03,data/data_2/pi3_00735_22_3_20230908154644.jpg,c4_p022_20230908_o03,data/data_2/pi4_00735_22_3_20230908155322.jpg
p022_20230921,22,20230921,70,4_S7,12,11,c1_p022_20230921_o11,data/data_4/pi1_01235_22_11_20230921150721.jpg,c2_p022_20230921_o11,data/data_4/pi2_01235_22_11_20230921150707.jpg,c3_p022_20230921_o11,data/data_4/pi3_01235_22_11_20230921150653.jpg,c4_p022_20230921_o11,data/data_4/pi4_01235_22_11_20230921150615.jpg
p022_20231006,22,20231006,72,4_S7,12,6,c1_p022_20231006_o06,data/data_8/pi1_02202_22_6_20231006114010.jpg,c2_p022_20231006_o06,data/data_8/pi2_02202_22_6_20231006113958.jpg,c3_p022_20231006_o06,data/data_8/pi3_02202_22_6_20231006113943.jpg,c4_p022_20231006_o06,data/data_8/pi4_02202_22_6_20231006113924.jpg
p022_20231017,22,20231017,75,4_S7,12,3,c1_p022_20231017_o03,data/data_12/pi1_03159_22_3_20231017131625.jpg,c2_p022_20231017_o03,data/data_12/pi2_03159_22_3_20231017131625.jpg,c3_p022_20231017_o03,data/data_12/pi3_03159_22_3_20231017131626.jpg,c4_p022_20231017_o03,data/data_12/pi4_03159_22_3_20231017131625.jpg
p022_20231023,22,20231023,77,4_S7,12,2,c1_p022_20231023_o02,data/data_17/pi1_04358_22_2_20231023095511.jpg,c2_p022_20231023_o02,data/data_17/pi2_04358_22_2_20231023095512.jpg,c3_p022_20231023_o02,data/data_17/pi3_04358_22_2_20231023095512.jpg,c4_p022_20231023_o02,data/data_17/pi4_04358_22_2_20231023095512.jpg
p022_20231027,22,20231027,78,4_S7,12,12,c1_p022_20231027_o12,data/data_20/pi1_05088_22_12_20231027103947.jpg,c2_p022_20231027_o12,data/data_20/pi2_05088_22_12_20231027103947.jpg,c3_p022_20231027_o12,data/data_20/pi3_05088_22_12_20231027103948.jpg,c4_p022_20231027_o12,data/data_20/pi4_05088_22_12_20231027103948.jpg
p022_20231101,22,20231101,79,4_S7,12,10,c1_p022_20231101_o10,data/data_23/pi1_05806_22_10_20231101091452.jpg,c2_p022_20231101_o10,data/data_23/pi2_05806_22_10_20231101091453.jpg,c3_p022_20231101_o10,data/data_23/pi3_05806_22_10_20231101091453.jpg,c4_p022_20231101_o10,data/data_23/pi4_05806_22_10_20231101091453.jpg
p022_20231106,22,20231106,80,5_S8,12,7,c1_p022_20231106_o07,data/data_26/pi1_06523_22_7_20231106094159.jpg,c2_p022_20231106_o07,data/data_26/pi2_06523_22_7_20231106094159.jpg,c3_p022_20231106_o07,data/data_26/pi3_06523_22_7_20231106094200.jpg,c4_p022_20231106_o07,data/data_26/pi4_06523_22_7_20231106094201.jpg
p022_20231109,22,20231109,80,5_S8,12,10,c1_p022_20231109_o10,data/data_28/pi1_07246_22_10_20231109084616.jpg,c2_p022_20231109_o10,data/data_28/pi2_07246_22_10_20231109084615.jpg,c3_p022_20231109_o10,data/data_28/pi3_07246_22_10_20231109084617.jpg,c4_p022_20231109_o10,data/data_28/pi4_07246_22_10_20231109084617.jpg
p022_20231120,22,20231120,84,5_S8,12,3,c1_p022_20231120_o03,data/data_31/pi1_07959_22_3_20231120131829.jpg,c2_p022_20231120_o03,data/data_31/pi2_07959_22_3_20231120131829.jpg,c3_p022_20231120_o03,data/data_31/pi3_07959_22_3_20231120131830.jpg,c4_p022_20231120_o03,data/data_31/pi4_07959_22_3_20231120131829.jpg
p022_20231124,22,20231124,86,5_S8,12,2,c1_p022_20231124_o02,data/data_34/pi1_08678_22_2_20231124154917.jpg,c2_p022_20231124_o02,data/data_34/pi2_08678_22_2_20231124154824.jpg,c3_p022_20231124_o02,data/data_34/pi3_08678_22_2_20231124154755.jpg,c4_p022_20231124_o02,data/data_34/pi4_08678_22_2_20231124154713.jpg
p022_20231127,22,20231127,88,5_S8,12,3,c1_p022_20231127_o03,data/data_35/pi1_08919_22_3_20231127135322.jpg,c2_p022_20231127_o03,data/data_35/pi2_08919_22_3_20231127135323.jpg,c3_p022_20231127_o03,data/data_35/pi3_08919_22_3_20231127135323.jpg,c4_p022_20231127_o03,data/data_35/pi4_08919_22_3_20231127135324.jpg
p022_20231130,22,20231130,89,5_S8,12,4,c1_p022_20231130_o04,data/data_39/pi1_09880_22_4_20231130090435.jpg,c2_p022_20231130_o04,data/data_39/pi2_09880_22_4_20231130090436.jpg,c3_p022_20231130_o04,data/data_39/pi3_09880_22_4_20231130090436.jpg,c4_p022_20231130_o04,data/data_39/pi4_09880_22_4_20231130090437.jpg
p023_20230828,23,20230828,14,0_S1,12,5,c1_p023_20230828_o05,data/data_1/pi1_00269_23_5_20230828154247.jpg,c2_p023_20230828_o05,data/data_1/pi2_00269_23_5_20230828154311.jpg,c3_p023_20230828_o05,data/data_1/pi3_00269_23_5_20230828154326.jpg,c4_p023_20230828_o05,data/data_1/pi4_00269_23_5_20230828154341.jpg
p023_20230904,23,20230904,22,1_S2,12,12,c1_p023_20230904_o12,data/data_2/pi1_00516_23_12_20230904095544.jpg,c2_p023_20230904_o12,data/data_2/pi2_00516_23_12_20230904095610.jpg,c3_p023_20230904_o12,data/data_2/pi3_00516_23_12_20230904095624.jpg,c4_p023_20230904_o12,data/data_2/pi4_00516_23_12_20230904095637.jpg
p023_20230908,23,20230908,63,3_S6,12,4,c1_p023_20230908_o04,data/data_2/pi1_00748_23_4_20230908154600.jpg,c2_p023_20230908_o04,data/data_2/pi2_00748_23_4_20230908154627.jpg,c3_p023_20230908_o04,data/data_2/pi3_00748_23_4_20230908154644.jpg,c4_p023_20230908_o04,data/data_2/pi4_00748_23_4_20230908155322.jpg
p023_20230921,23,20230921,70,4_S7,12,2,c1_p023_20230921_o02,data/data_4/pi1_01238_23_2_20230921150721.jpg,c2_p023_20230921_o02,data/data_4/pi2_01238_23_2_20230921150707.jpg,c3_p023_20230921_o02,data/data_4/pi3_01238_23_2_20230921150653.jpg,c4_p023_20230921_o02,data/data_4/pi4_01238_23_2_20230921150615.jpg
p023_20231006,23,20231006,71,4_S7,12,10,c1_p023_20231006_o10,data/data_8/pi1_02218_23_10_20231006114010.jpg,c2_p023_20231006_o10,data/data_8/pi2_02218_23_10_20231006113958.jpg,c3_p023_20231006_o10,data/data_8/pi3_02218_23_10_20231006113943.jpg,c4_p023_20231006_o10,data/data_8/pi4_02218_23_10_20231006113924.jpg
p023_20231017,23,20231017,73,4_S7,12,5,c1_p023_20231017_o05,data/data_12/pi1_03173_23_5_20231017132004.jpg,c2_p023_20231017_o05,data/data_12/pi2_03173_23_5_20231017132004.jpg,c3_p023_20231017_o05,data/data_12/pi3_03173_23_5_20231017132005.jpg,c4_p023_20231017_o05,data/data_12/pi4_03173_23_5_20231017132004.jpg
p023_20231023,23,20231023,77,4_S7,12,6,c1_p023_20231023_o06,data/data_17/pi1_04374_23_6_20231023095922.jpg,c2_p023_20231023_o06,data/data_17/pi2_04374_23_6_20231023095922.jpg,c3_p023_20231023_o06,data/data_17/pi3_04374_23_6_20231023095922.jpg,c4_p023_20231023_o06,data/data_17/pi4_04374_23_6_20231023095922.jpg
p023_20231027,23,20231027,78,4_S7,12,5,c1_p023_20231027_o05,data/data_20/pi1_05093_23_5_20231027104125.jpg,c2_p023_20231027_o05,data/data_20/pi2_05093_23_5_20231027104125.jpg,c3_p023_20231027_o05,data/data_20/pi3_05093_23_5_20231027104125.jpg,c4_p023_20231027_o05,data/data_20/pi4_05093_23_5_20231027104125.jpg
p023_20231101,23,20231101,79,4_S7,12,8,c1_p023_20231101_o08,data/data_23/pi1_05816_23_8_20231101091717.jpg,c2_p023_20231101_o08,data/data_23/pi2_05816_23_8_20231101091717.jpg,c3_p023_20231101_o08,data/data_23/pi3_05816_23_8_20231101091717.jpg,c4_p023_20231101_o08,data/data_23/pi4_05816_23_8_20231101091717.jpg
p023_20231106,23,20231106,78,4_S7,12,3,c1_p023_20231106_o03,data/data_26/pi1_06531_23_3_20231106094427.jpg,c2_p023_20231106_o03,data/data_26/pi2_06531_23_3_20231106094428.jpg,c3_p023_20231106_o03,data/data_26/pi3_06531_23_3_20231106094428.jpg,c4_p023_20231106_o03,data/data_26/pi4_06531_23_3_20231106094429.jpg
p023_20231109,23,20231109,79,4_S7,12,9,c1_p023_20231109_o09,data/data_29/pi1_07257_23_9_20231109084912.jpg,c2_p023_20231109_o09,data/data_29/pi2_07257_23_9_20231109084911.jpg,c3_p023_20231109_o09,data/data_29/pi3_07257_23_9_20231109084912.jpg,c4_p023_20231109_o09,data/data_29/pi4_07257_23_9_20231109084913.jpg
p023_20231120,23,20231120,81,5_S8,12,8,c1_p023_20231120_o08,data/data_31/pi1_07976_23_8_20231120132258.jpg,c2_p023_20231120_o08,data/data_31/pi2_07976_23_8_20231120132259.jpg,c3_p023_20231120_o08,data/data_31/pi3_07976_23_8_20231120132259.jpg,c4_p023_20231120_o08,data/data_31/pi4_07976_23_8_20231120132259.jpg
p023_20231124,23,20231124,83,5_S8,12,2,c1_p023_20231124_o02,data/data_34/pi1_08690_23_2_20231124154917.jpg,c2_p023_20231124_o02,data/data_34/pi2_08690_23_2_20231124154824.jpg,c3_p023_20231124_o02,data/data_34/pi3_08690_23_2_20231124154755.jpg,c4_p023_20231124_o02,data/data_34/pi4_08690_23_2_20231124154713.jpg
p023_20231127,23,20231127,84,5_S8,12,12,c1_p023_20231127_o12,data/data_35/pi1_08940_23_12_20231127140234.jpg,c2_p023_20231127_o12,data/data_35/pi2_08940_23_12_20231127140235.jpg,c3_p023_20231127_o12,data/data_35/pi3_08940_23_12_20231127140235.jpg,c4_p023_20231127_o12,data/data_35/pi4_08940_23_12_20231127140236.jpg
p023_20231130,23,20231130,85,5_S8,12,2,c1_p023_20231130_o02,data/data_39/pi1_09890_23_2_20231130090721.jpg,c2_p023_20231130_o02,data/data_39/pi2_09890_23_2_20231130090722.jpg,c3_p023_20231130_o02,data/data_39/pi3_09890_23_2_20231130090721.jpg,c4_p023_20231130_o02,data/data_39/pi4_09890_23_2_20231130090723.jpg
p024_20230828,24,20230828,15,0_S1,12,3,c1_p024_20230828_o03,data/data_1/pi1_00279_24_3_20230828154247.jpg,c2_p024_20230828_o03,data/data_1/pi2_00279_24_3_20230828154311.jpg,c3_p024_20230828_o03,data/data_1/pi3_00279_24_3_20230828154326.jpg,c4_p024_20230828_o03,data/data_1/pi4_00279_24_3_20230828154341.jpg
p024_20230904,24,20230904,17,0_S1,12,3,c1_p024_20230904_o03,data/data_2/pi1_00519_24_3_20230904095544.jpg,c2_p024_20230904_o03,data/data_2/pi2_00519_24_3_20230904095610.jpg,c3_p024_20230904_o03,data/data_2/pi3_00519_24_3_20230904095624.jpg,c4_p024_20230904_o03,data/data_2/pi4_00519_24_3_20230904095637.jpg
p024_20230908,24,20230908,23,1_S2,12,11,c1_p024_20230908_o11,data/data_3/pi1_00767_24_11_20230908154600.jpg,c2_p024_20230908_o11,data/data_3/pi2_00767_24_11_20230908154627.jpg,c3_p024_20230908_o11,data/data_3/pi3_00767_24_11_20230908154644.jpg,c4_p024_20230908_o11,data/data_3/pi4_00767_24_11_20230908155322.jpg
p024_20230921,24,20230921,28,1_S2,12,4,c1_p024_20230921_o04,data/data_5/pi1_01252_24_4_20230921150721.jpg,c2_p024_20230921_o04,data/data_5/pi2_01252_24_4_20230921150707.jpg,c3_p024_20230921_o04,data/data_5/pi3_01252_24_4_20230921150653.jpg,c4_p024_20230921_o04,data/data_5/pi4_01252_24_4_20230921150615.jpg
p024_20231006,24,20231006,29,1_S2,12,8,c1_p024_20231006_o08,data/data_8/pi1_02228_24_8_20231006114010.jpg,c2_p024_20231006_o08,data/data_8/pi2_02228_24_8_20231006113958.jpg,c3_p024_20231006_o08,data/data_8/pi3_02228_24_8_20231006113943.jpg,c4_p024_20231006_o08,data/data_8/pi4_02228_24_8_20231006113924.jpg
p024_20231017,24,20231017,29,1_S2,12,8,c1_p024_20231017_o08,data/data_12/pi1_03188_24_8_20231017132318.jpg,c2_p024_20231017_o08,data/data_12/pi2_03188_24_8_20231017132318.jpg,c3_p024_20231017_o08,data/data_12/pi3_03188_24_8_20231017132318.jpg,c4_p024_20231017_o08,data/data_12/pi4_03188_24_8_20231017132318.jpg
p024_20231023,24,20231023,29,1_S2,12,12,c1_p024_20231023_o12,data/data_17/pi1_04392_24_12_20231023100323.jpg,c2_p024_20231023_o12,data/data_17/pi2_04392_24_12_20231023100323.jpg,c3_p024_20231023_o12,data/data_17/pi3_04392_24_12_20231023100324.jpg,c4_p024_20231023_o12,data/data_17/pi4_04392_24_12_20231023100324.jpg
p024_20231027,24,20231027,29,1_S2,12,10,c1_p024_20231027_o10,data/data_20/pi1_05110_24_10_20231027104504.jpg,c2_p024_20231027_o10,data/data_20/pi2_05110_24_10_20231027104504.jpg,c3_p024_20231027_o10,data/data_20/pi3_05110_24_10_20231027104505.jpg,c4_p024_20231027_o10,data/data_20/pi4_05110_24_10_20231027104505.jpg
p024_20231101,24,20231101,29,1_S2,12,7,c1_p024_20231101_o07,data/data_23/pi1_05827_24_7_20231101092017.jpg,c2_p024_20231101_o07,data/data_23/pi2_05827_24_7_20231101092017.jpg,c3_p024_20231101_o07,data/data_23/pi3_05827_24_7_20231101092017.jpg,c4_p024_20231101_o07,data/data_23/pi4_05827_24_7_20231101092017.jpg
p024_20231106,24,20231106,29,1_S2,12,4,c1_p024_20231106_o04,data/data_26/pi1_06544_24_4_20231106094819.jpg,c2_p024_20231106_o04,data/data_26/pi2_06544_24_4_20231106094820.jpg,c3_p024_20231106_o04,data/data_26/pi3_06544_24_4_20231106094820.jpg,c4_p024_20231106_o04,data/data_26/pi4_06544_24_4_20231106094821.jpg
p024_20231109,24,20231109,29,1_S2,12,2,c1_p024_20231109_o02,data/data_29/pi1_07262_24_2_20231109085814.jpg,c2_p024_20231109_o02,data/data_29/pi2_07262_24_2_20231109085813.jpg,c3_p024_20231109_o02,data/data_29/pi3_07262_24_2_20231109085815.jpg,c4_p024_20231109_o02,data/data_29/pi4_07262_24_2_20231109085815.jpg
p024_20231120,24,20231120,29,1_S2,12,3,c1_p024_20231120_o03,data/data_31/pi1_07983_24_3_20231120132537.jpg,c2_p024_20231120_o03,data/data_31/pi2_07983_24_3_20231120132537.jpg,c3_p024_20231120_o03,data/data_31/pi3_07983_24_3_20231120132538.jpg,c4_p024_20231120_o03,data/data_31/pi4_07983_24_3_20231120132537.jpg
p024_20231124,24,20231124,29,1_S2,12,2,c1_p024_20231124_o02,data/data_34/pi1_08702_24_2_20231124154917.jpg,c2_p024_20231124_o02,data/data_34/pi2_08702_24_2_20231124154824.jpg,c3_p024_20231124_o02,data/data_34/pi3_08702_24_2_20231124154755.jpg,c4_p024_20231124_o02,data/data_34/pi4_08702_24_2_20231124154713.jpg
p024_20231127,24,20231127,51,2_S5,12,7,c1_p024_20231127_o07,data/data_35/pi1_08947_24_7_20231127140517.jpg,c2_p024_20231127_o07,data/data_35/pi2_08947_24_7_20231127140517.jpg,c3_p024_20231127_o07,data/data_35/pi3_08947_24_7_20231127140518.jpg,c4_p024_20231127_o07,data/data_35/pi4_08947_24_7_20231127140518.jpg
p024_20231130,24,20231130,51,2_S5,12,9,c1_p024_20231130_o09,data/data_39/pi1_09909_24_9_20231130092144.jpg,c2_p024_20231130_o09,data/data_39/pi2_09909_24_9_20231130092145.jpg,c3_p024_20231130_o09,data/data_39/pi3_09909_24_9_20231130092145.jpg,c4_p024_20231130_o09,data/data_39/pi4_09909_24_9_20231130092146.jpg
p025_20230828,25,20230828,16,0_S1,12,11,c1_p025_20230828_o11,data/data_1/pi1_00299_25_11_20230828154247.jpg,c2_p025_20230828_o11,data/data_1/pi2_00299_25_11_20230828154311.jpg,c3_p025_20230828_o11,data/data_1/pi3_00299_25_11_20230828154326.jpg,c4_p025_20230828_o11,data/data_1/pi4_00299_25_11_20230828154341.jpg
p025_20230904,25,20230904,22,1_S2,12,3,c1_p025_20230904_o03,data/data_2/pi1_00531_25_3_20230904095544.jpg,c2_p025_20230904_o03,data/data_2/pi2_00531_25_3_20230904095610.jpg,c3_p025_20230904_o03,data/data_2/pi3_00531_25_3_20230904095624.jpg,c4_p025_20230904_o03,data/data_2/pi4_00531_25_3_20230904095637.jpg
p025_20230908,25,20230908,61,3_S6,12,12,c1_p025_20230908_o12,data/data_3/pi1_00780_25_12_20230908154600.jpg,c2_p025_20230908_o12,data/data_3/pi2_00780_25_12_20230908154627.jpg,c3_p025_20230908_o12,data/data_3/pi3_00780_25_12_20230908154644.jpg,c4_p025_20230908_o12,data/data_3/pi4_00780_25_12_20230908155322.jpg
p025_20230921,25,20230921,70,4_S7,12,7,c1_p025_20230921_o07,data/data_5/pi1_01267_25_7_20230921150721.jpg,c2_p025_20230921_o07,data/data_5/pi2_01267_25_7_20230921150707.jpg,c3_p025_20230921_o07,data/data_5/pi3_01267_25_7_20230921150653.jpg,c4_p025_20230921_o07,data/data_5/pi4_01267_25_7_20230921150615.jpg
p025_20231006,25,20231006,72,4_S7,12,12,c1_p025_20231006_o12,data/data_8/pi1_02244_25_12_20231006114010.jpg,c2_p025_20231006_o12,data/data_8/pi2_02244_25_12_20231006113958.jpg,c3_p025_20231006_o12,data/data_8/pi3_02244_25_12_20231006113943.jpg,c4_p025_20231006_o12,data/data_8/pi4_02244_25_12_20231006113924.jpg
p025_20231017,25,20231017,75,4_S7,12,4,c1_p025_20231017_o04,data/data_12/pi1_03196_25_4_20231017132525.jpg,c2_p025_20231017_o04,data/data_12/pi2_03196_25_4_20231017132525.jpg,c3_p025_20231017_o04,data/data_12/pi3_03196_25_4_20231017132526.jpg,c4_p025_20231017_o04,data/data_12/pi4_03196_25_4_20231017132525.jpg
p025_20231023,25,20231023,76,4_S7,12,2,c1_p025_20231023_o02,data/data_17/pi1_04394_25_2_20231023100626.jpg,c2_p025_20231023_o02,data/data_17/pi2_04394_25_2_20231023100626.jpg,c3_p025_20231023_o02,data/data_17/pi3_04394_25_2_20231023100627.jpg,c4_p025_20231023_o02,data/data_17/pi4_04394_25_2_20231023100626.jpg
p025_20231027,25,20231027,77,4_S7,12,12,c1_p025_20231027_o12,data/data_20/pi1_05124_25_12_20231027104752.jpg,c2_p025_20231027_o12,data/data_20/pi2_05124_25_12_20231027104752.jpg,c3_p025_20231027_o12,data/data_20/pi3_05124_25_12_20231027104752.jpg,c4_p025_20231027_o12,data/data_20/pi4_05124_25_12_20231027104752.jpg
p025_20231101,25,20231101,78,4_S7,12,7,c1_p025_20231101_o07,data/data_23/pi1_05839_25_7_20231101092341.jpg,c2_p025_20231101_o07,data/data_23/pi2_05839_25_7_20231101092341.jpg,c3_p025_20231101_o07,data/data_23/pi3_05839_25_7_20231101092341.jpg,c4_p025_20231101_o07,data/data_23/pi4_05839_25_7_20231101092341.jpg
p025_20231106,25,20231106,79,4_S7,12,1,c1_p025_20231106_o01,data/data_26/pi1_06553_25_1_20231106095611.jpg,c2_p025_20231106_o01,data/data_26/pi2_06553_25_1_20231106095611.jpg,c3_p025_20231106_o01,data/data_26/pi3_06553_25_1_20231106095612.jpg,c4_p025_20231106_o01,data/data_26/pi4_06553_25_1_20231106095612.jpg
p025_20231109,25,20231109,79,4_S7,12,12,c1_p025_20231109_o12,data/data_29/pi1_07284_25_12_20231109090209.jpg,c2_p025_20231109_o12,data/data_29/pi2_07284_25_12_20231109090208.jpg,c3_p025_20231109_o12,data/data_29/pi3_07284_25_12_20231109090210.jpg,c4_p025_20231109_o12,data/data_29/pi4_07284_25_12_20231109090210.jpg
p025_20231120,25,20231120,81,5_S8,12,2,c1_p025_20231120_o02,data/data_31/pi1_07994_25_2_20231120132808.jpg,c2_p025_20231120_o02,data/data_31/pi2_07994_25_2_20231120132808.jpg,c3_p025_20231120_o02,data/data_31/pi3_07994_25_2_20231120132809.jpg,c4_p025_20231120_o02,data/data_31/pi4_07994_25_2_20231120132808.jpg
p025_20231124,25,20231124,81,5_S8,12,4,c1_p025_20231124_o04,data/data_34/pi1_08716_25_4_20231124154917.jpg,c2_p025_20231124_o04,data/data_34/pi2_08716_25_4_20231124154824.jpg,c3_p025_20231124_o04,data/data_34/pi3_08716_25_4_20231124154755.jpg,c4_p025_20231124_o04,data/data_34/pi4_08716_25_4_20231124154713.jpg
p025_20231127,25,20231127,81,5_S8,12,9,c1_p025_20231127_o09,data/data_35/pi1_08961_25_9_20231127141108.jpg,c2_p025_20231127_o09,data/data_35/pi2_08961_25_9_20231127141108.jpg,c3_p025_20231127_o09,data/data_35/pi3_08961_25_9_20231127141108.jpg,c4_p025_20231127_o09,data/data_35/pi4_08961_25_9_20231127141109.jpg
p025_20231130,25,20231130,81,5_S8,12,12,c1_p025_20231130_o12,data/data_39/pi1_09924_25_12_20231130092639.jpg,c2_p025_20231130_o12,data/data_39/pi2_09924_25_12_20231130092640.jpg,c3_p025_20231130_o12,data/data_39/pi3_09924_25_12_20231130092640.jpg,c4_p025_20231130_o12,data/data_39/pi4_09924_25_12_20231130092641.jpg
p026_20230828,26,20230828,16,0_S1,12,8,c1_p026_20230828_o08,data/data_1/pi1_00308_26_8_20230828154247.jpg,c2_p026_20230828_o08,data/data_1/pi2_00308_26_8_20230828154311.jpg,c3_p026_20230828_o08,data/data_1/pi3_00308_26_8_20230828154326.jpg,c4_p026_20230828_o08,data/data_1/pi4_00308_26_8_20230828154341.jpg
p026_20230904,26,20230904,53,2_S5,12,2,c1_p026_20230904_o02,data/data_2/pi1_00542_26_2_20230904095544.jpg,c2_p026_20230904_o02,data/data_2/pi2_00542_26_2_20230904095610.jpg,c3_p026_20230904_o02,data/data_2/pi3_00542_26_2_20230904095624.jpg,c4_p026_20230904_o02,data/data_2/pi4_00542_26_2_20230904095637.jpg
p026_20230908,26,20230908,64,3_S6,12,9,c1_p026_20230908_o09,data/data_3/pi1_00789_26_9_20230908154600.jpg,c2_p026_20230908_o09,data/data_3/pi2_00789_26_9_20230908154627.jpg,c3_p026_20230908_o09,data/data_3/pi3_00789_26_9_20230908154644.jpg,c4_p026_20230908_o09,data/data_3/pi4_00789_26_9_20230908155322.jpg
p026_20230921,26,20230921,70,4_S7,12,1,c1_p026_20230921_o01,data/data_5/pi1_01273_26_1_20230921150721.jpg,c2_p026_20230921_o01,data/data_5/pi2_01273_26_1_20230921150707.jpg,c3_p026_20230921_o01,data/data_5/pi3_01273_26_1_20230921150653.jpg,c4_p026_20230921_o01,data/data_5/pi4_01273_26_1_20230921150615.jpg
p026_20231006,26,20231006,71,4_S7,12,10,c1_p026_20231006_o10,data/data_9/pi1_02254_26_10_20231006114010.jpg,c2_p026_20231006_o10,data/data_9/pi2_02254_26_10_20231006113958.jpg,c3_p026_20231006_o10,data/data_9/pi3_02254_26_10_20231006113943.jpg,c4_p026_20231006_o10,data/data_9/pi4_02254_26_10_20231006113924.jpg
p026_20231017,26,20231017,74,4_S7,12,11,c1_p026_20231017_o11,data/data_12/pi1_03215_26_11_20231017133044.jpg,c2_p026_20231017_o11,data/data_12/pi2_03215_26_11_20231017133044.jpg,c3_p026_20231017_o11,data/data_12/pi3_03215_26_11_20231017133045.jpg,c4_p026_20231017_o11,data/data_12/pi4_03215_26_11_20231017133044.jpg
p026_20231023,26,20231023,75,4_S7,12,10,c1_p026_20231023_o10,data/data_17/pi1_04414_26_10_20231023101057.jpg,c2_p026_20231023_o10,data/data_17/pi2_04414_26_10_20231023101057.jpg,c3_p026_20231023_o10,data/data_17/pi3_04414_26_10_20231023101057.jpg,c4_p026_20231023_o10,data/data_17/pi4_04414_26_10_20231023101057.jpg
p026_20231027,26,20231027,76,4_S7,12,4,c1_p026_20231027_o04,data/data_20/pi1_05128_26_4_20231027105009.jpg,c2_p026_20231027_o04,data/data_20/pi2_05128_26_4_20231027105009.jpg,c3_p026_20231027_o04,data/data_20/pi3_05128_26_4_20231027105010.jpg,c4_p026_20231027_o04,data/data_20/pi4_05128_26_4_20231027105010.jpg
p026_20231101,26,20231101,77,4_S7,12,9,c1_p026_20231101_o09,data/data_23/pi1_05853_26_9_20231101092859.jpg,c2_p026_20231101_o09,data/data_23/pi2_05853_26_9_20231101092859.jpg,c3_p026_20231101_o09,data/data_23/pi3_05853_26_9_20231101092900.jpg,c4_p026_20231101_o09,data/data_23/pi4_05853_26_9_20231101092859.jpg
p026_20231106,26,20231106,78,4_S7,12,7,c1_p026_20231106_o07,data/data_26/pi1_06571_26_7_20231106101149.jpg,c2_p026_20231106_o07,data/data_26/pi2_06571_26_7_20231106101149.jpg,c3_p026_20231106_o07,data/data_26/pi3_06571_26_7_20231106101149.jpg,c4_p026_20231106_o07,data/data_26/pi4_06571_26_7_20231106101150.jpg
p026_20231109,26,20231109,79,4_S7,12,7,c1_p026_20231109_o07,data/data_29/pi1_07291_26_7_20231109090437.jpg,c2_p026_20231109_o07,data/data_29/pi2_07291_26_7_20231109090436.jpg,c3_p026_20231109_o07,data/data_29/pi3_07291_26_7_20231109090438.jpg,c4_p026_20231109_o07,data/data_29/pi4_07291_26_7_20231109090437.jpg
p026_20231120,26,20231120,84,5_S8,12,7,c1_p026_20231120_o07,data/data_32/pi1_08011_26_7_20231120133125.jpg,c2_p026_20231120_o07,data/data_32/pi2_08011_26_7_20231120133125.jpg,c3_p026_20231120_o07,data/data_32/pi3_08011_26_7_20231120133126.jpg,c4_p026_20231120_o07,data/data_32/pi4_08011_26_7_20231120133125.jpg
p026_20231124,26,20231124,85,5_S8,12,2,c1_p026_20231124_o02,data/data_34/pi1_08726_26_2_20231124154917.jpg,c2_p026_20231124_o02,data/data_34/pi2_08726_26_2_20231124154824.jpg,c3_p026_20231124_o02,data/data_34/pi3_08726_26_2_20231124154755.jpg,c4_p026_20231124_o02,data/data_34/pi4_08726_26_2_20231124154713.jpg
p026_20231127,26,20231127,86,5_S8,12,2,c1_p026_20231127_o02,data/data_35/pi1_08966_26_2_20231127141240.jpg,c2_p026_20231127_o02,data/data_35/pi2_08966_26_2_20231127141240.jpg,c3_p026_20231127_o02,data/data_35/pi3_08966_26_2_20231127141241.jpg,c4_p026_20231127_o02,data/data_35/pi4_08966_26_2_20231127141241.jpg
p026_20231130,26,20231130,89,5_S8,12,12,c1_p026_20231130_o12,data/data_39/pi1_09936_26_12_20231130093054.jpg,c2_p026_20231130_o12,data/data_39/pi2_09936_26_12_20231130093055.jpg,c3_p026_20231130_o12,data/data_39/pi3_09936_26_12_20231130093055.jpg,c4_p026_20231130_o12,data/data_39/pi4_09936_26_12_20231130093056.jpg
p027_20230828,27,20230828,20,1_S2,12,4,c1_p027_20230828_o04,data/data_1/pi1_00316_27_4_20230828154247.jpg,c2_p027_20230828_o04,data/data_1/pi2_00316_27_4_20230828154311.jpg,c3_p027_20230828_o04,data/data_1/pi3_00316_27_4_20230828154326.jpg,c4_p027_20230828_o04,data/data_1/pi4_00316_27_4_20230828154341.jpg
p027_20230904,27,20230904,60,3_S6,12,7,c1_p027_20230904_o07,data/data_2/pi1_00559_27_7_20230904095544.jpg,c2_p027_20230904_o07,data/data_2/pi2_00559_27_7_20230904095610.jpg,c3_p027_20230904_o07,data/data_2/pi3_00559_27_7_20230904095624.jpg,c4_p027_20230904_o07,data/data_2/pi4_00559_27_7_20230904095637.jpg
p027_20230908,27,20230908,66,3_S6,12,2,c1_p027_20230908_o02,data/data_3/pi1_00794_27_2_20230908154600.jpg,c2_p027_20230908_o02,data/data_3/pi2_00794_27_2_20230908154627.jpg,c3_p027_20230908_o02,data/data_3/pi3_00794_27_2_20230908154644.jpg,c4_p027_20230908_o02,data/data_3/pi4_00794_27_2_20230908155322.jpg
p027_20230921,27,20230921,68,3_S6,12,9,c1_p027_20230921_o09,data/data_5/pi1_01293_27_9_20230921150721.jpg,c2_p027_20230921_o09,data/data_5/pi2_01293_27_9_20230921150707.jpg,c3_p027_20230921_o09,data/data_5/pi3_01293_27_9_20230921150653.jpg,c4_p027_20230921_o09,data/data_5/pi4_01293_27_9_20230921150615.jpg
p027_20231006,27,20231006,70,4_S7,12,8,c1_p027_20231006_o08,data/data_9/pi1_02264_27_8_20231006114010.jpg,c2_p027_20231006_o08,data/data_9/pi2_02264_27_8_20231006113958.jpg,c3_p027_20231006_o08,data/data_9/pi3_02264_27_8_20231006113943.jpg,c4_p027_20231006_o08,data/data_9/pi4_02264_27_8_20231006113924.jpg
p027_20231017,27,20231017,72,4_S7,12,7,c1_p027_20231017_o07,data/data_12/pi1_03223_27_7_20231017133400.jpg,c2_p027_20231017_o07,data/data_12/pi2_03223_27_7_20231017133400.jpg,c3_p027_20231017_o07,data/data_12/pi3_03223_27_7_20231017133401.jpg,c4_p027_20231017_o07,data/data_12/pi4_03223_27_7_20231017133400.jpg
p027_20231023,27,20231023,73,4_S7,12,7,c1_p027_20231023_o07,data/data_17/pi1_04423_27_7_20231023101710.jpg,c2_p027_20231023_o07,data/data_17/pi2_04423_27_7_20231023101711.jpg,c3_p027_20231023_o07,data/data_17/pi3_04423_27_7_20231023101711.jpg,c4_p027_20231023_o07,data/data_17/pi4_04423_27_7_20231023101711.jpg
p027_20231027,27,20231027,74,4_S7,12,8,c1_p027_20231027_o08,data/data_20/pi1_05144_27_8_20231027105435.jpg,c2_p027_20231027_o08,data/data_20/pi2_05144_27_8_20231027105435.jpg,c3_p027_20231027_o08,data/data_20/pi3_05144_27_8_20231027105435.jpg,c4_p027_20231027_o08,data/data_20/pi4_05144_27_8_20231027105435.jpg
p027_20231101,27,20231101,75,4_S7,12,7,c1_p027_20231101_o07,data/data_23/pi1_05863_27_7_20231101093229.jpg,c2_p027_20231101_o07,data/data_23/pi2_05863_27_7_20231101093229.jpg,c3_p027_20231101_o07,data/data_23/pi3_05863_27_7_20231101093229.jpg,c4_p027_20231101_o07,data/data_23/pi4_05863_27_7_20231101093229.jpg
p027_20231106,27,20231106,76,4_S7,12,9,c1_p027_20231106_o09,data/data_26/pi1_06585_27_9_20231106102347.jpg,c2_p027_20231106_o09,data/data_26/pi2_06585_27_9_20231106102347.jpg,c3_p027_20231106_o09,data/data_26/pi3_06585_27_9_20231106102347.jpg,c4_p027_20231106_o09,data/data_26/pi4_06585_27_9_20231106102348.jpg
p027_20231109,27,20231109,77,4_S7,12,7,c1_p027_20231109_o07,data/data_29/pi1_07303_27_7_20231109090716.jpg,c2_p027_20231109_o07,data/data_29/pi2_07303_27_7_20231109090716.jpg,c3_p027_20231109_o07,data/data_29/pi3_07303_27_7_20231109090717.jpg,c4_p027_20231109_o07,data/data_29/pi4_07303_27_7_20231109090717.jpg
p027_20231120,27,20231120,78,4_S7,12,11,c1_p027_20231120_o11,data/data_32/pi1_08027_27_11_20231120133445.jpg,c2_p027_20231120_o11,data/data_32/pi2_08027_27_11_20231120133446.jpg,c3_p027_20231120_o11,data/data_32/pi3_08027_27_11_20231120133446.jpg,c4_p027_20231120_o11,data/data_32/pi4_08027_27_11_20231120133446.jpg
p027_20231124,27,20231124,79,4_S7,12,4,c1_p027_20231124_o04,data/data_34/pi1_08740_27_4_20231124154917.jpg,c2_p027_20231124_o04,data/data_34/pi2_08740_27_4_20231124154824.jpg,c3_p027_20231124_o04,data/data_34/pi3_08740_27_4_20231124154755.jpg,c4_p027_20231124_o04,data/data_34/pi4_08740_27_4_20231124154713.jpg
p027_20231127,27,20231127,79,4_S7,12,7,c1_p027_20231127_o07,data/data_35/pi1_08983_27_7_20231127141625.jpg,c2_p027_20231127_o07,data/data_35/pi2_08983_27_7_20231127141626.jpg,c3_p027_20231127_o07,data/data_35/pi3_08983_27_7_20231127141626.jpg,c4_p027_20231127_o07,data/data_35/pi4_08983_27_7_20231127141627.jpg
p027_20231130,27,20231130,79,4_S7,12,1,c1_p027_20231130_o01,data/data_39/pi1_09937_27_1_20231130093804.jpg,c2_p027_20231130_o01,data/data_39/pi2_09937_27_1_20231130093805.jpg,c3_p027_20231130_o01,data/data_39/pi3_09937_27_1_20231130093804.jpg,c4_p027_20231130_o01,data/data_39/pi4_09937_27_1_20231130093805.jpg
p028_20230828,28,20230828,15,0_S1,12,2,c1_p028_20230828_o02,data/data_1/pi1_00326_28_2_20230828154247.jpg,c2_p028_20230828_o02,data/data_1/pi2_00326_28_2_20230828154311.jpg,c3_p028_20230828_o02,data/data_1/pi3_00326_28_2_20230828154326.jpg,c4_p028_20230828_o02,data/data_1/pi4_00326_28_2_20230828154341.jpg
p028_20230904,28,20230904,51,2_S5,12,8,c1_p028_20230904_o08,data/data_2/pi1_00572_28_8_20230904095544.jpg,c2_p028_20230904_o08,data/data_2/pi2_00572_28_8_20230904095610.jpg,c3_p028_20230904_o08,data/data_2/pi3_00572_28_8_20230904095624.jpg,c4_p028_20230904_o08,data/data_2/pi4_00572_28_8_20230904095637.jpg
p028_20230908,28,20230908,61,3_S6,12,6,c1_p028_20230908_o06,data/data_3/pi1_00810_28_6_20230908154600.jpg,c2_p028_20230908_o06,data/data_3/pi2_00810_28_6_20230908154627.jpg,c3_p028_20230908_o06,data/data_3/pi3_00810_28_6_20230908154644.jpg,c4_p028_20230908_o06,data/data_3/pi4_00810_28_6_20230908155322.jpg
p028_20230921,28,20230921,70,4_S7,12,11,c1_p028_20230921_o11,data/data_5/pi1_01307_28_11_20230921150721.jpg,c2_p028_20230921_o11,data/data_5/pi2_01307_28_11_20230921150707.jpg,c3_p028_20230921_o11,data/data_5/pi3_01307_28_11_20230921150653.jpg,c4_p028_20230921_o11,data/data_5/pi4_01307_28_11_20230921150615.jpg
p028_20231006,28,20231006,73,4_S7,12,3,c1_p028_20231006_o03,data/data_9/pi1_02271_28_3_20231006114010.jpg,c2_p028_20231006_o03,data/data_9/pi2_02271_28_3_20231006113958.jpg,c3_p028_20231006_o03,data/data_9/pi3_02271_28_3_20231006113943.jpg,c4_p028_20231006_o03,data/data_9/pi4_02271_28_3_20231006113924.jpg
p028_20231017,28,20231017,74,4_S7,12,2,c1_p028_20231017_o02,data/data_12/pi1_03230_28_2_20231017133656.jpg,c2_p028_20231017_o02,data/data_12/pi2_03230_28_2_20231017133656.jpg,c3_p028_20231017_o02,data/data_12/pi3_03230_28_2_20231017133656.jpg,c4_p028_20231017_o02,data/data_12/pi4_03230_28_2_20231017133656.jpg
p028_20231023,28,20231023,75,4_S7,12,10,c1_p028_20231023_o10,data/data_17/pi1_04438_28_10_20231023102116.jpg,c2_p028_20231023_o10,data/data_17/pi2_04438_28_10_20231023102116.jpg,c3_p028_20231023_o10,data/data_17/pi3_04438_28_10_20231023102116.jpg,c4_p028_20231023_o10,data/data_17/pi4_04438_28_10_20231023102116.jpg
p028_20231027,28,20231027,76,4_S7,12,4,c1_p028_20231027_o04,data/data_20/pi1_05152_28_4_20231027105814.jpg,c2_p028_20231027_o04,data/data_20/pi2_05152_28_4_20231027105814.jpg,c3_p028_20231027_o04,data/data_20/pi3_05152_28_4_20231027105814.jpg,c4_p028_20231027_o04,data/data_20/pi4_05152_28_4_20231027105814.jpg
p028_20231101,28,20231101,77,4_S7,12,4,c1_p028_20231101_o04,data/data_23/pi1_05872_28_4_20231101093632.jpg,c2_p028_20231101_o04,data/data_23/pi2_05872_28_4_20231101093633.jpg,c3_p028_20231101_o04,data/data_23/pi3_05872_28_4_20231101093633.jpg,c4_p028_20231101_o04,data/data_23/pi4_05872_28_4_20231101093633.jpg
p028_20231106,28,20231106,78,4_S7,12,12,c1_p028_20231106_o12,data/data_26/pi1_06600_28_12_20231106102841.jpg,c2_p028_20231106_o12,data/data_26/pi2_06600_28_12_20231106102842.jpg,c3_p028_20231106_o12,data/data_26/pi3_06600_28_12_20231106102842.jpg,c4_p028_20231106_o12,data/data_26/pi4_06600_28_12_20231106102843.jpg
p028_20231109,28,20231109,79,4_S7,12,10,c1_p028_20231109_o10,data/data_29/pi1_07318_28_10_20231109091100.jpg,c2_p028_20231109_o10,data/data_29/pi2_07318_28_10_20231109091059.jpg,c3_p028_20231109_o10,data/data_29/pi3_07318_28_10_20231109091100.jpg,c4_p028_20231109_o10,data/data_29/pi4_07318_28_10_20231109091100.jpg
p028_20231120,28,20231120,81,5_S8,12,10,c1_p028_20231120_o10,data/data_32/pi1_08038_28_10_20231120133746.jpg,c2_p028_20231120_o10,data/data_32/pi2_08038_28_10_20231120133747.jpg,c3_p028_20231120_o10,data/data_32/pi3_08038_28_10_20231120133747.jpg,c4_p028_20231120_o10,data/data_32/pi4_08038_28_10_20231120133747.jpg
p028_20231124,28,20231124,84,5_S8,12,8,c1_p028_20231124_o08,data/data_35/pi1_08756_28_8_20231124154917.jpg,c2_p028_20231124_o08,data/data_35/pi2_08756_28_8_20231124154824.jpg,c3_p028_20231124_o08,data/data_35/pi3_08756_28_8_20231124154755.jpg,c4_p028_20231124_o08,data/data_35/pi4_08756_28_8_20231124154713.jpg
p028_20231127,28,20231127,86,5_S8,12,7,c1_p028_20231127_o07,data/data_35/pi1_08995_28_7_20231127142051.jpg,c2_p028_20231127_o07,data/data_35/pi2_08995_28_7_20231127142052.jpg,c3_p028_20231127_o07,data/data_35/pi3_08995_28_7_20231127142052.jpg,c4_p028_20231127_o07,data/data_35/pi4_08995_28_7_20231127142052.jpg
p028_20231130,28,20231130,89,5_S8,12,6,c1_p028_20231130_o06,data/data_39/pi1_09954_28_6_20231130094223.jpg,c2_p028_20231130_o06,data/data_39/pi2_09954_28_6_20231130094223.jpg,c3_p028_20231130_o06,data/data_39/pi3_09954_28_6_20231130094223.jpg,c4_p028_20231130_o06,data/data_39/pi4_09954_28_6_20231130094224.jpg
p029_20230828,29,20230828,20,1_S2,12,7,c1_p029_20230828_o07,data/data_1/pi1_00343_29_7_20230828154247.jpg,c2_p029_20230828_o07,data/data_1/pi2_00343_29_7_20230828154311.jpg,c3_p029_20230828_o07,data/data_1/pi3_00343_29_7_20230828154326.jpg,c4_p029_20230828_o07,data/data_1/pi4_00343_29_7_20230828154341.jpg
p029_20230904,29,20230904,52,2_S5,12,12,c1_p029_20230904_o12,data/data_2/pi1_00588_29_12_20230904095544.jpg,c2_p029_20230904_o12,data/data_2/pi2_00588_29_12_20230904095610.jpg,c3_p029_20230904_o12,data/data_2/pi3_00588_29_12_20230904095624.jpg,c4_p029_20230904_o12,data/data_2/pi4_00588_29_12_20230904095637.jpg
p029_20230908,29,20230908,60,3_S6,12,12,c1_p029_20230908_o12,data/data_3/pi1_00828_29_12_20230908154600.jpg,c2_p029_20230908_o12,data/data_3/pi2_00828_29_12_20230908154627.jpg,c3_p029_20230908_o12,data/data_3/pi3_00828_29_12_20230908154644.jpg,c4_p029_20230908_o12,data/data_3/pi4_00828_29_12_20230908155322.jpg
p029_20230921,29,20230921,65,3_S6,12,12,c1_p029_20230921_o12,data/data_5/pi1_01320_29_12_20230921150721.jpg,c2_p029_20230921_o12,data/data_5/pi2_01320_29_12_20230921150707.jpg,c3_p029_20230921_o12,data/data_5/pi3_01320_29_12_20230921150653.jpg,c4_p029_20230921_o12,data/data_5/pi4_01320_29_12_20230921150615.jpg
p029_20231006,29,20231006,71,4_S7,12,5,c1_p029_20231006_o05,data/data_9/pi1_02285_29_5_20231006114010.jpg,c2_p029_20231006_o05,data/data_9/pi2_02285_29_5_20231006113958.jpg,c3_p029_20231006_o05,data/data_9/pi3_02285_29_5_20231006113943.jpg,c4_p029_20231006_o05,data/data_9/pi4_02285_29_5_20231006113924.jpg
p029_20231017,29,20231017,72,4_S7,12,7,c1_p029_20231017_o07,data/data_12/pi1_03247_29_7_20231017134116.jpg,c2_p029_20231017_o07,data/data_12/pi2_03247_29_7_20231017134116.jpg,c3_p029_20231017_o07,data/data_12/pi3_03247_29_7_20231017134117.jpg,c4_p029_20231017_o07,data/data_12/pi4_03247_29_7_20231017134116.jpg
p029_20231023,29,20231023,73,4_S7,12,3,c1_p029_20231023_o03,data/data_17/pi1_04443_29_3_20231023102326.jpg,c2_p029_20231023_o03,data/data_17/pi2_04443_29_3_20231023102326.jpg,c3_p029_20231023_o03,data/data_17/pi3_04443_29_3_20231023102327.jpg,c4_p029_20231023_o03,data/data_17/pi4_04443_29_3_20231023102327.jpg
p029_20231027,29,20231027,74,4_S7,12,12,c1_p029_20231027_o12,data/data_20/pi1_05172_29_12_20231027110406.jpg,c2_p029_20231027_o12,data/data_20/pi2_05172_29_12_20231027110406.jpg,c3_p029_20231027_o12,data/data_20/pi3_05172_29_12_20231027110406.jpg,c4_p029_20231027_o12,data/data_20/pi4_05172_29_12_20231027110406.jpg
p029_20231101,29,20231101,75,4_S7,12,1,c1_p029_20231101_o01,data/data_23/pi1_05881_29_1_20231101093912.jpg,c2_p029_20231101_o01,data/data_23/pi2_05881_29_1_20231101093912.jpg,c3_p029_20231101_o01,data/data_23/pi3_05881_29_1_20231101093913.jpg,c4_p029_20231101_o01,data/data_23/pi4_05881_29_1_20231101093912.jpg
p029_20231106,29,20231106,76,4_S7,12,10,c1_p029_20231106_o10,data/data_26/pi1_06610_29_10_20231106103737.jpg,c2_p029_20231106_o10,data/data_26/pi2_06610_29_10_20231106103737.jpg,c3_p029_20231106_o10,data/data_26/pi3_06610_29_10_20231106103737.jpg,c4_p029_20231106_o10,data/data_26/pi4_06610_29_10_20231106103738.jpg
p029_20231109,29,20231109,79,4_S7,12,6,c1_p029_20231109_o06,data/data_29/pi1_07326_29_6_20231109091332.jpg,c2_p029_20231109_o06,data/data_29/pi2_07326_29_6_20231109091331.jpg,c3_p029_20231109_o06,data/data_29/pi3_07326_29_6_20231109091332.jpg,c4_p029_20231109_o06,data/data_29/pi4_07326_29_6_20231109091332.jpg
p029_20231120,29,20231120,81,5_S8,12,6,c1_p029_20231120_o06,data/data_32/pi1_08046_29_6_20231120133953.jpg,c2_p029_20231120_o06,data/data_32/pi2_08046_29_6_20231120133954.jpg,c3_p029_20231120_o06,data/data_32/pi3_08046_29_6_20231120133954.jpg,c4_p029_20231120_o06,data/data_32/pi4_08046_29_6_20231120133954.jpg
p029_20231124,29,20231124,83,5_S8,12,2,c1_p029_20231124_o02,data/data_35/pi1_08762_29_2_20231124154917.jpg,c2_p029_20231124_o02,data/data_35/pi2_08762_29_2_20231124154824.jpg,c3_p029_20231124_o02,data/data_35/pi3_08762_29_2_20231124154755.jpg,c4_p029_20231124_o02,data/data_35/pi4_08762_29_2_20231124154713.jpg
p029_20231127,29,20231127,87,5_S8,12,1,c1_p029_20231127_o01,data/data_36/pi1_09001_29_1_20231127142245.jpg,c2_p029_20231127_o01,data/data_36/pi2_09001_29_1_20231127142246.jpg,c3_p029_20231127_o01,data/data_36/pi3_09001_29_1_20231127142246.jpg,c4_p029_20231127_o01,data/data_36/pi4_09001_29_1_20231127142247.jpg
p029_20231130,29,20231130,89,5_S8,12,11,c1_p029_20231130_o11,data/data_39/pi1_09971_29_11_20231130094636.jpg,c2_p029_20231130_o11,data/data_39/pi2_09971_29_11_20231130094636.jpg,c3_p029_20231130_o11,data/data_39/pi3_09971_29_11_20231130094636.jpg,c4_p029_20231130_o11,data/data_39/pi4_09971_29_11_20231130094637.jpg
p030_20230828,30,20230828,15,0_S1,12,3,c1_p030_20230828_o03,data/data_1/pi1_00351_30_3_20230828154247.jpg,c2_p030_20230828_o03,data/data_1/pi2_00351_30_3_20230828154311.jpg,c3_p030_20230828_o03,data/data_1/pi3_00351_30_3_20230828154326.jpg,c4_p030_20230828_o03,data/data_1/pi4_00351_30_3_20230828154341.jpg
p030_20230904,30,20230904,53,2_S5,12,12,c1_p030_20230904_o12,data/data_2/pi1_00600_30_12_20230904095544.jpg,c2_p030_20230904_o12,data/data_2/pi2_00600_30_12_20230904095610.jpg,c3_p030_20230904_o12,data/data_2/pi3_00600_30_12_20230904095624.jpg,c4_p030_20230904_o12,data/data_2/pi4_00600_30_12_20230904095637.jpg
p030_20230908,30,20230908,62,3_S6,12,3,c1_p030_20230908_o03,data/data_3/pi1_00831_30_3_20230908154600.jpg,c2_p030_20230908_o03,data/data_3/pi2_00831_30_3_20230908154627.jpg,c3_p030_20230908_o03,data/data_3/pi3_00831_30_3_20230908154644.jpg,c4_p030_20230908_o03,data/data_3/pi4_00831_30_3_20230908155322.jpg
p030_20230921,30,20230921,70,4_S7,12,3,c1_p030_20230921_o03,data/data_5/pi1_01323_30_3_20230921150721.jpg,c2_p030_20230921_o03,data/data_5/pi2_01323_30_3_20230921150707.jpg,c3_p030_20230921_o03,data/data_5/pi3_01323_30_3_20230921150653.jpg,c4_p030_20230921_o03,data/data_5/pi4_01323_30_3_20230921150615.jpg
p030_20231006,30,20231006,73,4_S7,12,12,c1_p030_20231006_o12,data/data_9/pi1_02304_30_12_20231006114010.jpg,c2_p030_20231006_o12,data/data_9/pi2_02304_30_12_20231006113958.jpg,c3_p030_20231006_o12,data/data_9/pi3_02304_30_12_20231006113943.jpg,c4_p030_20231006_o12,data/data_9/pi4_02304_30_12_20231006113924.jpg
p030_20231017,30,20231017,75,4_S7,12,2,c1_p030_20231017_o02,data/data_13/pi1_03254_30_2_20231017134419.jpg,c2_p030_20231017_o02,data/data_13/pi2_03254_30_2_20231017134419.jpg,c3_p030_20231017_o02,data/data_13/pi3_03254_30_2_20231017134419.jpg,c4_p030_20231017_o02,data/data_13/pi4_03254_30_2_20231017134419.jpg
p030_20231023,30,20231023,76,4_S7,12,4,c1_p030_20231023_o04,data/data_17/pi1_04456_30_4_20231023103203.jpg,c2_p030_20231023_o04,data/data_17/pi2_04456_30_4_20231023103204.jpg,c3_p030_20231023_o04,data/data_17/pi3_04456_30_4_20231023103204.jpg,c4_p030_20231023_o04,data/data_17/pi4_04456_30_4_20231023103204.jpg
p030_20231027,30,20231027,77,4_S7,12,4,c1_p030_20231027_o04,data/data_20/pi1_05176_30_4_20231027110631.jpg,c2_p030_20231027_o04,data/data_20/pi2_05176_30_4_20231027110632.jpg,c3_p030_20231027_o04,data/data_20/pi3_05176_30_4_20231027110632.jpg,c4_p030_20231027_o04,data/data_20/pi4_05176_30_4_20231027110632.jpg
p030_20231101,30,20231101,78,4_S7,12,1,c1_p030_20231101_o01,data/data_23/pi1_05893_30_1_20231101094245.jpg,c2_p030_20231101_o01,data/data_23/pi2_05893_30_1_20231101094246.jpg,c3_p030_20231101_o01,data/data_23/pi3_05893_30_1_20231101094246.jpg,c4_p030_20231101_o01,data/data_23/pi4_05893_30_1_20231101094246.jpg
p030_20231106,30,20231106,79,4_S7,12,8,c1_p030_20231106_o08,data/data_26/pi1_06620_30_8_20231106104410.jpg,c2_p030_20231106_o08,data/data_26/pi2_06620_30_8_20231106104410.jpg,c3_p030_20231106_o08,data/data_26/pi3_06620_30_8_20231106104411.jpg,c4_p030_20231106_o08,data/data_26/pi4_06620_30_8_20231106104411.jpg
p030_20231109,30,20231109,79,4_S7,12,4,c1_p030_20231109_o04,data/data_29/pi1_07336_30_4_20231109091631.jpg,c2_p030_20231109_o04,data/data_29/pi2_07336_30_4_20231109091630.jpg,c3_p030_20231109_o04,data/data_29/pi3_07336_30_4_20231109091632.jpg,c4_p030_20231109_o04,data/data_29/pi4_07336_30_4_20231109091632.jpg
p030_20231120,30,20231120,81,5_S8,12,3,c1_p030_20231120_o03,data/data_32/pi1_08055_30_3_20231120134226.jpg,c2_p030_20231120_o03,data/data_32/pi2_08055_30_3_20231120134227.jpg,c3_p030_20231120_o03,data/data_32/pi3_08055_30_3_20231120134227.jpg,c4_p030_20231120_o03,data/data_32/pi4_08055_30_3_20231120134227.jpg
p030_20231124,30,20231124,82,5_S8,12,10,c1_p030_20231124_o10,data/data_35/pi1_08782_30_10_20231124154917.jpg,c2_p030_20231124_o10,data/data_35/pi2_08782_30_10_20231124154824.jpg,c3_p030_20231124_o10,data/data_35/pi3_08782_30_10_20231124154755.jpg,c4_p030_20231124_o10,data/data_35/pi4_08782_30_10_20231124154713.jpg
p030_20231127,30,20231127,85,5_S8,12,2,c1_p030_20231127_o02,data/data_36/pi1_09014_30_2_20231127142625.jpg,c2_p030_20231127_o02,data/data_36/pi2_09014_30_2_20231127142626.jpg,c3_p030_20231127_o02,data/data_36/pi3_09014_30_2_20231127142626.jpg,c4_p030_20231127_o02,data/data_36/pi4_09014_30_2_20231127142627.jpg
p030_20231130,30,20231130,87,5_S8,12,6,c1_p030_20231130_o06,data/data_39/pi1_09978_30_6_20231130095201.jpg,c2_p030_20231130_o06,data/data_39/pi2_09978_30_6_20231130095201.jpg,c3_p030_20231130_o06,data/data_39/pi3_09978_30_6_20231130095201.jpg,c4_p030_20231130_o06,data/data_39/pi4_09978_30_6_20231130095202.jpg
p031_20230828,31,20230828,14,0_S1,12,9,c1_p031_20230828_o09,data/data_1/pi1_00369_31_9_20230828154247.jpg,c2_p031_20230828_o09,data/data_1/pi2_00369_31_9_20230828154311.jpg,c3_p031_20230828_o09,data/data_1/pi3_00369_31_9_20230828154326.jpg,c4_p031_20230828_o09,data/data_1/pi4_00369_31_9_20230828154341.jpg
p031_20230904,31,20230904,22,1_S2,12,7,c1_p031_20230904_o07,data/data_2/pi1_00607_31_7_20230904095544.jpg,c2_p031_20230904_o07,data/data_2/pi2_00607_31_7_20230904095610.jpg,c3_p031_20230904_o07,data/data_2/pi3_00607_31_7_20230904095624.jpg,c4_p031_20230904_o07,data/data_2/pi4_00607_31_7_20230904095637.jpg
p031_20230908,31,20230908,61,3_S6,12,5,c1_p031_20230908_o05,data/data_3/pi1_00845_31_5_20230908154600.jpg,c2_p031_20230908_o05,data/data_3/pi2_00845_31_5_20230908154627.jpg,c3_p031_20230908_o05,data/data_3/pi3_00845_31_5_20230908154644.jpg,c4_p031_20230908_o05,data/data_3/pi4_00845_31_5_20230908155322.jpg
p031_20230921,31,20230921,63,3_S6,12,5,c1_p031_20230921_o05,data/data_5/pi1_01337_31_5_20230921150721.jpg,c2_p031_20230921_o05,data/data_5/pi2_01337_31_5_20230921150707.jpg,c3_p031_20230921_o05,data/data_5/pi3_01337_31_5_20230921150653.jpg,c4_p031_20230921_o05,data/data_5/pi4_01337_31_5_20230921150615.jpg
p031_20231006,31,20231006,71,4_S7,12,9,c1_p031_20231006_o09,data/data_9/pi1_02313_31_9_20231006114010.jpg,c2_p031_20231006_o09,data/data_9/pi2_02313_31_9_20231006113958.jpg,c3_p031_20231006_o09,data/data_9/pi3_02313_31_9_20231006113943.jpg,c4_p031_20231006_o09,data/data_9/pi4_02313_31_9_20231006113924.jpg
p031_20231017,31,20231017,73,4_S7,12,11,c1_p031_20231017_o11,data/data_13/pi1_03275_31_11_20231017134758.jpg,c2_p031_20231017_o11,data/data_13/pi2_03275_31_11_20231017134758.jpg,c3_p031_20231017_o11,data/data_13/pi3_03275_31_11_20231017134758.jpg,c4_p031_20231017_o11,data/data_13/pi4_03275_31_11_20231017134758.jpg
p031_20231023,31,20231023,74,4_S7,12,6,c1_p031_20231023_o06,data/data_17/pi1_04470_31_6_20231023103524.jpg,c2_p031_20231023_o06,data/data_17/pi2_04470_31_6_20231023103524.jpg,c3_p031_20231023_o06,data/data_17/pi3_04470_31_6_20231023103525.jpg,c4_p031_20231023_o06,data/data_17/pi4_04470_31_6_20231023103525.jpg
p031_20231027,31,20231027,75,4_S7,12,8,c1_p031_20231027_o08,data/data_20/pi1_05192_31_8_20231027111101.jpg,c2_p031_20231027_o08,data/data_20/pi2_05192_31_8_20231027111101.jpg,c3_p031_20231027_o08,data/data_20/pi3_05192_31_8_20231027111101.jpg,c4_p031_20231027_o08,data/data_20/pi4_05192_31_8_20231027111101.jpg
p031_20231101,31,20231101,76,4_S7,12,8,c1_p031_20231101_o08,data/data_23/pi1_05912_31_8_20231101094638.jpg,c2_p031_20231101_o08,data/data_23/pi2_05912_31_8_20231101094639.jpg,c3_p031_20231101_o08,data/data_23/pi3_05912_31_8_20231101094639.jpg,c4_p031_20231101_o08,data/data_23/pi4_05912_31_8_20231101094639.jpg
p031_20231106,31,20231106,77,4_S7,12,2,c1_p031_20231106_o02,data/data_26/pi1_06626_31_2_20231106105010.jpg,c2_p031_20231106_o02,data/data_26/pi2_06626_31_2_20231106105010.jpg,c3_p031_20231106_o02,data/data_26/pi3_06626_31_2_20231106105011.jpg,c4_p031_20231106_o02,data/data_26/pi4_06626_31_2_20231106105011.jpg
p031_20231109,31,20231109,79,4_S7,12,8,c1_p031_20231109_o08,data/data_29/pi1_07352_31_8_20231109091921.jpg,c2_p031_20231109_o08,data/data_29/pi2_07352_31_8_20231109091921.jpg,c3_p031_20231109_o08,data/data_29/pi3_07352_31_8_20231109091922.jpg,c4_p031_20231109_o08,data/data_29/pi4_07352_31_8_20231109091922.jpg
p031_20231120,31,20231120,80,5_S8,12,8,c1_p031_20231120_o08,data/data_32/pi1_08072_31_8_20231120134523.jpg,c2_p031_20231120_o08,data/data_32/pi2_08072_31_8_20231120134524.jpg,c3_p031_20231120_o08,data/data_32/pi3_08072_31_8_20231120134524.jpg,c4_p031_20231120_o08,data/data_32/pi4_08072_31_8_20231120134524.jpg
p031_20231124,31,20231124,81,5_S8,12,1,c1_p031_20231124_o01,data/data_35/pi1_08785_31_1_20231124154917.jpg,c2_p031_20231124_o01,data/data_35/pi2_08785_31_1_20231124154824.jpg,c3_p031_20231124_o01,data/data_35/pi3_08785_31_1_20231124154755.jpg,c4_p031_20231124_o01,data/data_35/pi4_08785_31_1_20231124154713.jpg
p031_20231127,31,20231127,84,5_S8,12,12,c1_p031_20231127_o12,data/data_36/pi1_09036_31_12_20231127142956.jpg,c2_p031_20231127_o12,data/data_36/pi2_09036_31_12_20231127142956.jpg,c3_p031_20231127_o12,data/data_36/pi3_09036_31_12_20231127142957.jpg,c4_p031_20231127_o12,data/data_36/pi4_09036_31_12_20231127142957.jpg
p031_20231130,31,20231130,85,5_S8,12,4,c1_p031_20231130_o04,data/data_39/pi1_09988_31_4_20231130095518.jpg,c2_p031_20231130_o04,data/data_39/pi2_09988_31_4_20231130095518.jpg,c3_p031_20231130_o04,data/data_39/pi3_09988_31_4_20231130095518.jpg,c4_p031_20231130_o04,data/data_39/pi4_09988_31_4_20231130095519.jpg
p032_20230828,32,20230828,15,0_S1,12,10,c1_p032_20230828_o10,data/data_1/pi1_00382_32_10_20230828154247.jpg,c2_p032_20230828_o10,data/data_1/pi2_00382_32_10_20230828154311.jpg,c3_p032_20230828_o10,data/data_1/pi3_00382_32_10_20230828154326.jpg,c4_p032_20230828_o10,data/data_1/pi4_00382_32_10_20230828154341.jpg
p032_20230904,32,20230904,60,3_S6,12,8,c1_p032_20230904_o08,data/data_2/pi1_00620_32_8_20230904095544.jpg,c2_p032_20230904_o08,data/data_2/pi2_00620_32_8_20230904095610.jpg,c3_p032_20230904_o08,data/data_2/pi3_00620_32_8_20230904095624.jpg,c4_p032_20230904_o08,data/data_2/pi4_00620_32_8_20230904095637.jpg
p032_20230908,32,20230908,64,3_S6,12,3,c1_p032_20230908_o03,data/data_3/pi1_00855_32_3_20230908154600.jpg,c2_p032_20230908_o03,data/data_3/pi2_00855_32_3_20230908154627.jpg,c3_p032_20230908_o03,data/data_3/pi3_00855_32_3_20230908154644.jpg,c4_p032_20230908_o03,data/data_3/pi4_00855_32_3_20230908155322.jpg
p032_20230921,32,20230921,72,4_S7,12,5,c1_p032_20230921_o05,data/data_5/pi1_01349_32_5_20230921150721.jpg,c2_p032_20230921_o05,data/data_5/pi2_01349_32_5_20230921150707.jpg,c3_p032_20230921_o05,data/data_5/pi3_01349_32_5_20230921150653.jpg,c4_p032_20230921_o05,data/data_5/pi4_01349_32_5_20230921150615.jpg
p032_20231006,32,20231006,74,4_S7,12,3,c1_p032_20231006_o03,data/data_9/pi1_02319_32_3_20231006114010.jpg,c2_p032_20231006_o03,data/data_9/pi2_02319_32_3_20231006113958.jpg,c3_p032_20231006_o03,data/data_9/pi3_02319_32_3_20231006113943.jpg,c4_p032_20231006_o03,data/data_9/pi4_02319_32_3_20231006113924.jpg
p032_20231017,32,20231017,75,4_S7,12,5,c1_p032_20231017_o05,data/data_13/pi1_03281_32_5_20231017135038.jpg,c2_p032_20231017_o05,data/data_13/pi2_03281_32_5_20231017135038.jpg,c3_p032_20231017_o05,data/data_13/pi3_03281_32_5_20231017135039.jpg,c4_p032_20231017_o05,data/data_13/pi4_03281_32_5_20231017135038.jpg
p032_20231023,32,20231023,76,4_S7,12,1,c1_p032_20231023_o01,data/data_17/pi1_04477_32_1_20231023103755.jpg,c2_p032_20231023_o01,data/data_17/pi2_04477_32_1_20231023103755.jpg,c3_p032_20231023_o01,data/data_17/pi3_04477_32_1_20231023103756.jpg,c4_p032_20231023_o01,data/data_17/pi4_04477_32_1_20231023103756.jpg
p032_20231027,32,20231027,77,4_S7,12,5,c1_p032_20231027_o05,data/data_20/pi1_05201_32_5_20231027111331.jpg,c2_p032_20231027_o05,data/data_20/pi2_05201_32_5_20231027111331.jpg,c3_p032_20231027_o05,data/data_20/pi3_05201_32_5_20231027111331.jpg,c4_p032_20231027_o05,data/data_20/pi4_05201_32_5_20231027111331.jpg
p032_20231101,32,20231101,78,4_S7,12,7,c1_p032_20231101_o07,data/data_23/pi1_05923_32_7_20231101095017.jpg,c2_p032_20231101_o07,data/data_23/pi2_05923_32_7_20231101095017.jpg,c3_p032_20231101_o07,data/data_23/pi3_05923_32_7_20231101095017.jpg,c4_p032_20231101_o07,data/data_23/pi4_05923_32_7_20231101095017.jpg
p032_20231106,32,20231106,79,4_S7,12,12,c1_p032_20231106_o12,data/data_26/pi1_06648_32_12_20231106110020.jpg,c2_p032_20231106_o12,data/data_26/pi2_06648_32_12_20231106110021.jpg,c3_p032_20231106_o12,data/data_26/pi3_06648_32_12_20231106110021.jpg,c4_p032_20231106_o12,data/data_26/pi4_06648_32_12_20231106110022.jpg
p032_20231109,32,20231109,80,5_S8,12,9,c1_p032_20231109_o09,data/data_29/pi1_07365_32_9_20231109092224.jpg,c2_p032_20231109_o09,data/data_29/pi2_07365_32_9_20231109092224.jpg,c3_p032_20231109_o09,data/data_29/pi3_07365_32_9_20231109092225.jpg,c4_p032_20231109_o09,data/data_29/pi4_07365_32_9_20231109092225.jpg
p032_20231120,32,20231120,81,5_S8,12,3,c1_p032_20231120_o03,data/data_32/pi1_08079_32_3_20231120134745.jpg,c2_p032_20231120_o03,data/data_32/pi2_08079_32_3_20231120134746.jpg,c3_p032_20231120_o03,data/data_32/pi3_08079_32_3_20231120134746.jpg,c4_p032_20231120_o03,data/data_32/pi4_08079_32_3_20231120134746.jpg
p032_20231124,32,20231124,83,5_S8,12,8,c1_p032_20231124_o08,data/data_35/pi1_08804_32_8_20231124154917.jpg,c2_p032_20231124_o08,data/data_35/pi2_08804_32_8_20231124154824.jpg,c3_p032_20231124_o08,data/data_35/pi3_08804_32_8_20231124154755.jpg,c4_p032_20231124_o08,data/data_35/pi4_08804_32_8_20231124154713.jpg
p032_20231127,32,20231127,85,5_S8,12,6,c1_p032_20231127_o06,data/data_36/pi1_09042_32_6_20231127143129.jpg,c2_p032_20231127_o06,data/data_36/pi2_09042_32_6_20231127143129.jpg,c3_p032_20231127_o06,data/data_36/pi3_09042_32_6_20231127143130.jpg,c4_p032_20231127_o06,data/data_36/pi4_09042_32_6_20231127143130.jpg
p032_20231130,32,20231130,87,5_S8,12,12,c1_p032_20231130_o12,data/data_40/pi1_10008_32_12_20231130100412.jpg,c2_p032_20231130_o12,data/data_40/pi2_10008_32_12_20231130100413.jpg,c3_p032_20231130_o12,data/data_40/pi3_10008_32_12_20231130100412.jpg,c4_p032_20231130_o12,data/data_40/pi4_10008_32_12_20231130100413.jpg
p033_20230828,33,20230828,16,0_S1,12,6,c1_p033_20230828_o06,data/data_1/pi1_00390_33_6_20230828154247.jpg,c2_p033_20230828_o06,data/data_1/pi2_00390_33_6_20230828154311.jpg,c3_p033_20230828_o06,data/data_1/pi3_00390_33_6_20230828154326.jpg,c4_p033_20230828_o06,data/data_1/pi4_00390_33_6_20230828154341.jpg
p033_20230904,33,20230904,52,2_S5,12,10,c1_p033_20230904_o10,data/data_2/pi1_00634_33_10_20230904095544.jpg,c2_p033_20230904_o10,data/data_2/pi2_00634_33_10_20230904095610.jpg,c3_p033_20230904_o10,data/data_2/pi3_00634_33_10_20230904095624.jpg,c4_p033_20230904_o10,data/data_2/pi4_00634_33_10_20230904095637.jpg
p033_20230908,33,20230908,61,3_S6,12,11,c1_p033_20230908_o11,data/data_3/pi1_00875_33_11_20230908154600.jpg,c2_p033_20230908_o11,data/data_3/pi2_00875_33_11_20230908154627.jpg,c3_p033_20230908_o11,data/data_3/pi3_00875_33_11_20230908154644.jpg,c4_p033_20230908_o11,data/data_3/pi4_00875_33_11_20230908155322.jpg
p033_20230921,33,20230921,70,4_S7,12,4,c1_p033_20230921_o04,data/data_5/pi1_01360_33_4_20230921150721.jpg,c2_p033_20230921_o04,data/data_5/pi2_01360_33_4_20230921150707.jpg,c3_p033_20230921_o04,data/data_5/pi3_01360_33_4_20230921150653.jpg,c4_p033_20230921_o04,data/data_5/pi4_01360_33_4_20230921150615.jpg
p033_20231006,33,20231006,72,4_S7,12,8,c1_p033_20231006_o08,data/data_9/pi1_02336_33_8_20231006114010.jpg,c2_p033_20231006_o08,data/data_9/pi2_02336_33_8_20231006113958.jpg,c3_p033_20231006_o08,data/data_9/pi3_02336_33_8_20231006113943.jpg,c4_p033_20231006_o08,data/data_9/pi4_02336_33_8_20231006113924.jpg
p033_20231017,33,20231017,73,4_S7,12,11,c1_p033_20231017_o11,data/data_13/pi1_03299_33_11_20231017135426.jpg,c2_p033_20231017_o11,data/data_13/pi2_03299_33_11_20231017135426.jpg,c3_p033_20231017_o11,data/data_13/pi3_03299_33_11_20231017135427.jpg,c4_p033_20231017_o11,data/data_13/pi4_03299_33_11_20231017135426.jpg
p033_20231023,33,20231023,74,4_S7,12,3,c1_p033_20231023_o03,data/data_17/pi1_04491_33_3_20231023104533.jpg,c2_p033_20231023_o03,data/data_17/pi2_04491_33_3_20231023104534.jpg,c3_p033_20231023_o03,data/data_17/pi3_04491_33_3_20231023104534.jpg,c4_p033_20231023_o03,data/data_17/pi4_04491_33_3_20231023104534.jpg
p033_20231027,33,20231027,75,4_S7,12,6,c1_p033_20231027_o06,data/data_20/pi1_05214_33_6_20231027111641.jpg,c2_p033_20231027_o06,data/data_20/pi2_05214_33_6_20231027111641.jpg,c3_p033_20231027_o06,data/data_20/pi3_05214_33_6_20231027111641.jpg,c4_p033_20231027_o06,data/data_20/pi4_05214_33_6_20231027111641.jpg
p033_20231101,33,20231101,76,4_S7,12,2,c1_p033_20231101_o02,data/data_23/pi1_05930_33_2_20231101095315.jpg,c2_p033_20231101_o02,data/data_23/pi2_05930_33_2_20231101095315.jpg,c3_p033_20231101_o02,data/data_23/pi3_05930_33_2_20231101095315.jpg,c4_p033_20231101_o02,data/data_23/pi4_05930_33_2_20231101095315.jpg
p033_20231106,33,20231106,77,4_S7,12,1,c1_p033_20231106_o01,data/data_26/pi1_06649_33_1_20231106110234.jpg,c2_p033_20231106_o01,data/data_26/pi2_06649_33_1_20231106110234.jpg,c3_p033_20231106_o01,data/data_26/pi3_06649_33_1_20231106110235.jpg,c4_p033_20231106_o01,data/data_26/pi4_06649_33_1_20231106110235.jpg
p033_20231109,33,20231109,78,4_S7,12,6,c1_p033_20231109_o06,data/data_29/pi1_07374_33_6_20231109092437.jpg,c2_p033_20231109_o06,data/data_29/pi2_07374_33_6_20231109092436.jpg,c3_p033_20231109_o06,data/data_29/pi3_07374_33_6_20231109092437.jpg,c4_p033_20231109_o06,data/data_29/pi4_07374_33_6_20231109092437.jpg
p033_20231120,33,20231120,83,5_S8,12,10,c1_p033_20231120_o10,data/data_32/pi1_08098_33_10_20231120135117.jpg,c2_p033_20231120_o10,data/data_32/pi2_08098_33_10_20231120135118.jpg,c3_p033_20231120_o10,data/data_32/pi3_08098_33_10_20231120135119.jpg,c4_p033_20231120_o10,data/data_32/pi4_08098_33_10_20231120135118.jpg
p033_20231124,33,20231124,85,5_S8,12,9,c1_p033_20231124_o09,data/data_35/pi1_08817_33_9_20231124154917.jpg,c2_p033_20231124_o09,data/data_35/pi2_08817_33_9_20231124154824.jpg,c3_p033_20231124_o09,data/data_35/pi3_08817_33_9_20231124154755.jpg,c4_p033_20231124_o09,data/data_35/pi4_08817_33_9_20231124154713.jpg
p033_20231127,33,20231127,87,5_S8,12,7,c1_p033_20231127_o07,data/data_36/pi1_09055_33_7_20231127143358.jpg,c2_p033_20231127_o07,data/data_36/pi2_09055_33_7_20231127143359.jpg,c3_p033_20231127_o07,data/data_36/pi3_09055_33_7_20231127143359.jpg,c4_p033_20231127_o07,data/data_36/pi4_09055_33_7_20231127143359.jpg
p033_20231130,33,20231130,89,5_S8,12,2,c1_p033_20231130_o02,data/data_40/pi1_10010_33_2_20231130100713.jpg,c2_p033_20231130_o02,data/data_40/pi2_10010_33_2_20231130100713.jpg,c3_p033_20231130_o02,data/data_40/pi3_10010_33_2_20231130100713.jpg,c4_p033_20231130_o02,data/data_40/pi4_10010_33_2_20231130100714.jpg
p034_20230828,34,20230828,15,0_S1,12,1,c1_p034_20230828_o01,data/data_1/pi1_00397_34_1_20230828154247.jpg,c2_p034_20230828_o01,data/data_1/pi2_00397_34_1_20230828154311.jpg,c3_p034_20230828_o01,data/data_1/pi3_00397_34_1_20230828154326.jpg,c4_p034_20230828_o01,data/data_1/pi4_00397_34_1_20230828154341.jpg
p034_20230904,34,20230904,53,2_S5,12,7,c1_p034_20230904_o07,data/data_2/pi1_00643_34_7_20230904095544.jpg,c2_p034_20230904_o07,data/data_2/pi2_00643_34_7_20230904095610.jpg,c3_p034_20230904_o07,data/data_2/pi3_00643_34_7_20230904095624.jpg,c4_p034_20230904_o07,data/data_2/pi4_00643_34_7_20230904095637.jpg
p034_20230908,34,20230908,61,3_S6,12,3,c1_p034_20230908_o03,data/data_3/pi1_00879_34_3_20230908154600.jpg,c2_p034_20230908_o03,data/data_3/pi2_00879_34_3_20230908154627.jpg,c3_p034_20230908_o03,data/data_3/pi3_00879_34_3_20230908154644.jpg,c4_p034_20230908_o03,data/data_3/pi4_00879_34_3_20230908155322.jpg
p034_20230921,34,20230921,70,4_S7,12,1,c1_p034_20230921_o01,data/data_5/pi1_01369_34_1_20230921150721.jpg,c2_p034_20230921_o01,data/data_5/pi2_01369_34_1_20230921150707.jpg,c3_p034_20230921_o01,data/data_5/pi3_01369_34_1_20230921150653.jpg,c4_p034_20230921_o01,data/data_5/pi4_01369_34_1_20230921150615.jpg
p034_20231006,34,20231006,72,4_S7,12,1,c1_p034_20231006_o01,data/data_9/pi1_02341_34_1_20231006114010.jpg,c2_p034_20231006_o01,data/data_9/pi2_02341_34_1_20231006113958.jpg,c3_p034_20231006_o01,data/data_9/pi3_02341_34_1_20231006113943.jpg,c4_p034_20231006_o01,data/data_9/pi4_02341_34_1_20231006113924.jpg
p034_20231017,34,20231017,73,4_S7,12,3,c1_p034_20231017_o03,data/data_13/pi1_03303_34_3_20231017135631.jpg,c2_p034_20231017_o03,data/data_13/pi2_03303_34_3_20231017135631.jpg,c3_p034_20231017_o03,data/data_13/pi3_03303_34_3_20231017135632.jpg,c4_p034_20231017_o03,data/data_13/pi4_03303_34_3_20231017135631.jpg
p034_20231023,34,20231023,74,4_S7,12,12,c1_p034_20231023_o12,data/data_18/pi1_04512_34_12_20231023105039.jpg,c2_p034_20231023_o12,data/data_18/pi2_04512_34_12_20231023105039.jpg,c3_p034_20231023_o12,data/data_18/pi3_04512_34_12_20231023105040.jpg,c4_p034_20231023_o12,data/data_18/pi4_04512_34_12_20231023105040.jpg
p034_20231027,34,20231027,76,4_S7,12,11,c1_p034_20231027_o11,data/data_20/pi1_05231_34_11_20231027112042.jpg,c2_p034_20231027_o11,data/data_20/pi2_05231_34_11_20231027112042.jpg,c3_p034_20231027_o11,data/data_20/pi3_05231_34_11_20231027112042.jpg,c4_p034_20231027_o11,data/data_20/pi4_05231_34_11_20231027112042.jpg
p034_20231101,34,20231101,77,4_S7,12,1,c1_p034_20231101_o01,data/data_23/pi1_05941_34_1_20231101095700.jpg,c2_p034_20231101_o01,data/data_23/pi2_05941_34_1_20231101095700.jpg,c3_p034_20231101_o01,data/data_23/pi3_05941_34_1_20231101095700.jpg,c4_p034_20231101_o01,data/data_23/pi4_05941_34_1_20231101095700.jpg
p034_20231106,34,20231106,78,4_S7,12,1,c1_p034_20231106_o01,data/data_26/pi1_06661_34_1_20231106110548.jpg,c2_p034_20231106_o01,data/data_26/pi2_06661_34_1_20231106110549.jpg,c3_p034_20231106_o01,data/data_26/pi3_06661_34_1_20231106110549.jpg,c4_p034_20231106_o01,data/data_26/pi4_06661_34_1_20231106110550.jpg
p034_20231109,34,20231109,79,4_S7,12,6,c1_p034_20231109_o06,data/data_29/pi1_07386_34_6_20231109092803.jpg,c2_p034_20231109_o06,data/data_29/pi2_07386_34_6_20231109092802.jpg,c3_p034_20231109_o06,data/data_29/pi3_07386_34_6_20231109092803.jpg,c4_p034_20231109_o06,data/data_29/pi4_07386_34_6_20231109092803.jpg
p034_20231120,34,20231120,82,5_S8,12,7,c1_p034_20231120_o07,data/data_32/pi1_08107_34_7_20231120135427.jpg,c2_p034_20231120_o07,data/data_32/pi2_08107_34_7_20231120135428.jpg,c3_p034_20231120_o07,data/data_32/pi3_08107_34_7_20231120135428.jpg,c4_p034_20231120_o07,data/data_32/pi4_08107_34_7_20231120135428.jpg
p034_20231124,34,20231124,86,5_S8,12,6,c1_p034_20231124_o06,data/data_35/pi1_08826_34_6_20231124154917.jpg,c2_p034_20231124_o06,data/data_35/pi2_08826_34_6_20231124154824.jpg,c3_p034_20231124_o06,data/data_35/pi3_08826_34_6_20231124154755.jpg,c4_p034_20231124_o06,data/data_35/pi4_08826_34_6_20231124154713.jpg
p034_20231127,34,20231127,88,5_S8,12,9,c1_p034_20231127_o09,data/data_36/pi1_09069_34_9_20231127143637.jpg,c2_p034_20231127_o09,data/data_36/pi2_09069_34_9_20231127143637.jpg,c3_p034_20231127_o09,data/data_36/pi3_09069_34_9_20231127143638.jpg,c4_p034_20231127_o09,data/data_36/pi4_09069_34_9_20231127143638.jpg
p034_20231130,34,20231130,89,5_S8,12,4,c1_p034_20231130_o04,data/data_40/pi1_10024_34_4_20231130101157.jpg,c2_p034_20231130_o04,data/data_40/pi2_10024_34_4_20231130101157.jpg,c3_p034_20231130_o04,data/data_40/pi3_10024_34_4_20231130101157.jpg,c4_p034_20231130_o04,data/data_40/pi4_10024_34_4_20231130101158.jpg
p035_20230828,35,20230828,14,0_S1,12,11,c1_p035_20230828_o11,data/data_1/pi1_00419_35_11_20230828154247.jpg,c2_p035_20230828_o11,data/data_1/pi2_00419_35_11_20230828154311.jpg,c3_p035_20230828_o11,data/data_1/pi3_00419_35_11_20230828154326.jpg,c4_p035_20230828_o11,data/data_1/pi4_00419_35_11_20230828154341.jpg
p035_20230904,35,20230904,16,0_S1,12,1,c1_p035_20230904_o01,data/data_2/pi1_00649_35_1_20230904095544.jpg,c2_p035_20230904_o01,data/data_2/pi2_00649_35_1_20230904095610.jpg,c3_p035_20230904_o01,data/data_2/pi3_00649_35_1_20230904095624.jpg,c4_p035_20230904_o01,data/data_2/pi4_00649_35_1_20230904095637.jpg
p035_20230908,35,20230908,52,2_S5,12,8,c1_p035_20230908_o08,data/data_3/pi1_00896_35_8_20230908154600.jpg,c2_p035_20230908_o08,data/data_3/pi2_00896_35_8_20230908154627.jpg,c3_p035_20230908_o08,data/data_3/pi3_00896_35_8_20230908154644.jpg,c4_p035_20230908_o08,data/data_3/pi4_00896_35_8_20230908155322.jpg
p035_20230921,35,20230921,52,2_S5,12,6,c1_p035_20230921_o06,data/data_5/pi1_01386_35_6_20230921150721.jpg,c2_p035_20230921_o06,data/data_5/pi2_01386_35_6_20230921150707.jpg,c3_p035_20230921_o06,data/data_5/pi3_01386_35_6_20230921150653.jpg,c4_p035_20230921_o06,data/data_5/pi4_01386_35_6_20230921150615.jpg
p035_20231006,35,20231006,52,2_S5,12,7,c1_p035_20231006_o07,data/data_9/pi1_02359_35_7_20231006114010.jpg,c2_p035_20231006_o07,data/data_9/pi2_02359_35_7_20231006113958.jpg,c3_p035_20231006_o07,data/data_9/pi3_02359_35_7_20231006113943.jpg,c4_p035_20231006_o07,data/data_9/pi4_02359_35_7_20231006113924.jpg
p035_20231017,35,20231017,52,2_S5,12,5,c1_p035_20231017_o05,data/data_13/pi1_03317_35_5_20231017135912.jpg,c2_p035_20231017_o05,data/data_13/pi2_03317_35_5_20231017135913.jpg,c3_p035_20231017_o05,data/data_13/pi3_03317_35_5_20231017135913.jpg,c4_p035_20231017_o05,data/data_13/pi4_03317_35_5_20231017135912.jpg
p035_20231023,35,20231023,52,2_S5,12,5,c1_p035_20231023_o05,data/data_18/pi1_04517_35_5_20231023105218.jpg,c2_p035_20231023_o05,data/data_18/pi2_04517_35_5_20231023105218.jpg,c3_p035_20231023_o05,data/data_18/pi3_04517_35_5_20231023105219.jpg,c4_p035_20231023_o05,data/data_18/pi4_04517_35_5_20231023105219.jpg
p035_20231027,35,20231027,52,2_S5,12,2,c1_p035_20231027_o02,data/data_20/pi1_05234_35_2_20231027112148.jpg,c2_p035_20231027_o02,data/data_20/pi2_05234_35_2_20231027112148.jpg,c3_p035_20231027_o02,data/data_20/pi3_05234_35_2_20231027112148.jpg,c4_p035_20231027_o02,data/data_20/pi4_05234_35_2_20231027112148.jpg
p035_20231101,35,20231101,52,2_S5,12,11,c1_p035_20231101_o11,data/data_23/pi1_05963_35_11_20231101100044.jpg,c2_p035_20231101_o11,data/data_23/pi2_05963_35_11_20231101100045.jpg,c3_p035_20231101_o11,data/data_23/pi3_05963_35_11_20231101100045.jpg,c4_p035_20231101_o11,data/data_23/pi4_05963_35_11_20231101100045.jpg
p035_20231106,35,20231106,52,2_S5,12,8,c1_p035_20231106_o08,data/data_26/pi1_06680_35_8_20231106111241.jpg,c2_p035_20231106_o08,data/data_26/pi2_06680_35_8_20231106111242.jpg,c3_p035_20231106_o08,data/data_26/pi3_06680_35_8_20231106111242.jpg,c4_p035_20231106_o08,data/data_26/pi4_06680_35_8_20231106111243.jpg
p035_20231109,35,20231109,52,2_S5,12,9,c1_p035_20231109_o09,data/data_29/pi1_07401_35_9_20231109093036.jpg,c2_p035_20231109_o09,data/data_29/pi2_07401_35_9_20231109093035.jpg,c3_p035_20231109_o09,data/data_29/pi3_07401_35_9_20231109093036.jpg,c4_p035_20231109_o09,data/data_29/pi4_07401_35_9_20231109093036.jpg
p035_20231120,35,20231120,52,2_S5,12,7,c1_p035_20231120_o07,data/data_32/pi1_08119_35_7_20231120135708.jpg,c2_p035_20231120_o07,data/data_32/pi2_08119_35_7_20231120135708.jpg,c3_p035_20231120_o07,data/data_32/pi3_08119_35_7_20231120135709.jpg,c4_p035_20231120_o07,data/data_32/pi4_08119_35_7_20231120135708.jpg
p035_20231124,35,20231124,52,2_S5,12,1,c1_p035_20231124_o01,data/data_35/pi1_08833_35_1_20231124154917.jpg,c2_p035_20231124_o01,data/data_35/pi2_08833_35_1_20231124154824.jpg,c3_p035_20231124_o01,data/data_35/pi3_08833_35_1_20231124154755.jpg,c4_p035_20231124_o01,data/data_35/pi4_08833_35_1_20231124154713.jpg
p035_20231127,35,20231127,52,2_S5,12,10,c1_p035_20231127_o10,data/data_36/pi1_09082_35_10_20231127143826.jpg,c2_p035_20231127_o10,data/data_36/pi2_09082_35_10_20231127143827.jpg,c3_p035_20231127_o10,data/data_36/pi3_09082_35_10_20231127143827.jpg,c4_p035_20231127_o10,data/data_36/pi4_09082_35_10_20231127143827.jpg
p035_20231130,35,20231130,52,2_S5,12,6,c1_p035_20231130_o06,data/data_40/pi1_10038_35_6_20231130101536.jpg,c2_p035_20231130_o06,data/data_40/pi2_10038_35_6_20231130101537.jpg,c3_p035_20231130_o06,data/data_40/pi3_10038_35_6_20231130101537.jpg,c4_p035_20231130_o06,data/data_40/pi4_10038_35_6_20231130101538.jpg
p036_20230828,36,20230828,51,2_S5,12,7,c1_p036_20230828_o07,data/data_1/pi1_00427_36_7_20230828154247.jpg,c2_p036_20230828_o07,data/data_1/pi2_00427_36_7_20230828154311.jpg,c3_p036_20230828_o07,data/data_1/pi3_00427_36_7_20230828154326.jpg,c4_p036_20230828_o07,data/data_1/pi4_00427_36_7_20230828154341.jpg
p036_20230904,36,20230904,60,3_S6,12,4,c1_p036_20230904_o04,data/data_2/pi1_00664_36_4_20230904095544.jpg,c2_p036_20230904_o04,data/data_2/pi2_00664_36_4_20230904095610.jpg,c3_p036_20230904_o04,data/data_2/pi3_00664_36_4_20230904095624.jpg,c4_p036_20230904_o04,data/data_2/pi4_00664_36_4_20230904095637.jpg
p036_20230908,36,20230908,63,3_S6,12,1,c1_p036_20230908_o01,data/data_3/pi1_00901_36_1_20230908154600.jpg,c2_p036_20230908_o01,data/data_3/pi2_00901_36_1_20230908154627.jpg,c3_p036_20230908_o01,data/data_3/pi3_00901_36_1_20230908154644.jpg,c4_p036_20230908_o01,data/data_3/pi4_00901_36_1_20230908155322.jpg
p036_20230921,36,20230921,70,4_S7,12,3,c1_p036_20230921_o03,data/data_5/pi1_01395_36_3_20230921150721.jpg,c2_p036_20230921_o03,data/data_5/pi2_01395_36_3_20230921150707.jpg,c3_p036_20230921_o03,data/data_5/pi3_01395_36_3_20230921150653.jpg,c4_p036_20230921_o03,data/data_5/pi4_01395_36_3_20230921150615.jpg
p036_20231006,36,20231006,72,4_S7,12,1,c1_p036_20231006_o01,data/data_9/pi1_02365_36_1_20231006114010.jpg,c2_p036_20231006_o01,data/data_9/pi2_02365_36_1_20231006113958.jpg,c3_p036_20231006_o01,data/data_9/pi3_02365_36_1_20231006113943.jpg,c4_p036_20231006_o01,data/data_9/pi4_02365_36_1_20231006113924.jpg
p036_20231017,36,20231017,73,4_S7,12,3,c1_p036_20231017_o03,data/data_13/pi1_03327_36_3_20231017140230.jpg,c2_p036_20231017_o03,data/data_13/pi2_03327_36_3_20231017140230.jpg,c3_p036_20231017_o03,data/data_13/pi3_03327_36_3_20231017140231.jpg,c4_p036_20231017_o03,data/data_13/pi4_03327_36_3_20231017140230.jpg
p036_20231023,36,20231023,74,4_S7,12,2,c1_p036_20231023_o02,data/data_18/pi1_04526_36_2_20231023105446.jpg,c2_p036_20231023_o02,data/data_18/pi2_04526_36_2_20231023105447.jpg,c3_p036_20231023_o02,data/data_18/pi3_04526_36_2_20231023105447.jpg,c4_p036_20231023_o02,data/data_18/pi4_04526_36_2_20231023105447.jpg
p036_20231027,36,20231027,75,4_S7,12,5,c1_p036_20231027_o05,data/data_20/pi1_05249_36_5_20231027112828.jpg,c2_p036_20231027_o05,data/data_20/pi2_05249_36_5_20231027112828.jpg,c3_p036_20231027_o05,data/data_20/pi3_05249_36_5_20231027112828.jpg,c4_p036_20231027_o05,data/data_20/pi4_05249_36_5_20231027112828.jpg
p036_20231101,36,20231101,76,4_S7,12,9,c1_p036_20231101_o09,data/data_23/pi1_05973_36_9_20231101100324.jpg,c2_p036_20231101_o09,data/data_23/pi2_05973_36_9_20231101100324.jpg,c3_p036_20231101_o09,data/data_23/pi3_05973_36_9_20231101100324.jpg,c4_p036_20231101_o09,data/data_23/pi4_05973_36_9_20231101100324.jpg
p036_20231106,36,20231106,77,4_S7,12,6,c1_p036_20231106_o06,data/data_26/pi1_06690_36_6_20231106111737.jpg,c2_p036_20231106_o06,data/data_26/pi2_06690_36_6_20231106111737.jpg,c3_p036_20231106_o06,data/data_26/pi3_06690_36_6_20231106111738.jpg,c4_p036_20231106_o06,data/data_26/pi4_06690_36_6_20231106111738.jpg
p036_20231109,36,20231109,78,4_S7,12,4,c1_p036_20231109_o04,data/data_29/pi1_07408_36_4_20231109093236.jpg,c2_p036_20231109_o04,data/data_29/pi2_07408_36_4_20231109093235.jpg,c3_p036_20231109_o04,data/data_29/pi3_07408_36_4_20231109093236.jpg,c4_p036_20231109_o04,data/data_29/pi4_07408_36_4_20231109093237.jpg
p036_20231120,36,20231120,81,5_S8,12,10,c1_p036_20231120_o10,data/data_32/pi1_08134_36_10_20231120140021.jpg,c2_p036_20231120_o10,data/data_32/pi2_08134_36_10_20231120140021.jpg,c3_p036_20231120_o10,data/data_32/pi3_08134_36_10_20231120140022.jpg,c4_p036_20231120_o10,data/data_32/pi4_08134_36_10_20231120140021.jpg
p036_20231124,36,20231124,82,5_S8,12,8,c1_p036_20231124_o08,data/data_35/pi1_08852_36_8_20231124154917.jpg,c2_p036_20231124_o08,data/data_35/pi2_08852_36_8_20231124154824.jpg,c3_p036_20231124_o08,data/data_35/pi3_08852_36_8_20231124154755.jpg,c4_p036_20231124_o08,data/data_35/pi4_08852_36_8_20231124154713.jpg
p036_20231127,36,20231127,83,5_S8,12,4,c1_p036_20231127_o04,data/data_36/pi1_09088_36_4_20231127143958.jpg,c2_p036_20231127_o04,data/data_36/pi2_09088_36_4_20231127143958.jpg,c3_p036_20231127_o04,data/data_36/pi3_09088_36_4_20231127143958.jpg,c4_p036_20231127_o04,data/data_36/pi4_09088_36_4_20231127143959.jpg
p036_20231130,36,20231130,84,5_S8,12,5,c1_p036_20231130_o05,data/data_40/pi1_10049_36_5_20231130101813.jpg,c2_p036_20231130_o05,data/data_40/pi2_10049_36_5_20231130101814.jpg,c3_p036_20231130_o05,data/data_40/pi3_10049_36_5_20231130101814.jpg,c4_p036_20231130_o05,data/data_40/pi4_10049_36_5_20231130101815.jpg
p037_20230828,37,20230828,14,0_S1,12,10,c1_p037_20230828_o10,data/data_1/pi1_00442_37_10_20230828154247.jpg,c2_p037_20230828_o10,data/data_1/pi2_00442_37_10_20230828154311.jpg,c3_p037_20230828_o10,data/data_1/pi3_00442_37_10_20230828154326.jpg,c4_p037_20230828_o10,data/data_1/pi4_00442_37_10_20230828154341.jpg
p037_20230904,37,20230904,54,2_S5,12,12,c1_p037_20230904_o12,data/data_2/pi1_00684_37_12_20230904095544.jpg,c2_p037_20230904_o12,data/data_2/pi2_00684_37_12_20230904095610.jpg,c3_p037_20230904_o12,data/data_2/pi3_00684_37_12_20230904095624.jpg,c4_p037_20230904_o12,data/data_2/pi4_00684_37_12_20230904095637.jpg
p037_20230908,37,20230908,60,3_S6,12,9,c1_p037_20230908_o09,data/data_3/pi1_00921_37_9_20230908154600.jpg,c2_p037_20230908_o09,data/data_3/pi2_00921_37_9_20230908154627.jpg,c3_p037_20230908_o09,data/data_3/pi3_00921_37_9_20230908154644.jpg,c4_p037_20230908_o09,data/data_3/pi4_00921_37_9_20230908155322.jpg
p037_20230921,37,20230921,70,4_S7,12,3,c1_p037_20230921_o03,data/data_5/pi1_01407_37_3_20230921150721.jpg,c2_p037_20230921_o03,data/data_5/pi2_01407_37_3_20230921150707.jpg,c3_p037_20230921_o03,data/data_5/pi3_01407_37_3_20230921150653.jpg,c4_p037_20230921_o03,data/data_5/pi4_01407_37_3_20230921150615.jpg
p037_20231006,37,20231006,71,4_S7,12,12,c1_p037_20231006_o12,data/data_9/pi1_02388_37_12_20231006114010.jpg,c2_p037_20231006_o12,data/data_9/pi2_02388_37_12_20231006113958.jpg,c3_p037_20231006_o12,data/data_9/pi3_02388_37_12_20231006113943.jpg,c4_p037_20231006_o12,data/data_9/pi4_02388_37_12_20231006113924.jpg
p037_20231017,37,20231017,73,4_S7,12,3,c1_p037_20231017_o03,data/data_13/pi1_03339_37_3_20231017140520.jpg,c2_p037_20231017_o03,data/data_13/pi2_03339_37_3_20231017140520.jpg,c3_p037_20231017_o03,data/data_13/pi3_03339_37_3_20231017140521.jpg,c4_p037_20231017_o03,data/data_13/pi4_03339_37_3_20231017140520.jpg
p037_20231023,37,20231023,75,4_S7,12,8,c1_p037_20231023_o08,data/data_18/pi1_04544_37_8_20231023105824.jpg,c2_p037_20231023_o08,data/data_18/pi2_04544_37_8_20231023105824.jpg,c3_p037_20231023_o08,data/data_18/pi3_04544_37_8_20231023105824.jpg,c4_p037_20231023_o08,data/data_18/pi4_04544_37_8_20231023105824.jpg
p037_20231027,37,20231027,76,4_S7,12,6,c1_p037_20231027_o06,data/data_21/pi1_05262_37_6_20231027113113.jpg,c2_p037_20231027_o06,data/data_21/pi2_05262_37_6_20231027113114.jpg,c3_p037_20231027_o06,data/data_21/pi3_05262_37_6_20231027113114.jpg,c4_p037_20231027_o06,data/data_21/pi4_05262_37_6_20231027113114.jpg
p037_20231101,37,20231101,77,4_S7,12,3,c1_p037_20231101_o03,data/data_23/pi1_05979_37_3_20231101100512.jpg,c2_p037_20231101_o03,data/data_23/pi2_05979_37_3_20231101100512.jpg,c3_p037_20231101_o03,data/data_23/pi3_05979_37_3_20231101100512.jpg,c4_p037_20231101_o03,data/data_23/pi4_05979_37_3_20231101100512.jpg
p037_20231106,37,20231106,78,4_S7,12,4,c1_p037_20231106_o04,data/data_26/pi1_06700_37_4_20231106112206.jpg,c2_p037_20231106_o04,data/data_26/pi2_06700_37_4_20231106112207.jpg,c3_p037_20231106_o04,data/data_26/pi3_06700_37_4_20231106112207.jpg,c4_p037_20231106_o04,data/data_26/pi4_06700_37_4_20231106112208.jpg
p037_20231109,37,20231109,79,4_S7,12,1,c1_p037_20231109_o01,data/data_29/pi1_07417_37_1_20231109093453.jpg,c2_p037_20231109_o01,data/data_29/pi2_07417_37_1_20231109093453.jpg,c3_p037_20231109_o01,data/data_29/pi3_07417_37_1_20231109093454.jpg,c4_p037_20231109_o01,data/data_29/pi4_07417_37_1_20231109093454.jpg
p037_20231120,37,20231120,80,5_S8,12,7,c1_p037_20231120_o07,data/data_32/pi1_08143_37_7_20231120140230.jpg,c2_p037_20231120_o07,data/data_32/pi2_08143_37_7_20231120140230.jpg,c3_p037_20231120_o07,data/data_32/pi3_08143_37_7_20231120140231.jpg,c4_p037_20231120_o07,data/data_32/pi4_08143_37_7_20231120140230.jpg
p037_20231124,37,20231124,85,5_S8,12,6,c1_p037_20231124_o06,data/data_35/pi1_08862_37_6_20231124154917.jpg,c2_p037_20231124_o06,data/data_35/pi2_08862_37_6_20231124154824.jpg,c3_p037_20231124_o06,data/data_35/pi3_08862_37_6_20231124154755.jpg,c4_p037_20231124_o06,data/data_35/pi4_08862_37_6_20231124154713.jpg
p037_20231127,37,20231127,87,5_S8,12,3,c1_p037_20231127_o03,data/data_36/pi1_09099_37_3_20231127144222.jpg,c2_p037_20231127_o03,data/data_36/pi2_09099_37_3_20231127144223.jpg,c3_p037_20231127_o03,data/data_36/pi3_09099_37_3_20231127144223.jpg,c4_p037_20231127_o03,data/data_36/pi4_09099_37_3_20231127144223.jpg
p037_20231130,37,20231130,89,5_S8,12,12,c1_p037_20231130_o12,data/data_40/pi1_10068_37_12_20231130102308.jpg,c2_p037_20231130_o12,data/data_40/pi2_10068_37_12_20231130102309.jpg,c3_p037_20231130_o12,data/data_40/pi3_10068_37_12_20231130102308.jpg,c4_p037_20231130_o12,data/data_40/pi4_10068_37_12_20231130102309.jpg
p038_20230828,38,20230828,14,0_S1,12,11,c1_p038_20230828_o11,data/data_1/pi1_00455_38_11_20230828154247.jpg,c2_p038_20230828_o11,data/data_1/pi2_00455_38_11_20230828154311.jpg,c3_p038_20230828_o11,data/data_1/pi3_00455_38_11_20230828154326.jpg,c4_p038_20230828_o11,data/data_1/pi4_00455_38_11_20230828154341.jpg
p038_20230904,38,20230904,60,3_S6,12,8,c1_p038_20230904_o08,data/data_2/pi1_00692_38_8_20230904095544.jpg,c2_p038_20230904_o08,data/data_2/pi2_00692_38_8_20230904095610.jpg,c3_p038_20230904_o08,data/data_2/pi3_00692_38_8_20230904095624.jpg,c4_p038_20230904_o08,data/data_2/pi4_00692_38_8_20230904095637.jpg
p038_20230908,38,20230908,62,3_S6,12,3,c1_p038_20230908_o03,data/data_3/pi1_00927_38_3_20230908154600.jpg,c2_p038_20230908_o03,data/data_3/pi2_00927_38_3_20230908154627.jpg,c3_p038_20230908_o03,data/data_3/pi3_00927_38_3_20230908154644.jpg,c4_p038_20230908_o03,data/data_3/pi4_00927_38_3_20230908155322.jpg
p038_20230921,38,20230921,71,4_S7,12,4,c1_p038_20230921_o04,data/data_5/pi1_01420_38_4_20230921150721.jpg,c2_p038_20230921_o04,data/data_5/pi2_01420_38_4_20230921150707.jpg,c3_p038_20230921_o04,data/data_5/pi3_01420_38_4_20230921150653.jpg,c4_p038_20230921_o04,data/data_5/pi4_01420_38_4_20230921150615.jpg
p038_20231006,38,20231006,72,4_S7,12,9,c1_p038_20231006_o09,data/data_9/pi1_02397_38_9_20231006114010.jpg,c2_p038_20231006_o09,data/data_9/pi2_02397_38_9_20231006113958.jpg,c3_p038_20231006_o09,data/data_9/pi3_02397_38_9_20231006113943.jpg,c4_p038_20231006_o09,data/data_9/pi4_02397_38_9_20231006113924.jpg
p038_20231017,38,20231017,73,4_S7,12,11,c1_p038_20231017_o11,data/data_13/pi1_03359_38_11_20231017141026.jpg,c2_p038_20231017_o11,data/data_13/pi2_03359_38_11_20231017141026.jpg,c3_p038_20231017_o11,data/data_13/pi3_03359_38_11_20231017141027.jpg,c4_p038_20231017_o11,data/data_13/pi4_03359_38_11_20231017141026.jpg
p038_20231023,38,20231023,74,4_S7,12,9,c1_p038_20231023_o09,data/data_18/pi1_04557_38_9_20231023110140.jpg,c2_p038_20231023_o09,data/data_18/pi2_04557_38_9_20231023110140.jpg,c3_p038_20231023_o09,data/data_18/pi3_04557_38_9_20231023110141.jpg,c4_p038_20231023_o09,data/data_18/pi4_04557_38_9_20231023110141.jpg
p038_20231027,38,20231027,75,4_S7,12,7,c1_p038_20231027_o07,data/data_21/pi1_05275_38_7_20231027113430.jpg,c2_p038_20231027_o07,data/data_21/pi2_05275_38_7_20231027113431.jpg,c3_p038_20231027_o07,data/data_21/pi3_05275_38_7_20231027113431.jpg,c4_p038_20231027_o07,data/data_21/pi4_05275_38_7_20231027113431.jpg
p038_20231101,38,20231101,76,4_S7,12,6,c1_p038_20231101_o06,data/data_23/pi1_05994_38_6_20231101101100.jpg,c2_p038_20231101_o06,data/data_23/pi2_05994_38_6_20231101101101.jpg,c3_p038_20231101_o06,data/data_23/pi3_05994_38_6_20231101101101.jpg,c4_p038_20231101_o06,data/data_23/pi4_05994_38_6_20231101101100.jpg
p038_20231106,38,20231106,77,4_S7,12,3,c1_p038_20231106_o03,data/data_26/pi1_06711_38_3_20231106112917.jpg,c2_p038_20231106_o03,data/data_26/pi2_06711_38_3_20231106112917.jpg,c3_p038_20231106_o03,data/data_26/pi3_06711_38_3_20231106112917.jpg,c4_p038_20231106_o03,data/data_26/pi4_06711_38_3_20231106112918.jpg
p038_20231109,38,20231109,78,4_S7,12,6,c1_p038_20231109_o06,data/data_29/pi1_07434_38_6_20231109093756.jpg,c2_p038_20231109_o06,data/data_29/pi2_07434_38_6_20231109093756.jpg,c3_p038_20231109_o06,data/data_29/pi3_07434_38_6_20231109093757.jpg,c4_p038_20231109_o06,data/data_29/pi4_07434_38_6_20231109093757.jpg
p038_20231120,38,20231120,79,4_S7,12,10,c1_p038_20231120_o10,data/data_32/pi1_08158_38_10_20231120140603.jpg,c2_p038_20231120_o10,data/data_32/pi2_08158_38_10_20231120140604.jpg,c3_p038_20231120_o10,data/data_32/pi3_08158_38_10_20231120140604.jpg,c4_p038_20231120_o10,data/data_32/pi4_08158_38_10_20231120140604.jpg
p038_20231124,38,20231124,79,4_S7,12,8,c1_p038_20231124_o08,data/data_35/pi1_08876_38_8_20231124154917.jpg,c2_p038_20231124_o08,data/data_35/pi2_08876_38_8_20231124154824.jpg,c3_p038_20231124_o08,data/data_35/pi3_08876_38_8_20231124154755.jpg,c4_p038_20231124_o08,data/data_35/pi4_08876_38_8_20231124154713.jpg
p038_20231127,38,20231127,79,4_S7,12,12,c1_p038_20231127_o12,data/data_36/pi1_09120_38_12_20231127144702.jpg,c2_p038_20231127_o12,data/data_36/pi2_09120_38_12_20231127144703.jpg,c3_p038_20231127_o12,data/data_36/pi3_09120_38_12_20231127144703.jpg,c4_p038_20231127_o12,data/data_36/pi4_09120_38_12_20231127144704.jpg
p038_20231130,38,20231130,80,5_S8,12,10,c1_p038_20231130_o10,data/data_40/pi1_10078_38_10_20231130102616.jpg,c2_p038_20231130_o10,data/data_40/pi2_10078_38_10_20231130102617.jpg,c3_p038_20231130_o10,data/data_40/pi3_10078_38_10_20231130102616.jpg,c4_p038_20231130_o10,data/data_40/pi4_10078_38_10_20231130102617.jpg
p039_20230828,39,20230828,14,0_S1,12,7,c1_p039_20230828_o07,data/data_1/pi1_00463_39_7_20230828154247.jpg,c2_p039_20230828_o07,data/data_1/pi2_00463_39_7_20230828154311.jpg,c3_p039_20230828_o07,data/data_1/pi3_00463_39_7_20230828154326.jpg,c4_p039_20230828_o07,data/data_1/pi4_00463_39_7_20230828154341.jpg
p039_20230904,39,20230904,17,0_S1,12,3,c1_p039_20230904_o03,data/data_2/pi1_00699_39_3_20230904095544.jpg,c2_p039_20230904_o03,data/data_2/pi2_00699_39_3_20230904095610.jpg,c3_p039_20230904_o03,data/data_2/pi3_00699_39_3_20230904095624.jpg,c4_p039_20230904_o03,data/data_2/pi4_00699_39_3_20230904095637.jpg
p039_20230908,39,20230908,53,2_S5,12,9,c1_p039_20230908_o09,data/data_3/pi1_00945_39_9_20230908154600.jpg,c2_p039_20230908_o09,data/data_3/pi2_00945_39_9_20230908154627.jpg,c3_p039_20230908_o09,data/data_3/pi3_00945_39_9_20230908154644.jpg,c4_p039_20230908_o09,data/data_3/pi4_00945_39_9_20230908155322.jpg
p039_20230921,39,20230921,70,4_S7,12,12,c1_p039_20230921_o12,data/data_5/pi1_01440_39_12_20230921150721.jpg,c2_p039_20230921_o12,data/data_5/pi2_01440_39_12_20230921150707.jpg,c3_p039_20230921_o12,data/data_5/pi3_01440_39_12_20230921150653.jpg,c4_p039_20230921_o12,data/data_5/pi4_01440_39_12_20230921150615.jpg
p039_20231006,39,20231006,73,4_S7,12,11,c1_p039_20231006_o11,data/data_9/pi1_02411_39_11_20231006114010.jpg,c2_p039_20231006_o11,data/data_9/pi2_02411_39_11_20231006113958.jpg,c3_p039_20231006_o11,data/data_9/pi3_02411_39_11_20231006113943.jpg,c4_p039_20231006_o11,data/data_9/pi4_02411_39_11_20231006113924.jpg
p039_20231017,39,20231017,74,4_S7,12,8,c1_p039_20231017_o08,data/data_13/pi1_03368_39_8_20231017141211.jpg,c2_p039_20231017_o08,data/data_13/pi2_03368_39_8_20231017141211.jpg,c3_p039_20231017_o08,data/data_13/pi3_03368_39_8_20231017141212.jpg,c4_p039_20231017_o08,data/data_13/pi4_03368_39_8_20231017141211.jpg
p039_20231023,39,20231023,75,4_S7,12,3,c1_p039_20231023_o03,data/data_18/pi1_04563_39_3_20231023110301.jpg,c2_p039_20231023_o03,data/data_18/pi2_04563_39_3_20231023110302.jpg,c3_p039_20231023_o03,data/data_18/pi3_04563_39_3_20231023110302.jpg,c4_p039_20231023_o03,data/data_18/pi4_04563_39_3_20231023110302.jpg
p039_20231027,39,20231027,76,4_S7,12,5,c1_p039_20231027_o05,data/data_21/pi1_05285_39_5_20231027113627.jpg,c2_p039_20231027_o05,data/data_21/pi2_05285_39_5_20231027113628.jpg,c3_p039_20231027_o05,data/data_21/pi3_05285_39_5_20231027113628.jpg,c4_p039_20231027_o05,data/data_21/pi4_05285_39_5_20231027113628.jpg
p039_20231101,39,20231101,77,4_S7,12,1,c1_p039_20231101_o01,data/data_24/pi1_06001_39_1_20231101101640.jpg,c2_p039_20231101_o01,data/data_24/pi2_06001_39_1_20231101101640.jpg,c3_p039_20231101_o01,data/data_24/pi3_06001_39_1_20231101101640.jpg,c4_p039_20231101_o01,data/data_24/pi4_06001_39_1_20231101101640.jpg
p039_20231106,39,20231106,78,4_S7,12,3,c1_p039_20231106_o03,data/data_26/pi1_06723_39_3_20231106113129.jpg,c2_p039_20231106_o03,data/data_26/pi2_06723_39_3_20231106113129.jpg,c3_p039_20231106_o03,data/data_26/pi3_06723_39_3_20231106113129.jpg,c4_p039_20231106_o03,data/data_26/pi4_06723_39_3_20231106113130.jpg
p039_20231109,39,20231109,79,4_S7,12,8,c1_p039_20231109_o08,data/data_29/pi1_07448_39_8_20231109094023.jpg,c2_p039_20231109_o08,data/data_29/pi2_07448_39_8_20231109094022.jpg,c3_p039_20231109_o08,data/data_29/pi3_07448_39_8_20231109094023.jpg,c4_p039_20231109_o08,data/data_29/pi4_07448_39_8_20231109094024.jpg
p039_20231120,39,20231120,80,5_S8,12,10,c1_p039_20231120_o10,data/data_32/pi1_08170_39_10_20231120140827.jpg,c2_p039_20231120_o10,data/data_32/pi2_08170_39_10_20231120140828.jpg,c3_p039_20231120_o10,data/data_32/pi3_08170_39_10_20231120140828.jpg,c4_p039_20231120_o10,data/data_32/pi4_08170_39_10_20231120140828.jpg
p039_20231124,39,20231124,81,5_S8,12,3,c1_p039_20231124_o03,data/data_35/pi1_08883_39_3_20231124154917.jpg,c2_p039_20231124_o03,data/data_35/pi2_08883_39_3_20231124154824.jpg,c3_p039_20231124_o03,data/data_35/pi3_08883_39_3_20231124154755.jpg,c4_p039_20231124_o03,data/data_35/pi4_08883_39_3_20231124154713.jpg
p039_20231127,39,20231127,81,5_S8,12,10,c1_p039_20231127_o10,data/data_36/pi1_09130_39_10_20231127144843.jpg,c2_p039_20231127_o10,data/data_36/pi2_09130_39_10_20231127144844.jpg,c3_p039_20231127_o10,data/data_36/pi3_09130_39_10_20231127144844.jpg,c4_p039_20231127_o10,data/data_36/pi4_09130_39_10_20231127144845.jpg
p039_20231130,39,20231130,82,5_S8,12,8,c1_p039_20231130_o08,data/data_40/pi1_10088_39_8_20231130102936.jpg,c2_p039_20231130_o08,data/data_40/pi2_10088_39_8_20231130102936.jpg,c3_p039_20231130_o08,data/data_40/pi3_10088_39_8_20231130102936.jpg,c4_p039_20231130_o08,data/data_40/pi4_10088_39_8_20231130102937.jpg
p040_20230828,40,20230828,14,0_S1,12,8,c1_p040_20230828_o08,data/data_1/pi1_00476_40_8_20230828154247.jpg,c2_p040_20230828_o08,data/data_1/pi2_00476_40_8_20230828154311.jpg,c3_p040_20230828_o08,data/data_1/pi3_00476_40_8_20230828154326.jpg,c4_p040_20230828_o08,data/data_1/pi4_00476_40_8_20230828154341.jpg
p040_20230904,40,20230904,54,2_S5,12,1,c1_p040_20230904_o01,data/data_2/pi1_00709_40_1_20230904095544.jpg,c2_p040_20230904_o01,data/data_2/pi2_00709_40_1_20230904095610.jpg,c3_p040_20230904_o01,data/data_2/pi3_00709_40_1_20230904095624.jpg,c4_p040_20230904_o01,data/data_2/pi4_00709_40_1_20230904095637.jpg
p040_20230908,40,20230908,62,3_S6,12,5,c1_p040_20230908_o05,data/data_3/pi1_00953_40_5_20230908154600.jpg,c2_p040_20230908_o05,data/data_3/pi2_00953_40_5_20230908154627.jpg,c3_p040_20230908_o05,data/data_3/pi3_00953_40_5_20230908154644.jpg,c4_p040_20230908_o05,data/data_3/pi4_00953_40_5_20230908155322.jpg
p040_20230921,40,20230921,65,3_S6,12,4,c1_p040_20230921_o04,data/data_5/pi1_01444_40_4_20230921150721.jpg,c2_p040_20230921_o04,data/data_5/pi2_01444_40_4_20230921150707.jpg,c3_p040_20230921_o04,data/data_5/pi3_01444_40_4_20230921150653.jpg,c4_p040_20230921_o04,data/data_5/pi4_01444_40_4_20230921150615.jpg
p040_20231006,40,20231006,71,4_S7,12,3,c1_p040_20231006_o03,data/data_9/pi1_02415_40_3_20231006114010.jpg,c2_p040_20231006_o03,data/data_9/pi2_02415_40_3_20231006113958.jpg,c3_p040_20231006_o03,data/data_9/pi3_02415_40_3_20231006113943.jpg,c4_p040_20231006_o03,data/data_9/pi4_02415_40_3_20231006113924.jpg
p040_20231017,40,20231017,72,4_S7,12,12,c1_p040_20231017_o12,data/data_13/pi1_03384_40_12_20231017141513.jpg,c2_p040_20231017_o12,data/data_13/pi2_03384_40_12_20231017141513.jpg,c3_p040_20231017_o12,data/data_13/pi3_03384_40_12_20231017141513.jpg,c4_p040_20231017_o12,data/data_13/pi4_03384_40_12_20231017141513.jpg
p040_20231023,40,20231023,73,4_S7,12,4,c1_p040_20231023_o04,data/data_18/pi1_04576_40_4_20231023110532.jpg,c2_p040_20231023_o04,data/data_18/pi2_04576_40_4_20231023110532.jpg,c3_p040_20231023_o04,data/data_18/pi3_04576_40_4_20231023110533.jpg,c4_p040_20231023_o04,data/data_18/pi4_04576_40_4_20231023110533.jpg
p040_20231027,40,20231027,74,4_S7,12,7,c1_p040_20231027_o07,data/data_21/pi1_05299_40_7_20231027113930.jpg,c2_p040_20231027_o07,data/data_21/pi2_05299_40_7_20231027113931.jpg,c3_p040_20231027_o07,data/data_21/pi3_05299_40_7_20231027113931.jpg,c4_p040_20231027_o07,data/data_21/pi4_05299_40_7_20231027113931.jpg
p040_20231101,40,20231101,75,4_S7,12,10,c1_p040_20231101_o10,data/data_24/pi1_06022_40_10_20231101102021.jpg,c2_p040_20231101_o10,data/data_24/pi2_06022_40_10_20231101102022.jpg,c3_p040_20231101_o10,data/data_24/pi3_06022_40_10_20231101102022.jpg,c4_p040_20231101_o10,data/data_24/pi4_06022_40_10_20231101102022.jpg
p040_20231106,40,20231106,76,4_S7,12,9,c1_p040_20231106_o09,data/data_26/pi1_06741_40_9_20231106113905.jpg,c2_p040_20231106_o09,data/data_26/pi2_06741_40_9_20231106113906.jpg,c3_p040_20231106_o09,data/data_26/pi3_06741_40_9_20231106113906.jpg,c4_p040_20231106_o09,data/data_26/pi4_06741_40_9_20231106113906.jpg
p040_20231109,40,20231109,77,4_S7,12,12,c1_p040_20231109_o12,data/data_29/pi1_07464_40_12_20231109094311.jpg,c2_p040_20231109_o12,data/data_29/pi2_07464_40_12_20231109094311.jpg,c3_p040_20231109_o12,data/data_29/pi3_07464_40_12_20231109094312.jpg,c4_p040_20231109_o12,data/data_29/pi4_07464_40_12_20231109094312.jpg
p040_20231120,40,20231120,81,5_S8,12,10,c1_p040_20231120_o10,data/data_32/pi1_08182_40_10_20231120141112.jpg,c2_p040_20231120_o10,data/data_32/pi2_08182_40_10_20231120141113.jpg,c3_p040_20231120_o10,data/data_32/pi3_08182_40_10_20231120141113.jpg,c4_p040_20231120_o10,data/data_32/pi4_08182_40_10_20231120141113.jpg
p040_20231124,40,20231124,82,5_S8,12,11,c1_p040_20231124_o11,data/data_35/pi1_08903_40_11_20231124154917.jpg,c2_p040_20231124_o11,data/data_35/pi2_08903_40_11_20231124154824.jpg,c3_p040_20231124_o11,data/data_35/pi3_08903_40_11_20231124154755.jpg,c4_p040_20231124_o11,data/data_35/pi4_08903_40_11_20231124154713.jpg
p040_20231127,40,20231127,84,5_S8,12,1,c1_p040_20231127_o01,data/data_36/pi1_09133_40_1_20231127144948.jpg,c2_p040_20231127_o01,data/data_36/pi2_09133_40_1_20231127144948.jpg,c3_p040_20231127_o01,data/data_36/pi3_09133_40_1_20231127144949.jpg,c4_p040_20231127_o01,data/data_36/pi4_09133_40_1_20231127144949.jpg
p040_20231130,40,20231130,87,5_S8,12,10,c1_p040_20231130_o10,data/data_40/pi1_10102_40_10_20231130103304.jpg,c2_p040_20231130_o10,data/data_40/pi2_10102_40_10_20231130103305.jpg,c3_p040_20231130_o10,data/data_40/pi3_10102_40_10_20231130103304.jpg,c4_p040_20231130_o10,data/data_40/pi4_10102_40_10_20231130103305.jpg
p041_20230828,41,20230828,14,0_S1,12,8,c1_p041_20230828_o08,data/data_1/pi1_00488_41_8_20230828154247.jpg,c2_p041_20230828_o08,data/data_1/pi2_00488_41_8_20230828154311.jpg,c3_p041_20230828_o08,data/data_1/pi3_00488_41_8_20230828154326.jpg,c4_p041_20230828_o08,data/data_1/pi4_00488_41_8_20230828154341.jpg
p041_20230904,41,20230904,53,2_S5,12,9,c1_p041_20230904_o09,data/data_2/pi1_00729_41_9_20230904095544.jpg,c2_p041_20230904_o09,data/data_2/pi2_00729_41_9_20230904095610.jpg,c3_p041_20230904_o09,data/data_2/pi3_00729_41_9_20230904095624.jpg,c4_p041_20230904_o09,data/data_2/pi4_00729_41_9_20230904095637.jpg
p041_20230908,41,20230908,60,3_S6,12,7,c1_p041_20230908_o07,data/data_3/pi1_00967_41_7_20230908154600.jpg,c2_p041_20230908_o07,data/data_3/pi2_00967_41_7_20230908154627.jpg,c3_p041_20230908_o07,data/data_3/pi3_00967_41_7_20230908154644.jpg,c4_p041_20230908_o07,data/data_3/pi4_00967_41_7_20230908155322.jpg
p041_20230921,41,20230921,66,3_S6,12,2,c1_p041_20230921_o02,data/data_5/pi1_01454_41_2_20230921150721.jpg,c2_p041_20230921_o02,data/data_5/pi2_01454_41_2_20230921150707.jpg,c3_p041_20230921_o02,data/data_5/pi3_01454_41_2_20230921150653.jpg,c4_p041_20230921_o02,data/data_5/pi4_01454_41_2_20230921150615.jpg
p041_20231006,41,20231006,72,4_S7,12,11,c1_p041_20231006_o11,data/data_9/pi1_02435_41_11_20231006114010.jpg,c2_p041_20231006_o11,data/data_9/pi2_02435_41_11_20231006113958.jpg,c3_p041_20231006_o11,data/data_9/pi3_02435_41_11_20231006113943.jpg,c4_p041_20231006_o11,data/data_9/pi4_02435_41_11_20231006113924.jpg
p041_20231017,41,20231017,73,4_S7,12,4,c1_p041_20231017_o04,data/data_13/pi1_03388_41_4_20231017141642.jpg,c2_p041_20231017_o04,data/data_13/pi2_03388_41_4_20231017141642.jpg,c3_p041_20231017_o04,data/data_13/pi3_03388_41_4_20231017141643.jpg,c4_p041_20231017_o04,data/data_13/pi4_03388_41_4_20231017141642.jpg
p041_20231023,41,20231023,74,4_S7,12,1,c1_p041_20231023_o01,data/data_18/pi1_04585_41_1_20231023110715.jpg,c2_p041_20231023_o01,data/data_18/pi2_04585_41_1_20231023110715.jpg,c3_p041_20231023_o01,data/data_18/pi3_04585_41_1_20231023110715.jpg,c4_p041_20231023_o01,data/data_18/pi4_04585_41_1_20231023110716.jpg
p041_20231027,41,20231027,75,4_S7,12,2,c1_p041_20231027_o02,data/data_21/pi1_05306_41_2_20231027114114.jpg,c2_p041_20231027_o02,data/data_21/pi2_05306_41_2_20231027114114.jpg,c3_p041_20231027_o02,data/data_21/pi3_05306_41_2_20231027114114.jpg,c4_p041_20231027_o02,data/data_21/pi4_05306_41_2_20231027114114.jpg
p041_20231101,41,20231101,76,4_S7,12,4,c1_p041_20231101_o04,data/data_24/pi1_06028_41_4_20231101102151.jpg,c2_p041_20231101_o04,data/data_24/pi2_06028_41_4_20231101102151.jpg,c3_p041_20231101_o04,data/data_24/pi3_06028_41_4_20231101102151.jpg,c4_p041_20231101_o04,data/data_24/pi4_06028_41_4_20231101102151.jpg
p041_20231106,41,20231106,77,4_S7,12,10,c1_p041_20231106_o10,data/data_27/pi1_06754_41_10_20231106114330.jpg,c2_p041_20231106_o10,data/data_27/pi2_06754_41_10_20231106114331.jpg,c3_p041_20231106_o10,data/data_27/pi3_06754_41_10_20231106114331.jpg,c4_p041_20231106_o10,data/data_27/pi4_06754_41_10_20231106114332.jpg
p041_20231109,41,20231109,78,4_S7,12,11,c1_p041_20231109_o11,data/data_29/pi1_07475_41_11_20231109094444.jpg,c2_p041_20231109_o11,data/data_29/pi2_07475_41_11_20231109094443.jpg,c3_p041_20231109_o11,data/data_29/pi3_07475_41_11_20231109094444.jpg,c4_p041_20231109_o11,data/data_29/pi4_07475_41_11_20231109094444.jpg
p041_20231120,41,20231120,80,5_S8,12,3,c1_p041_20231120_o03,data/data_32/pi1_08187_41_3_20231120141231.jpg,c2_p041_20231120_o03,data/data_32/pi2_08187_41_3_20231120141231.jpg,c3_p041_20231120_o03,data/data_32/pi3_08187_41_3_20231120141232.jpg,c4_p041_20231120_o03,data/data_32/pi4_08187_41_3_20231120141231.jpg
p041_20231124,41,20231124,85,5_S8,12,4,c1_p041_20231124_o04,data/data_35/pi1_08908_41_4_20231124154917.jpg,c2_p041_20231124_o04,data/data_35/pi2_08908_41_4_20231124154824.jpg,c3_p041_20231124_o04,data/data_35/pi3_08908_41_4_20231124154755.jpg,c4_p041_20231124_o04,data/data_35/pi4_08908_41_4_20231124154713.jpg
p041_20231127,41,20231127,85,5_S8,12,12,c1_p041_20231127_o12,data/data_36/pi1_09156_41_12_20231127145244.jpg,c2_p041_20231127_o12,data/data_36/pi2_09156_41_12_20231127145245.jpg,c3_p041_20231127_o12,data/data_36/pi3_09156_41_12_20231127145245.jpg,c4_p041_20231127_o12,data/data_36/pi4_09156_41_12_20231127145246.jpg
p041_20231130,41,20231130,85,5_S8,12,10,c1_p041_20231130_o10,data/data_40/pi1_10114_41_10_20231130103715.jpg,c2_p041_20231130_o10,data/data_40/pi2_10114_41_10_20231130103716.jpg,c3_p041_20231130_o10,data/data_40/pi3_10114_41_10_20231130103715.jpg,c4_p041_20231130_o10,data/data_40/pi4_10114_41_10_20231130103716.jpg
p042_20230929,42,20230929,13,0_S1,12,4,c1_p042_20230929_o04,data/data_5/pi1_01468_42_4_20230929133641.jpg,c2_p042_20230929_o04,data/data_5/pi2_01468_42_4_20230929133658.jpg,c3_p042_20230929_o04,data/data_5/pi3_01468_42_4_20230929133716.jpg,c4_p042_20230929_o04,data/data_5/pi4_01468_42_4_20230929133730.jpg
p042_20231004,42,20231004,14,0_S1,12,3,c1_p042_20231004_o03,data/data_6/pi1_01707_42_3_20231004091946.jpg,c2_p042_20231004_o03,data/data_6/pi2_01707_42_3_20231004091933.jpg,c3_p042_20231004_o03,data/data_6/pi3_01707_42_3_20231004091919.jpg,c4_p042_20231004_o03,data/data_6/pi4_01707_42_3_20231004091848.jpg
p042_20231011,42,20231011,14,0_S1,12,8,c1_p042_20231011_o08,data/data_10/pi1_02684_42_8_20231011081619.jpg,c2_p042_20231011_o08,data/data_10/pi2_02684_42_8_20231011081638.jpg,c3_p042_20231011_o08,data/data_10/pi3_02684_42_8_20231011081657.jpg,c4_p042_20231011_o08,data/data_10/pi4_02684_42_8_20231011081711.jpg
p042_20231017,42,20231017,15,0_S1,12,5,c1_p042_20231017_o05,data/data_13/pi1_03401_42_5_20231017142504.jpg,c2_p042_20231017_o05,data/data_13/pi2_03401_42_5_20231017142504.jpg,c3_p042_20231017_o05,data/data_13/pi3_03401_42_5_20231017142505.jpg,c4_p042_20231017_o05,data/data_13/pi4_03401_42_5_20231017142504.jpg
p042_20231019,42,20231019,15,0_S1,12,3,c1_p042_20231019_o03,data/data_15/pi1_03879_42_3_20231019132133.jpg,c2_p042_20231019_o03,data/data_15/pi2_03879_42_3_20231019132133.jpg,c3_p042_20231019_o03,data/data_15/pi3_03879_42_3_20231019132134.jpg,c4_p042_20231019_o03,data/data_15/pi4_03879_42_3_20231019132133.jpg
p042_20231023,42,20231023,53,2_S5,12,4,c1_p042_20231023_o04,data/data_18/pi1_04600_42_4_20231023111624.jpg,c2_p042_20231023_o04,data/data_18/pi2_04600_42_4_20231023111624.jpg,c3_p042_20231023_o04,data/data_18/pi3_04600_42_4_20231023111624.jpg,c4_p042_20231023_o04,data/data_18/pi4_04600_42_4_20231023111624.jpg
p042_20231027,42,20231027,54,2_S5,12,6,c1_p042_20231027_o06,data/data_21/pi1_05322_42_6_20231027114439.jpg,c2_p042_20231027_o06,data/data_21/pi2_05322_42_6_20231027114440.jpg,c3_p042_20231027_o06,data/data_21/pi3_05322_42_6_20231027114440.jpg,c4_p042_20231027_o06,data/data_21/pi4_05322_42_6_20231027114440.jpg
p042_20231101,42,20231101,55,2_S5,12,1,c1_p042_20231101_o01,data/data_24/pi1_06037_42_1_20231101102342.jpg,c2_p042_20231101_o01,data/data_24/pi2_06037_42_1_20231101102342.jpg,c3_p042_20231101_o01,data/data_24/pi3_06037_42_1_20231101102343.jpg,c4_p042_20231101_o01,data/data_24/pi4_06037_42_1_20231101102342.jpg
p042_20231106,42,20231106,62,3_S6,12,9,c1_p042_20231106_o09,data/data_27/pi1_06765_42_9_20231106131225.jpg,c2_p042_20231106_o09,data/data_27/pi2_06765_42_9_20231106131225.jpg,c3_p042_20231106_o09,data/data_27/pi3_06765_42_9_20231106131225.jpg,c4_p042_20231106_o09,data/data_27/pi4_06765_42_9_20231106131226.jpg
p042_20231109,42,20231109,68,3_S6,12,1,c1_p042_20231109_o01,data/data_29/pi1_07477_42_1_20231109125917.jpg,c2_p042_20231109_o01,data/data_29/pi2_07477_42_1_20231109125916.jpg,c3_p042_20231109_o01,data/data_29/pi3_07477_42_1_20231109125918.jpg,c4_p042_20231109_o01,data/data_29/pi4_07477_42_1_20231109125918.jpg
p042_20231120,42,20231120,70,4_S7,12,9,c1_p042_20231120_o09,data/data_32/pi1_08205_42_9_20231120141738.jpg,c2_p042_20231120_o09,data/data_32/pi2_08205_42_9_20231120141739.jpg,c3_p042_20231120_o09,data/data_32/pi3_08205_42_9_20231120141740.jpg,c4_p042_20231120_o09,data/data_32/pi4_08205_42_9_20231120141739.jpg
p042_20231127,42,20231127,72,4_S7,12,6,c1_p042_20231127_o06,data/data_36/pi1_09162_42_6_20231127145406.jpg,c2_p042_20231127_o06,data/data_36/pi2_09162_42_6_20231127145406.jpg,c3_p042_20231127_o06,data/data_36/pi3_09162_42_6_20231127145407.jpg,c4_p042_20231127_o06,data/data_36/pi4_09162_42_6_20231127145407.jpg
p042_20231130,42,20231130,74,4_S7,12,9,c1_p042_20231130_o09,data/data_40/pi1_10125_42_9_20231130112829.jpg,c2_p042_20231130_o09,data/data_40/pi2_10125_42_9_20231130112830.jpg,c3_p042_20231130_o09,data/data_40/pi3_10125_42_9_20231130112829.jpg,c4_p042_20231130_o09,data/data_40/pi4_10125_42_9_20231130112830.jpg
p042_20231204,42,20231204,76,4_S7,12,5,c1_p042_20231204_o05,data/data_43/pi1_10841_42_5_20231204150443.jpg,c2_p042_20231204_o05,data/data_43/pi2_10841_42_5_20231204150443.jpg,c3_p042_20231204_o05,data/data_43/pi3_10841_42_5_20231204150444.jpg,c4_p042_20231204_o05,data/data_43/pi4_10841_42_5_20231204150444.jpg
p042_20231211,42,20231211,80,5_S8,12,9,c1_p042_20231211_o09,data/data_47/pi1_11805_42_9_20231211132327.jpg,c2_p042_20231211_o09,data/data_47/pi2_11805_42_9_20231211132327.jpg,c3_p042_20231211_o09,data/data_47/pi3_11805_42_9_20231211132328.jpg,c4_p042_20231211_o09,data/data_47/pi4_11805_42_9_20231211132328.jpg
p042_20231214,42,20231214,82,5_S8,12,4,c1_p042_20231214_o04,data/data_50/pi1_12520_42_4_20231214145344.jpg,c2_p042_20231214_o04,data/data_50/pi2_12520_42_4_20231214145344.jpg,c3_p042_20231214_o04,data/data_50/pi3_12520_42_4_20231214145344.jpg,c4_p042_20231214_o04,data/data_50/pi4_12520_42_4_20231214145344.jpg
p042_20231218,42,20231218,82,5_S8,12,6,c1_p042_20231218_o06,data/data_52/pi1_13002_42_6_20231218134326.jpg,c2_p042_20231218_o06,data/data_52/pi2_13002_42_6_20231218134326.jpg,c3_p042_20231218_o06,data/data_52/pi3_13002_42_6_20231218134326.jpg,c4_p042_20231218_o06,data/data_52/pi4_13002_42_6_20231218134327.jpg
p042_20231227,42,20231227,83,5_S8,12,5,c1_p042_20231227_o05,data/data_54/pi1_13721_42_5_20231227124808.jpg,c2_p042_20231227_o05,data/data_54/pi2_13721_42_5_20231227124809.jpg,c3_p042_20231227_o05,data/data_54/pi3_13721_42_5_20231227124809.jpg,c4_p042_20231227_o05,data/data_54/pi4_13721_42_5_20231227124809.jpg
p042_20240104,42,20240104,84,5_S8,12,10,c1_p042_20240104_o10,data/data_57/pi1_14446_42_10_20240104125300.jpg,c2_p042_20240104_o10,data/data_57/pi2_14446_42_10_20240104125300.jpg,c3_p042_20240104_o10,data/data_57/pi3_14446_42_10_20240104125300.jpg,c4_p042_20240104_o10,data/data_57/pi4_14446_42_10_20240104125301.jpg
p043_20230929,43,20230929,13,0_S1,12,5,c1_p043_20230929_o05,data/data_5/pi1_01481_43_5_20230929133641.jpg,c2_p043_20230929_o05,data/data_5/pi2_01481_43_5_20230929133658.jpg,c3_p043_20230929_o05,data/data_5/pi3_01481_43_5_20230929133716.jpg,c4_p043_20230929_o05,data/data_5/pi4_01481_43_5_20230929133730.jpg
p043_20231004,43,20231004,13,0_S1,12,4,c1_p043_20231004_o04,data/data_6/pi1_01720_43_4_20231004091946.jpg,c2_p043_20231004_o04,data/data_6/pi2_01720_43_4_20231004091933.jpg,c3_p043_20231004_o04,data/data_6/pi3_01720_43_4_20231004091919.jpg,c4_p043_20231004_o04,data/data_6/pi4_01720_43_4_20231004091848.jpg
p043_20231011,43,20231011,14,0_S1,12,5,c1_p043_20231011_o05,data/data_10/pi1_02693_43_5_20231011081619.jpg,c2_p043_20231011_o05,data/data_10/pi2_02693_43_5_20231011081638.jpg,c3_p043_20231011_o05,data/data_10/pi3_02693_43_5_20231011081657.jpg,c4_p043_20231011_o05,data/data_10/pi4_02693_43_5_20231011081711.jpg
p043_20231017,43,20231017,52,2_S5,12,4,c1_p043_20231017_o04,data/data_13/pi1_03412_43_4_20231017142655.jpg,c2_p043_20231017_o04,data/data_13/pi2_03412_43_4_20231017142655.jpg,c3_p043_20231017_o04,data/data_13/pi3_03412_43_4_20231017142655.jpg,c4_p043_20231017_o04,data/data_13/pi4_03412_43_4_20231017142655.jpg
p043_20231019,43,20231019,53,2_S5,12,11,c1_p043_20231019_o11,data/data_15/pi1_03899_43_11_20231019132413.jpg,c2_p043_20231019_o11,data/data_15/pi2_03899_43_11_20231019132413.jpg,c3_p043_20231019_o11,data/data_15/pi3_03899_43_11_20231019132414.jpg,c4_p043_20231019_o11,data/data_15/pi4_03899_43_11_20231019132413.jpg
p043_20231023,43,20231023,60,3_S6,12,6,c1_p043_20231023_o06,data/data_18/pi1_04614_43_6_20231023111805.jpg,c2_p043_20231023_o06,data/data_18/pi2_04614_43_6_20231023111805.jpg,c3_p043_20231023_o06,data/data_18/pi3_04614_43_6_20231023111806.jpg,c4_p043_20231023_o06,data/data_18/pi4_04614_43_6_20231023111806.jpg
p043_20231027,43,20231027,61,3_S6,12,6,c1_p043_20231027_o06,data/data_21/pi1_05334_43_6_20231027114637.jpg,c2_p043_20231027_o06,data/data_21/pi2_05334_43_6_20231027114638.jpg,c3_p043_20231027_o06,data/data_21/pi3_05334_43_6_20231027114638.jpg,c4_p043_20231027_o06,data/data_21/pi4_05334_43_6_20231027114638.jpg
p043_20231101,43,20231101,64,3_S6,12,9,c1_p043_20231101_o09,data/data_24/pi1_06057_43_9_20231101102644.jpg,c2_p043_20231101_o09,data/data_24/pi2_06057_43_9_20231101102644.jpg,c3_p043_20231101_o09,data/data_24/pi3_06057_43_9_20231101102644.jpg,c4_p043_20231101_o09,data/data_24/pi4_06057_43_9_20231101102644.jpg
p043_20231106,43,20231106,70,4_S7,12,12,c1_p043_20231106_o12,data/data_27/pi1_06780_43_12_20231106131525.jpg,c2_p043_20231106_o12,data/data_27/pi2_06780_43_12_20231106131525.jpg,c3_p043_20231106_o12,data/data_27/pi3_06780_43_12_20231106131525.jpg,c4_p043_20231106_o12,data/data_27/pi4_06780_43_12_20231106131526.jpg
p043_20231109,43,20231109,70,4_S7,12,8,c1_p043_20231109_o08,data/data_29/pi1_07496_43_8_20231109130405.jpg,c2_p043_20231109_o08,data/data_29/pi2_07496_43_8_20231109130405.jpg,c3_p043_20231109_o08,data/data_29/pi3_07496_43_8_20231109130406.jpg,c4_p043_20231109_o08,data/data_29/pi4_07496_43_8_20231109130406.jpg
p043_20231120,43,20231120,70,4_S7,12,2,c1_p043_20231120_o02,data/data_32/pi1_08210_43_2_20231120141850.jpg,c2_p043_20231120_o02,data/data_32/pi2_08210_43_2_20231120141851.jpg,c3_p043_20231120_o02,data/data_32/pi3_08210_43_2_20231120141851.jpg,c4_p043_20231120_o02,data/data_32/pi4_08210_43_2_20231120141851.jpg
p043_20231127,43,20231127,71,4_S7,12,4,c1_p043_20231127_o04,data/data_36/pi1_09172_43_4_20231127145556.jpg,c2_p043_20231127_o04,data/data_36/pi2_09172_43_4_20231127145556.jpg,c3_p043_20231127_o04,data/data_36/pi3_09172_43_4_20231127145556.jpg,c4_p043_20231127_o04,data/data_36/pi4_09172_43_4_20231127145557.jpg
p043_20231130,43,20231130,71,4_S7,12,10,c1_p043_20231130_o10,data/data_40/pi1_10138_43_10_20231130113106.jpg,c2_p043_20231130_o10,data/data_40/pi2_10138_43_10_20231130113107.jpg,c3_p043_20231130_o10,data/data_40/pi3_10138_43_10_20231130113107.jpg,c4_p043_20231130_o10,data/data_40/pi4_10138_43_10_20231130113108.jpg
p043_20231204,43,20231204,72,4_S7,12,3,c1_p043_20231204_o03,data/data_43/pi1_10851_43_3_20231204150646.jpg,c2_p043_20231204_o03,data/data_43/pi2_10851_43_3_20231204150646.jpg,c3_p043_20231204_o03,data/data_43/pi3_10851_43_3_20231204150647.jpg,c4_p043_20231204_o03,data/data_43/pi4_10851_43_3_20231204150647.jpg
p043_20231211,43,20231211,74,4_S7,12,8,c1_p043_20231211_o08,data/data_47/pi1_11816_43_8_20231211132554.jpg,c2_p043_20231211_o08,data/data_47/pi2_11816_43_8_20231211132553.jpg,c3_p043_20231211_o08,data/data_47/pi3_11816_43_8_20231211132554.jpg,c4_p043_20231211_o08,data/data_47/pi4_11816_43_8_20231211132554.jpg
p043_20231214,43,20231214,76,4_S7,12,5,c1_p043_20231214_o05,data/data_50/pi1_12533_43_5_20231214145554.jpg,c2_p043_20231214_o05,data/data_50/pi2_12533_43_5_20231214145554.jpg,c3_p043_20231214_o05,data/data_50/pi3_12533_43_5_20231214145555.jpg,c4_p043_20231214_o05,data/data_50/pi4_12533_43_5_20231214145555.jpg
p043_20231218,43,20231218,77,4_S7,12,5,c1_p043_20231218_o05,data/data_52/pi1_13013_43_5_20231218134535.jpg,c2_p043_20231218_o05,data/data_52/pi2_13013_43_5_20231218134535.jpg,c3_p043_20231218_o05,data/data_52/pi3_13013_43_5_20231218134535.jpg,c4_p043_20231218_o05,data/data_52/pi4_13013_43_5_20231218134536.jpg
p043_20231227,43,20231227,78,4_S7,12,4,c1_p043_20231227_o04,data/data_54/pi1_13732_43_4_20231227125020.jpg,c2_p043_20231227_o04,data/data_54/pi2_13732_43_4_20231227125020.jpg,c3_p043_20231227_o04,data/data_54/pi3_13732_43_4_20231227125021.jpg,c4_p043_20231227_o04,data/data_54/pi4_13732_43_4_20231227125021.jpg
p043_20240104,43,20240104,79,4_S7,12,11,c1_p043_20240104_o11,data/data_57/pi1_14459_43_11_20240104125702.jpg,c2_p043_20240104_o11,data/data_57/pi2_14459_43_11_20240104125701.jpg,c3_p043_20240104_o11,data/data_57/pi3_14459_43_11_20240104125702.jpg,c4_p043_20240104_o11,data/data_57/pi4_14459_43_11_20240104125702.jpg
p044_20230929,44,20230929,13,0_S1,12,3,c1_p044_20230929_o03,data/data_5/pi1_01491_44_3_20230929133641.jpg,c2_p044_20230929_o03,data/data_5/pi2_01491_44_3_20230929133658.jpg,c3_p044_20230929_o03,data/data_5/pi3_01491_44_3_20230929133716.jpg,c4_p044_20230929_o03,data/data_5/pi4_01491_44_3_20230929133730.jpg
p044_20231004,44,20231004,13,0_S1,12,9,c1_p044_20231004_o09,data/data_6/pi1_01737_44_9_20231004091946.jpg,c2_p044_20231004_o09,data/data_6/pi2_01737_44_9_20231004091933.jpg,c3_p044_20231004_o09,data/data_6/pi3_01737_44_9_20231004091919.jpg,c4_p044_20231004_o09,data/data_6/pi4_01737_44_9_20231004091848.jpg
p044_20231011,44,20231011,15,0_S1,12,5,c1_p044_20231011_o05,data/data_10/pi1_02705_44_5_20231011081619.jpg,c2_p044_20231011_o05,data/data_10/pi2_02705_44_5_20231011081638.jpg,c3_p044_20231011_o05,data/data_10/pi3_02705_44_5_20231011081657.jpg,c4_p044_20231011_o05,data/data_10/pi4_02705_44_5_20231011081711.jpg
p044_20231017,44,20231017,20,1_S2,12,6,c1_p044_20231017_o06,data/data_13/pi1_03426_44_6_20231017142907.jpg,c2_p044_20231017_o06,data/data_13/pi2_03426_44_6_20231017142907.jpg,c3_p044_20231017_o06,data/data_13/pi3_03426_44_6_20231017142908.jpg,c4_p044_20231017_o06,data/data_13/pi4_03426_44_6_20231017142907.jpg
p044_20231019,44,20231019,51,2_S5,12,11,c1_p044_20231019_o11,data/data_15/pi1_03911_44_11_20231019132633.jpg,c2_p044_20231019_o11,data/data_15/pi2_03911_44_11_20231019132632.jpg,c3_p044_20231019_o11,data/data_15/pi3_03911_44_11_20231019132633.jpg,c4_p044_20231019_o11,data/data_15/pi4_03911_44_11_20231019132632.jpg
p044_20231023,44,20231023,54,2_S5,12,10,c1_p044_20231023_o10,data/data_18/pi1_04630_44_10_20231023112028.jpg,c2_p044_20231023_o10,data/data_18/pi2_04630_44_10_20231023112028.jpg,c3_p044_20231023_o10,data/data_18/pi3_04630_44_10_20231023112028.jpg,c4_p044_20231023_o10,data/data_18/pi4_04630_44_10_20231023112028.jpg
p044_20231027,44,20231027,55,2_S5,12,10,c1_p044_20231027_o10,data/data_21/pi1_05350_44_10_20231027115055.jpg,c2_p044_20231027_o10,data/data_21/pi2_05350_44_10_20231027115055.jpg,c3_p044_20231027_o10,data/data_21/pi3_05350_44_10_20231027115055.jpg,c4_p044_20231027_o10,data/data_21/pi4_05350_44_10_20231027115055.jpg
p044_20231101,44,20231101,59,2_S5,12,4,c1_p044_20231101_o04,data/data_24/pi1_06064_44_4_20231101102844.jpg,c2_p044_20231101_o04,data/data_24/pi2_06064_44_4_20231101102844.jpg,c3_p044_20231101_o04,data/data_24/pi3_06064_44_4_20231101102844.jpg,c4_p044_20231101_o04,data/data_24/pi4_06064_44_4_20231101102844.jpg
p044_20231106,44,20231106,61,3_S6,12,8,c1_p044_20231106_o08,data/data_27/pi1_06788_44_8_20231106131855.jpg,c2_p044_20231106_o08,data/data_27/pi2_06788_44_8_20231106131856.jpg,c3_p044_20231106_o08,data/data_27/pi3_06788_44_8_20231106131856.jpg,c4_p044_20231106_o08,data/data_27/pi4_06788_44_8_20231106131857.jpg
p044_20231109,44,20231109,68,3_S6,12,10,c1_p044_20231109_o10,data/data_30/pi1_07510_44_10_20231109130708.jpg,c2_p044_20231109_o10,data/data_30/pi2_07510_44_10_20231109130707.jpg,c3_p044_20231109_o10,data/data_30/pi3_07510_44_10_20231109130709.jpg,c4_p044_20231109_o10,data/data_30/pi4_07510_44_10_20231109130709.jpg
p044_20231120,44,20231120,70,4_S7,12,9,c1_p044_20231120_o09,data/data_32/pi1_08229_44_9_20231120142229.jpg,c2_p044_20231120_o09,data/data_32/pi2_08229_44_9_20231120142230.jpg,c3_p044_20231120_o09,data/data_32/pi3_08229_44_9_20231120142230.jpg,c4_p044_20231120_o09,data/data_32/pi4_08229_44_9_20231120142230.jpg
p044_20231127,44,20231127,71,4_S7,12,9,c1_p044_20231127_o09,data/data_36/pi1_09189_44_9_20231127145848.jpg,c2_p044_20231127_o09,data/data_36/pi2_09189_44_9_20231127145849.jpg,c3_p044_20231127_o09,data/data_36/pi3_09189_44_9_20231127145849.jpg,c4_p044_20231127_o09,data/data_36/pi4_09189_44_9_20231127145850.jpg
p044_20231130,44,20231130,72,4_S7,12,2,c1_p044_20231130_o02,data/data_40/pi1_10142_44_2_20231130113223.jpg,c2_p044_20231130_o02,data/data_40/pi2_10142_44_2_20231130113224.jpg,c3_p044_20231130_o02,data/data_40/pi3_10142_44_2_20231130113224.jpg,c4_p044_20231130_o02,data/data_40/pi4_10142_44_2_20231130113225.jpg
p044_20231204,44,20231204,72,4_S7,12,12,c1_p044_20231204_o12,data/data_43/pi1_10872_44_12_20231204151033.jpg,c2_p044_20231204_o12,data/data_43/pi2_10872_44_12_20231204151033.jpg,c3_p044_20231204_o12,data/data_43/pi3_10872_44_12_20231204151034.jpg,c4_p044_20231204_o12,data/data_43/pi4_10872_44_12_20231204151033.jpg
p044_20231211,44,20231211,73,4_S7,12,4,c1_p044_20231211_o04,data/data_47/pi1_11824_44_4_20231211132815.jpg,c2_p044_20231211_o04,data/data_47/pi2_11824_44_4_20231211132814.jpg,c3_p044_20231211_o04,data/data_47/pi3_11824_44_4_20231211132815.jpg,c4_p044_20231211_o04,data/data_47/pi4_11824_44_4_20231211132815.jpg
p044_20231214,44,20231214,74,4_S7,12,8,c1_p044_20231214_o08,data/data_50/pi1_12548_44_8_20231214150235.jpg,c2_p044_20231214_o08,data/data_50/pi2_12548_44_8_20231214150235.jpg,c3_p044_20231214_o08,data/data_50/pi3_12548_44_8_20231214150235.jpg,c4_p044_20231214_o08,data/data_50/pi4_12548_44_8_20231214150235.jpg
p044_20231218,44,20231218,76,4_S7,12,2,c1_p044_20231218_o02,data/data_52/pi1_13022_44_2_20231218134958.jpg,c2_p044_20231218_o02,data/data_52/pi2_13022_44_2_20231218134959.jpg,c3_p044_20231218_o02,data/data_52/pi3_13022_44_2_20231218134958.jpg,c4_p044_20231218_o02,data/data_52/pi4_13022_44_2_20231218134959.jpg
p044_20231227,44,20231227,79,4_S7,12,1,c1_p044_20231227_o01,data/data_54/pi1_13741_44_1_20231227125547.jpg,c2_p044_20231227_o01,data/data_54/pi2_13741_44_1_20231227125547.jpg,c3_p044_20231227_o01,data/data_54/pi3_13741_44_1_20231227125548.jpg,c4_p044_20231227_o01,data/data_54/pi4_13741_44_1_20231227125548.jpg
p044_20240104,44,20240104,81,5_S8,12,10,c1_p044_20240104_o10,data/data_57/pi1_14470_44_10_20240104130035.jpg,c2_p044_20240104_o10,data/data_57/pi2_14470_44_10_20240104130034.jpg,c3_p044_20240104_o10,data/data_57/pi3_14470_44_10_20240104130035.jpg,c4_p044_20240104_o10,data/data_57/pi4_14470_44_10_20240104130036.jpg
p045_20230929,45,20230929,13,0_S1,12,10,c1_p045_20230929_o10,data/data_6/pi1_01510_45_10_20230929133641.jpg,c2_p045_20230929_o10,data/data_6/pi2_01510_45_10_20230929133658.jpg,c3_p045_20230929_o10,data/data_6/pi3_01510_45_10_20230929133716.jpg,c4_p045_20230929_o10,data/data_6/pi4_01510_45_10_20230929133730.jpg
p045_20231004,45,20231004,13,0_S1,12,7,c1_p045_20231004_o07,data/data_6/pi1_01747_45_7_20231004091946.jpg,c2_p045_20231004_o07,data/data_6/pi2_01747_45_7_20231004091933.jpg,c3_p045_20231004_o07,data/data_6/pi3_01747_45_7_20231004091919.jpg,c4_p045_20231004_o07,data/data_6/pi4_01747_45_7_20231004091848.jpg
p045_20231011,45,20231011,14,0_S1,12,5,c1_p045_20231011_o05,data/data_10/pi1_02717_45_5_20231011081619.jpg,c2_p045_20231011_o05,data/data_10/pi2_02717_45_5_20231011081638.jpg,c3_p045_20231011_o05,data/data_10/pi3_02717_45_5_20231011081657.jpg,c4_p045_20231011_o05,data/data_10/pi4_02717_45_5_20231011081711.jpg
p045_20231017,45,20231017,15,0_S1,12,8,c1_p045_20231017_o08,data/data_13/pi1_03440_45_8_20231017143223.jpg,c2_p045_20231017_o08,data/data_13/pi2_03440_45_8_20231017143223.jpg,c3_p045_20231017_o08,data/data_13/pi3_03440_45_8_20231017143223.jpg,c4_p045_20231017_o08,data/data_13/pi4_03440_45_8_20231017143223.jpg
p045_20231019,45,20231019,51,2_S5,12,12,c1_p045_20231019_o12,data/data_15/pi1_03924_45_12_20231019132829.jpg,c2_p045_20231019_o12,data/data_15/pi2_03924_45_12_20231019132829.jpg,c3_p045_20231019_o12,data/data_15/pi3_03924_45_12_20231019132829.jpg,c4_p045_20231019_o12,data/data_15/pi4_03924_45_12_20231019132829.jpg
p045_20231023,45,20231023,53,2_S5,12,12,c1_p045_20231023_o12,data/data_18/pi1_04644_45_12_20231023112224.jpg,c2_p045_20231023_o12,data/data_18/pi2_04644_45_12_20231023112224.jpg,c3_p045_20231023_o12,data/data_18/pi3_04644_45_12_20231023112224.jpg,c4_p045_20231023_o12,data/data_18/pi4_04644_45_12_20231023112224.jpg
p045_20231027,45,20231027,60,3_S6,12,6,c1_p045_20231027_o06,data/data_21/pi1_05358_45_6_20231027115243.jpg,c2_p045_20231027_o06,data/data_21/pi2_05358_45_6_20231027115243.jpg,c3_p045_20231027_o06,data/data_21/pi3_05358_45_6_20231027115243.jpg,c4_p045_20231027_o06,data/data_21/pi4_05358_45_6_20231027115243.jpg
p045_20231101,45,20231101,61,3_S6,12,3,c1_p045_20231101_o03,data/data_24/pi1_06075_45_3_20231101103126.jpg,c2_p045_20231101_o03,data/data_24/pi2_06075_45_3_20231101103126.jpg,c3_p045_20231101_o03,data/data_24/pi3_06075_45_3_20231101103126.jpg,c4_p045_20231101_o03,data/data_24/pi4_06075_45_3_20231101103126.jpg
p045_20231106,45,20231106,66,3_S6,12,8,c1_p045_20231106_o08,data/data_27/pi1_06800_45_8_20231106132114.jpg,c2_p045_20231106_o08,data/data_27/pi2_06800_45_8_20231106132114.jpg,c3_p045_20231106_o08,data/data_27/pi3_06800_45_8_20231106132114.jpg,c4_p045_20231106_o08,data/data_27/pi4_06800_45_8_20231106132115.jpg
p045_20231109,45,20231109,70,4_S7,12,10,c1_p045_20231109_o10,data/data_30/pi1_07522_45_10_20231109130934.jpg,c2_p045_20231109_o10,data/data_30/pi2_07522_45_10_20231109130933.jpg,c3_p045_20231109_o10,data/data_30/pi3_07522_45_10_20231109130934.jpg,c4_p045_20231109_o10,data/data_30/pi4_07522_45_10_20231109130934.jpg
p045_20231120,45,20231120,72,4_S7,12,10,c1_p045_20231120_o10,data/data_32/pi1_08242_45_10_20231120142523.jpg,c2_p045_20231120_o10,data/data_32/pi2_08242_45_10_20231120142523.jpg,c3_p045_20231120_o10,data/data_32/pi3_08242_45_10_20231120142524.jpg,c4_p045_20231120_o10,data/data_32/pi4_08242_45_10_20231120142523.jpg
p045_20231127,45,20231127,73,4_S7,12,6,c1_p045_20231127_o06,data/data_36/pi1_09198_45_6_20231127150048.jpg,c2_p045_20231127_o06,data/data_36/pi2_09198_45_6_20231127150048.jpg,c3_p045_20231127_o06,data/data_36/pi3_09198_45_6_20231127150048.jpg,c4_p045_20231127_o06,data/data_36/pi4_09198_45_6_20231127150049.jpg
p045_20231130,45,20231130,76,4_S7,12,4,c1_p045_20231130_o04,data/data_40/pi1_10156_45_4_20231130113440.jpg,c2_p045_20231130_o04,data/data_40/pi2_10156_45_4_20231130113441.jpg,c3_p045_20231130_o04,data/data_40/pi3_10156_45_4_20231130113441.jpg,c4_p045_20231130_o04,data/data_40/pi4_10156_45_4_20231130113442.jpg
p045_20231204,45,20231204,77,4_S7,12,10,c1_p045_20231204_o10,data/data_43/pi1_10882_45_10_20231204151223.jpg,c2_p045_20231204_o10,data/data_43/pi2_10882_45_10_20231204151223.jpg,c3_p045_20231204_o10,data/data_43/pi3_10882_45_10_20231204151224.jpg,c4_p045_20231204_o10,data/data_43/pi4_10882_45_10_20231204151224.jpg
p045_20231211,45,20231211,78,4_S7,12,3,c1_p045_20231211_o03,data/data_47/pi1_11835_45_3_20231211133248.jpg,c2_p045_20231211_o03,data/data_47/pi2_11835_45_3_20231211133248.jpg,c3_p045_20231211_o03,data/data_47/pi3_11835_45_3_20231211133248.jpg,c4_p045_20231211_o03,data/data_47/pi4_11835_45_3_20231211133248.jpg
p045_20231214,45,20231214,78,4_S7,12,2,c1_p045_20231214_o02,data/data_50/pi1_12554_45_2_20231214150401.jpg,c2_p045_20231214_o02,data/data_50/pi2_12554_45_2_20231214150401.jpg,c3_p045_20231214_o02,data/data_50/pi3_12554_45_2_20231214150401.jpg,c4_p045_20231214_o02,data/data_50/pi4_12554_45_2_20231214150401.jpg
p045_20231218,45,20231218,79,4_S7,12,4,c1_p045_20231218_o04,data/data_52/pi1_13036_45_4_20231218135247.jpg,c2_p045_20231218_o04,data/data_52/pi2_13036_45_4_20231218135248.jpg,c3_p045_20231218_o04,data/data_52/pi3_13036_45_4_20231218135248.jpg,c4_p045_20231218_o04,data/data_52/pi4_13036_45_4_20231218135248.jpg
p045_20231227,45,20231227,79,4_S7,12,2,c1_p045_20231227_o02,data/data_55/pi1_13754_45_2_20231227125902.jpg,c2_p045_20231227_o02,data/data_55/pi2_13754_45_2_20231227125902.jpg,c3_p045_20231227_o02,data/data_55/pi3_13754_45_2_20231227125903.jpg,c4_p045_20231227_o02,data/data_55/pi4_13754_45_2_20231227125903.jpg
p045_20240104,45,20240104,80,5_S8,12,2,c1_p045_20240104_o02,data/data_57/pi1_14474_45_2_20240104130430.jpg,c2_p045_20240104_o02,data/data_57/pi2_14474_45_2_20240104130429.jpg,c3_p045_20240104_o02,data/data_57/pi3_14474_45_2_20240104130429.jpg,c4_p045_20240104_o02,data/data_57/pi4_14474_45_2_20240104130430.jpg
p046_20230929,46,20230929,13,0_S1,12,4,c1_p046_20230929_o04,data/data_6/pi1_01516_46_4_20230929133641.jpg,c2_p046_20230929_o04,data/data_6/pi2_01516_46_4_20230929133658.jpg,c3_p046_20230929_o04,data/data_6/pi3_01516_46_4_20230929133716.jpg,c4_p046_20230929_o04,data/data_6/pi4_01516_46_4_20230929133730.jpg
p046_20231004,46,20231004,13,0_S1,12,6,c1_p046_20231004_o06,data/data_7/pi1_01758_46_6_20231004091946.jpg,c2_p046_20231004_o06,data/data_7/pi2_01758_46_6_20231004091933.jpg,c3_p046_20231004_o06,data/data_7/pi3_01758_46_6_20231004091919.jpg,c4_p046_20231004_o06,data/data_7/pi4_01758_46_6_20231004091848.jpg
p046_20231011,46,20231011,14,0_S1,12,5,c1_p046_20231011_o05,data/data_10/pi1_02729_46_5_20231011081619.jpg,c2_p046_20231011_o05,data/data_10/pi2_02729_46_5_20231011081638.jpg,c3_p046_20231011_o05,data/data_10/pi3_02729_46_5_20231011081657.jpg,c4_p046_20231011_o05,data/data_10/pi4_02729_46_5_20231011081711.jpg
p046_20231017,46,20231017,52,2_S5,12,9,c1_p046_20231017_o09,data/data_13/pi1_03453_46_9_20231017143428.jpg,c2_p046_20231017_o09,data/data_13/pi2_03453_46_9_20231017143428.jpg,c3_p046_20231017_o09,data/data_13/pi3_03453_46_9_20231017143428.jpg,c4_p046_20231017_o09,data/data_13/pi4_03453_46_9_20231017143428.jpg
p046_20231019,46,20231019,54,2_S5,12,1,c1_p046_20231019_o01,data/data_15/pi1_03925_46_1_20231019132912.jpg,c2_p046_20231019_o01,data/data_15/pi2_03925_46_1_20231019132912.jpg,c3_p046_20231019_o01,data/data_15/pi3_03925_46_1_20231019132912.jpg,c4_p046_20231019_o01,data/data_15/pi4_03925_46_1_20231019132912.jpg
p046_20231023,46,20231023,60,3_S6,12,6,c1_p046_20231023_o06,data/data_18/pi1_04650_46_6_20231023112412.jpg,c2_p046_20231023_o06,data/data_18/pi2_04650_46_6_20231023112412.jpg,c3_p046_20231023_o06,data/data_18/pi3_04650_46_6_20231023112413.jpg,c4_p046_20231023_o06,data/data_18/pi4_04650_46_6_20231023112413.jpg
p046_20231027,46,20231027,61,3_S6,12,9,c1_p046_20231027_o09,data/data_21/pi1_05373_46_9_20231027115632.jpg,c2_p046_20231027_o09,data/data_21/pi2_05373_46_9_20231027115632.jpg,c3_p046_20231027_o09,data/data_21/pi3_05373_46_9_20231027115632.jpg,c4_p046_20231027_o09,data/data_21/pi4_05373_46_9_20231027115632.jpg
p046_20231101,46,20231101,61,3_S6,12,11,c1_p046_20231101_o11,data/data_24/pi1_06095_46_11_20231101103441.jpg,c2_p046_20231101_o11,data/data_24/pi2_06095_46_11_20231101103441.jpg,c3_p046_20231101_o11,data/data_24/pi3_06095_46_11_20231101103441.jpg,c4_p046_20231101_o11,data/data_24/pi4_06095_46_11_20231101103441.jpg
p046_20231106,46,20231106,65,3_S6,12,12,c1_p046_20231106_o12,data/data_27/pi1_06816_46_12_20231106132435.jpg,c2_p046_20231106_o12,data/data_27/pi2_06816_46_12_20231106132436.jpg,c3_p046_20231106_o12,data/data_27/pi3_06816_46_12_20231106132436.jpg,c4_p046_20231106_o12,data/data_27/pi4_06816_46_12_20231106132437.jpg
p046_20231109,46,20231109,66,3_S6,12,2,c1_p046_20231109_o02,data/data_30/pi1_07526_46_2_20231109131122.jpg,c2_p046_20231109_o02,data/data_30/pi2_07526_46_2_20231109131121.jpg,c3_p046_20231109_o02,data/data_30/pi3_07526_46_2_20231109131123.jpg,c4_p046_20231109_o02,data/data_30/pi4_07526_46_2_20231109131123.jpg
p046_20231120,46,20231120,71,4_S7,12,12,c1_p046_20231120_o12,data/data_33/pi1_08256_46_12_20231120142846.jpg,c2_p046_20231120_o12,data/data_33/pi2_08256_46_12_20231120142846.jpg,c3_p046_20231120_o12,data/data_33/pi3_08256_46_12_20231120142847.jpg,c4_p046_20231120_o12,data/data_33/pi4_08256_46_12_20231120142846.jpg
p046_20231127,46,20231127,71,4_S7,12,10,c1_p046_20231127_o10,data/data_36/pi1_09214_46_10_20231127150309.jpg,c2_p046_20231127_o10,data/data_36/pi2_09214_46_10_20231127150310.jpg,c3_p046_20231127_o10,data/data_36/pi3_09214_46_10_20231127150310.jpg,c4_p046_20231127_o10,data/data_36/pi4_09214_46_10_20231127150311.jpg
p046_20231130,46,20231130,72,4_S7,12,2,c1_p046_20231130_o02,data/data_40/pi1_10166_46_2_20231130113629.jpg,c2_p046_20231130_o02,data/data_40/pi2_10166_46_2_20231130113629.jpg,c3_p046_20231130_o02,data/data_40/pi3_10166_46_2_20231130113629.jpg,c4_p046_20231130_o02,data/data_40/pi4_10166_46_2_20231130113630.jpg
p046_20231204,46,20231204,73,4_S7,12,12,c1_p046_20231204_o12,data/data_43/pi1_10896_46_12_20231204151818.jpg,c2_p046_20231204_o12,data/data_43/pi2_10896_46_12_20231204151818.jpg,c3_p046_20231204_o12,data/data_43/pi3_10896_46_12_20231204151819.jpg,c4_p046_20231204_o12,data/data_43/pi4_10896_46_12_20231204151819.jpg
p046_20231211,46,20231211,76,4_S7,12,4,c1_p046_20231211_o04,data/data_47/pi1_11848_46_4_20231211134146.jpg,c2_p046_20231211_o04,data/data_47/pi2_11848_46_4_20231211134146.jpg,c3_p046_20231211_o04,data/data_47/pi3_11848_46_4_20231211134146.jpg,c4_p046_20231211_o04,data/data_47/pi4_11848_46_4_20231211134146.jpg
p046_20231214,46,20231214,78,4_S7,12,7,c1_p046_20231214_o07,data/data_50/pi1_12571_46_7_20231214150740.jpg,c2_p046_20231214_o07,data/data_50/pi2_12571_46_7_20231214150740.jpg,c3_p046_20231214_o07,data/data_50/pi3_12571_46_7_20231214150741.jpg,c4_p046_20231214_o07,data/data_50/pi4_12571_46_7_20231214150741.jpg
p046_20231218,46,20231218,79,4_S7,12,7,c1_p046_20231218_o07,data/data_52/pi1_13051_46_7_20231218135545.jpg,c2_p046_20231218_o07,data/data_52/pi2_13051_46_7_20231218135546.jpg,c3_p046_20231218_o07,data/data_52/pi3_13051_46_7_20231218135546.jpg,c4_p046_20231218_o07,data/data_52/pi4_13051_46_7_20231218135546.jpg
p046_20231227,46,20231227,79,4_S7,12,2,c1_p046_20231227_o02,data/data_55/pi1_13766_46_2_20231227130205.jpg,c2_p046_20231227_o02,data/data_55/pi2_13766_46_2_20231227130205.jpg,c3_p046_20231227_o02,data/data_55/pi3_13766_46_2_20231227130205.jpg,c4_p046_20231227_o02,data/data_55/pi4_13766_46_2_20231227130206.jpg
p046_20240104,46,20240104,81,5_S8,12,3,c1_p046_20240104_o03,data/data_57/pi1_14487_46_3_20240104130843.jpg,c2_p046_20240104_o03,data/data_57/pi2_14487_46_3_20240104130842.jpg,c3_p046_20240104_o03,data/data_57/pi3_14487_46_3_20240104130843.jpg,c4_p046_20240104_o03,data/data_57/pi4_14487_46_3_20240104130843.jpg
p047_20230929,47,20230929,13,0_S1,12,9,c1_p047_20230929_o09,data/data_6/pi1_01533_47_9_20230929133641.jpg,c2_p047_20230929_o09,data/data_6/pi2_01533_47_9_20230929133658.jpg,c3_p047_20230929_o09,data/data_6/pi3_01533_47_9_20230929133716.jpg,c4_p047_20230929_o09,data/data_6/pi4_01533_47_9_20230929133730.jpg
p047_20231004,47,20231004,13,0_S1,12,8,c1_p047_20231004_o08,data/data_7/pi1_01772_47_8_20231004091946.jpg,c2_p047_20231004_o08,data/data_7/pi2_01772_47_8_20231004091933.jpg,c3_p047_20231004_o08,data/data_7/pi3_01772_47_8_20231004091919.jpg,c4_p047_20231004_o08,data/data_7/pi4_01772_47_8_20231004091848.jpg
p047_20231011,47,20231011,14,0_S1,12,11,c1_p047_20231011_o11,data/data_10/pi1_02747_47_11_20231011081619.jpg,c2_p047_20231011_o11,data/data_10/pi2_02747_47_11_20231011081638.jpg,c3_p047_20231011_o11,data/data_10/pi3_02747_47_11_20231011081657.jpg,c4_p047_20231011_o11,data/data_10/pi4_02747_47_11_20231011081711.jpg
p047_20231017,47,20231017,15,0_S1,12,3,c1_p047_20231017_o03,data/data_13/pi1_03459_47_3_20231017143536.jpg,c2_p047_20231017_o03,data/data_13/pi2_03459_47_3_20231017143537.jpg,c3_p047_20231017_o03,data/data_13/pi3_03459_47_3_20231017143537.jpg,c4_p047_20231017_o03,data/data_13/pi4_03459_47_3_20231017143536.jpg
p047_20231019,47,20231019,15,0_S1,12,10,c1_p047_20231019_o10,data/data_15/pi1_03946_47_10_20231019133153.jpg,c2_p047_20231019_o10,data/data_15/pi2_03946_47_10_20231019133153.jpg,c3_p047_20231019_o10,data/data_15/pi3_03946_47_10_20231019133153.jpg,c4_p047_20231019_o10,data/data_15/pi4_03946_47_10_20231019133153.jpg
p047_20231023,47,20231023,16,0_S1,12,8,c1_p047_20231023_o08,data/data_18/pi1_04664_47_8_20231023112612.jpg,c2_p047_20231023_o08,data/data_18/pi2_04664_47_8_20231023112612.jpg,c3_p047_20231023_o08,data/data_18/pi3_04664_47_8_20231023112613.jpg,c4_p047_20231023_o08,data/data_18/pi4_04664_47_8_20231023112613.jpg
p047_20231027,47,20231027,17,0_S1,12,6,c1_p047_20231027_o06,data/data_21/pi1_05382_47_6_20231027132005.jpg,c2_p047_20231027_o06,data/data_21/pi2_05382_47_6_20231027132005.jpg,c3_p047_20231027_o06,data/data_21/pi3_05382_47_6_20231027132005.jpg,c4_p047_20231027_o06,data/data_21/pi4_05382_47_6_20231027132005.jpg
p047_20231101,47,20231101,55,2_S5,12,1,c1_p047_20231101_o01,data/data_24/pi1_06097_47_1_20231101103535.jpg,c2_p047_20231101_o01,data/data_24/pi2_06097_47_1_20231101103536.jpg,c3_p047_20231101_o01,data/data_24/pi3_06097_47_1_20231101103536.jpg,c4_p047_20231101_o01,data/data_24/pi4_06097_47_1_20231101103535.jpg
p047_20231106,47,20231106,61,3_S6,12,2,c1_p047_20231106_o02,data/data_27/pi1_06818_47_2_20231106132538.jpg,c2_p047_20231106_o02,data/data_27/pi2_06818_47_2_20231106132538.jpg,c3_p047_20231106_o02,data/data_27/pi3_06818_47_2_20231106132538.jpg,c4_p047_20231106_o02,data/data_27/pi4_06818_47_2_20231106132539.jpg
p047_20231109,47,20231109,65,3_S6,12,6,c1_p047_20231109_o06,data/data_30/pi1_07542_47_6_20231109131426.jpg,c2_p047_20231109_o06,data/data_30/pi2_07542_47_6_20231109131426.jpg,c3_p047_20231109_o06,data/data_30/pi3_07542_47_6_20231109131427.jpg,c4_p047_20231109_o06,data/data_30/pi4_07542_47_6_20231109131427.jpg
p047_20231120,47,20231120,70,4_S7,12,12,c1_p047_20231120_o12,data/data_33/pi1_08268_47_12_20231120143246.jpg,c2_p047_20231120_o12,data/data_33/pi2_08268_47_12_20231120143246.jpg,c3_p047_20231120_o12,data/data_33/pi3_08268_47_12_20231120143247.jpg,c4_p047_20231120_o12,data/data_33/pi4_08268_47_12_20231120143246.jpg
p047_20231127,47,20231127,71,4_S7,12,10,c1_p047_20231127_o10,data/data_36/pi1_09226_47_10_20231127150503.jpg,c2_p047_20231127_o10,data/data_36/pi2_09226_47_10_20231127150503.jpg,c3_p047_20231127_o10,data/data_36/pi3_09226_47_10_20231127150503.jpg,c4_p047_20231127_o10,data/data_36/pi4_09226_47_10_20231127150504.jpg
p047_20231130,47,20231130,72,4_S7,12,9,c1_p047_20231130_o09,data/data_40/pi1_10185_47_9_20231130113933.jpg,c2_p047_20231130_o09,data/data_40/pi2_10185_47_9_20231130113934.jpg,c3_p047_20231130_o09,data/data_40/pi3_10185_47_9_20231130113934.jpg,c4_p047_20231130_o09,data/data_40/pi4_10185_47_9_20231130113935.jpg
p047_20231204,47,20231204,74,4_S7,12,10,c1_p047_20231204_o10,data/data_43/pi1_10906_47_10_20231204152046.jpg,c2_p047_20231204_o10,data/data_43/pi2_10906_47_10_20231204152047.jpg,c3_p047_20231204_o10,data/data_43/pi3_10906_47_10_20231204152047.jpg,c4_p047_20231204_o10,data/data_43/pi4_10906_47_10_20231204152047.jpg
p047_20231211,47,20231211,76,4_S7,12,12,c1_p047_20231211_o12,data/data_47/pi1_11868_47_12_20231211134609.jpg,c2_p047_20231211_o12,data/data_47/pi2_11868_47_12_20231211134609.jpg,c3_p047_20231211_o12,data/data_47/pi3_11868_47_12_20231211134609.jpg,c4_p047_20231211_o12,data/data_47/pi4_11868_47_12_20231211134609.jpg
p047_20231214,47,20231214,78,4_S7,12,2,c1_p047_20231214_o02,data/data_50/pi1_12578_47_2_20231214150911.jpg,c2_p047_20231214_o02,data/data_50/pi2_12578_47_2_20231214150911.jpg,c3_p047_20231214_o02,data/data_50/pi3_12578_47_2_20231214150911.jpg,c4_p047_20231214_o02,data/data_50/pi4_12578_47_2_20231214150911.jpg
p047_20231218,47,20231218,79,4_S7,12,4,c1_p047_20231218_o04,data/data_52/pi1_13060_47_4_20231218135734.jpg,c2_p047_20231218_o04,data/data_52/pi2_13060_47_4_20231218135734.jpg,c3_p047_20231218_o04,data/data_52/pi3_13060_47_4_20231218135734.jpg,c4_p047_20231218_o04,data/data_52/pi4_13060_47_4_20231218135735.jpg
p047_20231227,47,20231227,81,5_S8,12,5,c1_p047_20231227_o05,data/data_55/pi1_13781_47_5_20231227130658.jpg,c2_p047_20231227_o05,data/data_55/pi2_13781_47_5_20231227130658.jpg,c3_p047_20231227_o05,data/data_55/pi3_13781_47_5_20231227130658.jpg,c4_p047_20231227_o05,data/data_55/pi4_13781_47_5_20231227130659.jpg
p047_20240104,47,20240104,82,5_S8,12,11,c1_p047_20240104_o11,data/data_58/pi1_14507_47_11_20240104131336.jpg,c2_p047_20240104_o11,data/data_58/pi2_14507_47_11_20240104131335.jpg,c3_p047_20240104_o11,data/data_58/pi3_14507_47_11_20240104131336.jpg,c4_p047_20240104_o11,data/data_58/pi4_14507_47_11_20240104131337.jpg
p048_20230929,48,20230929,13,0_S1,12,3,c1_p048_20230929_o03,data/data_6/pi1_01539_48_3_20230929133641.jpg,c2_p048_20230929_o03,data/data_6/pi2_01539_48_3_20230929133658.jpg,c3_p048_20230929_o03,data/data_6/pi3_01539_48_3_20230929133716.jpg,c4_p048_20230929_o03,data/data_6/pi4_01539_48_3_20230929133730.jpg
p048_20231004,48,20231004,13,0_S1,12,10,c1_p048_20231004_o10,data/data_7/pi1_01786_48_10_20231004091946.jpg,c2_p048_20231004_o10,data/data_7/pi2_01786_48_10_20231004091933.jpg,c3_p048_20231004_o10,data/data_7/pi3_01786_48_10_20231004091919.jpg,c4_p048_20231004_o10,data/data_7/pi4_01786_48_10_20231004091848.jpg
p048_20231011,48,20231011,14,0_S1,12,6,c1_p048_20231011_o06,data/data_11/pi1_02754_48_6_20231011081619.jpg,c2_p048_20231011_o06,data/data_11/pi2_02754_48_6_20231011081638.jpg,c3_p048_20231011_o06,data/data_11/pi3_02754_48_6_20231011081657.jpg,c4_p048_20231011_o06,data/data_11/pi4_02754_48_6_20231011081711.jpg
p048_20231017,48,20231017,15,0_S1,12,9,c1_p048_20231017_o09,data/data_13/pi1_03477_48_9_20231017143815.jpg,c2_p048_20231017_o09,data/data_13/pi2_03477_48_9_20231017143815.jpg,c3_p048_20231017_o09,data/data_13/pi3_03477_48_9_20231017143816.jpg,c4_p048_20231017_o09,data/data_13/pi4_03477_48_9_20231017143815.jpg
p048_20231019,48,20231019,16,0_S1,12,4,c1_p048_20231019_o04,data/data_15/pi1_03952_48_4_20231019133306.jpg,c2_p048_20231019_o04,data/data_15/pi2_03952_48_4_20231019133306.jpg,c3_p048_20231019_o04,data/data_15/pi3_03952_48_4_20231019133307.jpg,c4_p048_20231019_o04,data/data_15/pi4_03952_48_4_20231019133306.jpg
p048_20231023,48,20231023,54,2_S5,12,3,c1_p048_20231023_o03,data/data_18/pi1_04671_48_3_20231023112739.jpg,c2_p048_20231023_o03,data/data_18/pi2_04671_48_3_20231023112740.jpg,c3_p048_20231023_o03,data/data_18/pi3_04671_48_3_20231023112740.jpg,c4_p048_20231023_o03,data/data_18/pi4_04671_48_3_20231023112740.jpg
p048_20231027,48,20231027,60,3_S6,12,11,c1_p048_20231027_o11,data/data_21/pi1_05399_48_11_20231027132352.jpg,c2_p048_20231027_o11,data/data_21/pi2_05399_48_11_20231027132353.jpg,c3_p048_20231027_o11,data/data_21/pi3_05399_48_11_20231027132353.jpg,c4_p048_20231027_o11,data/data_21/pi4_05399_48_11_20231027132353.jpg
p048_20231101,48,20231101,62,3_S6,12,8,c1_p048_20231101_o08,data/data_24/pi1_06116_48_8_20231101103852.jpg,c2_p048_20231101_o08,data/data_24/pi2_06116_48_8_20231101103852.jpg,c3_p048_20231101_o08,data/data_24/pi3_06116_48_8_20231101103852.jpg,c4_p048_20231101_o08,data/data_24/pi4_06116_48_8_20231101103852.jpg
p048_20231106,48,20231106,65,3_S6,12,11,c1_p048_20231106_o11,data/data_27/pi1_06839_48_11_20231106133013.jpg,c2_p048_20231106_o11,data/data_27/pi2_06839_48_11_20231106133013.jpg,c3_p048_20231106_o11,data/data_27/pi3_06839_48_11_20231106133013.jpg,c4_p048_20231106_o11,data/data_27/pi4_06839_48_11_20231106133014.jpg
p048_20231109,48,20231109,67,3_S6,12,1,c1_p048_20231109_o01,data/data_30/pi1_07549_48_1_20231109131654.jpg,c2_p048_20231109_o01,data/data_30/pi2_07549_48_1_20231109131654.jpg,c3_p048_20231109_o01,data/data_30/pi3_07549_48_1_20231109131655.jpg,c4_p048_20231109_o01,data/data_30/pi4_07549_48_1_20231109131655.jpg
p048_20231120,48,20231120,70,4_S7,12,10,c1_p048_20231120_o10,data/data_33/pi1_08278_48_10_20231120143803.jpg,c2_p048_20231120_o10,data/data_33/pi2_08278_48_10_20231120143804.jpg,c3_p048_20231120_o10,data/data_33/pi3_08278_48_10_20231120143805.jpg,c4_p048_20231120_o10,data/data_33/pi4_08278_48_10_20231120143804.jpg
p048_20231127,48,20231127,72,4_S7,12,7,c1_p048_20231127_o07,data/data_36/pi1_09235_48_7_20231127150737.jpg,c2_p048_20231127_o07,data/data_36/pi2_09235_48_7_20231127150737.jpg,c3_p048_20231127_o07,data/data_36/pi3_09235_48_7_20231127150738.jpg,c4_p048_20231127_o07,data/data_36/pi4_09235_48_7_20231127150738.jpg
p048_20231130,48,20231130,73,4_S7,12,12,c1_p048_20231130_o12,data/data_40/pi1_10200_48_12_20231130114304.jpg,c2_p048_20231130_o12,data/data_40/pi2_10200_48_12_20231130114305.jpg,c3_p048_20231130_o12,data/data_40/pi3_10200_48_12_20231130114305.jpg,c4_p048_20231130_o12,data/data_40/pi4_10200_48_12_20231130114306.jpg
p048_20231204,48,20231204,74,4_S7,12,6,c1_p048_20231204_o06,data/data_43/pi1_10914_48_6_20231204152231.jpg,c2_p048_20231204_o06,data/data_43/pi2_10914_48_6_20231204152232.jpg,c3_p048_20231204_o06,data/data_43/pi3_10914_48_6_20231204152232.jpg,c4_p048_20231204_o06,data/data_43/pi4_10914_48_6_20231204152232.jpg
p048_20231211,48,20231211,76,4_S7,12,11,c1_p048_20231211_o11,data/data_47/pi1_11879_48_11_20231211135122.jpg,c2_p048_20231211_o11,data/data_47/pi2_11879_48_11_20231211135122.jpg,c3_p048_20231211_o11,data/data_47/pi3_11879_48_11_20231211135123.jpg,c4_p048_20231211_o11,data/data_47/pi4_11879_48_11_20231211135123.jpg
p048_20231214,48,20231214,77,4_S7,12,7,c1_p048_20231214_o07,data/data_50/pi1_12595_48_7_20231214151227.jpg,c2_p048_20231214_o07,data/data_50/pi2_12595_48_7_20231214151227.jpg,c3_p048_20231214_o07,data/data_50/pi3_12595_48_7_20231214151228.jpg,c4_p048_20231214_o07,data/data_50/pi4_12595_48_7_20231214151228.jpg
p048_20231218,48,20231218,78,4_S7,12,10,c1_p048_20231218_o10,data/data_52/pi1_13078_48_10_20231218140059.jpg,c2_p048_20231218_o10,data/data_52/pi2_13078_48_10_20231218140100.jpg,c3_p048_20231218_o10,data/data_52/pi3_13078_48_10_20231218140100.jpg,c4_p048_20231218_o10,data/data_52/pi4_13078_48_10_20231218140100.jpg
p048_20231227,48,20231227,79,4_S7,12,7,c1_p048_20231227_o07,data/data_55/pi1_13795_48_7_20231227131245.jpg,c2_p048_20231227_o07,data/data_55/pi2_13795_48_7_20231227131245.jpg,c3_p048_20231227_o07,data/data_55/pi3_13795_48_7_20231227131245.jpg,c4_p048_20231227_o07,data/data_55/pi4_13795_48_7_20231227131245.jpg
p048_20240104,48,20240104,80,5_S8,12,10,c1_p048_20240104_o10,data/data_58/pi1_14518_48_10_20240104131715.jpg,c2_p048_20240104_o10,data/data_58/pi2_14518_48_10_20240104131715.jpg,c3_p048_20240104_o10,data/data_58/pi3_14518_48_10_20240104131715.jpg,c4_p048_20240104_o10,data/data_58/pi4_14518_48_10_20240104131716.jpg
p049_20230929,49,20230929,13,0_S1,12,5,c1_p049_20230929_o05,data/data_6/pi1_01553_49_5_20230929133641.jpg,c2_p049_20230929_o05,data/data_6/pi2_01553_49_5_20230929133658.jpg,c3_p049_20230929_o05,data/data_6/pi3_01553_49_5_20230929133716.jpg,c4_p049_20230929_o05,data/data_6/pi4_01553_49_5_20230929133730.jpg
p049_20231004,49,20231004,13,0_S1,12,4,c1_p049_20231004_o04,data/data_7/pi1_01792_49_4_20231004091946.jpg,c2_p049_20231004_o04,data/data_7/pi2_01792_49_4_20231004091933.jpg,c3_p049_20231004_o04,data/data_7/pi3_01792_49_4_20231004091919.jpg,c4_p049_20231004_o04,data/data_7/pi4_01792_49_4_20231004091848.jpg
p049_20231011,49,20231011,15,0_S1,12,12,c1_p049_20231011_o12,data/data_11/pi1_02772_49_12_20231011081619.jpg,c2_p049_20231011_o12,data/data_11/pi2_02772_49_12_20231011081638.jpg,c3_p049_20231011_o12,data/data_11/pi3_02772_49_12_20231011081657.jpg,c4_p049_20231011_o12,data/data_11/pi4_02772_49_12_20231011081711.jpg
p049_20231017,49,20231017,15,0_S1,12,12,c1_p049_20231017_o12,data/data_13/pi1_03492_49_12_20231017144129.jpg,c2_p049_20231017_o12,data/data_13/pi2_03492_49_12_20231017144129.jpg,c3_p049_20231017_o12,data/data_13/pi3_03492_49_12_20231017144130.jpg,c4_p049_20231017_o12,data/data_13/pi4_03492_49_12_20231017144129.jpg
p049_20231019,49,20231019,16,0_S1,12,6,c1_p049_20231019_o06,data/data_15/pi1_03966_49_6_20231019133519.jpg,c2_p049_20231019_o06,data/data_15/pi2_03966_49_6_20231019133519.jpg,c3_p049_20231019_o06,data/data_15/pi3_03966_49_6_20231019133519.jpg,c4_p049_20231019_o06,data/data_15/pi4_03966_49_6_20231019133519.jpg
p049_20231023,49,20231023,20,1_S2,12,11,c1_p049_20231023_o11,data/data_18/pi1_04691_49_11_20231023113013.jpg,c2_p049_20231023_o11,data/data_18/pi2_04691_49_11_20231023113013.jpg,c3_p049_20231023_o11,data/data_18/pi3_04691_49_11_20231023113014.jpg,c4_p049_20231023_o11,data/data_18/pi4_04691_49_11_20231023113014.jpg
p049_20231027,49,20231027,55,2_S5,12,11,c1_p049_20231027_o11,data/data_21/pi1_05411_49_11_20231027132606.jpg,c2_p049_20231027_o11,data/data_21/pi2_05411_49_11_20231027132606.jpg,c3_p049_20231027_o11,data/data_21/pi3_05411_49_11_20231027132606.jpg,c4_p049_20231027_o11,data/data_21/pi4_05411_49_11_20231027132606.jpg
p049_20231101,49,20231101,60,3_S6,12,7,c1_p049_20231101_o07,data/data_24/pi1_06127_49_7_20231101104113.jpg,c2_p049_20231101_o07,data/data_24/pi2_06127_49_7_20231101104113.jpg,c3_p049_20231101_o07,data/data_24/pi3_06127_49_7_20231101104113.jpg,c4_p049_20231101_o07,data/data_24/pi4_06127_49_7_20231101104113.jpg
p049_20231106,49,20231106,62,3_S6,12,2,c1_p049_20231106_o02,data/data_27/pi1_06842_49_2_20231106133127.jpg,c2_p049_20231106_o02,data/data_27/pi2_06842_49_2_20231106133127.jpg,c3_p049_20231106_o02,data/data_27/pi3_06842_49_2_20231106133128.jpg,c4_p049_20231106_o02,data/data_27/pi4_06842_49_2_20231106133128.jpg
p049_20231109,49,20231109,64,3_S6,12,7,c1_p049_20231109_o07,data/data_30/pi1_07567_49_7_20231109132029.jpg,c2_p049_20231109_o07,data/data_30/pi2_07567_49_7_20231109132029.jpg,c3_p049_20231109_o07,data/data_30/pi3_07567_49_7_20231109132030.jpg,c4_p049_20231109_o07,data/data_30/pi4_07567_49_7_20231109132030.jpg
p049_20231120,49,20231120,71,4_S7,12,5,c1_p049_20231120_o05,data/data_33/pi1_08285_49_5_20231120144051.jpg,c2_p049_20231120_o05,data/data_33/pi2_08285_49_5_20231120144052.jpg,c3_p049_20231120_o05,data/data_33/pi3_08285_49_5_20231120144053.jpg,c4_p049_20231120_o05,data/data_33/pi4_08285_49_5_20231120144052.jpg
p049_20231127,49,20231127,72,4_S7,12,7,c1_p049_20231127_o07,data/data_36/pi1_09247_49_7_20231127151135.jpg,c2_p049_20231127_o07,data/data_36/pi2_09247_49_7_20231127151135.jpg,c3_p049_20231127_o07,data/data_36/pi3_09247_49_7_20231127151136.jpg,c4_p049_20231127_o07,data/data_36/pi4_09247_49_7_20231127151136.jpg
p049_20231130,49,20231130,73,4_S7,12,11,c1_p049_20231130_o11,data/data_40/pi1_10211_49_11_20231130114448.jpg,c2_p049_20231130_o11,data/data_40/pi2_10211_49_11_20231130114449.jpg,c3_p049_20231130_o11,data/data_40/pi3_10211_49_11_20231130114448.jpg,c4_p049_20231130_o11,data/data_40/pi4_10211_49_11_20231130114449.jpg
p049_20231204,49,20231204,74,4_S7,12,12,c1_p049_20231204_o12,data/data_43/pi1_10932_49_12_20231204152524.jpg,c2_p049_20231204_o12,data/data_43/pi2_10932_49_12_20231204152525.jpg,c3_p049_20231204_o12,data/data_43/pi3_10932_49_12_20231204152525.jpg,c4_p049_20231204_o12,data/data_43/pi4_10932_49_12_20231204152525.jpg
p049_20231211,49,20231211,75,4_S7,12,3,c1_p049_20231211_o03,data/data_47/pi1_11883_49_3_20231211135244.jpg,c2_p049_20231211_o03,data/data_47/pi2_11883_49_3_20231211135244.jpg,c3_p049_20231211_o03,data/data_47/pi3_11883_49_3_20231211135245.jpg,c4_p049_20231211_o03,data/data_47/pi4_11883_49_3_20231211135245.jpg
p049_20231214,49,20231214,77,4_S7,12,11,c1_p049_20231214_o11,data/data_50/pi1_12611_49_11_20231214151521.jpg,c2_p049_20231214_o11,data/data_50/pi2_12611_49_11_20231214151521.jpg,c3_p049_20231214_o11,data/data_50/pi3_12611_49_11_20231214151521.jpg,c4_p049_20231214_o11,data/data_50/pi4_12611_49_11_20231214151521.jpg
p049_20231218,49,20231218,78,4_S7,12,12,c1_p049_20231218_o12,data/data_52/pi1_13092_49_12_20231218140405.jpg,c2_p049_20231218_o12,data/data_52/pi2_13092_49_12_20231218140406.jpg,c3_p049_20231218_o12,data/data_52/pi3_13092_49_12_20231218140406.jpg,c4_p049_20231218_o12,data/data_52/pi4_13092_49_12_20231218140406.jpg
p049_20231227,49,20231227,79,4_S7,12,12,c1_p049_20231227_o12,data/data_55/pi1_13812_49_12_20231227131544.jpg,c2_p049_20231227_o12,data/data_55/pi2_13812_49_12_20231227131544.jpg,c3_p049_20231227_o12,data/data_55/pi3_13812_49_12_20231227131544.jpg,c4_p049_20231227_o12,data/data_55/pi4_13812_49_12_20231227131545.jpg
p049_20240104,49,20240104,82,5_S8,12,8,c1_p049_20240104_o08,data/data_58/pi1_14528_49_8_20240104133049.jpg,c2_p049_20240104_o08,data/data_58/pi2_14528_49_8_20240104133048.jpg,c3_p049_20240104_o08,data/data_58/pi3_14528_49_8_20240104133049.jpg,c4_p049_20240104_o08,data/data_58/pi4_14528_49_8_20240104133049.jpg
p050_20230929,50,20230929,13,0_S1,12,8,c1_p050_20230929_o08,data/data_6/pi1_01568_50_8_20230929133641.jpg,c2_p050_20230929_o08,data/data_6/pi2_01568_50_8_20230929133658.jpg,c3_p050_20230929_o08,data/data_6/pi3_01568_50_8_20230929133716.jpg,c4_p050_20230929_o08,data/data_6/pi4_01568_50_8_20230929133730.jpg
p050_20231004,50,20231004,13,0_S1,12,6,c1_p050_20231004_o06,data/data_7/pi1_01806_50_6_20231004091946.jpg,c2_p050_20231004_o06,data/data_7/pi2_01806_50_6_20231004091933.jpg,c3_p050_20231004_o06,data/data_7/pi3_01806_50_6_20231004091919.jpg,c4_p050_20231004_o06,data/data_7/pi4_01806_50_6_20231004091848.jpg
p050_20231011,50,20231011,14,0_S1,12,9,c1_p050_20231011_o09,data/data_11/pi1_02781_50_9_20231011081619.jpg,c2_p050_20231011_o09,data/data_11/pi2_02781_50_9_20231011081638.jpg,c3_p050_20231011_o09,data/data_11/pi3_02781_50_9_20231011081657.jpg,c4_p050_20231011_o09,data/data_11/pi4_02781_50_9_20231011081711.jpg
p050_20231017,50,20231017,15,0_S1,12,1,c1_p050_20231017_o01,data/data_13/pi1_03493_50_1_20231017144217.jpg,c2_p050_20231017_o01,data/data_13/pi2_03493_50_1_20231017144218.jpg,c3_p050_20231017_o01,data/data_13/pi3_03493_50_1_20231017144218.jpg,c4_p050_20231017_o01,data/data_13/pi4_03493_50_1_20231017144217.jpg
p050_20231019,50,20231019,16,0_S1,12,4,c1_p050_20231019_o04,data/data_15/pi1_03976_50_4_20231019134123.jpg,c2_p050_20231019_o04,data/data_15/pi2_03976_50_4_20231019134123.jpg,c3_p050_20231019_o04,data/data_15/pi3_03976_50_4_20231019134124.jpg,c4_p050_20231019_o04,data/data_15/pi4_03976_50_4_20231019134124.jpg
p050_20231023,50,20231023,20,1_S2,12,12,c1_p050_20231023_o12,data/data_18/pi1_04704_50_12_20231023113220.jpg,c2_p050_20231023_o12,data/data_18/pi2_04704_50_12_20231023113220.jpg,c3_p050_20231023_o12,data/data_18/pi3_04704_50_12_20231023113220.jpg,c4_p050_20231023_o12,data/data_18/pi4_04704_50_12_20231023113220.jpg
p050_20231027,50,20231027,21,1_S2,12,2,c1_p050_20231027_o02,data/data_21/pi1_05414_50_2_20231027132732.jpg,c2_p050_20231027_o02,data/data_21/pi2_05414_50_2_20231027132732.jpg,c3_p050_20231027_o02,data/data_21/pi3_05414_50_2_20231027132732.jpg,c4_p050_20231027_o02,data/data_21/pi4_05414_50_2_20231027132732.jpg
p050_20231101,50,20231101,54,2_S5,12,2,c1_p050_20231101_o02,data/data_24/pi1_06134_50_2_20231101104311.jpg,c2_p050_20231101_o02,data/data_24/pi2_06134_50_2_20231101104312.jpg,c3_p050_20231101_o02,data/data_24/pi3_06134_50_2_20231101104312.jpg,c4_p050_20231101_o02,data/data_24/pi4_06134_50_2_20231101104312.jpg
p050_20231106,50,20231106,67,3_S6,12,3,c1_p050_20231106_o03,data/data_27/pi1_06855_50_3_20231106133505.jpg,c2_p050_20231106_o03,data/data_27/pi2_06855_50_3_20231106133505.jpg,c3_p050_20231106_o03,data/data_27/pi3_06855_50_3_20231106133506.jpg,c4_p050_20231106_o03,data/data_27/pi4_06855_50_3_20231106133507.jpg
p050_20231109,50,20231109,69,3_S6,12,10,c1_p050_20231109_o10,data/data_30/pi1_07582_50_10_20231109132418.jpg,c2_p050_20231109_o10,data/data_30/pi2_07582_50_10_20231109132417.jpg,c3_p050_20231109_o10,data/data_30/pi3_07582_50_10_20231109132419.jpg,c4_p050_20231109_o10,data/data_30/pi4_07582_50_10_20231109132418.jpg
p050_20231120,50,20231120,70,4_S7,12,5,c1_p050_20231120_o05,data/data_33/pi1_08297_50_5_20231120144452.jpg,c2_p050_20231120_o05,data/data_33/pi2_08297_50_5_20231120144453.jpg,c3_p050_20231120_o05,data/data_33/pi3_08297_50_5_20231120144454.jpg,c4_p050_20231120_o05,data/data_33/pi4_08297_50_5_20231120144453.jpg
p050_20231127,50,20231127,72,4_S7,12,4,c1_p050_20231127_o04,data/data_37/pi1_09256_50_4_20231127151437.jpg,c2_p050_20231127_o04,data/data_37/pi2_09256_50_4_20231127151438.jpg,c3_p050_20231127_o04,data/data_37/pi3_09256_50_4_20231127151438.jpg,c4_p050_20231127_o04,data/data_37/pi4_09256_50_4_20231127151438.jpg
p050_20231130,50,20231130,74,4_S7,12,8,c1_p050_20231130_o08,data/data_40/pi1_10220_50_8_20231130114634.jpg,c2_p050_20231130_o08,data/data_40/pi2_10220_50_8_20231130114635.jpg,c3_p050_20231130_o08,data/data_40/pi3_10220_50_8_20231130114635.jpg,c4_p050_20231130_o08,data/data_40/pi4_10220_50_8_20231130114635.jpg
p050_20231204,50,20231204,75,4_S7,12,3,c1_p050_20231204_o03,data/data_43/pi1_10935_50_3_20231204152624.jpg,c2_p050_20231204_o03,data/data_43/pi2_10935_50_3_20231204152624.jpg,c3_p050_20231204_o03,data/data_43/pi3_10935_50_3_20231204152625.jpg,c4_p050_20231204_o03,data/data_43/pi4_10935_50_3_20231204152625.jpg
p050_20231211,50,20231211,76,4_S7,12,6,c1_p050_20231211_o06,data/data_47/pi1_11898_50_6_20231211135755.jpg,c2_p050_20231211_o06,data/data_47/pi2_11898_50_6_20231211135755.jpg,c3_p050_20231211_o06,data/data_47/pi3_11898_50_6_20231211135756.jpg,c4_p050_20231211_o06,data/data_47/pi4_11898_50_6_20231211135756.jpg
p050_20231214,50,20231214,78,4_S7,12,10,c1_p050_20231214_o10,data/data_50/pi1_12622_50_10_20231214151926.jpg,c2_p050_20231214_o10,data/data_50/pi2_12622_50_10_20231214151926.jpg,c3_p050_20231214_o10,data/data_50/pi3_12622_50_10_20231214151926.jpg,c4_p050_20231214_o10,data/data_50/pi4_12622_50_10_20231214151926.jpg
p050_20231218,50,20231218,79,4_S7,12,11,c1_p050_20231218_o11,data/data_52/pi1_13103_50_11_20231218140643.jpg,c2_p050_20231218_o11,data/data_52/pi2_13103_50_11_20231218140643.jpg,c3_p050_20231218_o11,data/data_52/pi3_13103_50_11_20231218140643.jpg,c4_p050_20231218_o11,data/data_52/pi4_13103_50_11_20231218140643.jpg
p050_20231227,50,20231227,81,5_S8,12,12,c1_p050_20231227_o12,data/data_55/pi1_13824_50_12_20231227131822.jpg,c2_p050_20231227_o12,data/data_55/pi2_13824_50_12_20231227131822.jpg,c3_p050_20231227_o12,data/data_55/pi3_13824_50_12_20231227131823.jpg,c4_p050_20231227_o12,data/data_55/pi4_13824_50_12_20231227131823.jpg
p050_20240104,50,20240104,79,4_S7,12,12,c1_p050_20240104_o12,data/data_58/pi1_14544_50_12_20240104133427.jpg,c2_p050_20240104_o12,data/data_58/pi2_14544_50_12_20240104133426.jpg,c3_p050_20240104_o12,data/data_58/pi3_14544_50_12_20240104133427.jpg,c4_p050_20240104_o12,data/data_58/pi4_14544_50_12_20240104133427.jpg
p051_20230929,51,20230929,13,0_S1,12,7,c1_p051_20230929_o07,data/data_6/pi1_01579_51_7_20230929133641.jpg,c2_p051_20230929_o07,data/data_6/pi2_01579_51_7_20230929133658.jpg,c3_p051_20230929_o07,data/data_6/pi3_01579_51_7_20230929133716.jpg,c4_p051_20230929_o07,data/data_6/pi4_01579_51_7_20230929133730.jpg
p051_20231004,51,20231004,13,0_S1,12,8,c1_p051_20231004_o08,data/data_7/pi1_01820_51_8_20231004091946.jpg,c2_p051_20231004_o08,data/data_7/pi2_01820_51_8_20231004091933.jpg,c3_p051_20231004_o08,data/data_7/pi3_01820_51_8_20231004091919.jpg,c4_p051_20231004_o08,data/data_7/pi4_01820_51_8_20231004091848.jpg
p051_20231011,51,20231011,15,0_S1,12,1,c1_p051_20231011_o01,data/data_11/pi1_02785_51_1_20231011081619.jpg,c2_p051_20231011_o01,data/data_11/pi2_02785_51_1_20231011081638.jpg,c3_p051_20231011_o01,data/data_11/pi3_02785_51_1_20231011081657.jpg,c4_p051_20231011_o01,data/data_11/pi4_02785_51_1_20231011081711.jpg
p051_20231017,51,20231017,52,2_S5,12,6,c1_p051_20231017_o06,data/data_14/pi1_03510_51_6_20231017144446.jpg,c2_p051_20231017_o06,data/data_14/pi2_03510_51_6_20231017144447.jpg,c3_p051_20231017_o06,data/data_14/pi3_03510_51_6_20231017144447.jpg,c4_p051_20231017_o06,data/data_14/pi4_03510_51_6_20231017144447.jpg
p051_20231019,51,20231019,60,3_S6,12,9,c1_p051_20231019_o09,data/data_15/pi1_03993_51_9_20231019134700.jpg,c2_p051_20231019_o09,data/data_15/pi2_03993_51_9_20231019134700.jpg,c3_p051_20231019_o09,data/data_15/pi3_03993_51_9_20231019134700.jpg,c4_p051_20231019_o09,data/data_15/pi4_03993_51_9_20231019134700.jpg
p051_20231023,51,20231023,65,3_S6,12,10,c1_p051_20231023_o10,data/data_18/pi1_04714_51_10_20231023113415.jpg,c2_p051_20231023_o10,data/data_18/pi2_04714_51_10_20231023113416.jpg,c3_p051_20231023_o10,data/data_18/pi3_04714_51_10_20231023113416.jpg,c4_p051_20231023_o10,data/data_18/pi4_04714_51_10_20231023113416.jpg
p051_20231027,51,20231027,66,3_S6,12,11,c1_p051_20231027_o11,data/data_21/pi1_05435_51_11_20231027133053.jpg,c2_p051_20231027_o11,data/data_21/pi2_05435_51_11_20231027133054.jpg,c3_p051_20231027_o11,data/data_21/pi3_05435_51_11_20231027133054.jpg,c4_p051_20231027_o11,data/data_21/pi4_05435_51_11_20231027133054.jpg
p051_20231101,51,20231101,69,3_S6,12,3,c1_p051_20231101_o03,data/data_24/pi1_06147_51_3_20231101104511.jpg,c2_p051_20231101_o03,data/data_24/pi2_06147_51_3_20231101104512.jpg,c3_p051_20231101_o03,data/data_24/pi3_06147_51_3_20231101104512.jpg,c4_p051_20231101_o03,data/data_24/pi4_06147_51_3_20231101104512.jpg
p051_20231106,51,20231106,70,4_S7,12,1,c1_p051_20231106_o01,data/data_27/pi1_06865_51_1_20231106145509.jpg,c2_p051_20231106_o01,data/data_27/pi2_06865_51_1_20231106145510.jpg,c3_p051_20231106_o01,data/data_27/pi3_06865_51_1_20231106145510.jpg,c4_p051_20231106_o01,data/data_27/pi4_06865_51_1_20231106145511.jpg
p051_20231109,51,20231109,71,4_S7,12,8,c1_p051_20231109_o08,data/data_30/pi1_07592_51_8_20231109132750.jpg,c2_p051_20231109_o08,data/data_30/pi2_07592_51_8_20231109132750.jpg,c3_p051_20231109_o08,data/data_30/pi3_07592_51_8_20231109132751.jpg,c4_p051_20231109_o08,data/data_30/pi4_07592_51_8_20231109132751.jpg
p051_20231120,51,20231120,72,4_S7,12,4,c1_p051_20231120_o04,data/data_33/pi1_08308_51_4_20231120144836.jpg,c2_p051_20231120_o04,data/data_33/pi2_08308_51_4_20231120144837.jpg,c3_p051_20231120_o04,data/data_33/pi3_08308_51_4_20231120144837.jpg,c4_p051_20231120_o04,data/data_33/pi4_08308_51_4_20231120144837.jpg
p051_20231127,51,20231127,75,4_S7,12,6,c1_p051_20231127_o06,data/data_37/pi1_09270_51_6_20231127151644.jpg,c2_p051_20231127_o06,data/data_37/pi2_09270_51_6_20231127151644.jpg,c3_p051_20231127_o06,data/data_37/pi3_09270_51_6_20231127151645.jpg,c4_p051_20231127_o06,data/data_37/pi4_09270_51_6_20231127151645.jpg
p051_20231130,51,20231130,76,4_S7,12,10,c1_p051_20231130_o10,data/data_40/pi1_10234_51_10_20231130135023.jpg,c2_p051_20231130_o10,data/data_40/pi2_10234_51_10_20231130135024.jpg,c3_p051_20231130_o10,data/data_40/pi3_10234_51_10_20231130135024.jpg,c4_p051_20231130_o10,data/data_40/pi4_10234_51_10_20231130135025.jpg
p051_20231204,51,20231204,77,4_S7,12,12,c1_p051_20231204_o12,data/data_43/pi1_10956_51_12_20231204152954.jpg,c2_p051_20231204_o12,data/data_43/pi2_10956_51_12_20231204152954.jpg,c3_p051_20231204_o12,data/data_43/pi3_10956_51_12_20231204152955.jpg,c4_p051_20231204_o12,data/data_43/pi4_10956_51_12_20231204152955.jpg
p051_20231211,51,20231211,78,4_S7,12,9,c1_p051_20231211_o09,data/data_47/pi1_11913_51_9_20231211140049.jpg,c2_p051_20231211_o09,data/data_47/pi2_11913_51_9_20231211140048.jpg,c3_p051_20231211_o09,data/data_47/pi3_11913_51_9_20231211140049.jpg,c4_p051_20231211_o09,data/data_47/pi4_11913_51_9_20231211140049.jpg
p051_20231214,51,20231214,79,4_S7,12,5,c1_p051_20231214_o05,data/data_50/pi1_12629_51_5_20231214152059.jpg,c2_p051_20231214_o05,data/data_50/pi2_12629_51_5_20231214152059.jpg,c3_p051_20231214_o05,data/data_50/pi3_12629_51_5_20231214152059.jpg,c4_p051_20231214_o05,data/data_50/pi4_12629_51_5_20231214152100.jpg
p051_20231218,51,20231218,79,4_S7,12,11,c1_p051_20231218_o11,data/data_52/pi1_13115_51_11_20231218140920.jpg,c2_p051_20231218_o11,data/data_52/pi2_13115_51_11_20231218140921.jpg,c3_p051_20231218_o11,data/data_52/pi3_13115_51_11_20231218140921.jpg,c4_p051_20231218_o11,data/data_52/pi4_13115_51_11_20231218140921.jpg
p051_20231227,51,20231227,81,5_S8,12,5,c1_p051_20231227_o05,data/data_55/pi1_13829_51_5_20231227132005.jpg,c2_p051_20231227_o05,data/data_55/pi2_13829_51_5_20231227132004.jpg,c3_p051_20231227_o05,data/data_55/pi3_13829_51_5_20231227132005.jpg,c4_p051_20231227_o05,data/data_55/pi4_13829_51_5_20231227132005.jpg
p051_20240104,51,20240104,82,5_S8,12,2,c1_p051_20240104_o02,data/data_58/pi1_14546_51_2_20240104133628.jpg,c2_p051_20240104_o02,data/data_58/pi2_14546_51_2_20240104133627.jpg,c3_p051_20240104_o02,data/data_58/pi3_14546_51_2_20240104133628.jpg,c4_p051_20240104_o02,data/data_58/pi4_14546_51_2_20240104133628.jpg
p052_20230929,52,20230929,13,0_S1,12,6,c1_p052_20230929_o06,data/data_6/pi1_01590_52_6_20230929133641.jpg,c2_p052_20230929_o06,data/data_6/pi2_01590_52_6_20230929133658.jpg,c3_p052_20230929_o06,data/data_6/pi3_01590_52_6_20230929133716.jpg,c4_p052_20230929_o06,data/data_6/pi4_01590_52_6_20230929133730.jpg
p052_20231004,52,20231004,13,0_S1,12,8,c1_p052_20231004_o08,data/data_7/pi1_01832_52_8_20231004091946.jpg,c2_p052_20231004_o08,data/data_7/pi2_01832_52_8_20231004091933.jpg,c3_p052_20231004_o08,data/data_7/pi3_01832_52_8_20231004091919.jpg,c4_p052_20231004_o08,data/data_7/pi4_01832_52_8_20231004091848.jpg
p052_20231011,52,20231011,14,0_S1,12,9,c1_p052_20231011_o09,data/data_11/pi1_02805_52_9_20231011081619.jpg,c2_p052_20231011_o09,data/data_11/pi2_02805_52_9_20231011081638.jpg,c3_p052_20231011_o09,data/data_11/pi3_02805_52_9_20231011081657.jpg,c4_p052_20231011_o09,data/data_11/pi4_02805_52_9_20231011081711.jpg
p052_20231017,52,20231017,52,2_S5,12,12,c1_p052_20231017_o12,data/data_14/pi1_03528_52_12_20231017144841.jpg,c2_p052_20231017_o12,data/data_14/pi2_03528_52_12_20231017144841.jpg,c3_p052_20231017_o12,data/data_14/pi3_03528_52_12_20231017144841.jpg,c4_p052_20231017_o12,data/data_14/pi4_03528_52_12_20231017144841.jpg
p052_20231019,52,20231019,53,2_S5,12,7,c1_p052_20231019_o07,data/data_16/pi1_04003_52_7_20231019134859.jpg,c2_p052_20231019_o07,data/data_16/pi2_04003_52_7_20231019134858.jpg,c3_p052_20231019_o07,data/data_16/pi3_04003_52_7_20231019134859.jpg,c4_p052_20231019_o07,data/data_16/pi4_04003_52_7_20231019134859.jpg
p052_20231023,52,20231023,61,3_S6,12,8,c1_p052_20231023_o08,data/data_18/pi1_04724_52_8_20231023113620.jpg,c2_p052_20231023_o08,data/data_18/pi2_04724_52_8_20231023113620.jpg,c3_p052_20231023_o08,data/data_18/pi3_04724_52_8_20231023113620.jpg,c4_p052_20231023_o08,data/data_18/pi4_04724_52_8_20231023113620.jpg
p052_20231027,52,20231027,68,3_S6,12,5,c1_p052_20231027_o05,data/data_21/pi1_05441_52_5_20231027133301.jpg,c2_p052_20231027_o05,data/data_21/pi2_05441_52_5_20231027133301.jpg,c3_p052_20231027_o05,data/data_21/pi3_05441_52_5_20231027133302.jpg,c4_p052_20231027_o05,data/data_21/pi4_05441_52_5_20231027133302.jpg
p052_20231101,52,20231101,67,3_S6,12,8,c1_p052_20231101_o08,data/data_24/pi1_06164_52_8_20231101104814.jpg,c2_p052_20231101_o08,data/data_24/pi2_06164_52_8_20231101104814.jpg,c3_p052_20231101_o08,data/data_24/pi3_06164_52_8_20231101104814.jpg,c4_p052_20231101_o08,data/data_24/pi4_06164_52_8_20231101104814.jpg
p052_20231106,52,20231106,68,3_S6,12,11,c1_p052_20231106_o11,data/data_27/pi1_06887_52_11_20231106145915.jpg,c2_p052_20231106_o11,data/data_27/pi2_06887_52_11_20231106145915.jpg,c3_p052_20231106_o11,data/data_27/pi3_06887_52_11_20231106145915.jpg,c4_p052_20231106_o11,data/data_27/pi4_06887_52_11_20231106145916.jpg
p052_20231109,52,20231109,70,4_S7,12,12,c1_p052_20231109_o12,data/data_30/pi1_07608_52_12_20231109133121.jpg,c2_p052_20231109_o12,data/data_30/pi2_07608_52_12_20231109133120.jpg,c3_p052_20231109_o12,data/data_30/pi3_07608_52_12_20231109133122.jpg,c4_p052_20231109_o12,data/data_30/pi4_07608_52_12_20231109133121.jpg
p052_20231120,52,20231120,72,4_S7,12,10,c1_p052_20231120_o10,data/data_33/pi1_08326_52_10_20231120145349.jpg,c2_p052_20231120_o10,data/data_33/pi2_08326_52_10_20231120145350.jpg,c3_p052_20231120_o10,data/data_33/pi3_08326_52_10_20231120145351.jpg,c4_p052_20231120_o10,data/data_33/pi4_08326_52_10_20231120145350.jpg
p052_20231127,52,20231127,73,4_S7,12,6,c1_p052_20231127_o06,data/data_37/pi1_09282_52_6_20231127151919.jpg,c2_p052_20231127_o06,data/data_37/pi2_09282_52_6_20231127151920.jpg,c3_p052_20231127_o06,data/data_37/pi3_09282_52_6_20231127151920.jpg,c4_p052_20231127_o06,data/data_37/pi4_09282_52_6_20231127151921.jpg
p052_20231130,52,20231130,75,4_S7,12,11,c1_p052_20231130_o11,data/data_40/pi1_10247_52_11_20231130135255.jpg,c2_p052_20231130_o11,data/data_40/pi2_10247_52_11_20231130135255.jpg,c3_p052_20231130_o11,data/data_40/pi3_10247_52_11_20231130135255.jpg,c4_p052_20231130_o11,data/data_40/pi4_10247_52_11_20231130135256.jpg
p052_20231204,52,20231204,76,4_S7,12,7,c1_p052_20231204_o07,data/data_43/pi1_10963_52_7_20231204153130.jpg,c2_p052_20231204_o07,data/data_43/pi2_10963_52_7_20231204153130.jpg,c3_p052_20231204_o07,data/data_43/pi3_10963_52_7_20231204153131.jpg,c4_p052_20231204_o07,data/data_43/pi4_10963_52_7_20231204153131.jpg
p052_20231211,52,20231211,77,4_S7,12,3,c1_p052_20231211_o03,data/data_47/pi1_11919_52_3_20231211140317.jpg,c2_p052_20231211_o03,data/data_47/pi2_11919_52_3_20231211140317.jpg,c3_p052_20231211_o03,data/data_47/pi3_11919_52_3_20231211140317.jpg,c4_p052_20231211_o03,data/data_47/pi4_11919_52_3_20231211140317.jpg
p052_20231214,52,20231214,78,4_S7,12,10,c1_p052_20231214_o10,data/data_50/pi1_12646_52_10_20231214152416.jpg,c2_p052_20231214_o10,data/data_50/pi2_12646_52_10_20231214152416.jpg,c3_p052_20231214_o10,data/data_50/pi3_12646_52_10_20231214152417.jpg,c4_p052_20231214_o10,data/data_50/pi4_12646_52_10_20231214152417.jpg
p052_20231218,52,20231218,79,4_S7,12,12,c1_p052_20231218_o12,data/data_52/pi1_13128_52_12_20231218141202.jpg,c2_p052_20231218_o12,data/data_52/pi2_13128_52_12_20231218141202.jpg,c3_p052_20231218_o12,data/data_52/pi3_13128_52_12_20231218141202.jpg,c4_p052_20231218_o12,data/data_52/pi4_13128_52_12_20231218141202.jpg
p052_20231227,52,20231227,79,4_S7,12,7,c1_p052_20231227_o07,data/data_55/pi1_13843_52_7_20231227132304.jpg,c2_p052_20231227_o07,data/data_55/pi2_13843_52_7_20231227132304.jpg,c3_p052_20231227_o07,data/data_55/pi3_13843_52_7_20231227132305.jpg,c4_p052_20231227_o07,data/data_55/pi4_13843_52_7_20231227132305.jpg
p052_20240104,52,20240104,84,5_S8,12,9,c1_p052_20240104_o09,data/data_58/pi1_14565_52_9_20240104134137.jpg,c2_p052_20240104_o09,data/data_58/pi2_14565_52_9_20240104134136.jpg,c3_p052_20240104_o09,data/data_58/pi3_14565_52_9_20240104134136.jpg,c4_p052_20240104_o09,data/data_58/pi4_14565_52_9_20240104134137.jpg
p053_20230929,53,20230929,13,0_S1,12,12,c1_p053_20230929_o12,data/data_6/pi1_01608_53_12_20230929133641.jpg,c2_p053_20230929_o12,data/data_6/pi2_01608_53_12_20230929133658.jpg,c3_p053_20230929_o12,data/data_6/pi3_01608_53_12_20230929133716.jpg,c4_p053_20230929_o12,data/data_6/pi4_01608_53_12_20230929133730.jpg
p053_20231004,53,20231004,13,0_S1,12,5,c1_p053_20231004_o05,data/data_7/pi1_01841_53_5_20231004091946.jpg,c2_p053_20231004_o05,data/data_7/pi2_01841_53_5_20231004091933.jpg,c3_p053_20231004_o05,data/data_7/pi3_01841_53_5_20231004091919.jpg,c4_p053_20231004_o05,data/data_7/pi4_01841_53_5_20231004091848.jpg
p053_20231011,53,20231011,15,0_S1,12,8,c1_p053_20231011_o08,data/data_11/pi1_02816_53_8_20231011081619.jpg,c2_p053_20231011_o08,data/data_11/pi2_02816_53_8_20231011081638.jpg,c3_p053_20231011_o08,data/data_11/pi3_02816_53_8_20231011081657.jpg,c4_p053_20231011_o08,data/data_11/pi4_02816_53_8_20231011081711.jpg
p053_20231017,53,20231017,53,2_S5,12,9,c1_p053_20231017_o09,data/data_14/pi1_03537_53_9_20231017145237.jpg,c2_p053_20231017_o09,data/data_14/pi2_03537_53_9_20231017145237.jpg,c3_p053_20231017_o09,data/data_14/pi3_03537_53_9_20231017145238.jpg,c4_p053_20231017_o09,data/data_14/pi4_03537_53_9_20231017145237.jpg
p053_20231019,53,20231019,54,2_S5,12,12,c1_p053_20231019_o12,data/data_16/pi1_04020_53_12_20231019135119.jpg,c2_p053_20231019_o12,data/data_16/pi2_04020_53_12_20231019135118.jpg,c3_p053_20231019_o12,data/data_16/pi3_04020_53_12_20231019135119.jpg,c4_p053_20231019_o12,data/data_16/pi4_04020_53_12_20231019135119.jpg
p053_20231023,53,20231023,60,3_S6,12,3,c1_p053_20231023_o03,data/data_18/pi1_04731_53_3_20231023113748.jpg,c2_p053_20231023_o03,data/data_18/pi2_04731_53_3_20231023113748.jpg,c3_p053_20231023_o03,data/data_18/pi3_04731_53_3_20231023113749.jpg,c4_p053_20231023_o03,data/data_18/pi4_04731_53_3_20231023113749.jpg
p053_20231027,53,20231027,63,3_S6,12,6,c1_p053_20231027_o06,data/data_21/pi1_05454_53_6_20231027133532.jpg,c2_p053_20231027_o06,data/data_21/pi2_05454_53_6_20231027133532.jpg,c3_p053_20231027_o06,data/data_21/pi3_05454_53_6_20231027133532.jpg,c4_p053_20231027_o06,data/data_21/pi4_05454_53_6_20231027133532.jpg
p053_20231101,53,20231101,65,3_S6,12,1,c1_p053_20231101_o01,data/data_24/pi1_06169_53_1_20231101104947.jpg,c2_p053_20231101_o01,data/data_24/pi2_06169_53_1_20231101104948.jpg,c3_p053_20231101_o01,data/data_24/pi3_06169_53_1_20231101104948.jpg,c4_p053_20231101_o01,data/data_24/pi4_06169_53_1_20231101104948.jpg
p053_20231106,53,20231106,67,3_S6,12,2,c1_p053_20231106_o02,data/data_27/pi1_06890_53_2_20231106150017.jpg,c2_p053_20231106_o02,data/data_27/pi2_06890_53_2_20231106150017.jpg,c3_p053_20231106_o02,data/data_27/pi3_06890_53_2_20231106150018.jpg,c4_p053_20231106_o02,data/data_27/pi4_06890_53_2_20231106150019.jpg
p053_20231109,53,20231109,70,4_S7,12,8,c1_p053_20231109_o08,data/data_30/pi1_07616_53_8_20231109133317.jpg,c2_p053_20231109_o08,data/data_30/pi2_07616_53_8_20231109133317.jpg,c3_p053_20231109_o08,data/data_30/pi3_07616_53_8_20231109133318.jpg,c4_p053_20231109_o08,data/data_30/pi4_07616_53_8_20231109133318.jpg
p053_20231120,53,20231120,72,4_S7,12,9,c1_p053_20231120_o09,data/data_33/pi1_08337_53_9_20231120145640.jpg,c2_p053_20231120_o09,data/data_33/pi2_08337_53_9_20231120145641.jpg,c3_p053_20231120_o09,data/data_33/pi3_08337_53_9_20231120145642.jpg,c4_p053_20231120_o09,data/data_33/pi4_08337_53_9_20231120145641.jpg
p053_20231127,53,20231127,74,4_S7,12,7,c1_p053_20231127_o07,data/data_37/pi1_09295_53_7_20231127152116.jpg,c2_p053_20231127_o07,data/data_37/pi2_09295_53_7_20231127152117.jpg,c3_p053_20231127_o07,data/data_37/pi3_09295_53_7_20231127152117.jpg,c4_p053_20231127_o07,data/data_37/pi4_09295_53_7_20231127152118.jpg
p053_20231130,53,20231130,75,4_S7,12,10,c1_p053_20231130_o10,data/data_41/pi1_10258_53_10_20231130135432.jpg,c2_p053_20231130_o10,data/data_41/pi2_10258_53_10_20231130135433.jpg,c3_p053_20231130_o10,data/data_41/pi3_10258_53_10_20231130135433.jpg,c4_p053_20231130_o10,data/data_41/pi4_10258_53_10_20231130135434.jpg
p053_20231204,53,20231204,76,4_S7,12,9,c1_p053_20231204_o09,data/data_43/pi1_10977_53_9_20231204153333.jpg,c2_p053_20231204_o09,data/data_43/pi2_10977_53_9_20231204153333.jpg,c3_p053_20231204_o09,data/data_43/pi3_10977_53_9_20231204153334.jpg,c4_p053_20231204_o09,data/data_43/pi4_10977_53_9_20231204153333.jpg
p053_20231211,53,20231211,78,4_S7,12,11,c1_p053_20231211_o11,data/data_47/pi1_11939_53_11_20231211140822.jpg,c2_p053_20231211_o11,data/data_47/pi2_11939_53_11_20231211140822.jpg,c3_p053_20231211_o11,data/data_47/pi3_11939_53_11_20231211140822.jpg,c4_p053_20231211_o11,data/data_47/pi4_11939_53_11_20231211140823.jpg
p053_20231214,53,20231214,80,5_S8,12,6,c1_p053_20231214_o06,data/data_50/pi1_12654_53_6_20231214152548.jpg,c2_p053_20231214_o06,data/data_50/pi2_12654_53_6_20231214152548.jpg,c3_p053_20231214_o06,data/data_50/pi3_12654_53_6_20231214152548.jpg,c4_p053_20231214_o06,data/data_50/pi4_12654_53_6_20231214152548.jpg
p053_20231218,53,20231218,81,5_S8,12,1,c1_p053_20231218_o01,data/data_52/pi1_13129_53_1_20231218141518.jpg,c2_p053_20231218_o01,data/data_52/pi2_13129_53_1_20231218141518.jpg,c3_p053_20231218_o01,data/data_52/pi3_13129_53_1_20231218141518.jpg,c4_p053_20231218_o01,data/data_52/pi4_13129_53_1_20231218141519.jpg
p053_20231227,53,20231227,79,4_S7,12,11,c1_p053_20231227_o11,data/data_55/pi1_13859_53_11_20231227132530.jpg,c2_p053_20231227_o11,data/data_55/pi2_13859_53_11_20231227132530.jpg,c3_p053_20231227_o11,data/data_55/pi3_13859_53_11_20231227132531.jpg,c4_p053_20231227_o11,data/data_55/pi4_13859_53_11_20231227132531.jpg
p053_20240104,53,20240104,79,4_S7,12,12,c1_p053_20240104_o12,data/data_58/pi1_14580_53_12_20240104134544.jpg,c2_p053_20240104_o12,data/data_58/pi2_14580_53_12_20240104134543.jpg,c3_p053_20240104_o12,data/data_58/pi3_14580_53_12_20240104134544.jpg,c4_p053_20240104_o12,data/data_58/pi4_14580_53_12_20240104134544.jpg
p054_20230929,54,20230929,13,0_S1,12,2,c1_p054_20230929_o02,data/data_6/pi1_01610_54_2_20230929133641.jpg,c2_p054_20230929_o02,data/data_6/pi2_01610_54_2_20230929133658.jpg,c3_p054_20230929_o02,data/data_6/pi3_01610_54_2_20230929133716.jpg,c4_p054_20230929_o02,data/data_6/pi4_01610_54_2_20230929133730.jpg
p054_20231004,54,20231004,13,0_S1,12,11,c1_p054_20231004_o11,data/data_7/pi1_01859_54_11_20231004091946.jpg,c2_p054_20231004_o11,data/data_7/pi2_01859_54_11_20231004091933.jpg,c3_p054_20231004_o11,data/data_7/pi3_01859_54_11_20231004091919.jpg,c4_p054_20231004_o11,data/data_7/pi4_01859_54_11_20231004091848.jpg
p054_20231011,54,20231011,14,0_S1,12,12,c1_p054_20231011_o12,data/data_11/pi1_02832_54_12_20231011081619.jpg,c2_p054_20231011_o12,data/data_11/pi2_02832_54_12_20231011081638.jpg,c3_p054_20231011_o12,data/data_11/pi3_02832_54_12_20231011081657.jpg,c4_p054_20231011_o12,data/data_11/pi4_02832_54_12_20231011081711.jpg
p054_20231017,54,20231017,53,2_S5,12,4,c1_p054_20231017_o04,data/data_14/pi1_03544_54_4_20231017145605.jpg,c2_p054_20231017_o04,data/data_14/pi2_03544_54_4_20231017145605.jpg,c3_p054_20231017_o04,data/data_14/pi3_03544_54_4_20231017145605.jpg,c4_p054_20231017_o04,data/data_14/pi4_03544_54_4_20231017145605.jpg
p054_20231019,54,20231019,53,2_S5,12,6,c1_p054_20231019_o06,data/data_16/pi1_04026_54_6_20231019135235.jpg,c2_p054_20231019_o06,data/data_16/pi2_04026_54_6_20231019135235.jpg,c3_p054_20231019_o06,data/data_16/pi3_04026_54_6_20231019135235.jpg,c4_p054_20231019_o06,data/data_16/pi4_04026_54_6_20231019135235.jpg
p054_20231023,54,20231023,60,3_S6,12,6,c1_p054_20231023_o06,data/data_18/pi1_04746_54_6_20231023114033.jpg,c2_p054_20231023_o06,data/data_18/pi2_04746_54_6_20231023114033.jpg,c3_p054_20231023_o06,data/data_18/pi3_04746_54_6_20231023114033.jpg,c4_p054_20231023_o06,data/data_18/pi4_04746_54_6_20231023114033.jpg
p054_20231027,54,20231027,65,3_S6,12,7,c1_p054_20231027_o07,data/data_21/pi1_05467_54_7_20231027133849.jpg,c2_p054_20231027_o07,data/data_21/pi2_05467_54_7_20231027133850.jpg,c3_p054_20231027_o07,data/data_21/pi3_05467_54_7_20231027133850.jpg,c4_p054_20231027_o07,data/data_21/pi4_05467_54_7_20231027133850.jpg
p054_20231101,54,20231101,65,3_S6,12,11,c1_p054_20231101_o11,data/data_24/pi1_06191_54_11_20231101105323.jpg,c2_p054_20231101_o11,data/data_24/pi2_06191_54_11_20231101105323.jpg,c3_p054_20231101_o11,data/data_24/pi3_06191_54_11_20231101105323.jpg,c4_p054_20231101_o11,data/data_24/pi4_06191_54_11_20231101105323.jpg
p054_20231106,54,20231106,68,3_S6,12,2,c1_p054_20231106_o02,data/data_27/pi1_06902_54_2_20231106150245.jpg,c2_p054_20231106_o02,data/data_27/pi2_06902_54_2_20231106150245.jpg,c3_p054_20231106_o02,data/data_27/pi3_06902_54_2_20231106150245.jpg,c4_p054_20231106_o02,data/data_27/pi4_06902_54_2_20231106150246.jpg
p054_20231109,54,20231109,70,4_S7,12,5,c1_p054_20231109_o05,data/data_30/pi1_07625_54_5_20231109133545.jpg,c2_p054_20231109_o05,data/data_30/pi2_07625_54_5_20231109133545.jpg,c3_p054_20231109_o05,data/data_30/pi3_07625_54_5_20231109133546.jpg,c4_p054_20231109_o05,data/data_30/pi4_07625_54_5_20231109133546.jpg
p054_20231120,54,20231120,71,4_S7,12,2,c1_p054_20231120_o02,data/data_33/pi1_08342_54_2_20231120145953.jpg,c2_p054_20231120_o02,data/data_33/pi2_08342_54_2_20231120145954.jpg,c3_p054_20231120_o02,data/data_33/pi3_08342_54_2_20231120145954.jpg,c4_p054_20231120_o02,data/data_33/pi4_08342_54_2_20231120145954.jpg
p054_20231127,54,20231127,73,4_S7,12,2,c1_p054_20231127_o02,data/data_37/pi1_09302_54_2_20231127152422.jpg,c2_p054_20231127_o02,data/data_37/pi2_09302_54_2_20231127152423.jpg,c3_p054_20231127_o02,data/data_37/pi3_09302_54_2_20231127152423.jpg,c4_p054_20231127_o02,data/data_37/pi4_09302_54_2_20231127152424.jpg
p054_20231130,54,20231130,75,4_S7,12,4,c1_p054_20231130_o04,data/data_41/pi1_10264_54_4_20231130135600.jpg,c2_p054_20231130_o04,data/data_41/pi2_10264_54_4_20231130135601.jpg,c3_p054_20231130_o04,data/data_41/pi3_10264_54_4_20231130135601.jpg,c4_p054_20231130_o04,data/data_41/pi4_10264_54_4_20231130135602.jpg
p054_20231204,54,20231204,78,4_S7,12,4,c1_p054_20231204_o04,data/data_43/pi1_10984_54_4_20231204153509.jpg,c2_p054_20231204_o04,data/data_43/pi2_10984_54_4_20231204153509.jpg,c3_p054_20231204_o04,data/data_43/pi3_10984_54_4_20231204153510.jpg,c4_p054_20231204_o04,data/data_43/pi4_10984_54_4_20231204153509.jpg
p054_20231211,54,20231211,79,4_S7,12,4,c1_p054_20231211_o04,data/data_47/pi1_11944_54_4_20231211141215.jpg,c2_p054_20231211_o04,data/data_47/pi2_11944_54_4_20231211141215.jpg,c3_p054_20231211_o04,data/data_47/pi3_11944_54_4_20231211141215.jpg,c4_p054_20231211_o04,data/data_47/pi4_11944_54_4_20231211141216.jpg
p054_20231214,54,20231214,79,4_S7,12,11,c1_p054_20231214_o11,data/data_50/pi1_12671_54_11_20231214152843.jpg,c2_p054_20231214_o11,data/data_50/pi2_12671_54_11_20231214152843.jpg,c3_p054_20231214_o11,data/data_50/pi3_12671_54_11_20231214152844.jpg,c4_p054_20231214_o11,data/data_50/pi4_12671_54_11_20231214152844.jpg
p054_20231218,54,20231218,79,4_S7,12,7,c1_p054_20231218_o07,data/data_52/pi1_13147_54_7_20231218142202.jpg,c2_p054_20231218_o07,data/data_52/pi2_13147_54_7_20231218142202.jpg,c3_p054_20231218_o07,data/data_52/pi3_13147_54_7_20231218142202.jpg,c4_p054_20231218_o07,data/data_52/pi4_13147_54_7_20231218142202.jpg
p054_20231227,54,20231227,79,4_S7,12,3,c1_p054_20231227_o03,data/data_55/pi1_13863_54_3_20231227132724.jpg,c2_p054_20231227_o03,data/data_55/pi2_13863_54_3_20231227132724.jpg,c3_p054_20231227_o03,data/data_55/pi3_13863_54_3_20231227132725.jpg,c4_p054_20231227_o03,data/data_55/pi4_13863_54_3_20231227132725.jpg
p054_20240104,54,20240104,82,5_S8,12,8,c1_p054_20240104_o08,data/data_58/pi1_14588_54_8_20240104134751.jpg,c2_p054_20240104_o08,data/data_58/pi2_14588_54_8_20240104134751.jpg,c3_p054_20240104_o08,data/data_58/pi3_14588_54_8_20240104134751.jpg,c4_p054_20240104_o08,data/data_58/pi4_14588_54_8_20240104134752.jpg
p055_20230929,55,20230929,13,0_S1,12,5,c1_p055_20230929_o05,data/data_6/pi1_01625_55_5_20230929133641.jpg,c2_p055_20230929_o05,data/data_6/pi2_01625_55_5_20230929133658.jpg,c3_p055_20230929_o05,data/data_6/pi3_01625_55_5_20230929133716.jpg,c4_p055_20230929_o05,data/data_6/pi4_01625_55_5_20230929133730.jpg
p055_20231004,55,20231004,13,0_S1,12,5,c1_p055_20231004_o05,data/data_7/pi1_01865_55_5_20231004091946.jpg,c2_p055_20231004_o05,data/data_7/pi2_01865_55_5_20231004091933.jpg,c3_p055_20231004_o05,data/data_7/pi3_01865_55_5_20231004091919.jpg,c4_p055_20231004_o05,data/data_7/pi4_01865_55_5_20231004091848.jpg
p055_20231011,55,20231011,14,0_S1,12,9,c1_p055_20231011_o09,data/data_11/pi1_02841_55_9_20231011081619.jpg,c2_p055_20231011_o09,data/data_11/pi2_02841_55_9_20231011081638.jpg,c3_p055_20231011_o09,data/data_11/pi3_02841_55_9_20231011081657.jpg,c4_p055_20231011_o09,data/data_11/pi4_02841_55_9_20231011081711.jpg
p055_20231017,55,20231017,20,1_S2,12,12,c1_p055_20231017_o12,data/data_14/pi1_03564_55_12_20231017145843.jpg,c2_p055_20231017_o12,data/data_14/pi2_03564_55_12_20231017145843.jpg,c3_p055_20231017_o12,data/data_14/pi3_03564_55_12_20231017145844.jpg,c4_p055_20231017_o12,data/data_14/pi4_03564_55_12_20231017145843.jpg
p055_20231019,55,20231019,54,2_S5,12,2,c1_p055_20231019_o02,data/data_16/pi1_04034_55_2_20231019135359.jpg,c2_p055_20231019_o02,data/data_16/pi2_04034_55_2_20231019135358.jpg,c3_p055_20231019_o02,data/data_16/pi3_04034_55_2_20231019135359.jpg,c4_p055_20231019_o02,data/data_16/pi4_04034_55_2_20231019135359.jpg
p055_20231023,55,20231023,55,2_S5,12,3,c1_p055_20231023_o03,data/data_19/pi1_04755_55_3_20231023114205.jpg,c2_p055_20231023_o03,data/data_19/pi2_04755_55_3_20231023114205.jpg,c3_p055_20231023_o03,data/data_19/pi3_04755_55_3_20231023114205.jpg,c4_p055_20231023_o03,data/data_19/pi4_04755_55_3_20231023114205.jpg
p055_20231027,55,20231027,60,3_S6,12,4,c1_p055_20231027_o04,data/data_21/pi1_05476_55_4_20231027134028.jpg,c2_p055_20231027_o04,data/data_21/pi2_05476_55_4_20231027134029.jpg,c3_p055_20231027_o04,data/data_21/pi3_05476_55_4_20231027134029.jpg,c4_p055_20231027_o04,data/data_21/pi4_05476_55_4_20231027134029.jpg
p055_20231101,55,20231101,63,3_S6,12,4,c1_p055_20231101_o04,data/data_24/pi1_06196_55_4_20231101105438.jpg,c2_p055_20231101_o04,data/data_24/pi2_06196_55_4_20231101105439.jpg,c3_p055_20231101_o04,data/data_24/pi3_06196_55_4_20231101105439.jpg,c4_p055_20231101_o04,data/data_24/pi4_06196_55_4_20231101105438.jpg
p055_20231106,55,20231106,67,3_S6,12,5,c1_p055_20231106_o05,data/data_27/pi1_06917_55_5_20231106150452.jpg,c2_p055_20231106_o05,data/data_27/pi2_06917_55_5_20231106150452.jpg,c3_p055_20231106_o05,data/data_27/pi3_06917_55_5_20231106150453.jpg,c4_p055_20231106_o05,data/data_27/pi4_06917_55_5_20231106150453.jpg
p055_20231109,55,20231109,69,3_S6,12,4,c1_p055_20231109_o04,data/data_30/pi1_07636_55_4_20231109133816.jpg,c2_p055_20231109_o04,data/data_30/pi2_07636_55_4_20231109133815.jpg,c3_p055_20231109_o04,data/data_30/pi3_07636_55_4_20231109133817.jpg,c4_p055_20231109_o04,data/data_30/pi4_07636_55_4_20231109133817.jpg
p055_20231120,55,20231120,71,4_S7,12,4,c1_p055_20231120_o04,data/data_33/pi1_08356_55_4_20231120150246.jpg,c2_p055_20231120_o04,data/data_33/pi2_08356_55_4_20231120150246.jpg,c3_p055_20231120_o04,data/data_33/pi3_08356_55_4_20231120150247.jpg,c4_p055_20231120_o04,data/data_33/pi4_08356_55_4_20231120150246.jpg
p055_20231127,55,20231127,72,4_S7,12,9,c1_p055_20231127_o09,data/data_37/pi1_09321_55_9_20231127152701.jpg,c2_p055_20231127_o09,data/data_37/pi2_09321_55_9_20231127152702.jpg,c3_p055_20231127_o09,data/data_37/pi3_09321_55_9_20231127152702.jpg,c4_p055_20231127_o09,data/data_37/pi4_09321_55_9_20231127152703.jpg
p055_20231130,55,20231130,75,4_S7,12,8,c1_p055_20231130_o08,data/data_41/pi1_10280_55_8_20231130135824.jpg,c2_p055_20231130_o08,data/data_41/pi2_10280_55_8_20231130135825.jpg,c3_p055_20231130_o08,data/data_41/pi3_10280_55_8_20231130135825.jpg,c4_p055_20231130_o08,data/data_41/pi4_10280_55_8_20231130135826.jpg
p055_20231204,55,20231204,76,4_S7,12,11,c1_p055_20231204_o11,data/data_44/pi1_11003_55_11_20231204153756.jpg,c2_p055_20231204_o11,data/data_44/pi2_11003_55_11_20231204153756.jpg,c3_p055_20231204_o11,data/data_44/pi3_11003_55_11_20231204153757.jpg,c4_p055_20231204_o11,data/data_44/pi4_11003_55_11_20231204153757.jpg
p055_20231211,55,20231211,77,4_S7,12,4,c1_p055_20231211_o04,data/data_47/pi1_11956_55_4_20231211141418.jpg,c2_p055_20231211_o04,data/data_47/pi2_11956_55_4_20231211141418.jpg,c3_p055_20231211_o04,data/data_47/pi3_11956_55_4_20231211141418.jpg,c4_p055_20231211_o04,data/data_47/pi4_11956_55_4_20231211141418.jpg
p055_20231214,55,20231214,78,4_S7,12,5,c1_p055_20231214_o05,data/data_50/pi1_12677_55_5_20231214153045.jpg,c2_p055_20231214_o05,data/data_50/pi2_12677_55_5_20231214153045.jpg,c3_p055_20231214_o05,data/data_50/pi3_12677_55_5_20231214153045.jpg,c4_p055_20231214_o05,data/data_50/pi4_12677_55_5_20231214153045.jpg
p055_20231218,55,20231218,79,4_S7,12,7,c1_p055_20231218_o07,data/data_52/pi1_13159_55_7_20231218142427.jpg,c2_p055_20231218_o07,data/data_52/pi2_13159_55_7_20231218142427.jpg,c3_p055_20231218_o07,data/data_52/pi3_13159_55_7_20231218142427.jpg,c4_p055_20231218_o07,data/data_52/pi4_13159_55_7_20231218142428.jpg
p055_20231227,55,20231227,79,4_S7,12,4,c1_p055_20231227_o04,data/data_55/pi1_13876_55_4_20231227133117.jpg,c2_p055_20231227_o04,data/data_55/pi2_13876_55_4_20231227133117.jpg,c3_p055_20231227_o04,data/data_55/pi3_13876_55_4_20231227133118.jpg,c4_p055_20231227_o04,data/data_55/pi4_13876_55_4_20231227133118.jpg
p055_20240104,55,20240104,80,5_S8,12,11,c1_p055_20240104_o11,data/data_58/pi1_14603_55_11_20240104135158.jpg,c2_p055_20240104_o11,data/data_58/pi2_14603_55_11_20240104135158.jpg,c3_p055_20240104_o11,data/data_58/pi3_14603_55_11_20240104135159.jpg,c4_p055_20240104_o11,data/data_58/pi4_14603_55_11_20240104135159.jpg
p056_20230929,56,20230929,13,0_S1,12,9,c1_p056_20230929_o09,data/data_6/pi1_01641_56_9_20230929133641.jpg,c2_p056_20230929_o09,data/data_6/pi2_01641_56_9_20230929133658.jpg,c3_p056_20230929_o09,data/data_6/pi3_01641_56_9_20230929133716.jpg,c4_p056_20230929_o09,data/data_6/pi4_01641_56_9_20230929133730.jpg
p056_20231004,56,20231004,13,0_S1,12,8,c1_p056_20231004_o08,data/data_7/pi1_01880_56_8_20231004091946.jpg,c2_p056_20231004_o08,data/data_7/pi2_01880_56_8_20231004091933.jpg,c3_p056_20231004_o08,data/data_7/pi3_01880_56_8_20231004091919.jpg,c4_p056_20231004_o08,data/data_7/pi4_01880_56_8_20231004091848.jpg
p056_20231011,56,20231011,14,0_S1,12,7,c1_p056_20231011_o07,data/data_11/pi1_02851_56_7_20231011081619.jpg,c2_p056_20231011_o07,data/data_11/pi2_02851_56_7_20231011081638.jpg,c3_p056_20231011_o07,data/data_11/pi3_02851_56_7_20231011081657.jpg,c4_p056_20231011_o07,data/data_11/pi4_02851_56_7_20231011081711.jpg
p056_20231017,56,20231017,15,0_S1,12,9,c1_p056_20231017_o09,data/data_14/pi1_03573_56_9_20231017150221.jpg,c2_p056_20231017_o09,data/data_14/pi2_03573_56_9_20231017150222.jpg,c3_p056_20231017_o09,data/data_14/pi3_03573_56_9_20231017150222.jpg,c4_p056_20231017_o09,data/data_14/pi4_03573_56_9_20231017150222.jpg
p056_20231019,56,20231019,16,0_S1,12,11,c1_p056_20231019_o11,data/data_16/pi1_04055_56_11_20231019135734.jpg,c2_p056_20231019_o11,data/data_16/pi2_04055_56_11_20231019135734.jpg,c3_p056_20231019_o11,data/data_16/pi3_04055_56_11_20231019135734.jpg,c4_p056_20231019_o11,data/data_16/pi4_04055_56_11_20231019135734.jpg
p056_20231023,56,20231023,20,1_S2,12,12,c1_p056_20231023_o12,data/data_19/pi1_04776_56_12_20231023114732.jpg,c2_p056_20231023_o12,data/data_19/pi2_04776_56_12_20231023114732.jpg,c3_p056_20231023_o12,data/data_19/pi3_04776_56_12_20231023114732.jpg,c4_p056_20231023_o12,data/data_19/pi4_04776_56_12_20231023114732.jpg
p056_20231027,56,20231027,55,2_S5,12,11,c1_p056_20231027_o11,data/data_21/pi1_05495_56_11_20231027134331.jpg,c2_p056_20231027_o11,data/data_21/pi2_05495_56_11_20231027134331.jpg,c3_p056_20231027_o11,data/data_21/pi3_05495_56_11_20231027134331.jpg,c4_p056_20231027_o11,data/data_21/pi4_05495_56_11_20231027134331.jpg
p056_20231101,56,20231101,56,2_S5,12,9,c1_p056_20231101_o09,data/data_24/pi1_06213_56_9_20231101105726.jpg,c2_p056_20231101_o09,data/data_24/pi2_06213_56_9_20231101105726.jpg,c3_p056_20231101_o09,data/data_24/pi3_06213_56_9_20231101105727.jpg,c4_p056_20231101_o09,data/data_24/pi4_06213_56_9_20231101105726.jpg
p056_20231106,56,20231106,65,3_S6,12,8,c1_p056_20231106_o08,data/data_27/pi1_06932_56_8_20231106150739.jpg,c2_p056_20231106_o08,data/data_27/pi2_06932_56_8_20231106150740.jpg,c3_p056_20231106_o08,data/data_27/pi3_06932_56_8_20231106150740.jpg,c4_p056_20231106_o08,data/data_27/pi4_06932_56_8_20231106150741.jpg
p056_20231109,56,20231109,67,3_S6,12,5,c1_p056_20231109_o05,data/data_30/pi1_07649_56_5_20231109134112.jpg,c2_p056_20231109_o05,data/data_30/pi2_07649_56_5_20231109134111.jpg,c3_p056_20231109_o05,data/data_30/pi3_07649_56_5_20231109134113.jpg,c4_p056_20231109_o05,data/data_30/pi4_07649_56_5_20231109134113.jpg
p056_20231120,56,20231120,70,4_S7,12,7,c1_p056_20231120_o07,data/data_33/pi1_08371_56_7_20231120150539.jpg,c2_p056_20231120_o07,data/data_33/pi2_08371_56_7_20231120150539.jpg,c3_p056_20231120_o07,data/data_33/pi3_08371_56_7_20231120150540.jpg,c4_p056_20231120_o07,data/data_33/pi4_08371_56_7_20231120150539.jpg
p056_20231127,56,20231127,72,4_S7,12,7,c1_p056_20231127_o07,data/data_37/pi1_09331_56_7_20231127152858.jpg,c2_p056_20231127_o07,data/data_37/pi2_09331_56_7_20231127152859.jpg,c3_p056_20231127_o07,data/data_37/pi3_09331_56_7_20231127152859.jpg,c4_p056_20231127_o07,data/data_37/pi4_09331_56_7_20231127152900.jpg
p056_20231130,56,20231130,73,4_S7,12,6,c1_p056_20231130_o06,data/data_41/pi1_10290_56_6_20231130140008.jpg,c2_p056_20231130_o06,data/data_41/pi2_10290_56_6_20231130140009.jpg,c3_p056_20231130_o06,data/data_41/pi3_10290_56_6_20231130140009.jpg,c4_p056_20231130_o06,data/data_41/pi4_10290_56_6_20231130140010.jpg
p056_20231204,56,20231204,74,4_S7,12,10,c1_p056_20231204_o10,data/data_44/pi1_11014_56_10_20231204153949.jpg,c2_p056_20231204_o10,data/data_44/pi2_11014_56_10_20231204153949.jpg,c3_p056_20231204_o10,data/data_44/pi3_11014_56_10_20231204153950.jpg,c4_p056_20231204_o10,data/data_44/pi4_11014_56_10_20231204153950.jpg
p056_20231211,56,20231211,76,4_S7,12,2,c1_p056_20231211_o02,data/data_47/pi1_11966_56_2_20231211142040.jpg,c2_p056_20231211_o02,data/data_47/pi2_11966_56_2_20231211142040.jpg,c3_p056_20231211_o02,data/data_47/pi3_11966_56_2_20231211142040.jpg,c4_p056_20231211_o02,data/data_47/pi4_11966_56_2_20231211142041.jpg
p056_20231214,56,20231214,78,4_S7,12,4,c1_p056_20231214_o04,data/data_50/pi1_12688_56_4_20231214153333.jpg,c2_p056_20231214_o04,data/data_50/pi2_12688_56_4_20231214153333.jpg,c3_p056_20231214_o04,data/data_50/pi3_12688_56_4_20231214153333.jpg,c4_p056_20231214_o04,data/data_50/pi4_12688_56_4_20231214153334.jpg
p056_20231218,56,20231218,80,5_S8,12,5,c1_p056_20231218_o05,data/data_52/pi1_13169_56_5_20231218142656.jpg,c2_p056_20231218_o05,data/data_52/pi2_13169_56_5_20231218142657.jpg,c3_p056_20231218_o05,data/data_52/pi3_13169_56_5_20231218142656.jpg,c4_p056_20231218_o05,data/data_52/pi4_13169_56_5_20231218142657.jpg
p056_20231227,56,20231227,82,5_S8,12,2,c1_p056_20231227_o02,data/data_55/pi1_13886_56_2_20231227133411.jpg,c2_p056_20231227_o02,data/data_55/pi2_13886_56_2_20231227133411.jpg,c3_p056_20231227_o02,data/data_55/pi3_13886_56_2_20231227133411.jpg,c4_p056_20231227_o02,data/data_55/pi4_13886_56_2_20231227133411.jpg
p056_20240104,56,20240104,83,5_S8,12,7,c1_p056_20240104_o07,data/data_58/pi1_14611_56_7_20240104135808.jpg,c2_p056_20240104_o07,data/data_58/pi2_14611_56_7_20240104135807.jpg,c3_p056_20240104_o07,data/data_58/pi3_14611_56_7_20240104135808.jpg,c4_p056_20240104_o07,data/data_58/pi4_14611_56_7_20240104135809.jpg
p057_20230929,57,20230929,13,0_S1,12,10,c1_p057_20230929_o10,data/data_6/pi1_01654_57_10_20230929133641.jpg,c2_p057_20230929_o10,data/data_6/pi2_01654_57_10_20230929133658.jpg,c3_p057_20230929_o10,data/data_6/pi3_01654_57_10_20230929133716.jpg,c4_p057_20230929_o10,data/data_6/pi4_01654_57_10_20230929133730.jpg
p057_20231004,57,20231004,13,0_S1,12,8,c1_p057_20231004_o08,data/data_7/pi1_01892_57_8_20231004091946.jpg,c2_p057_20231004_o08,data/data_7/pi2_01892_57_8_20231004091933.jpg,c3_p057_20231004_o08,data/data_7/pi3_01892_57_8_20231004091919.jpg,c4_p057_20231004_o08,data/data_7/pi4_01892_57_8_20231004091848.jpg
p057_20231011,57,20231011,21,1_S2,12,5,c1_p057_20231011_o05,data/data_11/pi1_02861_57_5_20231011081619.jpg,c2_p057_20231011_o05,data/data_11/pi2_02861_57_5_20231011081638.jpg,c3_p057_20231011_o05,data/data_11/pi3_02861_57_5_20231011081657.jpg,c4_p057_20231011_o05,data/data_11/pi4_02861_57_5_20231011081711.jpg
p057_20231017,57,20231017,60,3_S6,12,10,c1_p057_20231017_o10,data/data_14/pi1_03586_57_10_20231017150458.jpg,c2_p057_20231017_o10,data/data_14/pi2_03586_57_10_20231017150458.jpg,c3_p057_20231017_o10,data/data_14/pi3_03586_57_10_20231017150458.jpg,c4_p057_20231017_o10,data/data_14/pi4_03586_57_10_20231017150458.jpg
p057_20231019,57,20231019,61,3_S6,12,1,c1_p057_20231019_o01,data/data_16/pi1_04057_57_1_20231019135830.jpg,c2_p057_20231019_o01,data/data_16/pi2_04057_57_1_20231019135830.jpg,c3_p057_20231019_o01,data/data_16/pi3_04057_57_1_20231019135830.jpg,c4_p057_20231019_o01,data/data_16/pi4_04057_57_1_20231019135830.jpg
p057_20231023,57,20231023,64,3_S6,12,9,c1_p057_20231023_o09,data/data_19/pi1_04785_57_9_20231023114858.jpg,c2_p057_20231023_o09,data/data_19/pi2_04785_57_9_20231023114858.jpg,c3_p057_20231023_o09,data/data_19/pi3_04785_57_9_20231023114858.jpg,c4_p057_20231023_o09,data/data_19/pi4_04785_57_9_20231023114858.jpg
p057_20231027,57,20231027,65,3_S6,12,5,c1_p057_20231027_o05,data/data_22/pi1_05501_57_5_20231027134450.jpg,c2_p057_20231027_o05,data/data_22/pi2_05501_57_5_20231027134450.jpg,c3_p057_20231027_o05,data/data_22/pi3_05501_57_5_20231027134451.jpg,c4_p057_20231027_o05,data/data_22/pi4_05501_57_5_20231027134451.jpg
p057_20231101,57,20231101,67,3_S6,12,2,c1_p057_20231101_o02,data/data_24/pi1_06218_57_2_20231101105841.jpg,c2_p057_20231101_o02,data/data_24/pi2_06218_57_2_20231101105841.jpg,c3_p057_20231101_o02,data/data_24/pi3_06218_57_2_20231101105841.jpg,c4_p057_20231101_o02,data/data_24/pi4_06218_57_2_20231101105841.jpg
p057_20231106,57,20231106,70,4_S7,12,11,c1_p057_20231106_o11,data/data_27/pi1_06947_57_11_20231106150947.jpg,c2_p057_20231106_o11,data/data_27/pi2_06947_57_11_20231106150947.jpg,c3_p057_20231106_o11,data/data_27/pi3_06947_57_11_20231106150947.jpg,c4_p057_20231106_o11,data/data_27/pi4_06947_57_11_20231106150948.jpg
p057_20231109,57,20231109,71,4_S7,12,10,c1_p057_20231109_o10,data/data_30/pi1_07666_57_10_20231109134412.jpg,c2_p057_20231109_o10,data/data_30/pi2_07666_57_10_20231109134412.jpg,c3_p057_20231109_o10,data/data_30/pi3_07666_57_10_20231109134413.jpg,c4_p057_20231109_o10,data/data_30/pi4_07666_57_10_20231109134413.jpg
p057_20231120,57,20231120,73,4_S7,12,5,c1_p057_20231120_o05,data/data_33/pi1_08381_57_5_20231120150808.jpg,c2_p057_20231120_o05,data/data_33/pi2_08381_57_5_20231120150809.jpg,c3_p057_20231120_o05,data/data_33/pi3_08381_57_5_20231120150809.jpg,c4_p057_20231120_o05,data/data_33/pi4_08381_57_5_20231120150809.jpg
p057_20231127,57,20231127,75,4_S7,12,4,c1_p057_20231127_o04,data/data_37/pi1_09340_57_4_20231127153556.jpg,c2_p057_20231127_o04,data/data_37/pi2_09340_57_4_20231127153556.jpg,c3_p057_20231127_o04,data/data_37/pi3_09340_57_4_20231127153557.jpg,c4_p057_20231127_o04,data/data_37/pi4_09340_57_4_20231127153557.jpg
p057_20231130,57,20231130,77,4_S7,12,12,c1_p057_20231130_o12,data/data_41/pi1_10308_57_12_20231130140234.jpg,c2_p057_20231130_o12,data/data_41/pi2_10308_57_12_20231130140235.jpg,c3_p057_20231130_o12,data/data_41/pi3_10308_57_12_20231130140234.jpg,c4_p057_20231130_o12,data/data_41/pi4_10308_57_12_20231130140235.jpg
p057_20231204,57,20231204,78,4_S7,12,4,c1_p057_20231204_o04,data/data_44/pi1_11020_57_4_20231204154236.jpg,c2_p057_20231204_o04,data/data_44/pi2_11020_57_4_20231204154236.jpg,c3_p057_20231204_o04,data/data_44/pi3_11020_57_4_20231204154237.jpg,c4_p057_20231204_o04,data/data_44/pi4_11020_57_4_20231204154237.jpg
p057_20231211,57,20231211,79,4_S7,12,11,c1_p057_20231211_o11,data/data_47/pi1_11987_57_11_20231211142458.jpg,c2_p057_20231211_o11,data/data_47/pi2_11987_57_11_20231211142458.jpg,c3_p057_20231211_o11,data/data_47/pi3_11987_57_11_20231211142458.jpg,c4_p057_20231211_o11,data/data_47/pi4_11987_57_11_20231211142458.jpg
p057_20231214,57,20231214,79,4_S7,12,3,c1_p057_20231214_o03,data/data_50/pi1_12699_57_3_20231214153533.jpg,c2_p057_20231214_o03,data/data_50/pi2_12699_57_3_20231214153534.jpg,c3_p057_20231214_o03,data/data_50/pi3_12699_57_3_20231214153534.jpg,c4_p057_20231214_o03,data/data_50/pi4_12699_57_3_20231214153534.jpg
p057_20231218,57,20231218,79,4_S7,12,8,c1_p057_20231218_o08,data/data_52/pi1_13184_57_8_20231218142917.jpg,c2_p057_20231218_o08,data/data_52/pi2_13184_57_8_20231218142917.jpg,c3_p057_20231218_o08,data/data_52/pi3_13184_57_8_20231218142917.jpg,c4_p057_20231218_o08,data/data_52/pi4_13184_57_8_20231218142918.jpg
p057_20231227,57,20231227,80,5_S8,12,2,c1_p057_20231227_o02,data/data_55/pi1_13898_57_2_20231227133625.jpg,c2_p057_20231227_o02,data/data_55/pi2_13898_57_2_20231227133625.jpg,c3_p057_20231227_o02,data/data_55/pi3_13898_57_2_20231227133625.jpg,c4_p057_20231227_o02,data/data_55/pi4_13898_57_2_20231227133625.jpg
p057_20240104,57,20240104,83,5_S8,12,6,c1_p057_20240104_o06,data/data_58/pi1_14622_57_6_20240104140218.jpg,c2_p057_20240104_o06,data/data_58/pi2_14622_57_6_20240104140217.jpg,c3_p057_20240104_o06,data/data_58/pi3_14622_57_6_20240104140218.jpg,c4_p057_20240104_o06,data/data_58/pi4_14622_57_6_20240104140218.jpg
p058_20230929,58,20230929,13,0_S1,12,2,c1_p058_20230929_o02,data/data_6/pi1_01658_58_2_20230929133641.jpg,c2_p058_20230929_o02,data/data_6/pi2_01658_58_2_20230929133658.jpg,c3_p058_20230929_o02,data/data_6/pi3_01658_58_2_20230929133716.jpg,c4_p058_20230929_o02,data/data_6/pi4_01658_58_2_20230929133730.jpg
p058_20231004,58,20231004,13,0_S1,12,4,c1_p058_20231004_o04,data/data_7/pi1_01900_58_4_20231004091946.jpg,c2_p058_20231004_o04,data/data_7/pi2_01900_58_4_20231004091933.jpg,c3_p058_20231004_o04,data/data_7/pi3_01900_58_4_20231004091919.jpg,c4_p058_20231004_o04,data/data_7/pi4_01900_58_4_20231004091848.jpg
p058_20231011,58,20231011,14,0_S1,12,4,c1_p058_20231011_o04,data/data_11/pi1_02872_58_4_20231011081619.jpg,c2_p058_20231011_o04,data/data_11/pi2_02872_58_4_20231011081638.jpg,c3_p058_20231011_o04,data/data_11/pi3_02872_58_4_20231011081657.jpg,c4_p058_20231011_o04,data/data_11/pi4_02872_58_4_20231011081711.jpg
p058_20231017,58,20231017,52,2_S5,12,11,c1_p058_20231017_o11,data/data_14/pi1_03599_58_11_20231017150749.jpg,c2_p058_20231017_o11,data/data_14/pi2_03599_58_11_20231017150749.jpg,c3_p058_20231017_o11,data/data_14/pi3_03599_58_11_20231017150750.jpg,c4_p058_20231017_o11,data/data_14/pi4_03599_58_11_20231017150749.jpg
p058_20231019,58,20231019,53,2_S5,12,6,c1_p058_20231019_o06,data/data_16/pi1_04074_58_6_20231019140102.jpg,c2_p058_20231019_o06,data/data_16/pi2_04074_58_6_20231019140102.jpg,c3_p058_20231019_o06,data/data_16/pi3_04074_58_6_20231019140103.jpg,c4_p058_20231019_o06,data/data_16/pi4_04074_58_6_20231019140102.jpg
p058_20231023,58,20231023,54,2_S5,12,5,c1_p058_20231023_o05,data/data_19/pi1_04793_58_5_20231023115055.jpg,c2_p058_20231023_o05,data/data_19/pi2_04793_58_5_20231023115056.jpg,c3_p058_20231023_o05,data/data_19/pi3_04793_58_5_20231023115056.jpg,c4_p058_20231023_o05,data/data_19/pi4_04793_58_5_20231023115056.jpg
p058_20231027,58,20231027,55,2_S5,12,4,c1_p058_20231027_o04,data/data_22/pi1_05512_58_4_20231027134726.jpg,c2_p058_20231027_o04,data/data_22/pi2_05512_58_4_20231027134726.jpg,c3_p058_20231027_o04,data/data_22/pi3_05512_58_4_20231027134726.jpg,c4_p058_20231027_o04,data/data_22/pi4_05512_58_4_20231027134726.jpg
p058_20231101,58,20231101,59,2_S5,12,11,c1_p058_20231101_o11,data/data_24/pi1_06239_58_11_20231101110206.jpg,c2_p058_20231101_o11,data/data_24/pi2_06239_58_11_20231101110206.jpg,c3_p058_20231101_o11,data/data_24/pi3_06239_58_11_20231101110206.jpg,c4_p058_20231101_o11,data/data_24/pi4_06239_58_11_20231101110206.jpg
p058_20231106,58,20231106,63,3_S6,12,6,c1_p058_20231106_o06,data/data_27/pi1_06954_58_6_20231106151126.jpg,c2_p058_20231106_o06,data/data_27/pi2_06954_58_6_20231106151126.jpg,c3_p058_20231106_o06,data/data_27/pi3_06954_58_6_20231106151127.jpg,c4_p058_20231106_o06,data/data_27/pi4_06954_58_6_20231106151127.jpg
p058_20231109,58,20231109,64,3_S6,12,3,c1_p058_20231109_o03,data/data_30/pi1_07671_58_3_20231109134613.jpg,c2_p058_20231109_o03,data/data_30/pi2_07671_58_3_20231109134612.jpg,c3_p058_20231109_o03,data/data_30/pi3_07671_58_3_20231109134613.jpg,c4_p058_20231109_o03,data/data_30/pi4_07671_58_3_20231109134613.jpg
p058_20231120,58,20231120,67,3_S6,12,2,c1_p058_20231120_o02,data/data_33/pi1_08390_58_2_20231120151205.jpg,c2_p058_20231120_o02,data/data_33/pi2_08390_58_2_20231120151205.jpg,c3_p058_20231120_o02,data/data_33/pi3_08390_58_2_20231120151206.jpg,c4_p058_20231120_o02,data/data_33/pi4_08390_58_2_20231120151205.jpg
p058_20231127,58,20231127,71,4_S7,12,4,c1_p058_20231127_o04,data/data_37/pi1_09352_58_4_20231127154226.jpg,c2_p058_20231127_o04,data/data_37/pi2_09352_58_4_20231127154227.jpg,c3_p058_20231127_o04,data/data_37/pi3_09352_58_4_20231127154227.jpg,c4_p058_20231127_o04,data/data_37/pi4_09352_58_4_20231127154228.jpg
p058_20231130,58,20231130,73,4_S7,12,6,c1_p058_20231130_o06,data/data_41/pi1_10314_58_6_20231130140354.jpg,c2_p058_20231130_o06,data/data_41/pi2_10314_58_6_20231130140355.jpg,c3_p058_20231130_o06,data/data_41/pi3_10314_58_6_20231130140354.jpg,c4_p058_20231130_o06,data/data_41/pi4_10314_58_6_20231130140355.jpg
p058_20231204,58,20231204,74,4_S7,12,5,c1_p058_20231204_o05,data/data_44/pi1_11033_58_5_20231204154512.jpg,c2_p058_20231204_o05,data/data_44/pi2_11033_58_5_20231204154512.jpg,c3_p058_20231204_o05,data/data_44/pi3_11033_58_5_20231204154513.jpg,c4_p058_20231204_o05,data/data_44/pi4_11033_58_5_20231204154513.jpg
p058_20231211,58,20231211,75,4_S7,12,10,c1_p058_20231211_o10,data/data_47/pi1_11998_58_10_20231211142827.jpg,c2_p058_20231211_o10,data/data_47/pi2_11998_58_10_20231211142827.jpg,c3_p058_20231211_o10,data/data_47/pi3_11998_58_10_20231211142828.jpg,c4_p058_20231211_o10,data/data_47/pi4_11998_58_10_20231211142828.jpg
p058_20231214,58,20231214,76,4_S7,12,7,c1_p058_20231214_o07,data/data_50/pi1_12715_58_7_20231214153837.jpg,c2_p058_20231214_o07,data/data_50/pi2_12715_58_7_20231214153838.jpg,c3_p058_20231214_o07,data/data_50/pi3_12715_58_7_20231214153838.jpg,c4_p058_20231214_o07,data/data_50/pi4_12715_58_7_20231214153838.jpg
p058_20231218,58,20231218,78,4_S7,12,2,c1_p058_20231218_o02,data/data_52/pi1_13190_58_2_20231218143139.jpg,c2_p058_20231218_o02,data/data_52/pi2_13190_58_2_20231218143139.jpg,c3_p058_20231218_o02,data/data_52/pi3_13190_58_2_20231218143139.jpg,c4_p058_20231218_o02,data/data_52/pi4_13190_58_2_20231218143140.jpg
p058_20231227,58,20231227,79,4_S7,12,11,c1_p058_20231227_o11,data/data_55/pi1_13919_58_11_20231227134033.jpg,c2_p058_20231227_o11,data/data_55/pi2_13919_58_11_20231227134033.jpg,c3_p058_20231227_o11,data/data_55/pi3_13919_58_11_20231227134034.jpg,c4_p058_20231227_o11,data/data_55/pi4_13919_58_11_20231227134034.jpg
p058_20240104,58,20240104,81,5_S8,12,9,c1_p058_20240104_o09,data/data_58/pi1_14637_58_9_20240104140542.jpg,c2_p058_20240104_o09,data/data_58/pi2_14637_58_9_20240104140541.jpg,c3_p058_20240104_o09,data/data_58/pi3_14637_58_9_20240104140542.jpg,c4_p058_20240104_o09,data/data_58/pi4_14637_58_9_20240104140542.jpg
p059_20230929,59,20230929,13,0_S1,12,8,c1_p059_20230929_o08,data/data_6/pi1_01676_59_8_20230929133641.jpg,c2_p059_20230929_o08,data/data_6/pi2_01676_59_8_20230929133658.jpg,c3_p059_20230929_o08,data/data_6/pi3_01676_59_8_20230929133716.jpg,c4_p059_20230929_o08,data/data_6/pi4_01676_59_8_20230929133730.jpg
p059_20231004,59,20231004,13,0_S1,12,6,c1_p059_20231004_o06,data/data_7/pi1_01914_59_6_20231004091946.jpg,c2_p059_20231004_o06,data/data_7/pi2_01914_59_6_20231004091933.jpg,c3_p059_20231004_o06,data/data_7/pi3_01914_59_6_20231004091919.jpg,c4_p059_20231004_o06,data/data_7/pi4_01914_59_6_20231004091848.jpg
p059_20231011,59,20231011,15,0_S1,12,3,c1_p059_20231011_o03,data/data_11/pi1_02883_59_3_20231011081619.jpg,c2_p059_20231011_o03,data/data_11/pi2_02883_59_3_20231011081638.jpg,c3_p059_20231011_o03,data/data_11/pi3_02883_59_3_20231011081657.jpg,c4_p059_20231011_o03,data/data_11/pi4_02883_59_3_20231011081711.jpg
p059_20231017,59,20231017,53,2_S5,12,11,c1_p059_20231017_o11,data/data_14/pi1_03611_59_11_20231017150924.jpg,c2_p059_20231017_o11,data/data_14/pi2_03611_59_11_20231017150924.jpg,c3_p059_20231017_o11,data/data_14/pi3_03611_59_11_20231017150924.jpg,c4_p059_20231017_o11,data/data_14/pi4_03611_59_11_20231017150924.jpg
p059_20231019,59,20231019,60,3_S6,12,12,c1_p059_20231019_o12,data/data_16/pi1_04092_59_12_20231019140422.jpg,c2_p059_20231019_o12,data/data_16/pi2_04092_59_12_20231019140421.jpg,c3_p059_20231019_o12,data/data_16/pi3_04092_59_12_20231019140422.jpg,c4_p059_20231019_o12,data/data_16/pi4_04092_59_12_20231019140422.jpg
p059_20231023,59,20231023,64,3_S6,12,5,c1_p059_20231023_o05,data/data_19/pi1_04805_59_5_20231023115244.jpg,c2_p059_20231023_o05,data/data_19/pi2_04805_59_5_20231023115244.jpg,c3_p059_20231023_o05,data/data_19/pi3_04805_59_5_20231023115244.jpg,c4_p059_20231023_o05,data/data_19/pi4_04805_59_5_20231023115244.jpg
p059_20231027,59,20231027,62,3_S6,12,2,c1_p059_20231027_o02,data/data_22/pi1_05522_59_2_20231027135152.jpg,c2_p059_20231027_o02,data/data_22/pi2_05522_59_2_20231027135152.jpg,c3_p059_20231027_o02,data/data_22/pi3_05522_59_2_20231027135152.jpg,c4_p059_20231027_o02,data/data_22/pi4_05522_59_2_20231027135152.jpg
p059_20231101,59,20231101,65,3_S6,12,8,c1_p059_20231101_o08,data/data_24/pi1_06248_59_8_20231101110400.jpg,c2_p059_20231101_o08,data/data_24/pi2_06248_59_8_20231101110401.jpg,c3_p059_20231101_o08,data/data_24/pi3_06248_59_8_20231101110401.jpg,c4_p059_20231101_o08,data/data_24/pi4_06248_59_8_20231101110401.jpg
p059_20231106,59,20231106,70,4_S7,12,10,c1_p059_20231106_o10,data/data_27/pi1_06970_59_10_20231106151340.jpg,c2_p059_20231106_o10,data/data_27/pi2_06970_59_10_20231106151341.jpg,c3_p059_20231106_o10,data/data_27/pi3_06970_59_10_20231106151341.jpg,c4_p059_20231106_o10,data/data_27/pi4_06970_59_10_20231106151342.jpg
p059_20231109,59,20231109,71,4_S7,12,1,c1_p059_20231109_o01,data/data_30/pi1_07681_59_1_20231109134908.jpg,c2_p059_20231109_o01,data/data_30/pi2_07681_59_1_20231109134907.jpg,c3_p059_20231109_o01,data/data_30/pi3_07681_59_1_20231109134908.jpg,c4_p059_20231109_o01,data/data_30/pi4_07681_59_1_20231109134908.jpg
p059_20231120,59,20231120,72,4_S7,12,11,c1_p059_20231120_o11,data/data_33/pi1_08411_59_11_20231120151451.jpg,c2_p059_20231120_o11,data/data_33/pi2_08411_59_11_20231120151451.jpg,c3_p059_20231120_o11,data/data_33/pi3_08411_59_11_20231120151452.jpg,c4_p059_20231120_o11,data/data_33/pi4_08411_59_11_20231120151451.jpg
p059_20231127,59,20231127,74,4_S7,12,4,c1_p059_20231127_o04,data/data_37/pi1_09364_59_4_20231127154425.jpg,c2_p059_20231127_o04,data/data_37/pi2_09364_59_4_20231127154425.jpg,c3_p059_20231127_o04,data/data_37/pi3_09364_59_4_20231127154426.jpg,c4_p059_20231127_o04,data/data_37/pi4_09364_59_4_20231127154426.jpg
p059_20231130,59,20231130,75,4_S7,12,8,c1_p059_20231130_o08,data/data_41/pi1_10328_59_8_20231130140625.jpg,c2_p059_20231130_o08,data/data_41/pi2_10328_59_8_20231130140626.jpg,c3_p059_20231130_o08,data/data_41/pi3_10328_59_8_20231130140625.jpg,c4_p059_20231130_o08,data/data_41/pi4_10328_59_8_20231130140626.jpg
p059_20231204,59,20231204,76,4_S7,12,4,c1_p059_20231204_o04,data/data_44/pi1_11044_59_4_20231204154746.jpg,c2_p059_20231204_o04,data/data_44/pi2_11044_59_4_20231204154747.jpg,c3_p059_20231204_o04,data/data_44/pi3_11044_59_4_20231204154747.jpg,c4_p059_20231204_o04,data/data_44/pi4_11044_59_4_20231204154747.jpg
p059_20231211,59,20231211,77,4_S7,12,4,c1_p059_20231211_o04,data/data_48/pi1_12004_59_4_20231211142939.jpg,c2_p059_20231211_o04,data/data_48/pi2_12004_59_4_20231211142939.jpg,c3_p059_20231211_o04,data/data_48/pi3_12004_59_4_20231211142940.jpg,c4_p059_20231211_o04,data/data_48/pi4_12004_59_4_20231211142940.jpg
p059_20231214,59,20231214,78,4_S7,12,4,c1_p059_20231214_o04,data/data_50/pi1_12724_59_4_20231214154211.jpg,c2_p059_20231214_o04,data/data_50/pi2_12724_59_4_20231214154211.jpg,c3_p059_20231214_o04,data/data_50/pi3_12724_59_4_20231214154211.jpg,c4_p059_20231214_o04,data/data_50/pi4_12724_59_4_20231214154211.jpg
p059_20231218,59,20231218,79,4_S7,12,10,c1_p059_20231218_o10,data/data_52/pi1_13210_59_10_20231218143453.jpg,c2_p059_20231218_o10,data/data_52/pi2_13210_59_10_20231218143454.jpg,c3_p059_20231218_o10,data/data_52/pi3_13210_59_10_20231218143454.jpg,c4_p059_20231218_o10,data/data_52/pi4_13210_59_10_20231218143454.jpg
p059_20231227,59,20231227,81,5_S8,12,1,c1_p059_20231227_o01,data/data_55/pi1_13921_59_1_20231227134138.jpg,c2_p059_20231227_o01,data/data_55/pi2_13921_59_1_20231227134138.jpg,c3_p059_20231227_o01,data/data_55/pi3_13921_59_1_20231227134139.jpg,c4_p059_20231227_o01,data/data_55/pi4_13921_59_1_20231227134139.jpg
p059_20240104,59,20240104,83,5_S8,12,1,c1_p059_20240104_o01,data/data_58/pi1_14641_59_1_20240104140823.jpg,c2_p059_20240104_o01,data/data_58/pi2_14641_59_1_20240104140822.jpg,c3_p059_20240104_o01,data/data_58/pi3_14641_59_1_20240104140823.jpg,c4_p059_20240104_o01,data/data_58/pi4_14641_59_1_20240104140823.jpg
p060_20230929,60,20230929,13,0_S1,12,11,c1_p060_20230929_o11,data/data_6/pi1_01691_60_11_20230929133641.jpg,c2_p060_20230929_o11,data/data_6/pi2_01691_60_11_20230929133658.jpg,c3_p060_20230929_o11,data/data_6/pi3_01691_60_11_20230929133716.jpg,c4_p060_20230929_o11,data/data_6/pi4_01691_60_11_20230929133730.jpg
p060_20231004,60,20231004,13,0_S1,12,12,c1_p060_20231004_o12,data/data_7/pi1_01932_60_12_20231004091946.jpg,c2_p060_20231004_o12,data/data_7/pi2_01932_60_12_20231004091933.jpg,c3_p060_20231004_o12,data/data_7/pi3_01932_60_12_20231004091919.jpg,c4_p060_20231004_o12,data/data_7/pi4_01932_60_12_20231004091848.jpg
p060_20231011,60,20231011,53,2_S5,12,10,c1_p060_20231011_o10,data/data_11/pi1_02902_60_10_20231011081619.jpg,c2_p060_20231011_o10,data/data_11/pi2_02902_60_10_20231011081638.jpg,c3_p060_20231011_o10,data/data_11/pi3_02902_60_10_20231011081657.jpg,c4_p060_20231011_o10,data/data_11/pi4_02902_60_10_20231011081711.jpg
p060_20231017,60,20231017,60,3_S6,12,6,c1_p060_20231017_o06,data/data_14/pi1_03618_60_6_20231017151117.jpg,c2_p060_20231017_o06,data/data_14/pi2_03618_60_6_20231017151117.jpg,c3_p060_20231017_o06,data/data_14/pi3_03618_60_6_20231017151118.jpg,c4_p060_20231017_o06,data/data_14/pi4_03618_60_6_20231017151117.jpg
p060_20231019,60,20231019,67,3_S6,12,10,c1_p060_20231019_o10,data/data_16/pi1_04102_60_10_20231019140627.jpg,c2_p060_20231019_o10,data/data_16/pi2_04102_60_10_20231019140627.jpg,c3_p060_20231019_o10,data/data_16/pi3_04102_60_10_20231019140628.jpg,c4_p060_20231019_o10,data/data_16/pi4_04102_60_10_20231019140627.jpg
p060_20231023,60,20231023,67,3_S6,12,2,c1_p060_20231023_o02,data/data_19/pi1_04814_60_2_20231023115433.jpg,c2_p060_20231023_o02,data/data_19/pi2_04814_60_2_20231023115434.jpg,c3_p060_20231023_o02,data/data_19/pi3_04814_60_2_20231023115434.jpg,c4_p060_20231023_o02,data/data_19/pi4_04814_60_2_20231023115434.jpg
p060_20231027,60,20231027,67,3_S6,12,1,c1_p060_20231027_o01,data/data_22/pi1_05533_60_1_20231027135404.jpg,c2_p060_20231027_o01,data/data_22/pi2_05533_60_1_20231027135404.jpg,c3_p060_20231027_o01,data/data_22/pi3_05533_60_1_20231027135405.jpg,c4_p060_20231027_o01,data/data_22/pi4_05533_60_1_20231027135405.jpg
p060_20231101,60,20231101,70,4_S7,12,12,c1_p060_20231101_o12,data/data_25/pi1_06264_60_12_20231101111640.jpg,c2_p060_20231101_o12,data/data_25/pi2_06264_60_12_20231101111640.jpg,c3_p060_20231101_o12,data/data_25/pi3_06264_60_12_20231101111640.jpg,c4_p060_20231101_o12,data/data_25/pi4_06264_60_12_20231101111640.jpg
p060_20231106,60,20231106,70,4_S7,12,5,c1_p060_20231106_o05,data/data_27/pi1_06977_60_5_20231106151520.jpg,c2_p060_20231106_o05,data/data_27/pi2_06977_60_5_20231106151520.jpg,c3_p060_20231106_o05,data/data_27/pi3_06977_60_5_20231106151520.jpg,c4_p060_20231106_o05,data/data_27/pi4_06977_60_5_20231106151521.jpg
p060_20231109,60,20231109,70,4_S7,12,3,c1_p060_20231109_o03,data/data_30/pi1_07695_60_3_20231109135301.jpg,c2_p060_20231109_o03,data/data_30/pi2_07695_60_3_20231109135300.jpg,c3_p060_20231109_o03,data/data_30/pi3_07695_60_3_20231109135301.jpg,c4_p060_20231109_o03,data/data_30/pi4_07695_60_3_20231109135301.jpg
p060_20231120,60,20231120,71,4_S7,12,12,c1_p060_20231120_o12,data/data_33/pi1_08424_60_12_20231120152059.jpg,c2_p060_20231120_o12,data/data_33/pi2_08424_60_12_20231120152100.jpg,c3_p060_20231120_o12,data/data_33/pi3_08424_60_12_20231120152100.jpg,c4_p060_20231120_o12,data/data_33/pi4_08424_60_12_20231120152100.jpg
p060_20231127,60,20231127,72,4_S7,12,10,c1_p060_20231127_o10,data/data_37/pi1_09382_60_10_20231127154728.jpg,c2_p060_20231127_o10,data/data_37/pi2_09382_60_10_20231127154729.jpg,c3_p060_20231127_o10,data/data_37/pi3_09382_60_10_20231127154729.jpg,c4_p060_20231127_o10,data/data_37/pi4_09382_60_10_20231127154730.jpg
p060_20231130,60,20231130,73,4_S7,12,11,c1_p060_20231130_o11,data/data_41/pi1_10343_60_11_20231130141012.jpg,c2_p060_20231130_o11,data/data_41/pi2_10343_60_11_20231130141013.jpg,c3_p060_20231130_o11,data/data_41/pi3_10343_60_11_20231130141013.jpg,c4_p060_20231130_o11,data/data_41/pi4_10343_60_11_20231130141014.jpg
p060_20231204,60,20231204,74,4_S7,12,3,c1_p060_20231204_o03,data/data_44/pi1_11055_60_3_20231204155034.jpg,c2_p060_20231204_o03,data/data_44/pi2_11055_60_3_20231204155034.jpg,c3_p060_20231204_o03,data/data_44/pi3_11055_60_3_20231204155035.jpg,c4_p060_20231204_o03,data/data_44/pi4_11055_60_3_20231204155034.jpg
p060_20231211,60,20231211,75,4_S7,12,10,c1_p060_20231211_o10,data/data_48/pi1_12022_60_10_20231211143350.jpg,c2_p060_20231211_o10,data/data_48/pi2_12022_60_10_20231211143350.jpg,c3_p060_20231211_o10,data/data_48/pi3_12022_60_10_20231211143350.jpg,c4_p060_20231211_o10,data/data_48/pi4_12022_60_10_20231211143351.jpg
p060_20231214,60,20231214,77,4_S7,12,5,c1_p060_20231214_o05,data/data_50/pi1_12737_60_5_20231214154627.jpg,c2_p060_20231214_o05,data/data_50/pi2_12737_60_5_20231214154627.jpg,c3_p060_20231214_o05,data/data_50/pi3_12737_60_5_20231214154627.jpg,c4_p060_20231214_o05,data/data_50/pi4_12737_60_5_20231214154627.jpg
p060_20231218,60,20231218,78,4_S7,12,11,c1_p060_20231218_o11,data/data_52/pi1_13223_60_11_20231218143752.jpg,c2_p060_20231218_o11,data/data_52/pi2_13223_60_11_20231218143752.jpg,c3_p060_20231218_o11,data/data_52/pi3_13223_60_11_20231218143752.jpg,c4_p060_20231218_o11,data/data_52/pi4_13223_60_11_20231218143753.jpg
p060_20231227,60,20231227,79,4_S7,12,4,c1_p060_20231227_o04,data/data_55/pi1_13936_60_4_20231227134427.jpg,c2_p060_20231227_o04,data/data_55/pi2_13936_60_4_20231227134427.jpg,c3_p060_20231227_o04,data/data_55/pi3_13936_60_4_20231227134428.jpg,c4_p060_20231227_o04,data/data_55/pi4_13936_60_4_20231227134428.jpg
p060_20240104,60,20240104,84,5_S8,12,6,c1_p060_20240104_o06,data/data_58/pi1_14658_60_6_20240104141201.jpg,c2_p060_20240104_o06,data/data_58/pi2_14658_60_6_20240104141201.jpg,c3_p060_20240104_o06,data/data_58/pi3_14658_60_6_20240104141201.jpg,c4_p060_20240104_o06,data/data_58/pi4_14658_60_6_20240104141202.jpg
p061_20230929,61,20230929,13,0_S1,12,12,c1_p061_20230929_o12,data/data_6/pi1_01704_61_12_20230929133641.jpg,c2_p061_20230929_o12,data/data_6/pi2_01704_61_12_20230929133658.jpg,c3_p061_20230929_o12,data/data_6/pi3_01704_61_12_20230929133716.jpg,c4_p061_20230929_o12,data/data_6/pi4_01704_61_12_20230929133730.jpg
p061_20231004,61,20231004,13,0_S1,12,4,c1_p061_20231004_o04,data/data_7/pi1_01936_61_4_20231004091946.jpg,c2_p061_20231004_o04,data/data_7/pi2_01936_61_4_20231004091933.jpg,c3_p061_20231004_o04,data/data_7/pi3_01936_61_4_20231004091919.jpg,c4_p061_20231004_o04,data/data_7/pi4_01936_61_4_20231004091848.jpg
p061_20231011,61,20231011,14,0_S1,12,10,c1_p061_20231011_o10,data/data_11/pi1_02914_61_10_20231011081619.jpg,c2_p061_20231011_o10,data/data_11/pi2_02914_61_10_20231011081638.jpg,c3_p061_20231011_o10,data/data_11/pi3_02914_61_10_20231011081657.jpg,c4_p061_20231011_o10,data/data_11/pi4_02914_61_10_20231011081711.jpg
p061_20231017,61,20231017,53,2_S5,12,8,c1_p061_20231017_o08,data/data_14/pi1_03632_61_8_20231017151311.jpg,c2_p061_20231017_o08,data/data_14/pi2_03632_61_8_20231017151311.jpg,c3_p061_20231017_o08,data/data_14/pi3_03632_61_8_20231017151312.jpg,c4_p061_20231017_o08,data/data_14/pi4_03632_61_8_20231017151311.jpg
p061_20231019,61,20231019,53,2_S5,12,5,c1_p061_20231019_o05,data/data_16/pi1_04109_61_5_20231019140755.jpg,c2_p061_20231019_o05,data/data_16/pi2_04109_61_5_20231019140755.jpg,c3_p061_20231019_o05,data/data_16/pi3_04109_61_5_20231019140755.jpg,c4_p061_20231019_o05,data/data_16/pi4_04109_61_5_20231019140755.jpg
p061_20231023,61,20231023,60,3_S6,12,9,c1_p061_20231023_o09,data/data_19/pi1_04833_61_9_20231023115716.jpg,c2_p061_20231023_o09,data/data_19/pi2_04833_61_9_20231023115716.jpg,c3_p061_20231023_o09,data/data_19/pi3_04833_61_9_20231023115717.jpg,c4_p061_20231023_o09,data/data_19/pi4_04833_61_9_20231023115717.jpg
p061_20231027,61,20231027,61,3_S6,12,4,c1_p061_20231027_o04,data/data_22/pi1_05548_61_4_20231027135630.jpg,c2_p061_20231027_o04,data/data_22/pi2_05548_61_4_20231027135631.jpg,c3_p061_20231027_o04,data/data_22/pi3_05548_61_4_20231027135631.jpg,c4_p061_20231027_o04,data/data_22/pi4_05548_61_4_20231027135631.jpg
p061_20231101,61,20231101,62,3_S6,12,9,c1_p061_20231101_o09,data/data_25/pi1_06273_61_9_20231101111838.jpg,c2_p061_20231101_o09,data/data_25/pi2_06273_61_9_20231101111839.jpg,c3_p061_20231101_o09,data/data_25/pi3_06273_61_9_20231101111839.jpg,c4_p061_20231101_o09,data/data_25/pi4_06273_61_9_20231101111839.jpg
p061_20231106,61,20231106,63,3_S6,12,12,c1_p061_20231106_o12,data/data_27/pi1_06996_61_12_20231106151749.jpg,c2_p061_20231106_o12,data/data_27/pi2_06996_61_12_20231106151749.jpg,c3_p061_20231106_o12,data/data_27/pi3_06996_61_12_20231106151750.jpg,c4_p061_20231106_o12,data/data_27/pi4_06996_61_12_20231106151750.jpg
p061_20231109,61,20231109,63,3_S6,12,8,c1_p061_20231109_o08,data/data_30/pi1_07712_61_8_20231109135537.jpg,c2_p061_20231109_o08,data/data_30/pi2_07712_61_8_20231109135536.jpg,c3_p061_20231109_o08,data/data_30/pi3_07712_61_8_20231109135538.jpg,c4_p061_20231109_o08,data/data_30/pi4_07712_61_8_20231109135537.jpg
p061_20231120,61,20231120,71,4_S7,12,1,c1_p061_20231120_o01,data/data_33/pi1_08425_61_1_20231120152130.jpg,c2_p061_20231120_o01,data/data_33/pi2_08425_61_1_20231120152131.jpg,c3_p061_20231120_o01,data/data_33/pi3_08425_61_1_20231120152131.jpg,c4_p061_20231120_o01,data/data_33/pi4_08425_61_1_20231120152131.jpg
p061_20231127,61,20231127,72,4_S7,12,9,c1_p061_20231127_o09,data/data_37/pi1_09393_61_9_20231127154921.jpg,c2_p061_20231127_o09,data/data_37/pi2_09393_61_9_20231127154922.jpg,c3_p061_20231127_o09,data/data_37/pi3_09393_61_9_20231127154922.jpg,c4_p061_20231127_o09,data/data_37/pi4_09393_61_9_20231127154922.jpg
p061_20231130,61,20231130,73,4_S7,12,11,c1_p061_20231130_o11,data/data_41/pi1_10355_61_11_20231130141222.jpg,c2_p061_20231130_o11,data/data_41/pi2_10355_61_11_20231130141223.jpg,c3_p061_20231130_o11,data/data_41/pi3_10355_61_11_20231130141223.jpg,c4_p061_20231130_o11,data/data_41/pi4_10355_61_11_20231130141224.jpg
p061_20231204,61,20231204,74,4_S7,12,10,c1_p061_20231204_o10,data/data_44/pi1_11074_61_10_20231204155312.jpg,c2_p061_20231204_o10,data/data_44/pi2_11074_61_10_20231204155312.jpg,c3_p061_20231204_o10,data/data_44/pi3_11074_61_10_20231204155313.jpg,c4_p061_20231204_o10,data/data_44/pi4_11074_61_10_20231204155313.jpg
p061_20231211,61,20231211,75,4_S7,12,4,c1_p061_20231211_o04,data/data_48/pi1_12028_61_4_20231211143503.jpg,c2_p061_20231211_o04,data/data_48/pi2_12028_61_4_20231211143503.jpg,c3_p061_20231211_o04,data/data_48/pi3_12028_61_4_20231211143504.jpg,c4_p061_20231211_o04,data/data_48/pi4_12028_61_4_20231211143504.jpg
p061_20231214,61,20231214,76,4_S7,12,2,c1_p061_20231214_o02,data/data_50/pi1_12746_61_2_20231214155031.jpg,c2_p061_20231214_o02,data/data_50/pi2_12746_61_2_20231214155031.jpg,c3_p061_20231214_o02,data/data_50/pi3_12746_61_2_20231214155032.jpg,c4_p061_20231214_o02,data/data_50/pi4_12746_61_2_20231214155032.jpg
p061_20231218,61,20231218,79,4_S7,12,7,c1_p061_20231218_o07,data/data_52/pi1_13231_61_7_20231218143927.jpg,c2_p061_20231218_o07,data/data_52/pi2_13231_61_7_20231218143927.jpg,c3_p061_20231218_o07,data/data_52/pi3_13231_61_7_20231218143927.jpg,c4_p061_20231218_o07,data/data_52/pi4_13231_61_7_20231218143928.jpg
p061_20231227,61,20231227,80,5_S8,12,7,c1_p061_20231227_o07,data/data_55/pi1_13951_61_7_20231227134709.jpg,c2_p061_20231227_o07,data/data_55/pi2_13951_61_7_20231227134709.jpg,c3_p061_20231227_o07,data/data_55/pi3_13951_61_7_20231227134710.jpg,c4_p061_20231227_o07,data/data_55/pi4_13951_61_7_20231227134710.jpg
p061_20240104,61,20240104,82,5_S8,12,8,c1_p061_20240104_o08,data/data_58/pi1_14672_61_8_20240104141519.jpg,c2_p061_20240104_o08,data/data_58/pi2_14672_61_8_20240104141519.jpg,c3_p061_20240104_o08,data/data_58/pi3_14672_61_8_20240104141519.jpg,c4_p061_20240104_o08,data/data_58/pi4_14672_61_8_20240104141520.jpg
p062_20231006,62,20231006,13,0_S1,12,5,c1_p062_20231006_o05,data/data_9/pi1_02441_62_5_20231006114010.jpg,c2_p062_20231006_o05,data/data_9/pi2_02441_62_5_20231006113958.jpg,c3_p062_20231006_o05,data/data_9/pi3_02441_62_5_20231006113943.jpg,c4_p062_20231006_o05,data/data_9/pi4_02441_62_5_20231006113924.jpg
p062_20231011,62,20231011,13,0_S1,12,5,c1_p062_20231011_o05,data/data_11/pi1_02921_62_5_20231011081619.jpg,c2_p062_20231011_o05,data/data_11/pi2_02921_62_5_20231011081638.jpg,c3_p062_20231011_o05,data/data_11/pi3_02921_62_5_20231011081657.jpg,c4_p062_20231011_o05,data/data_11/pi4_02921_62_5_20231011081711.jpg
p062_20231017,62,20231017,13,0_S1,12,8,c1_p062_20231017_o08,data/data_14/pi1_03644_62_8_20231017152051.jpg,c2_p062_20231017_o08,data/data_14/pi2_03644_62_8_20231017152051.jpg,c3_p062_20231017_o08,data/data_14/pi3_03644_62_8_20231017152051.jpg,c4_p062_20231017_o08,data/data_14/pi4_03644_62_8_20231017152051.jpg
p062_20231019,62,20231019,14,0_S1,12,1,c1_p062_20231019_o01,data/data_16/pi1_04117_62_1_20231019140957.jpg,c2_p062_20231019_o01,data/data_16/pi2_04117_62_1_20231019140957.jpg,c3_p062_20231019_o01,data/data_16/pi3_04117_62_1_20231019140957.jpg,c4_p062_20231019_o01,data/data_16/pi4_04117_62_1_20231019140957.jpg
p062_20231023,62,20231023,14,0_S1,12,7,c1_p062_20231023_o07,data/data_19/pi1_04843_62_7_20231023131329.jpg,c2_p062_20231023_o07,data/data_19/pi2_04843_62_7_20231023131329.jpg,c3_p062_20231023_o07,data/data_19/pi3_04843_62_7_20231023131330.jpg,c4_p062_20231023_o07,data/data_19/pi4_04843_62_7_20231023131330.jpg
p062_20231027,62,20231027,14,0_S1,12,7,c1_p062_20231027_o07,data/data_22/pi1_05563_62_7_20231027135923.jpg,c2_p062_20231027_o07,data/data_22/pi2_05563_62_7_20231027135924.jpg,c3_p062_20231027_o07,data/data_22/pi3_05563_62_7_20231027135924.jpg,c4_p062_20231027_o07,data/data_22/pi4_05563_62_7_20231027135924.jpg
p062_20231101,62,20231101,51,2_S5,12,4,c1_p062_20231101_o04,data/data_25/pi1_06280_62_4_20231101112011.jpg,c2_p062_20231101_o04,data/data_25/pi2_06280_62_4_20231101112011.jpg,c3_p062_20231101_o04,data/data_25/pi3_06280_62_4_20231101112011.jpg,c4_p062_20231101_o04,data/data_25/pi4_06280_62_4_20231101112011.jpg
p062_20231106,62,20231106,53,2_S5,12,1,c1_p062_20231106_o01,data/data_27/pi1_06997_62_1_20231106151924.jpg,c2_p062_20231106_o01,data/data_27/pi2_06997_62_1_20231106151924.jpg,c3_p062_20231106_o01,data/data_27/pi3_06997_62_1_20231106151924.jpg,c4_p062_20231106_o01,data/data_27/pi4_06997_62_1_20231106151925.jpg
p062_20231109,62,20231109,60,3_S6,12,6,c1_p062_20231109_o06,data/data_30/pi1_07722_62_6_20231109135758.jpg,c2_p062_20231109_o06,data/data_30/pi2_07722_62_6_20231109135757.jpg,c3_p062_20231109_o06,data/data_30/pi3_07722_62_6_20231109135759.jpg,c4_p062_20231109_o06,data/data_30/pi4_07722_62_6_20231109135758.jpg
p062_20231120,62,20231120,70,4_S7,12,5,c1_p062_20231120_o05,data/data_33/pi1_08441_62_5_20231120152415.jpg,c2_p062_20231120_o05,data/data_33/pi2_08441_62_5_20231120152415.jpg,c3_p062_20231120_o05,data/data_33/pi3_08441_62_5_20231120152416.jpg,c4_p062_20231120_o05,data/data_33/pi4_08441_62_5_20231120152415.jpg
p062_20231127,62,20231127,72,4_S7,12,6,c1_p062_20231127_o06,data/data_37/pi1_09402_62_6_20231127155123.jpg,c2_p062_20231127_o06,data/data_37/pi2_09402_62_6_20231127155123.jpg,c3_p062_20231127_o06,data/data_37/pi3_09402_62_6_20231127155124.jpg,c4_p062_20231127_o06,data/data_37/pi4_09402_62_6_20231127155124.jpg
p062_20231130,62,20231130,73,4_S7,12,8,c1_p062_20231130_o08,data/data_41/pi1_10364_62_8_20231130141707.jpg,c2_p062_20231130_o08,data/data_41/pi2_10364_62_8_20231130141708.jpg,c3_p062_20231130_o08,data/data_41/pi3_10364_62_8_20231130141707.jpg,c4_p062_20231130_o08,data/data_41/pi4_10364_62_8_20231130141708.jpg
p062_20231204,62,20231204,75,4_S7,12,8,c1_p062_20231204_o08,data/data_44/pi1_11084_62_8_20231204155454.jpg,c2_p062_20231204_o08,data/data_44/pi2_11084_62_8_20231204155454.jpg,c3_p062_20231204_o08,data/data_44/pi3_11084_62_8_20231204155455.jpg,c4_p062_20231204_o08,data/data_44/pi4_11084_62_8_20231204155455.jpg
p062_20231211,62,20231211,77,4_S7,12,6,c1_p062_20231211_o06,data/data_48/pi1_12042_62_6_20231211143726.jpg,c2_p062_20231211_o06,data/data_48/pi2_12042_62_6_20231211143725.jpg,c3_p062_20231211_o06,data/data_48/pi3_12042_62_6_20231211143726.jpg,c4_p062_20231211_o06,data/data_48/pi4_12042_62_6_20231211143726.jpg
p062_20231214,62,20231214,78,4_S7,12,8,c1_p062_20231214_o08,data/data_51/pi1_12764_62_8_20231214155346.jpg,c2_p062_20231214_o08,data/data_51/pi2_12764_62_8_20231214155346.jpg,c3_p062_20231214_o08,data/data_51/pi3_12764_62_8_20231214155347.jpg,c4_p062_20231214_o08,data/data_51/pi4_12764_62_8_20231214155347.jpg
p062_20231218,62,20231218,79,4_S7,12,11,c1_p062_20231218_o11,data/data_52/pi1_13247_62_11_20231218144512.jpg,c2_p062_20231218_o11,data/data_52/pi2_13247_62_11_20231218144513.jpg,c3_p062_20231218_o11,data/data_52/pi3_13247_62_11_20231218144513.jpg,c4_p062_20231218_o11,data/data_52/pi4_13247_62_11_20231218144513.jpg
p062_20231227,62,20231227,79,4_S7,12,4,c1_p062_20231227_o04,data/data_55/pi1_13960_62_4_20231227134921.jpg,c2_p062_20231227_o04,data/data_55/pi2_13960_62_4_20231227134922.jpg,c3_p062_20231227_o04,data/data_55/pi3_13960_62_4_20231227134922.jpg,c4_p062_20231227_o04,data/data_55/pi4_13960_62_4_20231227134922.jpg
p062_20240115,62,20240115,82,5_S8,12,4,c1_p062_20240115_o04,data/data_58/pi1_14680_62_4_20240115103551.jpg,c2_p062_20240115_o04,data/data_58/pi2_14680_62_4_20240115103551.jpg,c3_p062_20240115_o04,data/data_58/pi3_14680_62_4_20240115103551.jpg,c4_p062_20240115_o04,data/data_58/pi4_14680_62_4_20240115103551.jpg
p062_20240119,62,20240119,83,5_S8,12,12,c1_p062_20240119_o12,data/data_60/pi1_15168_62_12_20240119101959.jpg,c2_p062_20240119_o12,data/data_60/pi2_15168_62_12_20240119101959.jpg,c3_p062_20240119_o12,data/data_60/pi3_15168_62_12_20240119102000.jpg,c4_p062_20240119_o12,data/data_60/pi4_15168_62_12_20240119101959.jpg
p062_20240126,62,20240126,86,5_S8,12,6,c1_p062_20240126_o06,data/data_62/pi1_15642_62_6_20240126134256.jpg,c2_p062_20240126_o06,data/data_62/pi2_15642_62_6_20240126134256.jpg,c3_p062_20240126_o06,data/data_62/pi3_15642_62_6_20240126134257.jpg,c4_p062_20240126_o06,data/data_62/pi4_15642_62_6_20240126134257.jpg
p063_20231006,63,20231006,13,0_S1,12,2,c1_p063_20231006_o02,data/data_9/pi1_02450_63_2_20231006114010.jpg,c2_p063_20231006_o02,data/data_9/pi2_02450_63_2_20231006113958.jpg,c3_p063_20231006_o02,data/data_9/pi3_02450_63_2_20231006113943.jpg,c4_p063_20231006_o02,data/data_9/pi4_02450_63_2_20231006113924.jpg
p063_20231011,63,20231011,13,0_S1,12,8,c1_p063_20231011_o08,data/data_11/pi1_02936_63_8_20231011081619.jpg,c2_p063_20231011_o08,data/data_11/pi2_02936_63_8_20231011081638.jpg,c3_p063_20231011_o08,data/data_11/pi3_02936_63_8_20231011081657.jpg,c4_p063_20231011_o08,data/data_11/pi4_02936_63_8_20231011081711.jpg
p063_20231017,63,20231017,13,0_S1,12,2,c1_p063_20231017_o02,data/data_14/pi1_03650_63_2_20231017152140.jpg,c2_p063_20231017_o02,data/data_14/pi2_03650_63_2_20231017152140.jpg,c3_p063_20231017_o02,data/data_14/pi3_03650_63_2_20231017152141.jpg,c4_p063_20231017_o02,data/data_14/pi4_03650_63_2_20231017152140.jpg
p063_20231019,63,20231019,14,0_S1,12,11,c1_p063_20231019_o11,data/data_16/pi1_04139_63_11_20231019141225.jpg,c2_p063_20231019_o11,data/data_16/pi2_04139_63_11_20231019141224.jpg,c3_p063_20231019_o11,data/data_16/pi3_04139_63_11_20231019141225.jpg,c4_p063_20231019_o11,data/data_16/pi4_04139_63_11_20231019141225.jpg
p063_20231023,63,20231023,14,0_S1,12,7,c1_p063_20231023_o07,data/data_19/pi1_04855_63_7_20231023131509.jpg,c2_p063_20231023_o07,data/data_19/pi2_04855_63_7_20231023131510.jpg,c3_p063_20231023_o07,data/data_19/pi3_04855_63_7_20231023131510.jpg,c4_p063_20231023_o07,data/data_19/pi4_04855_63_7_20231023131510.jpg
p063_20231027,63,20231027,14,0_S1,12,11,c1_p063_20231027_o11,data/data_22/pi1_05579_63_11_20231027140509.jpg,c2_p063_20231027_o11,data/data_22/pi2_05579_63_11_20231027140510.jpg,c3_p063_20231027_o11,data/data_22/pi3_05579_63_11_20231027140510.jpg,c4_p063_20231027_o11,data/data_22/pi4_05579_63_11_20231027140510.jpg
p063_20231101,63,20231101,53,2_S5,12,11,c1_p063_20231101_o11,data/data_25/pi1_06299_63_11_20231101112241.jpg,c2_p063_20231101_o11,data/data_25/pi2_06299_63_11_20231101112241.jpg,c3_p063_20231101_o11,data/data_25/pi3_06299_63_11_20231101112241.jpg,c4_p063_20231101_o11,data/data_25/pi4_06299_63_11_20231101112241.jpg
p063_20231106,63,20231106,60,3_S6,12,9,c1_p063_20231106_o09,data/data_28/pi1_07017_63_9_20231106152231.jpg,c2_p063_20231106_o09,data/data_28/pi2_07017_63_9_20231106152231.jpg,c3_p063_20231106_o09,data/data_28/pi3_07017_63_9_20231106152232.jpg,c4_p063_20231106_o09,data/data_28/pi4_07017_63_9_20231106152232.jpg
p063_20231109,63,20231109,64,3_S6,12,1,c1_p063_20231109_o01,data/data_30/pi1_07729_63_1_20231109135913.jpg,c2_p063_20231109_o01,data/data_30/pi2_07729_63_1_20231109135912.jpg,c3_p063_20231109_o01,data/data_30/pi3_07729_63_1_20231109135913.jpg,c4_p063_20231109_o01,data/data_30/pi4_07729_63_1_20231109135913.jpg
p063_20231120,63,20231120,70,4_S7,12,10,c1_p063_20231120_o10,data/data_33/pi1_08458_63_10_20231120152615.jpg,c2_p063_20231120_o10,data/data_33/pi2_08458_63_10_20231120152615.jpg,c3_p063_20231120_o10,data/data_33/pi3_08458_63_10_20231120152616.jpg,c4_p063_20231120_o10,data/data_33/pi4_08458_63_10_20231120152615.jpg
p063_20231127,63,20231127,71,4_S7,12,3,c1_p063_20231127_o03,data/data_37/pi1_09411_63_3_20231127155406.jpg,c2_p063_20231127_o03,data/data_37/pi2_09411_63_3_20231127155407.jpg,c3_p063_20231127_o03,data/data_37/pi3_09411_63_3_20231127155407.jpg,c4_p063_20231127_o03,data/data_37/pi4_09411_63_3_20231127155408.jpg
p063_20231130,63,20231130,72,4_S7,12,3,c1_p063_20231130_o03,data/data_41/pi1_10371_63_3_20231130142058.jpg,c2_p063_20231130_o03,data/data_41/pi2_10371_63_3_20231130142058.jpg,c3_p063_20231130_o03,data/data_41/pi3_10371_63_3_20231130142058.jpg,c4_p063_20231130_o03,data/data_41/pi4_10371_63_3_20231130142059.jpg
p063_20231204,63,20231204,75,4_S7,12,2,c1_p063_20231204_o02,data/data_44/pi1_11090_63_2_20231204155544.jpg,c2_p063_20231204_o02,data/data_44/pi2_11090_63_2_20231204155544.jpg,c3_p063_20231204_o02,data/data_44/pi3_11090_63_2_20231204155545.jpg,c4_p063_20231204_o02,data/data_44/pi4_11090_63_2_20231204155545.jpg
p063_20231211,63,20231211,78,4_S7,12,6,c1_p063_20231211_o06,data/data_48/pi1_12054_63_6_20231211143926.jpg,c2_p063_20231211_o06,data/data_48/pi2_12054_63_6_20231211143926.jpg,c3_p063_20231211_o06,data/data_48/pi3_12054_63_6_20231211143927.jpg,c4_p063_20231211_o06,data/data_48/pi4_12054_63_6_20231211143927.jpg
p063_20231214,63,20231214,79,4_S7,12,4,c1_p063_20231214_o04,data/data_51/pi1_12772_63_4_20231214155456.jpg,c2_p063_20231214_o04,data/data_51/pi2_12772_63_4_20231214155456.jpg,c3_p063_20231214_o04,data/data_51/pi3_12772_63_4_20231214155457.jpg,c4_p063_20231214_o04,data/data_51/pi4_12772_63_4_20231214155457.jpg
p063_20231218,63,20231218,79,4_S7,12,1,c1_p063_20231218_o01,data/data_52/pi1_13249_63_1_20231218144542.jpg,c2_p063_20231218_o01,data/data_52/pi2_13249_63_1_20231218144543.jpg,c3_p063_20231218_o01,data/data_52/pi3_13249_63_1_20231218144543.jpg,c4_p063_20231218_o01,data/data_52/pi4_13249_63_1_20231218144543.jpg
p063_20231227,63,20231227,79,4_S7,12,9,c1_p063_20231227_o09,data/data_55/pi1_13977_63_9_20231227135127.jpg,c2_p063_20231227_o09,data/data_55/pi2_13977_63_9_20231227135128.jpg,c3_p063_20231227_o09,data/data_55/pi3_13977_63_9_20231227135128.jpg,c4_p063_20231227_o09,data/data_55/pi4_13977_63_9_20231227135128.jpg
p063_20240115,63,20240115,83,5_S8,12,10,c1_p063_20240115_o10,data/data_58/pi1_14698_63_10_20240115103857.jpg,c2_p063_20240115_o10,data/data_58/pi2_14698_63_10_20240115103857.jpg,c3_p063_20240115_o10,data/data_58/pi3_14698_63_10_20240115103857.jpg,c4_p063_20240115_o10,data/data_58/pi4_14698_63_10_20240115103857.jpg
p063_20240119,63,20240119,84,5_S8,12,4,c1_p063_20240119_o04,data/data_60/pi1_15172_63_4_20240119102113.jpg,c2_p063_20240119_o04,data/data_60/pi2_15172_63_4_20240119102113.jpg,c3_p063_20240119_o04,data/data_60/pi3_15172_63_4_20240119102114.jpg,c4_p063_20240119_o04,data/data_60/pi4_15172_63_4_20240119102114.jpg
p063_20240126,63,20240126,85,5_S8,12,4,c1_p063_20240126_o04,data/data_62/pi1_15652_63_4_20240126134438.jpg,c2_p063_20240126_o04,data/data_62/pi2_15652_63_4_20240126134438.jpg,c3_p063_20240126_o04,data/data_62/pi3_15652_63_4_20240126134439.jpg,c4_p063_20240126_o04,data/data_62/pi4_15652_63_4_20240126134438.jpg
p064_20231006,64,20231006,13,0_S1,12,6,c1_p064_20231006_o06,data/data_9/pi1_02466_64_6_20231006114010.jpg,c2_p064_20231006_o06,data/data_9/pi2_02466_64_6_20231006113958.jpg,c3_p064_20231006_o06,data/data_9/pi3_02466_64_6_20231006113943.jpg,c4_p064_20231006_o06,data/data_9/pi4_02466_64_6_20231006113924.jpg
p064_20231011,64,20231011,13,0_S1,12,5,c1_p064_20231011_o05,data/data_11/pi1_02945_64_5_20231011081619.jpg,c2_p064_20231011_o05,data/data_11/pi2_02945_64_5_20231011081638.jpg,c3_p064_20231011_o05,data/data_11/pi3_02945_64_5_20231011081657.jpg,c4_p064_20231011_o05,data/data_11/pi4_02945_64_5_20231011081711.jpg
p064_20231017,64,20231017,13,0_S1,12,7,c1_p064_20231017_o07,data/data_14/pi1_03667_64_7_20231017152343.jpg,c2_p064_20231017_o07,data/data_14/pi2_03667_64_7_20231017152343.jpg,c3_p064_20231017_o07,data/data_14/pi3_03667_64_7_20231017152343.jpg,c4_p064_20231017_o07,data/data_14/pi4_03667_64_7_20231017152343.jpg
p064_20231019,64,20231019,13,0_S1,12,12,c1_p064_20231019_o12,data/data_16/pi1_04152_64_12_20231019141413.jpg,c2_p064_20231019_o12,data/data_16/pi2_04152_64_12_20231019141413.jpg,c3_p064_20231019_o12,data/data_16/pi3_04152_64_12_20231019141413.jpg,c4_p064_20231019_o12,data/data_16/pi4_04152_64_12_20231019141413.jpg
p064_20231023,64,20231023,13,0_S1,12,3,c1_p064_20231023_o03,data/data_19/pi1_04863_64_3_20231023131622.jpg,c2_p064_20231023_o03,data/data_19/pi2_04863_64_3_20231023131623.jpg,c3_p064_20231023_o03,data/data_19/pi3_04863_64_3_20231023131623.jpg,c4_p064_20231023_o03,data/data_19/pi4_04863_64_3_20231023131623.jpg
p064_20231027,64,20231027,14,0_S1,12,3,c1_p064_20231027_o03,data/data_22/pi1_05583_64_3_20231027140705.jpg,c2_p064_20231027_o03,data/data_22/pi2_05583_64_3_20231027140706.jpg,c3_p064_20231027_o03,data/data_22/pi3_05583_64_3_20231027140706.jpg,c4_p064_20231027_o03,data/data_22/pi4_05583_64_3_20231027140706.jpg
p064_20231101,64,20231101,52,2_S5,12,7,c1_p064_20231101_o07,data/data_25/pi1_06307_64_7_20231101112402.jpg,c2_p064_20231101_o07,data/data_25/pi2_06307_64_7_20231101112402.jpg,c3_p064_20231101_o07,data/data_25/pi3_06307_64_7_20231101112403.jpg,c4_p064_20231101_o07,data/data_25/pi4_06307_64_7_20231101112402.jpg
p064_20231106,64,20231106,61,3_S6,12,3,c1_p064_20231106_o03,data/data_28/pi1_07023_64_3_20231106152335.jpg,c2_p064_20231106_o03,data/data_28/pi2_07023_64_3_20231106152336.jpg,c3_p064_20231106_o03,data/data_28/pi3_07023_64_3_20231106152336.jpg,c4_p064_20231106_o03,data/data_28/pi4_07023_64_3_20231106152337.jpg
p064_20231109,64,20231109,65,3_S6,12,5,c1_p064_20231109_o05,data/data_30/pi1_07745_64_5_20231109140125.jpg,c2_p064_20231109_o05,data/data_30/pi2_07745_64_5_20231109140125.jpg,c3_p064_20231109_o05,data/data_30/pi3_07745_64_5_20231109140126.jpg,c4_p064_20231109_o05,data/data_30/pi4_07745_64_5_20231109140126.jpg
p064_20231120,64,20231120,69,3_S6,12,5,c1_p064_20231120_o05,data/data_33/pi1_08465_64_5_20231120152810.jpg,c2_p064_20231120_o05,data/data_33/pi2_08465_64_5_20231120152810.jpg,c3_p064_20231120_o05,data/data_33/pi3_08465_64_5_20231120152811.jpg,c4_p064_20231120_o05,data/data_33/pi4_08465_64_5_20231120152810.jpg
p064_20231127,64,20231127,69,3_S6,12,1,c1_p064_20231127_o01,data/data_37/pi1_09421_64_1_20231127160155.jpg,c2_p064_20231127_o01,data/data_37/pi2_09421_64_1_20231127160156.jpg,c3_p064_20231127_o01,data/data_37/pi3_09421_64_1_20231127160156.jpg,c4_p064_20231127_o01,data/data_37/pi4_09421_64_1_20231127160156.jpg
p064_20231130,64,20231130,71,4_S7,12,5,c1_p064_20231130_o05,data/data_41/pi1_10385_64_5_20231130142544.jpg,c2_p064_20231130_o05,data/data_41/pi2_10385_64_5_20231130142545.jpg,c3_p064_20231130_o05,data/data_41/pi3_10385_64_5_20231130142545.jpg,c4_p064_20231130_o05,data/data_41/pi4_10385_64_5_20231130142546.jpg
p064_20231204,64,20231204,73,4_S7,12,2,c1_p064_20231204_o02,data/data_44/pi1_11102_64_2_20231204155721.jpg,c2_p064_20231204_o02,data/data_44/pi2_11102_64_2_20231204155721.jpg,c3_p064_20231204_o02,data/data_44/pi3_11102_64_2_20231204155722.jpg,c4_p064_20231204_o02,data/data_44/pi4_11102_64_2_20231204155722.jpg
p064_20231211,64,20231211,75,4_S7,12,5,c1_p064_20231211_o05,data/data_48/pi1_12065_64_5_20231211144051.jpg,c2_p064_20231211_o05,data/data_48/pi2_12065_64_5_20231211144051.jpg,c3_p064_20231211_o05,data/data_48/pi3_12065_64_5_20231211144052.jpg,c4_p064_20231211_o05,data/data_48/pi4_12065_64_5_20231211144052.jpg
p064_20231214,64,20231214,77,4_S7,12,5,c1_p064_20231214_o05,data/data_51/pi1_12785_64_5_20231214155646.jpg,c2_p064_20231214_o05,data/data_51/pi2_12785_64_5_20231214155646.jpg,c3_p064_20231214_o05,data/data_51/pi3_12785_64_5_20231214155647.jpg,c4_p064_20231214_o05,data/data_51/pi4_12785_64_5_20231214155647.jpg
p064_20231218,64,20231218,78,4_S7,12,4,c1_p064_20231218_o04,data/data_53/pi1_13264_64_4_20231218144723.jpg,c2_p064_20231218_o04,data/data_53/pi2_13264_64_4_20231218144723.jpg,c3_p064_20231218_o04,data/data_53/pi3_13264_64_4_20231218144723.jpg,c4_p064_20231218_o04,data/data_53/pi4_13264_64_4_20231218144724.jpg
p064_20231227,64,20231227,79,4_S7,12,6,c1_p064_20231227_o06,data/data_55/pi1_13986_64_6_20231227135242.jpg,c2_p064_20231227_o06,data/data_55/pi2_13986_64_6_20231227135243.jpg,c3_p064_20231227_o06,data/data_55/pi3_13986_64_6_20231227135243.jpg,c4_p064_20231227_o06,data/data_55/pi4_13986_64_6_20231227135243.jpg
p064_20240115,64,20240115,79,4_S7,12,6,c1_p064_20240115_o06,data/data_58/pi1_14706_64_6_20240115104226.jpg,c2_p064_20240115_o06,data/data_58/pi2_14706_64_6_20240115104225.jpg,c3_p064_20240115_o06,data/data_58/pi3_14706_64_6_20240115104226.jpg,c4_p064_20240115_o06,data/data_58/pi4_14706_64_6_20240115104226.jpg
p064_20240119,64,20240119,81,5_S8,12,4,c1_p064_20240119_o04,data/data_60/pi1_15184_64_4_20240119102301.jpg,c2_p064_20240119_o04,data/data_60/pi2_15184_64_4_20240119102302.jpg,c3_p064_20240119_o04,data/data_60/pi3_15184_64_4_20240119102303.jpg,c4_p064_20240119_o04,data/data_60/pi4_15184_64_4_20240119102302.jpg
p064_20240126,64,20240126,82,5_S8,12,8,c1_p064_20240126_o08,data/data_62/pi1_15668_64_8_20240126134701.jpg,c2_p064_20240126_o08,data/data_62/pi2_15668_64_8_20240126134701.jpg,c3_p064_20240126_o08,data/data_62/pi3_15668_64_8_20240126134702.jpg,c4_p064_20240126_o08,data/data_62/pi4_15668_64_8_20240126134702.jpg
p065_20231006,65,20231006,13,0_S1,12,7,c1_p065_20231006_o07,data/data_9/pi1_02479_65_7_20231006114010.jpg,c2_p065_20231006_o07,data/data_9/pi2_02479_65_7_20231006113958.jpg,c3_p065_20231006_o07,data/data_9/pi3_02479_65_7_20231006113943.jpg,c4_p065_20231006_o07,data/data_9/pi4_02479_65_7_20231006113924.jpg
p065_20231011,65,20231011,13,0_S1,12,3,c1_p065_20231011_o03,data/data_11/pi1_02955_65_3_20231011081619.jpg,c2_p065_20231011_o03,data/data_11/pi2_02955_65_3_20231011081638.jpg,c3_p065_20231011_o03,data/data_11/pi3_02955_65_3_20231011081657.jpg,c4_p065_20231011_o03,data/data_11/pi4_02955_65_3_20231011081711.jpg
p065_20231017,65,20231017,13,0_S1,12,12,c1_p065_20231017_o12,data/data_14/pi1_03684_65_12_20231017152609.jpg,c2_p065_20231017_o12,data/data_14/pi2_03684_65_12_20231017152609.jpg,c3_p065_20231017_o12,data/data_14/pi3_03684_65_12_20231017152610.jpg,c4_p065_20231017_o12,data/data_14/pi4_03684_65_12_20231017152609.jpg
p065_20231019,65,20231019,13,0_S1,12,8,c1_p065_20231019_o08,data/data_16/pi1_04160_65_8_20231019141515.jpg,c2_p065_20231019_o08,data/data_16/pi2_04160_65_8_20231019141515.jpg,c3_p065_20231019_o08,data/data_16/pi3_04160_65_8_20231019141515.jpg,c4_p065_20231019_o08,data/data_16/pi4_04160_65_8_20231019141515.jpg
p065_20231023,65,20231023,13,0_S1,12,7,c1_p065_20231023_o07,data/data_19/pi1_04879_65_7_20231023131833.jpg,c2_p065_20231023_o07,data/data_19/pi2_04879_65_7_20231023131833.jpg,c3_p065_20231023_o07,data/data_19/pi3_04879_65_7_20231023131833.jpg,c4_p065_20231023_o07,data/data_19/pi4_04879_65_7_20231023131833.jpg
p065_20231027,65,20231027,51,2_S5,12,10,c1_p065_20231027_o10,data/data_22/pi1_05602_65_10_20231027141015.jpg,c2_p065_20231027_o10,data/data_22/pi2_05602_65_10_20231027141015.jpg,c3_p065_20231027_o10,data/data_22/pi3_05602_65_10_20231027141015.jpg,c4_p065_20231027_o10,data/data_22/pi4_05602_65_10_20231027141015.jpg
p065_20231101,65,20231101,52,2_S5,12,2,c1_p065_20231101_o02,data/data_25/pi1_06314_65_2_20231101112650.jpg,c2_p065_20231101_o02,data/data_25/pi2_06314_65_2_20231101112650.jpg,c3_p065_20231101_o02,data/data_25/pi3_06314_65_2_20231101112650.jpg,c4_p065_20231101_o02,data/data_25/pi4_06314_65_2_20231101112650.jpg
p065_20231106,65,20231106,60,3_S6,12,10,c1_p065_20231106_o10,data/data_28/pi1_07042_65_10_20231106152553.jpg,c2_p065_20231106_o10,data/data_28/pi2_07042_65_10_20231106152554.jpg,c3_p065_20231106_o10,data/data_28/pi3_07042_65_10_20231106152554.jpg,c4_p065_20231106_o10,data/data_28/pi4_07042_65_10_20231106152555.jpg
p065_20231109,65,20231109,68,3_S6,12,10,c1_p065_20231109_o10,data/data_31/pi1_07762_65_10_20231109140342.jpg,c2_p065_20231109_o10,data/data_31/pi2_07762_65_10_20231109140342.jpg,c3_p065_20231109_o10,data/data_31/pi3_07762_65_10_20231109140343.jpg,c4_p065_20231109_o10,data/data_31/pi4_07762_65_10_20231109140343.jpg
p065_20231120,65,20231120,70,4_S7,12,12,c1_p065_20231120_o12,data/data_33/pi1_08484_65_12_20231120153102.jpg,c2_p065_20231120_o12,data/data_33/pi2_08484_65_12_20231120153102.jpg,c3_p065_20231120_o12,data/data_33/pi3_08484_65_12_20231120153103.jpg,c4_p065_20231120_o12,data/data_33/pi4_08484_65_12_20231120153102.jpg
p065_20231127,65,20231127,73,4_S7,12,7,c1_p065_20231127_o07,data/data_37/pi1_09439_65_7_20231127160356.jpg,c2_p065_20231127_o07,data/data_37/pi2_09439_65_7_20231127160356.jpg,c3_p065_20231127_o07,data/data_37/pi3_09439_65_7_20231127160357.jpg,c4_p065_20231127_o07,data/data_37/pi4_09439_65_7_20231127160357.jpg
p065_20231130,65,20231130,74,4_S7,12,4,c1_p065_20231130_o04,data/data_41/pi1_10396_65_4_20231130143002.jpg,c2_p065_20231130_o04,data/data_41/pi2_10396_65_4_20231130143003.jpg,c3_p065_20231130_o04,data/data_41/pi3_10396_65_4_20231130143003.jpg,c4_p065_20231130_o04,data/data_41/pi4_10396_65_4_20231130143004.jpg
p065_20231204,65,20231204,75,4_S7,12,3,c1_p065_20231204_o03,data/data_44/pi1_11115_65_3_20231204155851.jpg,c2_p065_20231204_o03,data/data_44/pi2_11115_65_3_20231204155851.jpg,c3_p065_20231204_o03,data/data_44/pi3_11115_65_3_20231204155852.jpg,c4_p065_20231204_o03,data/data_44/pi4_11115_65_3_20231204155852.jpg
p065_20231211,65,20231211,76,4_S7,12,4,c1_p065_20231211_o04,data/data_48/pi1_12076_65_4_20231211144209.jpg,c2_p065_20231211_o04,data/data_48/pi2_12076_65_4_20231211144209.jpg,c3_p065_20231211_o04,data/data_48/pi3_12076_65_4_20231211144209.jpg,c4_p065_20231211_o04,data/data_48/pi4_12076_65_4_20231211144209.jpg
p065_20231214,65,20231214,78,4_S7,12,9,c1_p065_20231214_o09,data/data_51/pi1_12801_65_9_20231214155850.jpg,c2_p065_20231214_o09,data/data_51/pi2_12801_65_9_20231214155850.jpg,c3_p065_20231214_o09,data/data_51/pi3_12801_65_9_20231214155850.jpg,c4_p065_20231214_o09,data/data_51/pi4_12801_65_9_20231214155850.jpg
p065_20231218,65,20231218,79,4_S7,12,10,c1_p065_20231218_o10,data/data_53/pi1_13282_65_10_20231218144916.jpg,c2_p065_20231218_o10,data/data_53/pi2_13282_65_10_20231218144917.jpg,c3_p065_20231218_o10,data/data_53/pi3_13282_65_10_20231218144917.jpg,c4_p065_20231218_o10,data/data_53/pi4_13282_65_10_20231218144917.jpg
p065_20231227,65,20231227,79,4_S7,12,6,c1_p065_20231227_o06,data/data_55/pi1_13998_65_6_20231227135429.jpg,c2_p065_20231227_o06,data/data_55/pi2_13998_65_6_20231227135429.jpg,c3_p065_20231227_o06,data/data_55/pi3_13998_65_6_20231227135430.jpg,c4_p065_20231227_o06,data/data_55/pi4_13998_65_6_20231227135430.jpg
p065_20240115,65,20240115,79,4_S7,12,10,c1_p065_20240115_o10,data/data_58/pi1_14722_65_10_20240115104602.jpg,c2_p065_20240115_o10,data/data_58/pi2_14722_65_10_20240115104602.jpg,c3_p065_20240115_o10,data/data_58/pi3_14722_65_10_20240115104602.jpg,c4_p065_20240115_o10,data/data_58/pi4_14722_65_10_20240115104602.jpg
p065_20240119,65,20240119,80,5_S8,12,12,c1_p065_20240119_o12,data/data_60/pi1_15204_65_12_20240119102615.jpg,c2_p065_20240119_o12,data/data_60/pi2_15204_65_12_20240119102616.jpg,c3_p065_20240119_o12,data/data_60/pi3_15204_65_12_20240119102617.jpg,c4_p065_20240119_o12,data/data_60/pi4_15204_65_12_20240119102616.jpg
p065_20240126,65,20240126,88,5_S8,12,8,c1_p065_20240126_o08,data/data_62/pi1_15680_65_8_20240126134852.jpg,c2_p065_20240126_o08,data/data_62/pi2_15680_65_8_20240126134852.jpg,c3_p065_20240126_o08,data/data_62/pi3_15680_65_8_20240126134853.jpg,c4_p065_20240126_o08,data/data_62/pi4_15680_65_8_20240126134852.jpg
p066_20231006,66,20231006,13,0_S1,12,4,c1_p066_20231006_o04,data/data_9/pi1_02488_66_4_20231006114010.jpg,c2_p066_20231006_o04,data/data_9/pi2_02488_66_4_20231006113958.jpg,c3_p066_20231006_o04,data/data_9/pi3_02488_66_4_20231006113943.jpg,c4_p066_20231006_o04,data/data_9/pi4_02488_66_4_20231006113924.jpg
p066_20231011,66,20231011,13,0_S1,12,7,c1_p066_20231011_o07,data/data_11/pi1_02971_66_7_20231011081619.jpg,c2_p066_20231011_o07,data/data_11/pi2_02971_66_7_20231011081638.jpg,c3_p066_20231011_o07,data/data_11/pi3_02971_66_7_20231011081657.jpg,c4_p066_20231011_o07,data/data_11/pi4_02971_66_7_20231011081711.jpg
p066_20231017,66,20231017,13,0_S1,12,7,c1_p066_20231017_o07,data/data_14/pi1_03691_66_7_20231017152711.jpg,c2_p066_20231017_o07,data/data_14/pi2_03691_66_7_20231017152711.jpg,c3_p066_20231017_o07,data/data_14/pi3_03691_66_7_20231017152712.jpg,c4_p066_20231017_o07,data/data_14/pi4_03691_66_7_20231017152711.jpg
p066_20231019,66,20231019,13,0_S1,12,5,c1_p066_20231019_o05,data/data_16/pi1_04169_66_5_20231019141628.jpg,c2_p066_20231019_o05,data/data_16/pi2_04169_66_5_20231019141628.jpg,c3_p066_20231019_o05,data/data_16/pi3_04169_66_5_20231019141628.jpg,c4_p066_20231019_o05,data/data_16/pi4_04169_66_5_20231019141628.jpg
p066_20231023,66,20231023,13,0_S1,12,7,c1_p066_20231023_o07,data/data_19/pi1_04891_66_7_20231023132006.jpg,c2_p066_20231023_o07,data/data_19/pi2_04891_66_7_20231023132006.jpg,c3_p066_20231023_o07,data/data_19/pi3_04891_66_7_20231023132007.jpg,c4_p066_20231023_o07,data/data_19/pi4_04891_66_7_20231023132007.jpg
p066_20231027,66,20231027,14,0_S1,12,12,c1_p066_20231027_o12,data/data_22/pi1_05616_66_12_20231027141217.jpg,c2_p066_20231027_o12,data/data_22/pi2_05616_66_12_20231027141217.jpg,c3_p066_20231027_o12,data/data_22/pi3_05616_66_12_20231027141217.jpg,c4_p066_20231027_o12,data/data_22/pi4_05616_66_12_20231027141217.jpg
p066_20231101,66,20231101,53,2_S5,12,5,c1_p066_20231101_o05,data/data_25/pi1_06329_66_5_20231101113426.jpg,c2_p066_20231101_o05,data/data_25/pi2_06329_66_5_20231101113426.jpg,c3_p066_20231101_o05,data/data_25/pi3_06329_66_5_20231101113426.jpg,c4_p066_20231101_o05,data/data_25/pi4_06329_66_5_20231101113426.jpg
p066_20231106,66,20231106,60,3_S6,12,3,c1_p066_20231106_o03,data/data_28/pi1_07047_66_3_20231106152658.jpg,c2_p066_20231106_o03,data/data_28/pi2_07047_66_3_20231106152658.jpg,c3_p066_20231106_o03,data/data_28/pi3_07047_66_3_20231106152658.jpg,c4_p066_20231106_o03,data/data_28/pi4_07047_66_3_20231106152659.jpg
p066_20231109,66,20231109,65,3_S6,12,11,c1_p066_20231109_o11,data/data_31/pi1_07775_66_11_20231109140631.jpg,c2_p066_20231109_o11,data/data_31/pi2_07775_66_11_20231109140630.jpg,c3_p066_20231109_o11,data/data_31/pi3_07775_66_11_20231109140631.jpg,c4_p066_20231109_o11,data/data_31/pi4_07775_66_11_20231109140631.jpg
p066_20231120,66,20231120,67,3_S6,12,2,c1_p066_20231120_o02,data/data_33/pi1_08486_66_2_20231120153144.jpg,c2_p066_20231120_o02,data/data_33/pi2_08486_66_2_20231120153144.jpg,c3_p066_20231120_o02,data/data_33/pi3_08486_66_2_20231120153145.jpg,c4_p066_20231120_o02,data/data_33/pi4_08486_66_2_20231120153144.jpg
p066_20231127,66,20231127,70,4_S7,12,8,c1_p066_20231127_o08,data/data_37/pi1_09452_66_8_20231127160526.jpg,c2_p066_20231127_o08,data/data_37/pi2_09452_66_8_20231127160527.jpg,c3_p066_20231127_o08,data/data_37/pi3_09452_66_8_20231127160527.jpg,c4_p066_20231127_o08,data/data_37/pi4_09452_66_8_20231127160528.jpg
p066_20231130,66,20231130,71,4_S7,12,8,c1_p066_20231130_o08,data/data_41/pi1_10412_66_8_20231130143554.jpg,c2_p066_20231130_o08,data/data_41/pi2_10412_66_8_20231130143555.jpg,c3_p066_20231130_o08,data/data_41/pi3_10412_66_8_20231130143555.jpg,c4_p066_20231130_o08,data/data_41/pi4_10412_66_8_20231130143556.jpg
p066_20231204,66,20231204,73,4_S7,12,7,c1_p066_20231204_o07,data/data_44/pi1_11131_66_7_20231204160044.jpg,c2_p066_20231204_o07,data/data_44/pi2_11131_66_7_20231204160044.jpg,c3_p066_20231204_o07,data/data_44/pi3_11131_66_7_20231204160045.jpg,c4_p066_20231204_o07,data/data_44/pi4_11131_66_7_20231204160045.jpg
p066_20231211,66,20231211,75,4_S7,12,1,c1_p066_20231211_o01,data/data_48/pi1_12085_66_1_20231211144336.jpg,c2_p066_20231211_o01,data/data_48/pi2_12085_66_1_20231211144336.jpg,c3_p066_20231211_o01,data/data_48/pi3_12085_66_1_20231211144337.jpg,c4_p066_20231211_o01,data/data_48/pi4_12085_66_1_20231211144337.jpg
p066_20231214,66,20231214,78,4_S7,12,1,c1_p066_20231214_o01,data/data_51/pi1_12805_66_1_20231214155936.jpg,c2_p066_20231214_o01,data/data_51/pi2_12805_66_1_20231214155937.jpg,c3_p066_20231214_o01,data/data_51/pi3_12805_66_1_20231214155937.jpg,c4_p066_20231214_o01,data/data_51/pi4_12805_66_1_20231214155937.jpg
p066_20231218,66,20231218,79,4_S7,12,11,c1_p066_20231218_o11,data/data_53/pi1_13295_66_11_20231218145042.jpg,c2_p066_20231218_o11,data/data_53/pi2_13295_66_11_20231218145042.jpg,c3_p066_20231218_o11,data/data_53/pi3_13295_66_11_20231218145042.jpg,c4_p066_20231218_o11,data/data_53/pi4_13295_66_11_20231218145043.jpg
p066_20231227,66,20231227,80,5_S8,12,10,c1_p066_20231227_o10,data/data_56/pi1_14014_66_10_20231227135618.jpg,c2_p066_20231227_o10,data/data_56/pi2_14014_66_10_20231227135619.jpg,c3_p066_20231227_o10,data/data_56/pi3_14014_66_10_20231227135619.jpg,c4_p066_20231227_o10,data/data_56/pi4_14014_66_10_20231227135619.jpg
p066_20240115,66,20240115,82,5_S8,12,4,c1_p066_20240115_o04,data/data_58/pi1_14728_66_4_20240115104828.jpg,c2_p066_20240115_o04,data/data_58/pi2_14728_66_4_20240115104828.jpg,c3_p066_20240115_o04,data/data_58/pi3_14728_66_4_20240115104828.jpg,c4_p066_20240115_o04,data/data_58/pi4_14728_66_4_20240115104828.jpg
p066_20240119,66,20240119,82,5_S8,12,5,c1_p066_20240119_o05,data/data_60/pi1_15209_66_5_20240119102734.jpg,c2_p066_20240119_o05,data/data_60/pi2_15209_66_5_20240119102734.jpg,c3_p066_20240119_o05,data/data_60/pi3_15209_66_5_20240119102735.jpg,c4_p066_20240119_o05,data/data_60/pi4_15209_66_5_20240119102734.jpg
p066_20240126,66,20240126,84,5_S8,12,7,c1_p066_20240126_o07,data/data_62/pi1_15691_66_7_20240126135308.jpg,c2_p066_20240126_o07,data/data_62/pi2_15691_66_7_20240126135308.jpg,c3_p066_20240126_o07,data/data_62/pi3_15691_66_7_20240126135309.jpg,c4_p066_20240126_o07,data/data_62/pi4_15691_66_7_20240126135309.jpg
p067_20231006,67,20231006,13,0_S1,12,9,c1_p067_20231006_o09,data/data_10/pi1_02505_67_9_20231006114010.jpg,c2_p067_20231006_o09,data/data_10/pi2_02505_67_9_20231006113958.jpg,c3_p067_20231006_o09,data/data_10/pi3_02505_67_9_20231006113943.jpg,c4_p067_20231006_o09,data/data_10/pi4_02505_67_9_20231006113924.jpg
p067_20231011,67,20231011,13,0_S1,12,4,c1_p067_20231011_o04,data/data_11/pi1_02980_67_4_20231011081619.jpg,c2_p067_20231011_o04,data/data_11/pi2_02980_67_4_20231011081638.jpg,c3_p067_20231011_o04,data/data_11/pi3_02980_67_4_20231011081657.jpg,c4_p067_20231011_o04,data/data_11/pi4_02980_67_4_20231011081711.jpg
p067_20231017,67,20231017,13,0_S1,12,6,c1_p067_20231017_o06,data/data_14/pi1_03702_67_6_20231017152849.jpg,c2_p067_20231017_o06,data/data_14/pi2_03702_67_6_20231017152849.jpg,c3_p067_20231017_o06,data/data_14/pi3_03702_67_6_20231017152850.jpg,c4_p067_20231017_o06,data/data_14/pi4_03702_67_6_20231017152849.jpg
p067_20231019,67,20231019,14,0_S1,12,8,c1_p067_20231019_o08,data/data_16/pi1_04184_67_8_20231019141825.jpg,c2_p067_20231019_o08,data/data_16/pi2_04184_67_8_20231019141825.jpg,c3_p067_20231019_o08,data/data_16/pi3_04184_67_8_20231019141826.jpg,c4_p067_20231019_o08,data/data_16/pi4_04184_67_8_20231019141825.jpg
p067_20231023,67,20231023,14,0_S1,12,8,c1_p067_20231023_o08,data/data_19/pi1_04904_67_8_20231023132150.jpg,c2_p067_20231023_o08,data/data_19/pi2_04904_67_8_20231023132150.jpg,c3_p067_20231023_o08,data/data_19/pi3_04904_67_8_20231023132151.jpg,c4_p067_20231023_o08,data/data_19/pi4_04904_67_8_20231023132150.jpg
p067_20231027,67,20231027,54,2_S5,12,9,c1_p067_20231027_o09,data/data_22/pi1_05625_67_9_20231027141336.jpg,c2_p067_20231027_o09,data/data_22/pi2_05625_67_9_20231027141336.jpg,c3_p067_20231027_o09,data/data_22/pi3_05625_67_9_20231027141336.jpg,c4_p067_20231027_o09,data/data_22/pi4_05625_67_9_20231027141336.jpg
p067_20231101,67,20231101,60,3_S6,12,12,c1_p067_20231101_o12,data/data_25/pi1_06348_67_12_20231101114407.jpg,c2_p067_20231101_o12,data/data_25/pi2_06348_67_12_20231101114407.jpg,c3_p067_20231101_o12,data/data_25/pi3_06348_67_12_20231101114407.jpg,c4_p067_20231101_o12,data/data_25/pi4_06348_67_12_20231101114407.jpg
p067_20231106,67,20231106,63,3_S6,12,1,c1_p067_20231106_o01,data/data_28/pi1_07057_67_1_20231106152849.jpg,c2_p067_20231106_o01,data/data_28/pi2_07057_67_1_20231106152850.jpg,c3_p067_20231106_o01,data/data_28/pi3_07057_67_1_20231106152850.jpg,c4_p067_20231106_o01,data/data_28/pi4_07057_67_1_20231106152851.jpg
p067_20231109,67,20231109,69,3_S6,12,12,c1_p067_20231109_o12,data/data_31/pi1_07788_67_12_20231109140856.jpg,c2_p067_20231109_o12,data/data_31/pi2_07788_67_12_20231109140855.jpg,c3_p067_20231109_o12,data/data_31/pi3_07788_67_12_20231109140857.jpg,c4_p067_20231109_o12,data/data_31/pi4_07788_67_12_20231109140857.jpg
p067_20231120,67,20231120,70,4_S7,12,9,c1_p067_20231120_o09,data/data_34/pi1_08505_67_9_20231120153359.jpg,c2_p067_20231120_o09,data/data_34/pi2_08505_67_9_20231120153400.jpg,c3_p067_20231120_o09,data/data_34/pi3_08505_67_9_20231120153400.jpg,c4_p067_20231120_o09,data/data_34/pi4_08505_67_9_20231120153400.jpg
p067_20231127,67,20231127,71,4_S7,12,11,c1_p067_20231127_o11,data/data_37/pi1_09467_67_11_20231127160711.jpg,c2_p067_20231127_o11,data/data_37/pi2_09467_67_11_20231127160712.jpg,c3_p067_20231127_o11,data/data_37/pi3_09467_67_11_20231127160712.jpg,c4_p067_20231127_o11,data/data_37/pi4_09467_67_11_20231127160712.jpg
p067_20231130,67,20231130,72,4_S7,12,7,c1_p067_20231130_o07,data/data_41/pi1_10423_67_7_20231130143932.jpg,c2_p067_20231130_o07,data/data_41/pi2_10423_67_7_20231130143932.jpg,c3_p067_20231130_o07,data/data_41/pi3_10423_67_7_20231130143932.jpg,c4_p067_20231130_o07,data/data_41/pi4_10423_67_7_20231130143933.jpg
p067_20231204,67,20231204,75,4_S7,12,4,c1_p067_20231204_o04,data/data_44/pi1_11140_67_4_20231204160142.jpg,c2_p067_20231204_o04,data/data_44/pi2_11140_67_4_20231204160142.jpg,c3_p067_20231204_o04,data/data_44/pi3_11140_67_4_20231204160143.jpg,c4_p067_20231204_o04,data/data_44/pi4_11140_67_4_20231204160143.jpg
p067_20231211,67,20231211,76,4_S7,12,7,c1_p067_20231211_o07,data/data_48/pi1_12103_67_7_20231211144551.jpg,c2_p067_20231211_o07,data/data_48/pi2_12103_67_7_20231211144550.jpg,c3_p067_20231211_o07,data/data_48/pi3_12103_67_7_20231211144551.jpg,c4_p067_20231211_o07,data/data_48/pi4_12103_67_7_20231211144551.jpg
p067_20231214,67,20231214,77,4_S7,12,8,c1_p067_20231214_o08,data/data_51/pi1_12824_67_8_20231214160208.jpg,c2_p067_20231214_o08,data/data_51/pi2_12824_67_8_20231214160208.jpg,c3_p067_20231214_o08,data/data_51/pi3_12824_67_8_20231214160208.jpg,c4_p067_20231214_o08,data/data_51/pi4_12824_67_8_20231214160208.jpg
p067_20231218,67,20231218,78,4_S7,12,3,c1_p067_20231218_o03,data/data_53/pi1_13299_67_3_20231218145121.jpg,c2_p067_20231218_o03,data/data_53/pi2_13299_67_3_20231218145121.jpg,c3_p067_20231218_o03,data/data_53/pi3_13299_67_3_20231218145121.jpg,c4_p067_20231218_o03,data/data_53/pi4_13299_67_3_20231218145122.jpg
p067_20231227,67,20231227,79,4_S7,12,9,c1_p067_20231227_o09,data/data_56/pi1_14025_67_9_20231227135737.jpg,c2_p067_20231227_o09,data/data_56/pi2_14025_67_9_20231227135737.jpg,c3_p067_20231227_o09,data/data_56/pi3_14025_67_9_20231227135738.jpg,c4_p067_20231227_o09,data/data_56/pi4_14025_67_9_20231227135738.jpg
p067_20240115,67,20240115,79,4_S7,12,7,c1_p067_20240115_o07,data/data_58/pi1_14743_67_7_20240115105057.jpg,c2_p067_20240115_o07,data/data_58/pi2_14743_67_7_20240115105057.jpg,c3_p067_20240115_o07,data/data_58/pi3_14743_67_7_20240115105057.jpg,c4_p067_20240115_o07,data/data_58/pi4_14743_67_7_20240115105057.jpg
p067_20240119,67,20240119,82,5_S8,12,7,c1_p067_20240119_o07,data/data_60/pi1_15223_67_7_20240119103310.jpg,c2_p067_20240119_o07,data/data_60/pi2_15223_67_7_20240119103310.jpg,c3_p067_20240119_o07,data/data_60/pi3_15223_67_7_20240119103311.jpg,c4_p067_20240119_o07,data/data_60/pi4_15223_67_7_20240119103310.jpg
p067_20240126,67,20240126,86,5_S8,12,4,c1_p067_20240126_o04,data/data_62/pi1_15700_67_4_20240126135438.jpg,c2_p067_20240126_o04,data/data_62/pi2_15700_67_4_20240126135439.jpg,c3_p067_20240126_o04,data/data_62/pi3_15700_67_4_20240126135440.jpg,c4_p067_20240126_o04,data/data_62/pi4_15700_67_4_20240126135439.jpg
p068_20231006,68,20231006,13,0_S1,12,1,c1_p068_20231006_o01,data/data_10/pi1_02509_68_1_20231006114010.jpg,c2_p068_20231006_o01,data/data_10/pi2_02509_68_1_20231006113958.jpg,c3_p068_20231006_o01,data/data_10/pi3_02509_68_1_20231006113943.jpg,c4_p068_20231006_o01,data/data_10/pi4_02509_68_1_20231006113924.jpg
p068_20231011,68,20231011,13,0_S1,12,11,c1_p068_20231011_o11,data/data_11/pi1_02999_68_11_20231011081619.jpg,c2_p068_20231011_o11,data/data_11/pi2_02999_68_11_20231011081638.jpg,c3_p068_20231011_o11,data/data_11/pi3_02999_68_11_20231011081657.jpg,c4_p068_20231011_o11,data/data_11/pi4_02999_68_11_20231011081711.jpg
p068_20231017,68,20231017,13,0_S1,12,11,c1_p068_20231017_o11,data/data_14/pi1_03719_68_11_20231017153101.jpg,c2_p068_20231017_o11,data/data_14/pi2_03719_68_11_20231017153101.jpg,c3_p068_20231017_o11,data/data_14/pi3_03719_68_11_20231017153102.jpg,c4_p068_20231017_o11,data/data_14/pi4_03719_68_11_20231017153101.jpg
p068_20231019,68,20231019,14,0_S1,12,7,c1_p068_20231019_o07,data/data_16/pi1_04195_68_7_20231019142008.jpg,c2_p068_20231019_o07,data/data_16/pi2_04195_68_7_20231019142007.jpg,c3_p068_20231019_o07,data/data_16/pi3_04195_68_7_20231019142008.jpg,c4_p068_20231019_o07,data/data_16/pi4_04195_68_7_20231019142007.jpg
p068_20231023,68,20231023,14,0_S1,12,6,c1_p068_20231023_o06,data/data_19/pi1_04914_68_6_20231023132318.jpg,c2_p068_20231023_o06,data/data_19/pi2_04914_68_6_20231023132319.jpg,c3_p068_20231023_o06,data/data_19/pi3_04914_68_6_20231023132319.jpg,c4_p068_20231023_o06,data/data_19/pi4_04914_68_6_20231023132319.jpg
p068_20231027,68,20231027,52,2_S5,12,1,c1_p068_20231027_o01,data/data_22/pi1_05629_68_1_20231027141435.jpg,c2_p068_20231027_o01,data/data_22/pi2_05629_68_1_20231027141435.jpg,c3_p068_20231027_o01,data/data_22/pi3_05629_68_1_20231027141436.jpg,c4_p068_20231027_o01,data/data_22/pi4_05629_68_1_20231027141436.jpg
p068_20231101,68,20231101,52,2_S5,12,4,c1_p068_20231101_o04,data/data_25/pi1_06352_68_4_20231101114521.jpg,c2_p068_20231101_o04,data/data_25/pi2_06352_68_4_20231101114521.jpg,c3_p068_20231101_o04,data/data_25/pi3_06352_68_4_20231101114521.jpg,c4_p068_20231101_o04,data/data_25/pi4_06352_68_4_20231101114521.jpg
p068_20231106,68,20231106,64,3_S6,12,10,c1_p068_20231106_o10,data/data_28/pi1_07078_68_10_20231106153121.jpg,c2_p068_20231106_o10,data/data_28/pi2_07078_68_10_20231106153121.jpg,c3_p068_20231106_o10,data/data_28/pi3_07078_68_10_20231106153121.jpg,c4_p068_20231106_o10,data/data_28/pi4_07078_68_10_20231106153122.jpg
p068_20231109,68,20231109,65,3_S6,12,5,c1_p068_20231109_o05,data/data_31/pi1_07793_68_5_20231109141049.jpg,c2_p068_20231109_o05,data/data_31/pi2_07793_68_5_20231109141048.jpg,c3_p068_20231109_o05,data/data_31/pi3_07793_68_5_20231109141049.jpg,c4_p068_20231109_o05,data/data_31/pi4_07793_68_5_20231109141049.jpg
p068_20231120,68,20231120,67,3_S6,12,2,c1_p068_20231120_o02,data/data_34/pi1_08510_68_2_20231120153520.jpg,c2_p068_20231120_o02,data/data_34/pi2_08510_68_2_20231120153521.jpg,c3_p068_20231120_o02,data/data_34/pi3_08510_68_2_20231120153522.jpg,c4_p068_20231120_o02,data/data_34/pi4_08510_68_2_20231120153521.jpg
p068_20231127,68,20231127,68,3_S6,12,8,c1_p068_20231127_o08,data/data_37/pi1_09476_68_8_20231127160846.jpg,c2_p068_20231127_o08,data/data_37/pi2_09476_68_8_20231127160846.jpg,c3_p068_20231127_o08,data/data_37/pi3_09476_68_8_20231127160847.jpg,c4_p068_20231127_o08,data/data_37/pi4_09476_68_8_20231127160847.jpg
p068_20231130,68,20231130,69,3_S6,12,9,c1_p068_20231130_o09,data/data_41/pi1_10437_68_9_20231130144503.jpg,c2_p068_20231130_o09,data/data_41/pi2_10437_68_9_20231130144503.jpg,c3_p068_20231130_o09,data/data_41/pi3_10437_68_9_20231130144503.jpg,c4_p068_20231130_o09,data/data_41/pi4_10437_68_9_20231130144504.jpg
p068_20231204,68,20231204,70,4_S7,12,6,c1_p068_20231204_o06,data/data_44/pi1_11154_68_6_20231204160359.jpg,c2_p068_20231204_o06,data/data_44/pi2_11154_68_6_20231204160400.jpg,c3_p068_20231204_o06,data/data_44/pi3_11154_68_6_20231204160400.jpg,c4_p068_20231204_o06,data/data_44/pi4_11154_68_6_20231204160400.jpg
p068_20231211,68,20231211,71,4_S7,12,9,c1_p068_20231211_o09,data/data_48/pi1_12117_68_9_20231211144746.jpg,c2_p068_20231211_o09,data/data_48/pi2_12117_68_9_20231211144745.jpg,c3_p068_20231211_o09,data/data_48/pi3_12117_68_9_20231211144746.jpg,c4_p068_20231211_o09,data/data_48/pi4_12117_68_9_20231211144746.jpg
p068_20231214,68,20231214,73,4_S7,12,2,c1_p068_20231214_o02,data/data_51/pi1_12830_68_2_20231214160302.jpg,c2_p068_20231214_o02,data/data_51/pi2_12830_68_2_20231214160302.jpg,c3_p068_20231214_o02,data/data_51/pi3_12830_68_2_20231214160303.jpg,c4_p068_20231214_o02,data/data_51/pi4_12830_68_2_20231214160303.jpg
p068_20231218,68,20231218,75,4_S7,12,3,c1_p068_20231218_o03,data/data_53/pi1_13311_68_3_20231218145237.jpg,c2_p068_20231218_o03,data/data_53/pi2_13311_68_3_20231218145237.jpg,c3_p068_20231218_o03,data/data_53/pi3_13311_68_3_20231218145237.jpg,c4_p068_20231218_o03,data/data_53/pi4_13311_68_3_20231218145238.jpg
p068_20231227,68,20231227,78,4_S7,12,2,c1_p068_20231227_o02,data/data_56/pi1_14030_68_2_20231227135828.jpg,c2_p068_20231227_o02,data/data_56/pi2_14030_68_2_20231227135828.jpg,c3_p068_20231227_o02,data/data_56/pi3_14030_68_2_20231227135828.jpg,c4_p068_20231227_o02,data/data_56/pi4_14030_68_2_20231227135828.jpg
p068_20240115,68,20240115,79,4_S7,12,9,c1_p068_20240115_o09,data/data_59/pi1_14757_68_9_20240115105524.jpg,c2_p068_20240115_o09,data/data_59/pi2_14757_68_9_20240115105523.jpg,c3_p068_20240115_o09,data/data_59/pi3_14757_68_9_20240115105524.jpg,c4_p068_20240115_o09,data/data_59/pi4_14757_68_9_20240115105524.jpg
p068_20240119,68,20240119,80,5_S8,12,2,c1_p068_20240119_o02,data/data_60/pi1_15230_68_2_20240119103435.jpg,c2_p068_20240119_o02,data/data_60/pi2_15230_68_2_20240119103436.jpg,c3_p068_20240119_o02,data/data_60/pi3_15230_68_2_20240119103436.jpg,c4_p068_20240119_o02,data/data_60/pi4_15230_68_2_20240119103436.jpg
p068_20240126,68,20240126,81,5_S8,12,7,c1_p068_20240126_o07,data/data_62/pi1_15715_68_7_20240126135706.jpg,c2_p068_20240126_o07,data/data_62/pi2_15715_68_7_20240126135706.jpg,c3_p068_20240126_o07,data/data_62/pi3_15715_68_7_20240126135707.jpg,c4_p068_20240126_o07,data/data_62/pi4_15715_68_7_20240126135707.jpg
p069_20231006,69,20231006,13,0_S1,12,11,c1_p069_20231006_o11,data/data_10/pi1_02531_69_11_20231006114010.jpg,c2_p069_20231006_o11,data/data_10/pi2_02531_69_11_20231006113958.jpg,c3_p069_20231006_o11,data/data_10/pi3_02531_69_11_20231006113943.jpg,c4_p069_20231006_o11,data/data_10/pi4_02531_69_11_20231006113924.jpg
p069_20231011,69,20231011,13,0_S1,12,6,c1_p069_20231011_o06,data/data_12/pi1_03006_69_6_20231011081619.jpg,c2_p069_20231011_o06,data/data_12/pi2_03006_69_6_20231011081638.jpg,c3_p069_20231011_o06,data/data_12/pi3_03006_69_6_20231011081657.jpg,c4_p069_20231011_o06,data/data_12/pi4_03006_69_6_20231011081711.jpg
p069_20231017,69,20231017,13,0_S1,12,8,c1_p069_20231017_o08,data/data_14/pi1_03728_69_8_20231017153207.jpg,c2_p069_20231017_o08,data/data_14/pi2_03728_69_8_20231017153207.jpg,c3_p069_20231017_o08,data/data_14/pi3_03728_69_8_20231017153207.jpg,c4_p069_20231017_o08,data/data_14/pi4_03728_69_8_20231017153207.jpg
p069_20231019,69,20231019,14,0_S1,12,12,c1_p069_20231019_o12,data/data_16/pi1_04212_69_12_20231019142226.jpg,c2_p069_20231019_o12,data/data_16/pi2_04212_69_12_20231019142226.jpg,c3_p069_20231019_o12,data/data_16/pi3_04212_69_12_20231019142226.jpg,c4_p069_20231019_o12,data/data_16/pi4_04212_69_12_20231019142226.jpg
p069_20231023,69,20231023,14,0_S1,12,9,c1_p069_20231023_o09,data/data_19/pi1_04929_69_9_20231023132515.jpg,c2_p069_20231023_o09,data/data_19/pi2_04929_69_9_20231023132515.jpg,c3_p069_20231023_o09,data/data_19/pi3_04929_69_9_20231023132516.jpg,c4_p069_20231023_o09,data/data_19/pi4_04929_69_9_20231023132516.jpg
p069_20231027,69,20231027,15,0_S1,12,12,c1_p069_20231027_o12,data/data_22/pi1_05652_69_12_20231027141738.jpg,c2_p069_20231027_o12,data/data_22/pi2_05652_69_12_20231027141738.jpg,c3_p069_20231027_o12,data/data_22/pi3_05652_69_12_20231027141738.jpg,c4_p069_20231027_o12,data/data_22/pi4_05652_69_12_20231027141738.jpg
p069_20231101,69,20231101,53,2_S5,12,8,c1_p069_20231101_o08,data/data_25/pi1_06368_69_8_20231101114744.jpg,c2_p069_20231101_o08,data/data_25/pi2_06368_69_8_20231101114744.jpg,c3_p069_20231101_o08,data/data_25/pi3_06368_69_8_20231101114744.jpg,c4_p069_20231101_o08,data/data_25/pi4_06368_69_8_20231101114744.jpg
p069_20231106,69,20231106,61,3_S6,12,12,c1_p069_20231106_o12,data/data_28/pi1_07092_69_12_20231106153327.jpg,c2_p069_20231106_o12,data/data_28/pi2_07092_69_12_20231106153327.jpg,c3_p069_20231106_o12,data/data_28/pi3_07092_69_12_20231106153327.jpg,c4_p069_20231106_o12,data/data_28/pi4_07092_69_12_20231106153328.jpg
p069_20231109,69,20231109,66,3_S6,12,11,c1_p069_20231109_o11,data/data_31/pi1_07811_69_11_20231109141537.jpg,c2_p069_20231109_o11,data/data_31/pi2_07811_69_11_20231109141537.jpg,c3_p069_20231109_o11,data/data_31/pi3_07811_69_11_20231109141538.jpg,c4_p069_20231109_o11,data/data_31/pi4_07811_69_11_20231109141538.jpg
p069_20231120,69,20231120,70,4_S7,12,6,c1_p069_20231120_o06,data/data_34/pi1_08526_69_6_20231120153720.jpg,c2_p069_20231120_o06,data/data_34/pi2_08526_69_6_20231120153720.jpg,c3_p069_20231120_o06,data/data_34/pi3_08526_69_6_20231120153721.jpg,c4_p069_20231120_o06,data/data_34/pi4_08526_69_6_20231120153720.jpg
p069_20231127,69,20231127,72,4_S7,12,9,c1_p069_20231127_o09,data/data_37/pi1_09489_69_9_20231127161014.jpg,c2_p069_20231127_o09,data/data_37/pi2_09489_69_9_20231127161014.jpg,c3_p069_20231127_o09,data/data_37/pi3_09489_69_9_20231127161015.jpg,c4_p069_20231127_o09,data/data_37/pi4_09489_69_9_20231127161015.jpg
p069_20231130,69,20231130,73,4_S7,12,7,c1_p069_20231130_o07,data/data_41/pi1_10447_69_7_20231130145001.jpg,c2_p069_20231130_o07,data/data_41/pi2_10447_69_7_20231130145001.jpg,c3_p069_20231130_o07,data/data_41/pi3_10447_69_7_20231130145001.jpg,c4_p069_20231130_o07,data/data_41/pi4_10447_69_7_20231130145002.jpg
p069_20231204,69,20231204,74,4_S7,12,4,c1_p069_20231204_o04,data/data_44/pi1_11164_69_4_20231204160534.jpg,c2_p069_20231204_o04,data/data_44/pi2_11164_69_4_20231204160535.jpg,c3_p069_20231204_o04,data/data_44/pi3_11164_69_4_20231204160535.jpg,c4_p069_20231204_o04,data/data_44/pi4_11164_69_4_20231204160535.jpg
p069_20231211,69,20231211,76,4_S7,12,5,c1_p069_20231211_o05,data/data_48/pi1_12125_69_5_20231211144855.jpg,c2_p069_20231211_o05,data/data_48/pi2_12125_69_5_20231211144855.jpg,c3_p069_20231211_o05,data/data_48/pi3_12125_69_5_20231211144856.jpg,c4_p069_20231211_o05,data/data_48/pi4_12125_69_5_20231211144856.jpg
p069_20231214,69,20231214,77,4_S7,12,5,c1_p069_20231214_o05,data/data_51/pi1_12845_69_5_20231214160442.jpg,c2_p069_20231214_o05,data/data_51/pi2_12845_69_5_20231214160442.jpg,c3_p069_20231214_o05,data/data_51/pi3_12845_69_5_20231214160442.jpg,c4_p069_20231214_o05,data/data_51/pi4_12845_69_5_20231214160443.jpg
p069_20231218,69,20231218,78,4_S7,12,5,c1_p069_20231218_o05,data/data_53/pi1_13325_69_5_20231218145403.jpg,c2_p069_20231218_o05,data/data_53/pi2_13325_69_5_20231218145404.jpg,c3_p069_20231218_o05,data/data_53/pi3_13325_69_5_20231218145404.jpg,c4_p069_20231218_o05,data/data_53/pi4_13325_69_5_20231218145404.jpg
p069_20231227,69,20231227,79,4_S7,12,6,c1_p069_20231227_o06,data/data_56/pi1_14046_69_6_20231227140014.jpg,c2_p069_20231227_o06,data/data_56/pi2_14046_69_6_20231227140015.jpg,c3_p069_20231227_o06,data/data_56/pi3_14046_69_6_20231227140015.jpg,c4_p069_20231227_o06,data/data_56/pi4_14046_69_6_20231227140015.jpg
p069_20240115,69,20240115,82,5_S8,12,4,c1_p069_20240115_o04,data/data_59/pi1_14764_69_4_20240115105719.jpg,c2_p069_20240115_o04,data/data_59/pi2_14764_69_4_20240115105719.jpg,c3_p069_20240115_o04,data/data_59/pi3_14764_69_4_20240115105719.jpg,c4_p069_20240115_o04,data/data_59/pi4_14764_69_4_20240115105719.jpg
p069_20240119,69,20240119,82,5_S8,12,6,c1_p069_20240119_o06,data/data_60/pi1_15246_69_6_20240119103659.jpg,c2_p069_20240119_o06,data/data_60/pi2_15246_69_6_20240119103700.jpg,c3_p069_20240119_o06,data/data_60/pi3_15246_69_6_20240119103700.jpg,c4_p069_20240119_o06,data/data_60/pi4_15246_69_6_20240119103700.jpg
p069_20240126,69,20240126,84,5_S8,12,9,c1_p069_20240126_o09,data/data_62/pi1_15729_69_9_20240126135900.jpg,c2_p069_20240126_o09,data/data_62/pi2_15729_69_9_20240126135901.jpg,c3_p069_20240126_o09,data/data_62/pi3_15729_69_9_20240126135902.jpg,c4_p069_20240126_o09,data/data_62/pi4_15729_69_9_20240126135901.jpg
p070_20231006,70,20231006,13,0_S1,12,8,c1_p070_20231006_o08,data/data_10/pi1_02540_70_8_20231006114010.jpg,c2_p070_20231006_o08,data/data_10/pi2_02540_70_8_20231006113958.jpg,c3_p070_20231006_o08,data/data_10/pi3_02540_70_8_20231006113943.jpg,c4_p070_20231006_o08,data/data_10/pi4_02540_70_8_20231006113924.jpg
p070_20231011,70,20231011,13,0_S1,12,8,c1_p070_20231011_o08,data/data_12/pi1_03020_70_8_20231011081619.jpg,c2_p070_20231011_o08,data/data_12/pi2_03020_70_8_20231011081638.jpg,c3_p070_20231011_o08,data/data_12/pi3_03020_70_8_20231011081657.jpg,c4_p070_20231011_o08,data/data_12/pi4_03020_70_8_20231011081711.jpg
p070_20231017,70,20231017,13,0_S1,12,3,c1_p070_20231017_o03,data/data_14/pi1_03735_70_3_20231017153314.jpg,c2_p070_20231017_o03,data/data_14/pi2_03735_70_3_20231017153314.jpg,c3_p070_20231017_o03,data/data_14/pi3_03735_70_3_20231017153315.jpg,c4_p070_20231017_o03,data/data_14/pi4_03735_70_3_20231017153314.jpg
p070_20231019,70,20231019,14,0_S1,12,2,c1_p070_20231019_o02,data/data_16/pi1_04214_70_2_20231019142255.jpg,c2_p070_20231019_o02,data/data_16/pi2_04214_70_2_20231019142255.jpg,c3_p070_20231019_o02,data/data_16/pi3_04214_70_2_20231019142256.jpg,c4_p070_20231019_o02,data/data_16/pi4_04214_70_2_20231019142255.jpg
p070_20231023,70,20231023,14,0_S1,12,3,c1_p070_20231023_o03,data/data_19/pi1_04935_70_3_20231023132616.jpg,c2_p070_20231023_o03,data/data_19/pi2_04935_70_3_20231023132617.jpg,c3_p070_20231023_o03,data/data_19/pi3_04935_70_3_20231023132617.jpg,c4_p070_20231023_o03,data/data_19/pi4_04935_70_3_20231023132617.jpg
p070_20231027,70,20231027,21,1_S2,12,1,c1_p070_20231027_o01,data/data_22/pi1_05653_70_1_20231027141818.jpg,c2_p070_20231027_o01,data/data_22/pi2_05653_70_1_20231027141818.jpg,c3_p070_20231027_o01,data/data_22/pi3_05653_70_1_20231027141818.jpg,c4_p070_20231027_o01,data/data_22/pi4_05653_70_1_20231027141818.jpg
p070_20231101,70,20231101,60,3_S6,12,12,c1_p070_20231101_o12,data/data_25/pi1_06384_70_12_20231101115024.jpg,c2_p070_20231101_o12,data/data_25/pi2_06384_70_12_20231101115024.jpg,c3_p070_20231101_o12,data/data_25/pi3_06384_70_12_20231101115024.jpg,c4_p070_20231101_o12,data/data_25/pi4_06384_70_12_20231101115024.jpg
p070_20231106,70,20231106,62,3_S6,12,8,c1_p070_20231106_o08,data/data_28/pi1_07100_70_8_20231106153451.jpg,c2_p070_20231106_o08,data/data_28/pi2_07100_70_8_20231106153452.jpg,c3_p070_20231106_o08,data/data_28/pi3_07100_70_8_20231106153452.jpg,c4_p070_20231106_o08,data/data_28/pi4_07100_70_8_20231106153453.jpg
p070_20231109,70,20231109,65,3_S6,12,7,c1_p070_20231109_o07,data/data_31/pi1_07819_70_7_20231109141933.jpg,c2_p070_20231109_o07,data/data_31/pi2_07819_70_7_20231109141933.jpg,c3_p070_20231109_o07,data/data_31/pi3_07819_70_7_20231109141934.jpg,c4_p070_20231109_o07,data/data_31/pi4_07819_70_7_20231109141934.jpg
p070_20231120,70,20231120,70,4_S7,12,3,c1_p070_20231120_o03,data/data_34/pi1_08535_70_3_20231120153906.jpg,c2_p070_20231120_o03,data/data_34/pi2_08535_70_3_20231120153907.jpg,c3_p070_20231120_o03,data/data_34/pi3_08535_70_3_20231120153907.jpg,c4_p070_20231120_o03,data/data_34/pi4_08535_70_3_20231120153907.jpg
p070_20231127,70,20231127,71,4_S7,12,7,c1_p070_20231127_o07,data/data_37/pi1_09499_70_7_20231127161148.jpg,c2_p070_20231127_o07,data/data_37/pi2_09499_70_7_20231127161149.jpg,c3_p070_20231127_o07,data/data_37/pi3_09499_70_7_20231127161149.jpg,c4_p070_20231127_o07,data/data_37/pi4_09499_70_7_20231127161149.jpg
p070_20231130,70,20231130,73,4_S7,12,9,c1_p070_20231130_o09,data/data_41/pi1_10461_70_9_20231130145518.jpg,c2_p070_20231130_o09,data/data_41/pi2_10461_70_9_20231130145519.jpg,c3_p070_20231130_o09,data/data_41/pi3_10461_70_9_20231130145518.jpg,c4_p070_20231130_o09,data/data_41/pi4_10461_70_9_20231130145519.jpg
p070_20231204,70,20231204,75,4_S7,12,4,c1_p070_20231204_o04,data/data_44/pi1_11176_70_4_20231204160812.jpg,c2_p070_20231204_o04,data/data_44/pi2_11176_70_4_20231204160813.jpg,c3_p070_20231204_o04,data/data_44/pi3_11176_70_4_20231204160813.jpg,c4_p070_20231204_o04,data/data_44/pi4_11176_70_4_20231204160813.jpg
p070_20231211,70,20231211,76,4_S7,12,4,c1_p070_20231211_o04,data/data_48/pi1_12136_70_4_20231211145043.jpg,c2_p070_20231211_o04,data/data_48/pi2_12136_70_4_20231211145043.jpg,c3_p070_20231211_o04,data/data_48/pi3_12136_70_4_20231211145043.jpg,c4_p070_20231211_o04,data/data_48/pi4_12136_70_4_20231211145043.jpg
p070_20231214,70,20231214,77,4_S7,12,2,c1_p070_20231214_o02,data/data_51/pi1_12854_70_2_20231214160557.jpg,c2_p070_20231214_o02,data/data_51/pi2_12854_70_2_20231214160557.jpg,c3_p070_20231214_o02,data/data_51/pi3_12854_70_2_20231214160557.jpg,c4_p070_20231214_o02,data/data_51/pi4_12854_70_2_20231214160558.jpg
p070_20231218,70,20231218,78,4_S7,12,4,c1_p070_20231218_o04,data/data_53/pi1_13336_70_4_20231218145519.jpg,c2_p070_20231218_o04,data/data_53/pi2_13336_70_4_20231218145520.jpg,c3_p070_20231218_o04,data/data_53/pi3_13336_70_4_20231218145520.jpg,c4_p070_20231218_o04,data/data_53/pi4_13336_70_4_20231218145520.jpg
p070_20231227,70,20231227,79,4_S7,12,5,c1_p070_20231227_o05,data/data_56/pi1_14057_70_5_20231227140145.jpg,c2_p070_20231227_o05,data/data_56/pi2_14057_70_5_20231227140145.jpg,c3_p070_20231227_o05,data/data_56/pi3_14057_70_5_20231227140146.jpg,c4_p070_20231227_o05,data/data_56/pi4_14057_70_5_20231227140146.jpg
p070_20240115,70,20240115,83,5_S8,12,4,c1_p070_20240115_o04,data/data_59/pi1_14776_70_4_20240115110241.jpg,c2_p070_20240115_o04,data/data_59/pi2_14776_70_4_20240115110241.jpg,c3_p070_20240115_o04,data/data_59/pi3_14776_70_4_20240115110241.jpg,c4_p070_20240115_o04,data/data_59/pi4_14776_70_4_20240115110241.jpg
p070_20240119,70,20240119,84,5_S8,12,4,c1_p070_20240119_o04,data/data_61/pi1_15256_70_4_20240119103841.jpg,c2_p070_20240119_o04,data/data_61/pi2_15256_70_4_20240119103841.jpg,c3_p070_20240119_o04,data/data_61/pi3_15256_70_4_20240119103842.jpg,c4_p070_20240119_o04,data/data_61/pi4_15256_70_4_20240119103842.jpg
p070_20240126,70,20240126,88,5_S8,12,1,c1_p070_20240126_o01,data/data_62/pi1_15733_70_1_20240126140000.jpg,c2_p070_20240126_o01,data/data_62/pi2_15733_70_1_20240126140001.jpg,c3_p070_20240126_o01,data/data_62/pi3_15733_70_1_20240126140001.jpg,c4_p070_20240126_o01,data/data_62/pi4_15733_70_1_20240126140001.jpg
p071_20231006,71,20231006,13,0_S1,12,1,c1_p071_20231006_o01,data/data_10/pi1_02545_71_1_20231006114010.jpg,c2_p071_20231006_o01,data/data_10/pi2_02545_71_1_20231006113958.jpg,c3_p071_20231006_o01,data/data_10/pi3_02545_71_1_20231006113943.jpg,c4_p071_20231006_o01,data/data_10/pi4_02545_71_1_20231006113924.jpg
p071_20231011,71,20231011,13,0_S1,12,9,c1_p071_20231011_o09,data/data_12/pi1_03033_71_9_20231011081619.jpg,c2_p071_20231011_o09,data/data_12/pi2_03033_71_9_20231011081638.jpg,c3_p071_20231011_o09,data/data_12/pi3_03033_71_9_20231011081657.jpg,c4_p071_20231011_o09,data/data_12/pi4_03033_71_9_20231011081711.jpg
p071_20231017,71,20231017,13,0_S1,12,7,c1_p071_20231017_o07,data/data_15/pi1_03751_71_7_20231017153638.jpg,c2_p071_20231017_o07,data/data_15/pi2_03751_71_7_20231017153638.jpg,c3_p071_20231017_o07,data/data_15/pi3_03751_71_7_20231017153639.jpg,c4_p071_20231017_o07,data/data_15/pi4_03751_71_7_20231017153638.jpg
p071_20231019,71,20231019,13,0_S1,12,6,c1_p071_20231019_o06,data/data_16/pi1_04230_71_6_20231019142510.jpg,c2_p071_20231019_o06,data/data_16/pi2_04230_71_6_20231019142510.jpg,c3_p071_20231019_o06,data/data_16/pi3_04230_71_6_20231019142510.jpg,c4_p071_20231019_o06,data/data_16/pi4_04230_71_6_20231019142510.jpg
p071_20231023,71,20231023,14,0_S1,12,8,c1_p071_20231023_o08,data/data_19/pi1_04952_71_8_20231023132910.jpg,c2_p071_20231023_o08,data/data_19/pi2_04952_71_8_20231023132911.jpg,c3_p071_20231023_o08,data/data_19/pi3_04952_71_8_20231023132911.jpg,c4_p071_20231023_o08,data/data_19/pi4_04952_71_8_20231023132911.jpg
p071_20231027,71,20231027,51,2_S5,12,7,c1_p071_20231027_o07,data/data_22/pi1_05671_71_7_20231027142047.jpg,c2_p071_20231027_o07,data/data_22/pi2_05671_71_7_20231027142048.jpg,c3_p071_20231027_o07,data/data_22/pi3_05671_71_7_20231027142048.jpg,c4_p071_20231027_o07,data/data_22/pi4_05671_71_7_20231027142048.jpg
p071_20231101,71,20231101,60,3_S6,12,6,c1_p071_20231101_o06,data/data_25/pi1_06390_71_6_20231101115218.jpg,c2_p071_20231101_o06,data/data_25/pi2_06390_71_6_20231101115218.jpg,c3_p071_20231101_o06,data/data_25/pi3_06390_71_6_20231101115218.jpg,c4_p071_20231101_o06,data/data_25/pi4_06390_71_6_20231101115218.jpg
p071_20231106,71,20231106,68,3_S6,12,8,c1_p071_20231106_o08,data/data_28/pi1_07112_71_8_20231106153618.jpg,c2_p071_20231106_o08,data/data_28/pi2_07112_71_8_20231106153618.jpg,c3_p071_20231106_o08,data/data_28/pi3_07112_71_8_20231106153618.jpg,c4_p071_20231106_o08,data/data_28/pi4_07112_71_8_20231106153619.jpg
p071_20231109,71,20231109,69,3_S6,12,7,c1_p071_20231109_o07,data/data_31/pi1_07831_71_7_20231109142912.jpg,c2_p071_20231109_o07,data/data_31/pi2_07831_71_7_20231109142911.jpg,c3_p071_20231109_o07,data/data_31/pi3_07831_71_7_20231109142912.jpg,c4_p071_20231109_o07,data/data_31/pi4_07831_71_7_20231109142912.jpg
p071_20231120,71,20231120,70,4_S7,12,9,c1_p071_20231120_o09,data/data_34/pi1_08553_71_9_20231120154126.jpg,c2_p071_20231120_o09,data/data_34/pi2_08553_71_9_20231120154126.jpg,c3_p071_20231120_o09,data/data_34/pi3_08553_71_9_20231120154127.jpg,c4_p071_20231120_o09,data/data_34/pi4_08553_71_9_20231120154126.jpg
p071_20231127,71,20231127,72,4_S7,12,12,c1_p071_20231127_o12,data/data_38/pi1_09516_71_12_20231127161345.jpg,c2_p071_20231127_o12,data/data_38/pi2_09516_71_12_20231127161346.jpg,c3_p071_20231127_o12,data/data_38/pi3_09516_71_12_20231127161346.jpg,c4_p071_20231127_o12,data/data_38/pi4_09516_71_12_20231127161347.jpg
p071_20231130,71,20231130,73,4_S7,12,10,c1_p071_20231130_o10,data/data_41/pi1_10474_71_10_20231130145859.jpg,c2_p071_20231130_o10,data/data_41/pi2_10474_71_10_20231130145900.jpg,c3_p071_20231130_o10,data/data_41/pi3_10474_71_10_20231130145859.jpg,c4_p071_20231130_o10,data/data_41/pi4_10474_71_10_20231130145900.jpg
p071_20231204,71,20231204,74,4_S7,12,4,c1_p071_20231204_o04,data/data_44/pi1_11188_71_4_20231204161000.jpg,c2_p071_20231204_o04,data/data_44/pi2_11188_71_4_20231204161000.jpg,c3_p071_20231204_o04,data/data_44/pi3_11188_71_4_20231204161000.jpg,c4_p071_20231204_o04,data/data_44/pi4_11188_71_4_20231204161000.jpg
p071_20231211,71,20231211,75,4_S7,12,9,c1_p071_20231211_o09,data/data_48/pi1_12153_71_9_20231211145244.jpg,c2_p071_20231211_o09,data/data_48/pi2_12153_71_9_20231211145243.jpg,c3_p071_20231211_o09,data/data_48/pi3_12153_71_9_20231211145244.jpg,c4_p071_20231211_o09,data/data_48/pi4_12153_71_9_20231211145244.jpg
p071_20231214,71,20231214,76,4_S7,12,9,c1_p071_20231214_o09,data/data_51/pi1_12873_71_9_20231214160805.jpg,c2_p071_20231214_o09,data/data_51/pi2_12873_71_9_20231214160805.jpg,c3_p071_20231214_o09,data/data_51/pi3_12873_71_9_20231214160805.jpg,c4_p071_20231214_o09,data/data_51/pi4_12873_71_9_20231214160805.jpg
p071_20231218,71,20231218,77,4_S7,12,5,c1_p071_20231218_o05,data/data_53/pi1_13349_71_5_20231218145645.jpg,c2_p071_20231218_o05,data/data_53/pi2_13349_71_5_20231218145646.jpg,c3_p071_20231218_o05,data/data_53/pi3_13349_71_5_20231218145646.jpg,c4_p071_20231218_o05,data/data_53/pi4_13349_71_5_20231218145646.jpg
p071_20231227,71,20231227,78,4_S7,12,4,c1_p071_20231227_o04,data/data_56/pi1_14068_71_4_20231227140324.jpg,c2_p071_20231227_o04,data/data_56/pi2_14068_71_4_20231227140325.jpg,c3_p071_20231227_o04,data/data_56/pi3_14068_71_4_20231227140325.jpg,c4_p071_20231227_o04,data/data_56/pi4_14068_71_4_20231227140325.jpg
p071_20240115,71,20240115,79,4_S7,12,7,c1_p071_20240115_o07,data/data_59/pi1_14791_71_7_20240115110501.jpg,c2_p071_20240115_o07,data/data_59/pi2_14791_71_7_20240115110501.jpg,c3_p071_20240115_o07,data/data_59/pi3_14791_71_7_20240115110501.jpg,c4_p071_20240115_o07,data/data_59/pi4_14791_71_7_20240115110501.jpg
p071_20240119,71,20240119,82,5_S8,12,7,c1_p071_20240119_o07,data/data_61/pi1_15271_71_7_20240119104446.jpg,c2_p071_20240119_o07,data/data_61/pi2_15271_71_7_20240119104447.jpg,c3_p071_20240119_o07,data/data_61/pi3_15271_71_7_20240119104447.jpg,c4_p071_20240119_o07,data/data_61/pi4_15271_71_7_20240119104447.jpg
p071_20240126,71,20240126,85,5_S8,12,10,c1_p071_20240126_o10,data/data_63/pi1_15754_71_10_20240126140306.jpg,c2_p071_20240126_o10,data/data_63/pi2_15754_71_10_20240126140307.jpg,c3_p071_20240126_o10,data/data_63/pi3_15754_71_10_20240126140308.jpg,c4_p071_20240126_o10,data/data_63/pi4_15754_71_10_20240126140307.jpg
p072_20231006,72,20231006,13,0_S1,12,1,c1_p072_20231006_o01,data/data_10/pi1_02557_72_1_20231006114010.jpg,c2_p072_20231006_o01,data/data_10/pi2_02557_72_1_20231006113958.jpg,c3_p072_20231006_o01,data/data_10/pi3_02557_72_1_20231006113943.jpg,c4_p072_20231006_o01,data/data_10/pi4_02557_72_1_20231006113924.jpg
p072_20231011,72,20231011,13,0_S1,12,6,c1_p072_20231011_o06,data/data_12/pi1_03042_72_6_20231011081619.jpg,c2_p072_20231011_o06,data/data_12/pi2_03042_72_6_20231011081638.jpg,c3_p072_20231011_o06,data/data_12/pi3_03042_72_6_20231011081657.jpg,c4_p072_20231011_o06,data/data_12/pi4_03042_72_6_20231011081711.jpg
p072_20231017,72,20231017,13,0_S1,12,6,c1_p072_20231017_o06,data/data_15/pi1_03762_72_6_20231017153814.jpg,c2_p072_20231017_o06,data/data_15/pi2_03762_72_6_20231017153814.jpg,c3_p072_20231017_o06,data/data_15/pi3_03762_72_6_20231017153815.jpg,c4_p072_20231017_o06,data/data_15/pi4_03762_72_6_20231017153814.jpg
p072_20231019,72,20231019,14,0_S1,12,10,c1_p072_20231019_o10,data/data_16/pi1_04246_72_10_20231019142717.jpg,c2_p072_20231019_o10,data/data_16/pi2_04246_72_10_20231019142717.jpg,c3_p072_20231019_o10,data/data_16/pi3_04246_72_10_20231019142717.jpg,c4_p072_20231019_o10,data/data_16/pi4_04246_72_10_20231019142717.jpg
p072_20231023,72,20231023,15,0_S1,12,11,c1_p072_20231023_o11,data/data_19/pi1_04967_72_11_20231023133052.jpg,c2_p072_20231023_o11,data/data_19/pi2_04967_72_11_20231023133053.jpg,c3_p072_20231023_o11,data/data_19/pi3_04967_72_11_20231023133053.jpg,c4_p072_20231023_o11,data/data_19/pi4_04967_72_11_20231023133053.jpg
p072_20231027,72,20231027,53,2_S5,12,4,c1_p072_20231027_o04,data/data_22/pi1_05680_72_4_20231027142221.jpg,c2_p072_20231027_o04,data/data_22/pi2_05680_72_4_20231027142221.jpg,c3_p072_20231027_o04,data/data_22/pi3_05680_72_4_20231027142221.jpg,c4_p072_20231027_o04,data/data_22/pi4_05680_72_4_20231027142221.jpg
p072_20231101,72,20231101,55,2_S5,12,7,c1_p072_20231101_o07,data/data_25/pi1_06403_72_7_20231101115419.jpg,c2_p072_20231101_o07,data/data_25/pi2_06403_72_7_20231101115420.jpg,c3_p072_20231101_o07,data/data_25/pi3_06403_72_7_20231101115420.jpg,c4_p072_20231101_o07,data/data_25/pi4_06403_72_7_20231101115420.jpg
p072_20231106,72,20231106,63,3_S6,12,2,c1_p072_20231106_o02,data/data_28/pi1_07118_72_2_20231106153725.jpg,c2_p072_20231106_o02,data/data_28/pi2_07118_72_2_20231106153725.jpg,c3_p072_20231106_o02,data/data_28/pi3_07118_72_2_20231106153726.jpg,c4_p072_20231106_o02,data/data_28/pi4_07118_72_2_20231106153726.jpg
p072_20231109,72,20231109,65,3_S6,12,3,c1_p072_20231109_o03,data/data_31/pi1_07839_72_3_20231109143104.jpg,c2_p072_20231109_o03,data/data_31/pi2_07839_72_3_20231109143103.jpg,c3_p072_20231109_o03,data/data_31/pi3_07839_72_3_20231109143104.jpg,c4_p072_20231109_o03,data/data_31/pi4_07839_72_3_20231109143104.jpg
p072_20231120,72,20231120,70,4_S7,12,8,c1_p072_20231120_o08,data/data_34/pi1_08564_72_8_20231120154311.jpg,c2_p072_20231120_o08,data/data_34/pi2_08564_72_8_20231120154312.jpg,c3_p072_20231120_o08,data/data_34/pi3_08564_72_8_20231120154312.jpg,c4_p072_20231120_o08,data/data_34/pi4_08564_72_8_20231120154312.jpg
p072_20231127,72,20231127,72,4_S7,12,7,c1_p072_20231127_o07,data/data_38/pi1_09523_72_7_20231127161504.jpg,c2_p072_20231127_o07,data/data_38/pi2_09523_72_7_20231127161505.jpg,c3_p072_20231127_o07,data/data_38/pi3_09523_72_7_20231127161505.jpg,c4_p072_20231127_o07,data/data_38/pi4_09523_72_7_20231127161506.jpg
p072_20231130,72,20231130,75,4_S7,12,8,c1_p072_20231130_o08,data/data_41/pi1_10484_72_8_20231130150328.jpg,c2_p072_20231130_o08,data/data_41/pi2_10484_72_8_20231130150329.jpg,c3_p072_20231130_o08,data/data_41/pi3_10484_72_8_20231130150329.jpg,c4_p072_20231130_o08,data/data_41/pi4_10484_72_8_20231130150330.jpg
p072_20231204,72,20231204,76,4_S7,12,12,c1_p072_20231204_o12,data/data_44/pi1_11208_72_12_20231204161351.jpg,c2_p072_20231204_o12,data/data_44/pi2_11208_72_12_20231204161351.jpg,c3_p072_20231204_o12,data/data_44/pi3_11208_72_12_20231204161352.jpg,c4_p072_20231204_o12,data/data_44/pi4_11208_72_12_20231204161352.jpg
p072_20231211,72,20231211,77,4_S7,12,11,c1_p072_20231211_o11,data/data_48/pi1_12167_72_11_20231211145424.jpg,c2_p072_20231211_o11,data/data_48/pi2_12167_72_11_20231211145424.jpg,c3_p072_20231211_o11,data/data_48/pi3_12167_72_11_20231211145424.jpg,c4_p072_20231211_o11,data/data_48/pi4_12167_72_11_20231211145424.jpg
p072_20231214,72,20231214,78,4_S7,12,3,c1_p072_20231214_o03,data/data_51/pi1_12879_72_3_20231214160931.jpg,c2_p072_20231214_o03,data/data_51/pi2_12879_72_3_20231214160931.jpg,c3_p072_20231214_o03,data/data_51/pi3_12879_72_3_20231214160931.jpg,c4_p072_20231214_o03,data/data_51/pi4_12879_72_3_20231214160931.jpg
p072_20231218,72,20231218,79,4_S7,12,4,c1_p072_20231218_o04,data/data_53/pi1_13360_72_4_20231218145828.jpg,c2_p072_20231218_o04,data/data_53/pi2_13360_72_4_20231218145828.jpg,c3_p072_20231218_o04,data/data_53/pi3_13360_72_4_20231218145828.jpg,c4_p072_20231218_o04,data/data_53/pi4_13360_72_4_20231218145829.jpg
p072_20231227,72,20231227,79,4_S7,12,4,c1_p072_20231227_o04,data/data_56/pi1_14080_72_4_20231227140455.jpg,c2_p072_20231227_o04,data/data_56/pi2_14080_72_4_20231227140456.jpg,c3_p072_20231227_o04,data/data_56/pi3_14080_72_4_20231227140456.jpg,c4_p072_20231227_o04,data/data_56/pi4_14080_72_4_20231227140456.jpg
p072_20240115,72,20240115,82,5_S8,12,6,c1_p072_20240115_o06,data/data_59/pi1_14802_72_6_20240115110708.jpg,c2_p072_20240115_o06,data/data_59/pi2_14802_72_6_20240115110708.jpg,c3_p072_20240115_o06,data/data_59/pi3_14802_72_6_20240115110708.jpg,c4_p072_20240115_o06,data/data_59/pi4_14802_72_6_20240115110708.jpg
p072_20240119,72,20240119,83,5_S8,12,1,c1_p072_20240119_o01,data/data_61/pi1_15277_72_1_20240119104631.jpg,c2_p072_20240119_o01,data/data_61/pi2_15277_72_1_20240119104632.jpg,c3_p072_20240119_o01,data/data_61/pi3_15277_72_1_20240119104632.jpg,c4_p072_20240119_o01,data/data_61/pi4_15277_72_1_20240119104632.jpg
p072_20240126,72,20240126,86,5_S8,12,5,c1_p072_20240126_o05,data/data_63/pi1_15761_72_5_20240126140425.jpg,c2_p072_20240126_o05,data/data_63/pi2_15761_72_5_20240126140426.jpg,c3_p072_20240126_o05,data/data_63/pi3_15761_72_5_20240126140427.jpg,c4_p072_20240126_o05,data/data_63/pi4_15761_72_5_20240126140426.jpg
p073_20231006,73,20231006,13,0_S1,12,5,c1_p073_20231006_o05,data/data_10/pi1_02573_73_5_20231006114010.jpg,c2_p073_20231006_o05,data/data_10/pi2_02573_73_5_20231006113958.jpg,c3_p073_20231006_o05,data/data_10/pi3_02573_73_5_20231006113943.jpg,c4_p073_20231006_o05,data/data_10/pi4_02573_73_5_20231006113924.jpg
p073_20231011,73,20231011,13,0_S1,12,9,c1_p073_20231011_o09,data/data_12/pi1_03057_73_9_20231011081619.jpg,c2_p073_20231011_o09,data/data_12/pi2_03057_73_9_20231011081638.jpg,c3_p073_20231011_o09,data/data_12/pi3_03057_73_9_20231011081657.jpg,c4_p073_20231011_o09,data/data_12/pi4_03057_73_9_20231011081711.jpg
p073_20231017,73,20231017,13,0_S1,12,10,c1_p073_20231017_o10,data/data_15/pi1_03778_73_10_20231017154013.jpg,c2_p073_20231017_o10,data/data_15/pi2_03778_73_10_20231017154013.jpg,c3_p073_20231017_o10,data/data_15/pi3_03778_73_10_20231017154014.jpg,c4_p073_20231017_o10,data/data_15/pi4_03778_73_10_20231017154013.jpg
p073_20231019,73,20231019,13,0_S1,12,10,c1_p073_20231019_o10,data/data_17/pi1_04258_73_10_20231019143215.jpg,c2_p073_20231019_o10,data/data_17/pi2_04258_73_10_20231019143214.jpg,c3_p073_20231019_o10,data/data_17/pi3_04258_73_10_20231019143215.jpg,c4_p073_20231019_o10,data/data_17/pi4_04258_73_10_20231019143214.jpg
p073_20231023,73,20231023,14,0_S1,12,10,c1_p073_20231023_o10,data/data_19/pi1_04978_73_10_20231023133249.jpg,c2_p073_20231023_o10,data/data_19/pi2_04978_73_10_20231023133249.jpg,c3_p073_20231023_o10,data/data_19/pi3_04978_73_10_20231023133249.jpg,c4_p073_20231023_o10,data/data_19/pi4_04978_73_10_20231023133249.jpg
p073_20231027,73,20231027,51,2_S5,12,9,c1_p073_20231027_o09,data/data_22/pi1_05697_73_9_20231027142440.jpg,c2_p073_20231027_o09,data/data_22/pi2_05697_73_9_20231027142440.jpg,c3_p073_20231027_o09,data/data_22/pi3_05697_73_9_20231027142440.jpg,c4_p073_20231027_o09,data/data_22/pi4_05697_73_9_20231027142441.jpg
p073_20231101,73,20231101,53,2_S5,12,5,c1_p073_20231101_o05,data/data_25/pi1_06413_73_5_20231101115537.jpg,c2_p073_20231101_o05,data/data_25/pi2_06413_73_5_20231101115537.jpg,c3_p073_20231101_o05,data/data_25/pi3_06413_73_5_20231101115537.jpg,c4_p073_20231101_o05,data/data_25/pi4_06413_73_5_20231101115537.jpg
p073_20231106,73,20231106,69,3_S6,12,5,c1_p073_20231106_o05,data/data_28/pi1_07133_73_5_20231106153924.jpg,c2_p073_20231106_o05,data/data_28/pi2_07133_73_5_20231106153925.jpg,c3_p073_20231106_o05,data/data_28/pi3_07133_73_5_20231106153925.jpg,c4_p073_20231106_o05,data/data_28/pi4_07133_73_5_20231106153926.jpg
p073_20231109,73,20231109,70,4_S7,12,8,c1_p073_20231109_o08,data/data_31/pi1_07856_73_8_20231109143412.jpg,c2_p073_20231109_o08,data/data_31/pi2_07856_73_8_20231109143412.jpg,c3_p073_20231109_o08,data/data_31/pi3_07856_73_8_20231109143413.jpg,c4_p073_20231109_o08,data/data_31/pi4_07856_73_8_20231109143413.jpg
p073_20231120,73,20231120,71,4_S7,12,5,c1_p073_20231120_o05,data/data_34/pi1_08573_73_5_20231120154429.jpg,c2_p073_20231120_o05,data/data_34/pi2_08573_73_5_20231120154429.jpg,c3_p073_20231120_o05,data/data_34/pi3_08573_73_5_20231120154430.jpg,c4_p073_20231120_o05,data/data_34/pi4_08573_73_5_20231120154429.jpg
p073_20231127,73,20231127,72,4_S7,12,1,c1_p073_20231127_o01,data/data_38/pi1_09529_73_1_20231127161614.jpg,c2_p073_20231127_o01,data/data_38/pi2_09529_73_1_20231127161615.jpg,c3_p073_20231127_o01,data/data_38/pi3_09529_73_1_20231127161615.jpg,c4_p073_20231127_o01,data/data_38/pi4_09529_73_1_20231127161616.jpg
p073_20231130,73,20231130,75,4_S7,12,8,c1_p073_20231130_o08,data/data_41/pi1_10496_73_8_20231130150809.jpg,c2_p073_20231130_o08,data/data_41/pi2_10496_73_8_20231130150810.jpg,c3_p073_20231130_o08,data/data_41/pi3_10496_73_8_20231130150810.jpg,c4_p073_20231130_o08,data/data_41/pi4_10496_73_8_20231130150811.jpg
p073_20231204,73,20231204,76,4_S7,12,7,c1_p073_20231204_o07,data/data_44/pi1_11215_73_7_20231204161446.jpg,c2_p073_20231204_o07,data/data_44/pi2_11215_73_7_20231204161447.jpg,c3_p073_20231204_o07,data/data_44/pi3_11215_73_7_20231204161447.jpg,c4_p073_20231204_o07,data/data_44/pi4_11215_73_7_20231204161447.jpg
p073_20231211,73,20231211,77,4_S7,12,3,c1_p073_20231211_o03,data/data_48/pi1_12171_73_3_20231211145500.jpg,c2_p073_20231211_o03,data/data_48/pi2_12171_73_3_20231211145459.jpg,c3_p073_20231211_o03,data/data_48/pi3_12171_73_3_20231211145500.jpg,c4_p073_20231211_o03,data/data_48/pi4_12171_73_3_20231211145500.jpg
p073_20231214,73,20231214,78,4_S7,12,1,c1_p073_20231214_o01,data/data_51/pi1_12889_73_1_20231214161045.jpg,c2_p073_20231214_o01,data/data_51/pi2_12889_73_1_20231214161045.jpg,c3_p073_20231214_o01,data/data_51/pi3_12889_73_1_20231214161045.jpg,c4_p073_20231214_o01,data/data_51/pi4_12889_73_1_20231214161046.jpg
p073_20231218,73,20231218,79,4_S7,12,10,c1_p073_20231218_o10,data/data_53/pi1_13378_73_10_20231218150012.jpg,c2_p073_20231218_o10,data/data_53/pi2_13378_73_10_20231218150012.jpg,c3_p073_20231218_o10,data/data_53/pi3_13378_73_10_20231218150012.jpg,c4_p073_20231218_o10,data/data_53/pi4_13378_73_10_20231218150013.jpg
p073_20231227,73,20231227,79,4_S7,12,6,c1_p073_20231227_o06,data/data_56/pi1_14094_73_6_20231227140622.jpg,c2_p073_20231227_o06,data/data_56/pi2_14094_73_6_20231227140622.jpg,c3_p073_20231227_o06,data/data_56/pi3_14094_73_6_20231227140622.jpg,c4_p073_20231227_o06,data/data_56/pi4_14094_73_6_20231227140623.jpg
p073_20240115,73,20240115,84,5_S8,12,8,c1_p073_20240115_o08,data/data_59/pi1_14816_73_8_20240115110940.jpg,c2_p073_20240115_o08,data/data_59/pi2_14816_73_8_20240115110940.jpg,c3_p073_20240115_o08,data/data_59/pi3_14816_73_8_20240115110940.jpg,c4_p073_20240115_o08,data/data_59/pi4_14816_73_8_20240115110940.jpg
p073_20240119,73,20240119,85,5_S8,12,5,c1_p073_20240119_o05,data/data_61/pi1_15293_73_5_20240119104924.jpg,c2_p073_20240119_o05,data/data_61/pi2_15293_73_5_20240119104925.jpg,c3_p073_20240119_o05,data/data_61/pi3_15293_73_5_20240119104925.jpg,c4_p073_20240119_o05,data/data_61/pi4_15293_73_5_20240119104925.jpg
p073_20240126,73,20240126,86,5_S8,12,11,c1_p073_20240126_o11,data/data_63/pi1_15779_73_11_20240126140644.jpg,c2_p073_20240126_o11,data/data_63/pi2_15779_73_11_20240126140645.jpg,c3_p073_20240126_o11,data/data_63/pi3_15779_73_11_20240126140646.jpg,c4_p073_20240126_o11,data/data_63/pi4_15779_73_11_20240126140645.jpg
p074_20231006,74,20231006,13,0_S1,12,10,c1_p074_20231006_o10,data/data_10/pi1_02590_74_10_20231006114010.jpg,c2_p074_20231006_o10,data/data_10/pi2_02590_74_10_20231006113958.jpg,c3_p074_20231006_o10,data/data_10/pi3_02590_74_10_20231006113943.jpg,c4_p074_20231006_o10,data/data_10/pi4_02590_74_10_20231006113924.jpg
p074_20231011,74,20231011,13,0_S1,12,5,c1_p074_20231011_o05,data/data_12/pi1_03065_74_5_20231011081619.jpg,c2_p074_20231011_o05,data/data_12/pi2_03065_74_5_20231011081638.jpg,c3_p074_20231011_o05,data/data_12/pi3_03065_74_5_20231011081657.jpg,c4_p074_20231011_o05,data/data_12/pi4_03065_74_5_20231011081711.jpg
p074_20231017,74,20231017,13,0_S1,12,2,c1_p074_20231017_o02,data/data_15/pi1_03782_74_2_20231017154113.jpg,c2_p074_20231017_o02,data/data_15/pi2_03782_74_2_20231017154113.jpg,c3_p074_20231017_o02,data/data_15/pi3_03782_74_2_20231017154113.jpg,c4_p074_20231017_o02,data/data_15/pi4_03782_74_2_20231017154113.jpg
p074_20231019,74,20231019,13,0_S1,12,11,c1_p074_20231019_o11,data/data_17/pi1_04271_74_11_20231019143401.jpg,c2_p074_20231019_o11,data/data_17/pi2_04271_74_11_20231019143401.jpg,c3_p074_20231019_o11,data/data_17/pi3_04271_74_11_20231019143401.jpg,c4_p074_20231019_o11,data/data_17/pi4_04271_74_11_20231019143401.jpg
p074_20231023,74,20231023,13,0_S1,12,7,c1_p074_20231023_o07,data/data_19/pi1_04987_74_7_20231023133416.jpg,c2_p074_20231023_o07,data/data_19/pi2_04987_74_7_20231023133416.jpg,c3_p074_20231023_o07,data/data_19/pi3_04987_74_7_20231023133416.jpg,c4_p074_20231023_o07,data/data_19/pi4_04987_74_7_20231023133417.jpg
p074_20231027,74,20231027,20,1_S2,12,5,c1_p074_20231027_o05,data/data_22/pi1_05705_74_5_20231027142604.jpg,c2_p074_20231027_o05,data/data_22/pi2_05705_74_5_20231027142605.jpg,c3_p074_20231027_o05,data/data_22/pi3_05705_74_5_20231027142605.jpg,c4_p074_20231027_o05,data/data_22/pi4_05705_74_5_20231027142605.jpg
p074_20231101,74,20231101,53,2_S5,12,3,c1_p074_20231101_o03,data/data_25/pi1_06423_74_3_20231101115709.jpg,c2_p074_20231101_o03,data/data_25/pi2_06423_74_3_20231101115709.jpg,c3_p074_20231101_o03,data/data_25/pi3_06423_74_3_20231101115709.jpg,c4_p074_20231101_o03,data/data_25/pi4_06423_74_3_20231101115709.jpg
p074_20231106,74,20231106,60,3_S6,12,11,c1_p074_20231106_o11,data/data_28/pi1_07151_74_11_20231106154150.jpg,c2_p074_20231106_o11,data/data_28/pi2_07151_74_11_20231106154151.jpg,c3_p074_20231106_o11,data/data_28/pi3_07151_74_11_20231106154151.jpg,c4_p074_20231106_o11,data/data_28/pi4_07151_74_11_20231106154152.jpg
p074_20231109,74,20231109,70,4_S7,12,8,c1_p074_20231109_o08,data/data_31/pi1_07868_74_8_20231109143621.jpg,c2_p074_20231109_o08,data/data_31/pi2_07868_74_8_20231109143620.jpg,c3_p074_20231109_o08,data/data_31/pi3_07868_74_8_20231109143621.jpg,c4_p074_20231109_o08,data/data_31/pi4_07868_74_8_20231109143621.jpg
p074_20231120,74,20231120,72,4_S7,12,5,c1_p074_20231120_o05,data/data_34/pi1_08585_74_5_20231120154649.jpg,c2_p074_20231120_o05,data/data_34/pi2_08585_74_5_20231120154649.jpg,c3_p074_20231120_o05,data/data_34/pi3_08585_74_5_20231120154650.jpg,c4_p074_20231120_o05,data/data_34/pi4_08585_74_5_20231120154649.jpg
p074_20231127,74,20231127,73,4_S7,12,9,c1_p074_20231127_o09,data/data_38/pi1_09549_74_9_20231127161846.jpg,c2_p074_20231127_o09,data/data_38/pi2_09549_74_9_20231127161846.jpg,c3_p074_20231127_o09,data/data_38/pi3_09549_74_9_20231127161847.jpg,c4_p074_20231127_o09,data/data_38/pi4_09549_74_9_20231127161847.jpg
p074_20231130,74,20231130,74,4_S7,12,10,c1_p074_20231130_o10,data/data_42/pi1_10510_74_10_20231130151306.jpg,c2_p074_20231130_o10,data/data_42/pi2_10510_74_10_20231130151307.jpg,c3_p074_20231130_o10,data/data_42/pi3_10510_74_10_20231130151306.jpg,c4_p074_20231130_o10,data/data_42/pi4_10510_74_10_20231130151307.jpg
p074_20231204,74,20231204,75,4_S7,12,5,c1_p074_20231204_o05,data/data_44/pi1_11225_74_5_20231204161634.jpg,c2_p074_20231204_o05,data/data_44/pi2_11225_74_5_20231204161634.jpg,c3_p074_20231204_o05,data/data_44/pi3_11225_74_5_20231204161635.jpg,c4_p074_20231204_o05,data/data_44/pi4_11225_74_5_20231204161634.jpg
p074_20231211,74,20231211,78,4_S7,12,12,c1_p074_20231211_o12,data/data_48/pi1_12192_74_12_20231211145731.jpg,c2_p074_20231211_o12,data/data_48/pi2_12192_74_12_20231211145731.jpg,c3_p074_20231211_o12,data/data_48/pi3_12192_74_12_20231211145731.jpg,c4_p074_20231211_o12,data/data_48/pi4_12192_74_12_20231211145731.jpg
p074_20231214,74,20231214,79,4_S7,12,8,c1_p074_20231214_o08,data/data_51/pi1_12908_74_8_20231214161256.jpg,c2_p074_20231214_o08,data/data_51/pi2_12908_74_8_20231214161256.jpg,c3_p074_20231214_o08,data/data_51/pi3_12908_74_8_20231214161256.jpg,c4_p074_20231214_o08,data/data_51/pi4_12908_74_8_20231214161257.jpg
p074_20231218,74,20231218,79,4_S7,12,4,c1_p074_20231218_o04,data/data_53/pi1_13384_74_4_20231218150101.jpg,c2_p074_20231218_o04,data/data_53/pi2_13384_74_4_20231218150102.jpg,c3_p074_20231218_o04,data/data_53/pi3_13384_74_4_20231218150101.jpg,c4_p074_20231218_o04,data/data_53/pi4_13384_74_4_20231218150102.jpg
p074_20231227,74,20231227,81,5_S8,12,3,c1_p074_20231227_o03,data/data_56/pi1_14103_74_3_20231227140740.jpg,c2_p074_20231227_o03,data/data_56/pi2_14103_74_3_20231227140740.jpg,c3_p074_20231227_o03,data/data_56/pi3_14103_74_3_20231227140740.jpg,c4_p074_20231227_o03,data/data_56/pi4_14103_74_3_20231227140740.jpg
p074_20240115,74,20240115,82,5_S8,12,10,c1_p074_20240115_o10,data/data_59/pi1_14830_74_10_20240115111218.jpg,c2_p074_20240115_o10,data/data_59/pi2_14830_74_10_20240115111217.jpg,c3_p074_20240115_o10,data/data_59/pi3_14830_74_10_20240115111218.jpg,c4_p074_20240115_o10,data/data_59/pi4_14830_74_10_20240115111218.jpg
p074_20240119,74,20240119,83,5_S8,12,11,c1_p074_20240119_o11,data/data_61/pi1_15311_74_11_20240119105216.jpg,c2_p074_20240119_o11,data/data_61/pi2_15311_74_11_20240119105217.jpg,c3_p074_20240119_o11,data/data_61/pi3_15311_74_11_20240119105217.jpg,c4_p074_20240119_o11,data/data_61/pi4_15311_74_11_20240119105217.jpg
p074_20240126,74,20240126,88,5_S8,12,8,c1_p074_20240126_o08,data/data_63/pi1_15788_74_8_20240126140823.jpg,c2_p074_20240126_o08,data/data_63/pi2_15788_74_8_20240126140824.jpg,c3_p074_20240126_o08,data/data_63/pi3_15788_74_8_20240126140825.jpg,c4_p074_20240126_o08,data/data_63/pi4_15788_74_8_20240126140824.jpg
p075_20231006,75,20231006,13,0_S1,12,5,c1_p075_20231006_o05,data/data_10/pi1_02597_75_5_20231006114010.jpg,c2_p075_20231006_o05,data/data_10/pi2_02597_75_5_20231006113958.jpg,c3_p075_20231006_o05,data/data_10/pi3_02597_75_5_20231006113943.jpg,c4_p075_20231006_o05,data/data_10/pi4_02597_75_5_20231006113924.jpg
p075_20231011,75,20231011,13,0_S1,12,1,c1_p075_20231011_o01,data/data_12/pi1_03073_75_1_20231011081619.jpg,c2_p075_20231011_o01,data/data_12/pi2_03073_75_1_20231011081638.jpg,c3_p075_20231011_o01,data/data_12/pi3_03073_75_1_20231011081657.jpg,c4_p075_20231011_o01,data/data_12/pi4_03073_75_1_20231011081711.jpg
p075_20231017,75,20231017,13,0_S1,12,5,c1_p075_20231017_o05,data/data_15/pi1_03797_75_5_20231017154541.jpg,c2_p075_20231017_o05,data/data_15/pi2_03797_75_5_20231017154541.jpg,c3_p075_20231017_o05,data/data_15/pi3_03797_75_5_20231017154542.jpg,c4_p075_20231017_o05,data/data_15/pi4_03797_75_5_20231017154541.jpg
p075_20231019,75,20231019,14,0_S1,12,7,c1_p075_20231019_o07,data/data_17/pi1_04279_75_7_20231019143510.jpg,c2_p075_20231019_o07,data/data_17/pi2_04279_75_7_20231019143510.jpg,c3_p075_20231019_o07,data/data_17/pi3_04279_75_7_20231019143510.jpg,c4_p075_20231019_o07,data/data_17/pi4_04279_75_7_20231019143510.jpg
p075_20231023,75,20231023,14,0_S1,12,2,c1_p075_20231023_o02,data/data_19/pi1_04994_75_2_20231023133521.jpg,c2_p075_20231023_o02,data/data_19/pi2_04994_75_2_20231023133521.jpg,c3_p075_20231023_o02,data/data_19/pi3_04994_75_2_20231023133521.jpg,c4_p075_20231023_o02,data/data_19/pi4_04994_75_2_20231023133521.jpg
p075_20231027,75,20231027,53,2_S5,12,4,c1_p075_20231027_o04,data/data_22/pi1_05716_75_4_20231027142735.jpg,c2_p075_20231027_o04,data/data_22/pi2_05716_75_4_20231027142735.jpg,c3_p075_20231027_o04,data/data_22/pi3_05716_75_4_20231027142736.jpg,c4_p075_20231027_o04,data/data_22/pi4_05716_75_4_20231027142736.jpg
p075_20231101,75,20231101,53,2_S5,12,1,c1_p075_20231101_o01,data/data_25/pi1_06433_75_1_20231101120035.jpg,c2_p075_20231101_o01,data/data_25/pi2_06433_75_1_20231101120035.jpg,c3_p075_20231101_o01,data/data_25/pi3_06433_75_1_20231101120035.jpg,c4_p075_20231101_o01,data/data_25/pi4_06433_75_1_20231101120035.jpg
p075_20231106,75,20231106,54,2_S5,12,12,c1_p075_20231106_o12,data/data_28/pi1_07164_75_12_20231106154326.jpg,c2_p075_20231106_o12,data/data_28/pi2_07164_75_12_20231106154326.jpg,c3_p075_20231106_o12,data/data_28/pi3_07164_75_12_20231106154326.jpg,c4_p075_20231106_o12,data/data_28/pi4_07164_75_12_20231106154327.jpg
p075_20231109,75,20231109,60,3_S6,12,4,c1_p075_20231109_o04,data/data_31/pi1_07876_75_4_20231109144008.jpg,c2_p075_20231109_o04,data/data_31/pi2_07876_75_4_20231109144007.jpg,c3_p075_20231109_o04,data/data_31/pi3_07876_75_4_20231109144008.jpg,c4_p075_20231109_o04,data/data_31/pi4_07876_75_4_20231109144008.jpg
p075_20231120,75,20231120,68,3_S6,12,6,c1_p075_20231120_o06,data/data_34/pi1_08598_75_6_20231120154825.jpg,c2_p075_20231120_o06,data/data_34/pi2_08598_75_6_20231120154826.jpg,c3_p075_20231120_o06,data/data_34/pi3_08598_75_6_20231120154826.jpg,c4_p075_20231120_o06,data/data_34/pi4_08598_75_6_20231120154826.jpg
p075_20231127,75,20231127,73,4_S7,12,12,c1_p075_20231127_o12,data/data_38/pi1_09564_75_12_20231127162209.jpg,c2_p075_20231127_o12,data/data_38/pi2_09564_75_12_20231127162210.jpg,c3_p075_20231127_o12,data/data_38/pi3_09564_75_12_20231127162210.jpg,c4_p075_20231127_o12,data/data_38/pi4_09564_75_12_20231127162211.jpg
p075_20231130,75,20231130,74,4_S7,12,9,c1_p075_20231130_o09,data/data_42/pi1_10521_75_9_20231130151747.jpg,c2_p075_20231130_o09,data/data_42/pi2_10521_75_9_20231130151748.jpg,c3_p075_20231130_o09,data/data_42/pi3_10521_75_9_20231130151747.jpg,c4_p075_20231130_o09,data/data_42/pi4_10521_75_9_20231130151748.jpg
p075_20231204,75,20231204,75,4_S7,12,11,c1_p075_20231204_o11,data/data_44/pi1_11243_75_11_20231204161843.jpg,c2_p075_20231204_o11,data/data_44/pi2_11243_75_11_20231204161844.jpg,c3_p075_20231204_o11,data/data_44/pi3_11243_75_11_20231204161844.jpg,c4_p075_20231204_o11,data/data_44/pi4_11243_75_11_20231204161844.jpg
p075_20231211,75,20231211,76,4_S7,12,3,c1_p075_20231211_o03,data/data_48/pi1_12195_75_3_20231211145802.jpg,c2_p075_20231211_o03,data/data_48/pi2_12195_75_3_20231211145801.jpg,c3_p075_20231211_o03,data/data_48/pi3_12195_75_3_20231211145802.jpg,c4_p075_20231211_o03,data/data_48/pi4_12195_75_3_20231211145802.jpg
p075_20231214,75,20231214,77,4_S7,12,9,c1_p075_20231214_o09,data/data_51/pi1_12921_75_9_20231214161423.jpg,c2_p075_20231214_o09,data/data_51/pi2_12921_75_9_20231214161424.jpg,c3_p075_20231214_o09,data/data_51/pi3_12921_75_9_20231214161424.jpg,c4_p075_20231214_o09,data/data_51/pi4_12921_75_9_20231214161424.jpg
p075_20231218,75,20231218,78,4_S7,12,5,c1_p075_20231218_o05,data/data_53/pi1_13397_75_5_20231218150237.jpg,c2_p075_20231218_o05,data/data_53/pi2_13397_75_5_20231218150238.jpg,c3_p075_20231218_o05,data/data_53/pi3_13397_75_5_20231218150238.jpg,c4_p075_20231218_o05,data/data_53/pi4_13397_75_5_20231218150238.jpg
p075_20231227,75,20231227,80,5_S8,12,6,c1_p075_20231227_o06,data/data_56/pi1_14118_75_6_20231227140923.jpg,c2_p075_20231227_o06,data/data_56/pi2_14118_75_6_20231227140923.jpg,c3_p075_20231227_o06,data/data_56/pi3_14118_75_6_20231227140923.jpg,c4_p075_20231227_o06,data/data_56/pi4_14118_75_6_20231227140924.jpg
p075_20240115,75,20240115,83,5_S8,12,8,c1_p075_20240115_o08,data/data_59/pi1_14840_75_8_20240115111720.jpg,c2_p075_20240115_o08,data/data_59/pi2_14840_75_8_20240115111720.jpg,c3_p075_20240115_o08,data/data_59/pi3_14840_75_8_20240115111720.jpg,c4_p075_20240115_o08,data/data_59/pi4_14840_75_8_20240115111721.jpg
p075_20240119,75,20240119,85,5_S8,12,11,c1_p075_20240119_o11,data/data_61/pi1_15323_75_11_20240119105514.jpg,c2_p075_20240119_o11,data/data_61/pi2_15323_75_11_20240119105514.jpg,c3_p075_20240119_o11,data/data_61/pi3_15323_75_11_20240119105515.jpg,c4_p075_20240119_o11,data/data_61/pi4_15323_75_11_20240119105515.jpg
p075_20240126,75,20240126,87,5_S8,12,3,c1_p075_20240126_o03,data/data_63/pi1_15795_75_3_20240126141034.jpg,c2_p075_20240126_o03,data/data_63/pi2_15795_75_3_20240126141035.jpg,c3_p075_20240126_o03,data/data_63/pi3_15795_75_3_20240126141036.jpg,c4_p075_20240126_o03,data/data_63/pi4_15795_75_3_20240126141035.jpg
p076_20231006,76,20231006,13,0_S1,12,3,c1_p076_20231006_o03,data/data_10/pi1_02607_76_3_20231006114010.jpg,c2_p076_20231006_o03,data/data_10/pi2_02607_76_3_20231006113958.jpg,c3_p076_20231006_o03,data/data_10/pi3_02607_76_3_20231006113943.jpg,c4_p076_20231006_o03,data/data_10/pi4_02607_76_3_20231006113924.jpg
p076_20231011,76,20231011,13,0_S1,12,12,c1_p076_20231011_o12,data/data_12/pi1_03096_76_12_20231011081619.jpg,c2_p076_20231011_o12,data/data_12/pi2_03096_76_12_20231011081638.jpg,c3_p076_20231011_o12,data/data_12/pi3_03096_76_12_20231011081657.jpg,c4_p076_20231011_o12,data/data_12/pi4_03096_76_12_20231011081711.jpg
p076_20231017,76,20231017,13,0_S1,12,4,c1_p076_20231017_o04,data/data_15/pi1_03808_76_4_20231017154726.jpg,c2_p076_20231017_o04,data/data_15/pi2_03808_76_4_20231017154727.jpg,c3_p076_20231017_o04,data/data_15/pi3_03808_76_4_20231017154727.jpg,c4_p076_20231017_o04,data/data_15/pi4_03808_76_4_20231017154727.jpg
p076_20231019,76,20231019,14,0_S1,12,5,c1_p076_20231019_o05,data/data_17/pi1_04289_76_5_20231019143645.jpg,c2_p076_20231019_o05,data/data_17/pi2_04289_76_5_20231019143645.jpg,c3_p076_20231019_o05,data/data_17/pi3_04289_76_5_20231019143645.jpg,c4_p076_20231019_o05,data/data_17/pi4_04289_76_5_20231019143645.jpg
p076_20231023,76,20231023,15,0_S1,12,5,c1_p076_20231023_o05,data/data_20/pi1_05009_76_5_20231023133725.jpg,c2_p076_20231023_o05,data/data_20/pi2_05009_76_5_20231023133725.jpg,c3_p076_20231023_o05,data/data_20/pi3_05009_76_5_20231023133726.jpg,c4_p076_20231023_o05,data/data_20/pi4_05009_76_5_20231023133726.jpg
p076_20231027,76,20231027,20,1_S2,12,10,c1_p076_20231027_o10,data/data_22/pi1_05734_76_10_20231027145200.jpg,c2_p076_20231027_o10,data/data_22/pi2_05734_76_10_20231027145201.jpg,c3_p076_20231027_o10,data/data_22/pi3_05734_76_10_20231027145201.jpg,c4_p076_20231027_o10,data/data_22/pi4_05734_76_10_20231027145201.jpg
p076_20231101,76,20231101,53,2_S5,12,4,c1_p076_20231101_o04,data/data_25/pi1_06448_76_4_20231101120234.jpg,c2_p076_20231101_o04,data/data_25/pi2_06448_76_4_20231101120234.jpg,c3_p076_20231101_o04,data/data_25/pi3_06448_76_4_20231101120234.jpg,c4_p076_20231101_o04,data/data_25/pi4_06448_76_4_20231101120234.jpg
p076_20231106,76,20231106,60,3_S6,12,3,c1_p076_20231106_o03,data/data_28/pi1_07167_76_3_20231106154449.jpg,c2_p076_20231106_o03,data/data_28/pi2_07167_76_3_20231106154450.jpg,c3_p076_20231106_o03,data/data_28/pi3_07167_76_3_20231106154450.jpg,c4_p076_20231106_o03,data/data_28/pi4_07167_76_3_20231106154451.jpg
p076_20231109,76,20231109,64,3_S6,12,7,c1_p076_20231109_o07,data/data_31/pi1_07891_76_7_20231109144210.jpg,c2_p076_20231109_o07,data/data_31/pi2_07891_76_7_20231109144209.jpg,c3_p076_20231109_o07,data/data_31/pi3_07891_76_7_20231109144211.jpg,c4_p076_20231109_o07,data/data_31/pi4_07891_76_7_20231109144211.jpg
p076_20231120,76,20231120,68,3_S6,12,4,c1_p076_20231120_o04,data/data_34/pi1_08608_76_4_20231120155032.jpg,c2_p076_20231120_o04,data/data_34/pi2_08608_76_4_20231120155032.jpg,c3_p076_20231120_o04,data/data_34/pi3_08608_76_4_20231120155033.jpg,c4_p076_20231120_o04,data/data_34/pi4_08608_76_4_20231120155032.jpg
p076_20231127,76,20231127,72,4_S7,12,9,c1_p076_20231127_o09,data/data_38/pi1_09573_76_9_20231127162414.jpg,c2_p076_20231127_o09,data/data_38/pi2_09573_76_9_20231127162415.jpg,c3_p076_20231127_o09,data/data_38/pi3_09573_76_9_20231127162415.jpg,c4_p076_20231127_o09,data/data_38/pi4_09573_76_9_20231127162416.jpg
p076_20231130,76,20231130,73,4_S7,12,12,c1_p076_20231130_o12,data/data_42/pi1_10536_76_12_20231130152249.jpg,c2_p076_20231130_o12,data/data_42/pi2_10536_76_12_20231130152250.jpg,c3_p076_20231130_o12,data/data_42/pi3_10536_76_12_20231130152250.jpg,c4_p076_20231130_o12,data/data_42/pi4_10536_76_12_20231130152251.jpg
p076_20231204,76,20231204,74,4_S7,12,11,c1_p076_20231204_o11,data/data_45/pi1_11255_76_11_20231204162023.jpg,c2_p076_20231204_o11,data/data_45/pi2_11255_76_11_20231204162024.jpg,c3_p076_20231204_o11,data/data_45/pi3_11255_76_11_20231204162025.jpg,c4_p076_20231204_o11,data/data_45/pi4_11255_76_11_20231204162024.jpg
p076_20231211,76,20231211,75,4_S7,12,4,c1_p076_20231211_o04,data/data_48/pi1_12208_76_4_20231211145938.jpg,c2_p076_20231211_o04,data/data_48/pi2_12208_76_4_20231211145938.jpg,c3_p076_20231211_o04,data/data_48/pi3_12208_76_4_20231211145939.jpg,c4_p076_20231211_o04,data/data_48/pi4_12208_76_4_20231211145939.jpg
p076_20231214,76,20231214,75,4_S7,12,3,c1_p076_20231214_o03,data/data_51/pi1_12927_76_3_20231214161522.jpg,c2_p076_20231214_o03,data/data_51/pi2_12927_76_3_20231214161522.jpg,c3_p076_20231214_o03,data/data_51/pi3_12927_76_3_20231214161522.jpg,c4_p076_20231214_o03,data/data_51/pi4_12927_76_3_20231214161523.jpg
p076_20231218,76,20231218,76,4_S7,12,3,c1_p076_20231218_o03,data/data_53/pi1_13407_76_3_20231218150346.jpg,c2_p076_20231218_o03,data/data_53/pi2_13407_76_3_20231218150347.jpg,c3_p076_20231218_o03,data/data_53/pi3_13407_76_3_20231218150347.jpg,c4_p076_20231218_o03,data/data_53/pi4_13407_76_3_20231218150347.jpg
p076_20231227,76,20231227,78,4_S7,12,11,c1_p076_20231227_o11,data/data_56/pi1_14135_76_11_20231227141119.jpg,c2_p076_20231227_o11,data/data_56/pi2_14135_76_11_20231227141119.jpg,c3_p076_20231227_o11,data/data_56/pi3_14135_76_11_20231227141119.jpg,c4_p076_20231227_o11,data/data_56/pi4_14135_76_11_20231227141119.jpg
p076_20240115,76,20240115,80,5_S8,12,10,c1_p076_20240115_o10,data/data_59/pi1_14854_76_10_20240115111941.jpg,c2_p076_20240115_o10,data/data_59/pi2_14854_76_10_20240115111941.jpg,c3_p076_20240115_o10,data/data_59/pi3_14854_76_10_20240115111941.jpg,c4_p076_20240115_o10,data/data_59/pi4_14854_76_10_20240115111941.jpg
p076_20240119,76,20240119,84,5_S8,12,12,c1_p076_20240119_o12,data/data_61/pi1_15336_76_12_20240119105743.jpg,c2_p076_20240119_o12,data/data_61/pi2_15336_76_12_20240119105744.jpg,c3_p076_20240119_o12,data/data_61/pi3_15336_76_12_20240119105744.jpg,c4_p076_20240119_o12,data/data_61/pi4_15336_76_12_20240119105744.jpg
p076_20240126,76,20240126,86,5_S8,12,12,c1_p076_20240126_o12,data/data_63/pi1_15816_76_12_20240126141352.jpg,c2_p076_20240126_o12,data/data_63/pi2_15816_76_12_20240126141352.jpg,c3_p076_20240126_o12,data/data_63/pi3_15816_76_12_20240126141353.jpg,c4_p076_20240126_o12,data/data_63/pi4_15816_76_12_20240126141353.jpg
p077_20231006,77,20231006,13,0_S1,12,11,c1_p077_20231006_o11,data/data_10/pi1_02627_77_11_20231006114010.jpg,c2_p077_20231006_o11,data/data_10/pi2_02627_77_11_20231006113958.jpg,c3_p077_20231006_o11,data/data_10/pi3_02627_77_11_20231006113943.jpg,c4_p077_20231006_o11,data/data_10/pi4_02627_77_11_20231006113924.jpg
p077_20231011,77,20231011,13,0_S1,12,2,c1_p077_20231011_o02,data/data_12/pi1_03098_77_2_20231011081619.jpg,c2_p077_20231011_o02,data/data_12/pi2_03098_77_2_20231011081638.jpg,c3_p077_20231011_o02,data/data_12/pi3_03098_77_2_20231011081657.jpg,c4_p077_20231011_o02,data/data_12/pi4_03098_77_2_20231011081711.jpg
p077_20231017,77,20231017,13,0_S1,12,10,c1_p077_20231017_o10,data/data_15/pi1_03826_77_10_20231017154956.jpg,c2_p077_20231017_o10,data/data_15/pi2_03826_77_10_20231017154956.jpg,c3_p077_20231017_o10,data/data_15/pi3_03826_77_10_20231017154956.jpg,c4_p077_20231017_o10,data/data_15/pi4_03826_77_10_20231017154956.jpg
p077_20231019,77,20231019,14,0_S1,12,8,c1_p077_20231019_o08,data/data_17/pi1_04304_77_8_20231019143858.jpg,c2_p077_20231019_o08,data/data_17/pi2_04304_77_8_20231019143858.jpg,c3_p077_20231019_o08,data/data_17/pi3_04304_77_8_20231019143858.jpg,c4_p077_20231019_o08,data/data_17/pi4_04304_77_8_20231019143858.jpg
p077_20231023,77,20231023,20,1_S2,12,12,c1_p077_20231023_o12,data/data_20/pi1_05028_77_12_20231023133956.jpg,c2_p077_20231023_o12,data/data_20/pi2_05028_77_12_20231023133956.jpg,c3_p077_20231023_o12,data/data_20/pi3_05028_77_12_20231023133956.jpg,c4_p077_20231023_o12,data/data_20/pi4_05028_77_12_20231023133956.jpg
p077_20231027,77,20231027,53,2_S5,12,7,c1_p077_20231027_o07,data/data_22/pi1_05743_77_7_20231027145943.jpg,c2_p077_20231027_o07,data/data_22/pi2_05743_77_7_20231027145943.jpg,c3_p077_20231027_o07,data/data_22/pi3_05743_77_7_20231027145943.jpg,c4_p077_20231027_o07,data/data_22/pi4_05743_77_7_20231027145943.jpg
p077_20231101,77,20231101,55,2_S5,12,4,c1_p077_20231101_o04,data/data_25/pi1_06460_77_4_20231101120408.jpg,c2_p077_20231101_o04,data/data_25/pi2_06460_77_4_20231101120408.jpg,c3_p077_20231101_o04,data/data_25/pi3_06460_77_4_20231101120408.jpg,c4_p077_20231101_o04,data/data_25/pi4_06460_77_4_20231101120408.jpg
p077_20231106,77,20231106,60,3_S6,12,5,c1_p077_20231106_o05,data/data_28/pi1_07181_77_5_20231106154630.jpg,c2_p077_20231106_o05,data/data_28/pi2_07181_77_5_20231106154631.jpg,c3_p077_20231106_o05,data/data_28/pi3_07181_77_5_20231106154631.jpg,c4_p077_20231106_o05,data/data_28/pi4_07181_77_5_20231106154632.jpg
p077_20231109,77,20231109,69,3_S6,12,4,c1_p077_20231109_o04,data/data_31/pi1_07900_77_4_20231109144528.jpg,c2_p077_20231109_o04,data/data_31/pi2_07900_77_4_20231109144527.jpg,c3_p077_20231109_o04,data/data_31/pi3_07900_77_4_20231109144528.jpg,c4_p077_20231109_o04,data/data_31/pi4_07900_77_4_20231109144528.jpg
p077_20231120,77,20231120,70,4_S7,12,5,c1_p077_20231120_o05,data/data_34/pi1_08621_77_5_20231120155208.jpg,c2_p077_20231120_o05,data/data_34/pi2_08621_77_5_20231120155208.jpg,c3_p077_20231120_o05,data/data_34/pi3_08621_77_5_20231120155209.jpg,c4_p077_20231120_o05,data/data_34/pi4_08621_77_5_20231120155208.jpg
p077_20231127,77,20231127,73,4_S7,12,12,c1_p077_20231127_o12,data/data_38/pi1_09588_77_12_20231127162624.jpg,c2_p077_20231127_o12,data/data_38/pi2_09588_77_12_20231127162625.jpg,c3_p077_20231127_o12,data/data_38/pi3_09588_77_12_20231127162625.jpg,c4_p077_20231127_o12,data/data_38/pi4_09588_77_12_20231127162626.jpg
p077_20231130,77,20231130,75,4_S7,12,11,c1_p077_20231130_o11,data/data_42/pi1_10547_77_11_20231130152852.jpg,c2_p077_20231130_o11,data/data_42/pi2_10547_77_11_20231130152852.jpg,c3_p077_20231130_o11,data/data_42/pi3_10547_77_11_20231130152852.jpg,c4_p077_20231130_o11,data/data_42/pi4_10547_77_11_20231130152853.jpg
p077_20231204,77,20231204,76,4_S7,12,3,c1_p077_20231204_o03,data/data_45/pi1_11259_77_3_20231204162113.jpg,c2_p077_20231204_o03,data/data_45/pi2_11259_77_3_20231204162114.jpg,c3_p077_20231204_o03,data/data_45/pi3_11259_77_3_20231204162114.jpg,c4_p077_20231204_o03,data/data_45/pi4_11259_77_3_20231204162114.jpg
p077_20231211,77,20231211,77,4_S7,12,12,c1_p077_20231211_o12,data/data_48/pi1_12228_77_12_20231211150152.jpg,c2_p077_20231211_o12,data/data_48/pi2_12228_77_12_20231211150152.jpg,c3_p077_20231211_o12,data/data_48/pi3_12228_77_12_20231211150153.jpg,c4_p077_20231211_o12,data/data_48/pi4_12228_77_12_20231211150153.jpg
p077_20231214,77,20231214,78,4_S7,12,9,c1_p077_20231214_o09,data/data_51/pi1_12945_77_9_20231214161734.jpg,c2_p077_20231214_o09,data/data_51/pi2_12945_77_9_20231214161734.jpg,c3_p077_20231214_o09,data/data_51/pi3_12945_77_9_20231214161734.jpg,c4_p077_20231214_o09,data/data_51/pi4_12945_77_9_20231214161734.jpg
p077_20231218,77,20231218,79,4_S7,12,7,c1_p077_20231218_o07,data/data_53/pi1_13423_77_7_20231218150515.jpg,c2_p077_20231218_o07,data/data_53/pi2_13423_77_7_20231218150515.jpg,c3_p077_20231218_o07,data/data_53/pi3_13423_77_7_20231218150515.jpg,c4_p077_20231218_o07,data/data_53/pi4_13423_77_7_20231218150516.jpg
p077_20231227,77,20231227,79,4_S7,12,7,c1_p077_20231227_o07,data/data_56/pi1_14143_77_7_20231227141221.jpg,c2_p077_20231227_o07,data/data_56/pi2_14143_77_7_20231227141221.jpg,c3_p077_20231227_o07,data/data_56/pi3_14143_77_7_20231227141221.jpg,c4_p077_20231227_o07,data/data_56/pi4_14143_77_7_20231227141222.jpg
p077_20240115,77,20240115,81,5_S8,12,9,c1_p077_20240115_o09,data/data_59/pi1_14865_77_9_20240115112524.jpg,c2_p077_20240115_o09,data/data_59/pi2_14865_77_9_20240115112524.jpg,c3_p077_20240115_o09,data/data_59/pi3_14865_77_9_20240115112524.jpg,c4_p077_20240115_o09,data/data_59/pi4_14865_77_9_20240115112524.jpg
p077_20240119,77,20240119,84,5_S8,12,8,c1_p077_20240119_o08,data/data_61/pi1_15344_77_8_20240119105912.jpg,c2_p077_20240119_o08,data/data_61/pi2_15344_77_8_20240119105913.jpg,c3_p077_20240119_o08,data/data_61/pi3_15344_77_8_20240119105913.jpg,c4_p077_20240119_o08,data/data_61/pi4_15344_77_8_20240119105913.jpg
p077_20240126,77,20240126,88,5_S8,12,1,c1_p077_20240126_o01,data/data_63/pi1_15817_77_1_20240126141443.jpg,c2_p077_20240126_o01,data/data_63/pi2_15817_77_1_20240126141443.jpg,c3_p077_20240126_o01,data/data_63/pi3_15817_77_1_20240126141444.jpg,c4_p077_20240126_o01,data/data_63/pi4_15817_77_1_20240126141444.jpg
p078_20231006,78,20231006,13,0_S1,12,7,c1_p078_20231006_o07,data/data_10/pi1_02635_78_7_20231006114010.jpg,c2_p078_20231006_o07,data/data_10/pi2_02635_78_7_20231006113958.jpg,c3_p078_20231006_o07,data/data_10/pi3_02635_78_7_20231006113943.jpg,c4_p078_20231006_o07,data/data_10/pi4_02635_78_7_20231006113924.jpg
p078_20231011,78,20231011,13,0_S1,12,6,c1_p078_20231011_o06,data/data_12/pi1_03114_78_6_20231011081619.jpg,c2_p078_20231011_o06,data/data_12/pi2_03114_78_6_20231011081638.jpg,c3_p078_20231011_o06,data/data_12/pi3_03114_78_6_20231011081657.jpg,c4_p078_20231011_o06,data/data_12/pi4_03114_78_6_20231011081711.jpg
p078_20231017,78,20231017,13,0_S1,12,3,c1_p078_20231017_o03,data/data_15/pi1_03831_78_3_20231017155106.jpg,c2_p078_20231017_o03,data/data_15/pi2_03831_78_3_20231017155106.jpg,c3_p078_20231017_o03,data/data_15/pi3_03831_78_3_20231017155107.jpg,c4_p078_20231017_o03,data/data_15/pi4_03831_78_3_20231017155106.jpg
p078_20231019,78,20231019,14,0_S1,12,5,c1_p078_20231019_o05,data/data_17/pi1_04313_78_5_20231019144022.jpg,c2_p078_20231019_o05,data/data_17/pi2_04313_78_5_20231019144022.jpg,c3_p078_20231019_o05,data/data_17/pi3_04313_78_5_20231019144022.jpg,c4_p078_20231019_o05,data/data_17/pi4_04313_78_5_20231019144022.jpg
p078_20231023,78,20231023,51,2_S5,12,6,c1_p078_20231023_o06,data/data_20/pi1_05034_78_6_20231023134105.jpg,c2_p078_20231023_o06,data/data_20/pi2_05034_78_6_20231023134105.jpg,c3_p078_20231023_o06,data/data_20/pi3_05034_78_6_20231023134105.jpg,c4_p078_20231023_o06,data/data_20/pi4_05034_78_6_20231023134105.jpg
p078_20231027,78,20231027,53,2_S5,12,12,c1_p078_20231027_o12,data/data_23/pi1_05760_78_12_20231027150214.jpg,c2_p078_20231027_o12,data/data_23/pi2_05760_78_12_20231027150214.jpg,c3_p078_20231027_o12,data/data_23/pi3_05760_78_12_20231027150214.jpg,c4_p078_20231027_o12,data/data_23/pi4_05760_78_12_20231027150214.jpg
p078_20231101,78,20231101,60,3_S6,12,5,c1_p078_20231101_o05,data/data_25/pi1_06473_78_5_20231101120601.jpg,c2_p078_20231101_o05,data/data_25/pi2_06473_78_5_20231101120602.jpg,c3_p078_20231101_o05,data/data_25/pi3_06473_78_5_20231101120602.jpg,c4_p078_20231101_o05,data/data_25/pi4_06473_78_5_20231101120601.jpg
p078_20231106,78,20231106,63,3_S6,12,9,c1_p078_20231106_o09,data/data_28/pi1_07197_78_9_20231106154828.jpg,c2_p078_20231106_o09,data/data_28/pi2_07197_78_9_20231106154828.jpg,c3_p078_20231106_o09,data/data_28/pi3_07197_78_9_20231106154828.jpg,c4_p078_20231106_o09,data/data_28/pi4_07197_78_9_20231106154829.jpg
p078_20231109,78,20231109,70,4_S7,12,5,c1_p078_20231109_o05,data/data_31/pi1_07913_78_5_20231109144815.jpg,c2_p078_20231109_o05,data/data_31/pi2_07913_78_5_20231109144815.jpg,c3_p078_20231109_o05,data/data_31/pi3_07913_78_5_20231109144816.jpg,c4_p078_20231109_o05,data/data_31/pi4_07913_78_5_20231109144816.jpg
p078_20231120,78,20231120,71,4_S7,12,11,c1_p078_20231120_o11,data/data_34/pi1_08639_78_11_20231120155441.jpg,c2_p078_20231120_o11,data/data_34/pi2_08639_78_11_20231120155442.jpg,c3_p078_20231120_o11,data/data_34/pi3_08639_78_11_20231120155442.jpg,c4_p078_20231120_o11,data/data_34/pi4_08639_78_11_20231120155442.jpg
p078_20231127,78,20231127,72,4_S7,12,10,c1_p078_20231127_o10,data/data_38/pi1_09598_78_10_20231127162823.jpg,c2_p078_20231127_o10,data/data_38/pi2_09598_78_10_20231127162824.jpg,c3_p078_20231127_o10,data/data_38/pi3_09598_78_10_20231127162824.jpg,c4_p078_20231127_o10,data/data_38/pi4_09598_78_10_20231127162825.jpg
p078_20231130,78,20231130,74,4_S7,12,12,c1_p078_20231130_o12,data/data_42/pi1_10560_78_12_20231130153532.jpg,c2_p078_20231130_o12,data/data_42/pi2_10560_78_12_20231130153533.jpg,c3_p078_20231130_o12,data/data_42/pi3_10560_78_12_20231130153533.jpg,c4_p078_20231130_o12,data/data_42/pi4_10560_78_12_20231130153534.jpg
p078_20231204,78,20231204,76,4_S7,12,3,c1_p078_20231204_o03,data/data_45/pi1_11271_78_3_20231204162256.jpg,c2_p078_20231204_o03,data/data_45/pi2_11271_78_3_20231204162256.jpg,c3_p078_20231204_o03,data/data_45/pi3_11271_78_3_20231204162257.jpg,c4_p078_20231204_o03,data/data_45/pi4_11271_78_3_20231204162257.jpg
p078_20231211,78,20231211,78,4_S7,12,8,c1_p078_20231211_o08,data/data_48/pi1_12236_78_8_20231211150302.jpg,c2_p078_20231211_o08,data/data_48/pi2_12236_78_8_20231211150302.jpg,c3_p078_20231211_o08,data/data_48/pi3_12236_78_8_20231211150303.jpg,c4_p078_20231211_o08,data/data_48/pi4_12236_78_8_20231211150303.jpg
p078_20231214,78,20231214,79,4_S7,12,3,c1_p078_20231214_o03,data/data_51/pi1_12951_78_3_20231214161828.jpg,c2_p078_20231214_o03,data/data_51/pi2_12951_78_3_20231214161828.jpg,c3_p078_20231214_o03,data/data_51/pi3_12951_78_3_20231214161829.jpg,c4_p078_20231214_o03,data/data_51/pi4_12951_78_3_20231214161829.jpg
p078_20231218,78,20231218,79,4_S7,12,5,c1_p078_20231218_o05,data/data_53/pi1_13433_78_5_20231218150640.jpg,c2_p078_20231218_o05,data/data_53/pi2_13433_78_5_20231218150641.jpg,c3_p078_20231218_o05,data/data_53/pi3_13433_78_5_20231218150641.jpg,c4_p078_20231218_o05,data/data_53/pi4_13433_78_5_20231218150641.jpg
p078_20231227,78,20231227,79,4_S7,12,4,c1_p078_20231227_o04,data/data_56/pi1_14152_78_4_20231227141331.jpg,c2_p078_20231227_o04,data/data_56/pi2_14152_78_4_20231227141331.jpg,c3_p078_20231227_o04,data/data_56/pi3_14152_78_4_20231227141331.jpg,c4_p078_20231227_o04,data/data_56/pi4_14152_78_4_20231227141332.jpg
p078_20240115,78,20240115,83,5_S8,12,6,c1_p078_20240115_o06,data/data_59/pi1_14874_78_6_20240115112724.jpg,c2_p078_20240115_o06,data/data_59/pi2_14874_78_6_20240115112724.jpg,c3_p078_20240115_o06,data/data_59/pi3_14874_78_6_20240115112725.jpg,c4_p078_20240115_o06,data/data_59/pi4_14874_78_6_20240115112725.jpg
p078_20240119,78,20240119,84,5_S8,12,1,c1_p078_20240119_o01,data/data_61/pi1_15349_78_1_20240119110034.jpg,c2_p078_20240119_o01,data/data_61/pi2_15349_78_1_20240119110034.jpg,c3_p078_20240119_o01,data/data_61/pi3_15349_78_1_20240119110035.jpg,c4_p078_20240119_o01,data/data_61/pi4_15349_78_1_20240119110035.jpg
p078_20240126,78,20240126,89,5_S8,12,9,c1_p078_20240126_o09,data/data_63/pi1_15837_78_9_20240126141715.jpg,c2_p078_20240126_o09,data/data_63/pi2_15837_78_9_20240126141716.jpg,c3_p078_20240126_o09,data/data_63/pi3_15837_78_9_20240126141717.jpg,c4_p078_20240126_o09,data/data_63/pi4_15837_78_9_20240126141716.jpg
p079_20231006,79,20231006,13,0_S1,12,12,c1_p079_20231006_o12,data/data_10/pi1_02652_79_12_20231006114010.jpg,c2_p079_20231006_o12,data/data_10/pi2_02652_79_12_20231006113958.jpg,c3_p079_20231006_o12,data/data_10/pi3_02652_79_12_20231006113943.jpg,c4_p079_20231006_o12,data/data_10/pi4_02652_79_12_20231006113924.jpg
p079_20231011,79,20231011,13,0_S1,12,1,c1_p079_20231011_o01,data/data_12/pi1_03121_79_1_20231011081619.jpg,c2_p079_20231011_o01,data/data_12/pi2_03121_79_1_20231011081638.jpg,c3_p079_20231011_o01,data/data_12/pi3_03121_79_1_20231011081657.jpg,c4_p079_20231011_o01,data/data_12/pi4_03121_79_1_20231011081711.jpg
p079_20231017,79,20231017,13,0_S1,12,11,c1_p079_20231017_o11,data/data_15/pi1_03851_79_11_20231017155401.jpg,c2_p079_20231017_o11,data/data_15/pi2_03851_79_11_20231017155401.jpg,c3_p079_20231017_o11,data/data_15/pi3_03851_79_11_20231017155401.jpg,c4_p079_20231017_o11,data/data_15/pi4_03851_79_11_20231017155401.jpg
p079_20231019,79,20231019,14,0_S1,12,5,c1_p079_20231019_o05,data/data_17/pi1_04325_79_5_20231019144208.jpg,c2_p079_20231019_o05,data/data_17/pi2_04325_79_5_20231019144208.jpg,c3_p079_20231019_o05,data/data_17/pi3_04325_79_5_20231019144209.jpg,c4_p079_20231019_o05,data/data_17/pi4_04325_79_5_20231019144208.jpg
p079_20231023,79,20231023,14,0_S1,12,12,c1_p079_20231023_o12,data/data_20/pi1_05052_79_12_20231023134318.jpg,c2_p079_20231023_o12,data/data_20/pi2_05052_79_12_20231023134318.jpg,c3_p079_20231023_o12,data/data_20/pi3_05052_79_12_20231023134318.jpg,c4_p079_20231023_o12,data/data_20/pi4_05052_79_12_20231023134319.jpg
p079_20231027,79,20231027,20,1_S2,12,9,c1_p079_20231027_o09,data/data_23/pi1_05769_79_9_20231027150445.jpg,c2_p079_20231027_o09,data/data_23/pi2_05769_79_9_20231027150445.jpg,c3_p079_20231027_o09,data/data_23/pi3_05769_79_9_20231027150445.jpg,c4_p079_20231027_o09,data/data_23/pi4_05769_79_9_20231027150445.jpg
p079_20231101,79,20231101,52,2_S5,12,10,c1_p079_20231101_o10,data/data_25/pi1_06490_79_10_20231101120813.jpg,c2_p079_20231101_o10,data/data_25/pi2_06490_79_10_20231101120814.jpg,c3_p079_20231101_o10,data/data_25/pi3_06490_79_10_20231101120814.jpg,c4_p079_20231101_o10,data/data_25/pi4_06490_79_10_20231101120814.jpg
p079_20231106,79,20231106,65,3_S6,12,1,c1_p079_20231106_o01,data/data_28/pi1_07201_79_1_20231106154909.jpg,c2_p079_20231106_o01,data/data_28/pi2_07201_79_1_20231106154909.jpg,c3_p079_20231106_o01,data/data_28/pi3_07201_79_1_20231106154910.jpg,c4_p079_20231106_o01,data/data_28/pi4_07201_79_1_20231106154910.jpg
p079_20231109,79,20231109,69,3_S6,12,11,c1_p079_20231109_o11,data/data_31/pi1_07931_79_11_20231109145041.jpg,c2_p079_20231109_o11,data/data_31/pi2_07931_79_11_20231109145040.jpg,c3_p079_20231109_o11,data/data_31/pi3_07931_79_11_20231109145041.jpg,c4_p079_20231109_o11,data/data_31/pi4_07931_79_11_20231109145041.jpg
p079_20231120,79,20231120,70,4_S7,12,5,c1_p079_20231120_o05,data/data_34/pi1_08645_79_5_20231120155538.jpg,c2_p079_20231120_o05,data/data_34/pi2_08645_79_5_20231120155539.jpg,c3_p079_20231120_o05,data/data_34/pi3_08645_79_5_20231120155539.jpg,c4_p079_20231120_o05,data/data_34/pi4_08645_79_5_20231120155539.jpg
p079_20231127,79,20231127,73,4_S7,12,10,c1_p079_20231127_o10,data/data_38/pi1_09610_79_10_20231127162951.jpg,c2_p079_20231127_o10,data/data_38/pi2_09610_79_10_20231127162951.jpg,c3_p079_20231127_o10,data/data_38/pi3_09610_79_10_20231127162952.jpg,c4_p079_20231127_o10,data/data_38/pi4_09610_79_10_20231127162952.jpg
p079_20231130,79,20231130,74,4_S7,12,4,c1_p079_20231130_o04,data/data_42/pi1_10564_79_4_20231130153903.jpg,c2_p079_20231130_o04,data/data_42/pi2_10564_79_4_20231130153904.jpg,c3_p079_20231130_o04,data/data_42/pi3_10564_79_4_20231130153904.jpg,c4_p079_20231130_o04,data/data_42/pi4_10564_79_4_20231130153905.jpg
p079_20231204,79,20231204,75,4_S7,12,12,c1_p079_20231204_o12,data/data_45/pi1_11292_79_12_20231204162512.jpg,c2_p079_20231204_o12,data/data_45/pi2_11292_79_12_20231204162512.jpg,c3_p079_20231204_o12,data/data_45/pi3_11292_79_12_20231204162513.jpg,c4_p079_20231204_o12,data/data_45/pi4_11292_79_12_20231204162513.jpg
p079_20231211,79,20231211,76,4_S7,12,12,c1_p079_20231211_o12,data/data_49/pi1_12252_79_12_20231211150459.jpg,c2_p079_20231211_o12,data/data_49/pi2_12252_79_12_20231211150459.jpg,c3_p079_20231211_o12,data/data_49/pi3_12252_79_12_20231211150500.jpg,c4_p079_20231211_o12,data/data_49/pi4_12252_79_12_20231211150500.jpg
p079_20231214,79,20231214,77,4_S7,12,3,c1_p079_20231214_o03,data/data_51/pi1_12963_79_3_20231214162015.jpg,c2_p079_20231214_o03,data/data_51/pi2_12963_79_3_20231214162015.jpg,c3_p079_20231214_o03,data/data_51/pi3_12963_79_3_20231214162015.jpg,c4_p079_20231214_o03,data/data_51/pi4_12963_79_3_20231214162015.jpg
p079_20231218,79,20231218,78,4_S7,12,8,c1_p079_20231218_o08,data/data_53/pi1_13448_79_8_20231218150810.jpg,c2_p079_20231218_o08,data/data_53/pi2_13448_79_8_20231218150810.jpg,c3_p079_20231218_o08,data/data_53/pi3_13448_79_8_20231218150810.jpg,c4_p079_20231218_o08,data/data_53/pi4_13448_79_8_20231218150811.jpg
p079_20231227,79,20231227,79,4_S7,12,2,c1_p079_20231227_o02,data/data_56/pi1_14162_79_2_20231227141441.jpg,c2_p079_20231227_o02,data/data_56/pi2_14162_79_2_20231227141441.jpg,c3_p079_20231227_o02,data/data_56/pi3_14162_79_2_20231227141441.jpg,c4_p079_20231227_o02,data/data_56/pi4_14162_79_2_20231227141441.jpg
p079_20240115,79,20240115,81,5_S8,12,8,c1_p079_20240115_o08,data/data_59/pi1_14888_79_8_20240115112944.jpg,c2_p079_20240115_o08,data/data_59/pi2_14888_79_8_20240115112944.jpg,c3_p079_20240115_o08,data/data_59/pi3_14888_79_8_20240115112945.jpg,c4_p079_20240115_o08,data/data_59/pi4_14888_79_8_20240115112945.jpg
p079_20240119,79,20240119,82,5_S8,12,2,c1_p079_20240119_o02,data/data_61/pi1_15362_79_2_20240119110248.jpg,c2_p079_20240119_o02,data/data_61/pi2_15362_79_2_20240119110248.jpg,c3_p079_20240119_o02,data/data_61/pi3_15362_79_2_20240119110249.jpg,c4_p079_20240119_o02,data/data_61/pi4_15362_79_2_20240119110249.jpg
p079_20240126,79,20240126,87,5_S8,12,1,c1_p079_20240126_o01,data/data_63/pi1_15841_79_1_20240126141831.jpg,c2_p079_20240126_o01,data/data_63/pi2_15841_79_1_20240126141832.jpg,c3_p079_20240126_o01,data/data_63/pi3_15841_79_1_20240126141832.jpg,c4_p079_20240126_o01,data/data_63/pi4_15841_79_1_20240126141832.jpg
p080_20231006,80,20231006,13,0_S1,12,2,c1_p080_20231006_o02,data/data_10/pi1_02654_80_2_20231006114010.jpg,c2_p080_20231006_o02,data/data_10/pi2_02654_80_2_20231006113958.jpg,c3_p080_20231006_o02,data/data_10/pi3_02654_80_2_20231006113943.jpg,c4_p080_20231006_o02,data/data_10/pi4_02654_80_2_20231006113924.jpg
p080_20231011,80,20231011,13,0_S1,12,9,c1_p080_20231011_o09,data/data_12/pi1_03141_80_9_20231011081619.jpg,c2_p080_20231011_o09,data/data_12/pi2_03141_80_9_20231011081638.jpg,c3_p080_20231011_o09,data/data_12/pi3_03141_80_9_20231011081657.jpg,c4_p080_20231011_o09,data/data_12/pi4_03141_80_9_20231011081711.jpg
p080_20231017,80,20231017,13,0_S1,12,9,c1_p080_20231017_o09,data/data_15/pi1_03861_80_9_20231017155534.jpg,c2_p080_20231017_o09,data/data_15/pi2_03861_80_9_20231017155534.jpg,c3_p080_20231017_o09,data/data_15/pi3_03861_80_9_20231017155535.jpg,c4_p080_20231017_o09,data/data_15/pi4_03861_80_9_20231017155534.jpg
p080_20231019,80,20231019,13,0_S1,12,8,c1_p080_20231019_o08,data/data_17/pi1_04340_80_8_20231019144423.jpg,c2_p080_20231019_o08,data/data_17/pi2_04340_80_8_20231019144423.jpg,c3_p080_20231019_o08,data/data_17/pi3_04340_80_8_20231019144423.jpg,c4_p080_20231019_o08,data/data_17/pi4_04340_80_8_20231019144423.jpg
p080_20231023,80,20231023,14,0_S1,12,6,c1_p080_20231023_o06,data/data_20/pi1_05058_80_6_20231023134424.jpg,c2_p080_20231023_o06,data/data_20/pi2_05058_80_6_20231023134425.jpg,c3_p080_20231023_o06,data/data_20/pi3_05058_80_6_20231023134425.jpg,c4_p080_20231023_o06,data/data_20/pi4_05058_80_6_20231023134425.jpg
p080_20231027,80,20231027,52,2_S5,12,5,c1_p080_20231027_o05,data/data_23/pi1_05777_80_5_20231027150643.jpg,c2_p080_20231027_o05,data/data_23/pi2_05777_80_5_20231027150643.jpg,c3_p080_20231027_o05,data/data_23/pi3_05777_80_5_20231027150643.jpg,c4_p080_20231027_o05,data/data_23/pi4_05777_80_5_20231027150643.jpg
p080_20231101,80,20231101,53,2_S5,12,6,c1_p080_20231101_o06,data/data_25/pi1_06498_80_6_20231101120953.jpg,c2_p080_20231101_o06,data/data_25/pi2_06498_80_6_20231101120953.jpg,c3_p080_20231101_o06,data/data_25/pi3_06498_80_6_20231101120953.jpg,c4_p080_20231101_o06,data/data_25/pi4_06498_80_6_20231101120953.jpg
p080_20231106,80,20231106,62,3_S6,12,6,c1_p080_20231106_o06,data/data_28/pi1_07218_80_6_20231106155140.jpg,c2_p080_20231106_o06,data/data_28/pi2_07218_80_6_20231106155140.jpg,c3_p080_20231106_o06,data/data_28/pi3_07218_80_6_20231106155141.jpg,c4_p080_20231106_o06,data/data_28/pi4_07218_80_6_20231106155141.jpg
p080_20231109,80,20231109,69,3_S6,12,1,c1_p080_20231109_o01,data/data_31/pi1_07933_80_1_20231109145123.jpg,c2_p080_20231109_o01,data/data_31/pi2_07933_80_1_20231109145122.jpg,c3_p080_20231109_o01,data/data_31/pi3_07933_80_1_20231109145124.jpg,c4_p080_20231109_o01,data/data_31/pi4_07933_80_1_20231109145123.jpg
p080_20231120,80,20231120,70,4_S7,12,11,c1_p080_20231120_o11,data/data_34/pi1_08663_80_11_20231120155813.jpg,c2_p080_20231120_o11,data/data_34/pi2_08663_80_11_20231120155814.jpg,c3_p080_20231120_o11,data/data_34/pi3_08663_80_11_20231120155815.jpg,c4_p080_20231120_o11,data/data_34/pi4_08663_80_11_20231120155814.jpg
p080_20231127,80,20231127,73,4_S7,12,5,c1_p080_20231127_o05,data/data_38/pi1_09617_80_5_20231127163105.jpg,c2_p080_20231127_o05,data/data_38/pi2_09617_80_5_20231127163106.jpg,c3_p080_20231127_o05,data/data_38/pi3_09617_80_5_20231127163106.jpg,c4_p080_20231127_o05,data/data_38/pi4_09617_80_5_20231127163107.jpg
p080_20231130,80,20231130,74,4_S7,12,11,c1_p080_20231130_o11,data/data_42/pi1_10583_80_11_20231130154549.jpg,c2_p080_20231130_o11,data/data_42/pi2_10583_80_11_20231130154550.jpg,c3_p080_20231130_o11,data/data_42/pi3_10583_80_11_20231130154550.jpg,c4_p080_20231130_o11,data/data_42/pi4_10583_80_11_20231130154551.jpg
p080_20231204,80,20231204,76,4_S7,12,5,c1_p080_20231204_o05,data/data_45/pi1_11297_80_5_20231204162609.jpg,c2_p080_20231204_o05,data/data_45/pi2_11297_80_5_20231204162609.jpg,c3_p080_20231204_o05,data/data_45/pi3_11297_80_5_20231204162610.jpg,c4_p080_20231204_o05,data/data_45/pi4_11297_80_5_20231204162610.jpg
p080_20231211,80,20231211,77,4_S7,12,10,c1_p080_20231211_o10,data/data_49/pi1_12262_80_10_20231211150628.jpg,c2_p080_20231211_o10,data/data_49/pi2_12262_80_10_20231211150628.jpg,c3_p080_20231211_o10,data/data_49/pi3_12262_80_10_20231211150629.jpg,c4_p080_20231211_o10,data/data_49/pi4_12262_80_10_20231211150629.jpg
p080_20231214,80,20231214,78,4_S7,12,3,c1_p080_20231214_o03,data/data_51/pi1_12975_80_3_20231214162144.jpg,c2_p080_20231214_o03,data/data_51/pi2_12975_80_3_20231214162144.jpg,c3_p080_20231214_o03,data/data_51/pi3_12975_80_3_20231214162144.jpg,c4_p080_20231214_o03,data/data_51/pi4_12975_80_3_20231214162144.jpg
p080_20231218,80,20231218,79,4_S7,12,6,c1_p080_20231218_o06,data/data_53/pi1_13458_80_6_20231218150922.jpg,c2_p080_20231218_o06,data/data_53/pi2_13458_80_6_20231218150923.jpg,c3_p080_20231218_o06,data/data_53/pi3_13458_80_6_20231218150923.jpg,c4_p080_20231218_o06,data/data_53/pi4_13458_80_6_20231218150923.jpg
p080_20231227,80,20231227,81,5_S8,12,3,c1_p080_20231227_o03,data/data_56/pi1_14175_80_3_20231227141618.jpg,c2_p080_20231227_o03,data/data_56/pi2_14175_80_3_20231227141618.jpg,c3_p080_20231227_o03,data/data_56/pi3_14175_80_3_20231227141619.jpg,c4_p080_20231227_o03,data/data_56/pi4_14175_80_3_20231227141619.jpg
p080_20240115,80,20240115,85,5_S8,12,6,c1_p080_20240115_o06,data/data_59/pi1_14898_80_6_20240115113152.jpg,c2_p080_20240115_o06,data/data_59/pi2_14898_80_6_20240115113152.jpg,c3_p080_20240115_o06,data/data_59/pi3_14898_80_6_20240115113152.jpg,c4_p080_20240115_o06,data/data_59/pi4_14898_80_6_20240115113153.jpg
p080_20240119,80,20240119,88,5_S8,12,3,c1_p080_20240119_o03,data/data_61/pi1_15375_80_3_20240119110458.jpg,c2_p080_20240119_o03,data/data_61/pi2_15375_80_3_20240119110459.jpg,c3_p080_20240119_o03,data/data_61/pi3_15375_80_3_20240119110500.jpg,c4_p080_20240119_o03,data/data_61/pi4_15375_80_3_20240119110459.jpg
p080_20240126,80,20240126,89,5_S8,12,10,c1_p080_20240126_o10,data/data_63/pi1_15862_80_10_20240126142356.jpg,c2_p080_20240126_o10,data/data_63/pi2_15862_80_10_20240126142356.jpg,c3_p080_20240126_o10,data/data_63/pi3_15862_80_10_20240126142357.jpg,c4_p080_20240126_o10,data/data_63/pi4_15862_80_10_20240126142357.jpg
p081_20231006,81,20231006,13,0_S1,12,5,c1_p081_20231006_o05,data/data_10/pi1_02669_81_5_20231006114010.jpg,c2_p081_20231006_o05,data/data_10/pi2_02669_81_5_20231006113958.jpg,c3_p081_20231006_o05,data/data_10/pi3_02669_81_5_20231006113943.jpg,c4_p081_20231006_o05,data/data_10/pi4_02669_81_5_20231006113924.jpg
p081_20231011,81,20231011,13,0_S1,12,8,c1_p081_20231011_o08,data/data_12/pi1_03152_81_8_20231011081619.jpg,c2_p081_20231011_o08,data/data_12/pi2_03152_81_8_20231011081638.jpg,c3_p081_20231011_o08,data/data_12/pi3_03152_81_8_20231011081657.jpg,c4_p081_20231011_o08,data/data_12/pi4_03152_81_8_20231011081711.jpg
p081_20231017,81,20231017,13,0_S1,12,10,c1_p081_20231017_o10,data/data_15/pi1_03874_81_10_20231017155750.jpg,c2_p081_20231017_o10,data/data_15/pi2_03874_81_10_20231017155750.jpg,c3_p081_20231017_o10,data/data_15/pi3_03874_81_10_20231017155751.jpg,c4_p081_20231017_o10,data/data_15/pi4_03874_81_10_20231017155750.jpg
p081_20231019,81,20231019,13,0_S1,12,12,c1_p081_20231019_o12,data/data_17/pi1_04356_81_12_20231019144810.jpg,c2_p081_20231019_o12,data/data_17/pi2_04356_81_12_20231019144809.jpg,c3_p081_20231019_o12,data/data_17/pi3_04356_81_12_20231019144810.jpg,c4_p081_20231019_o12,data/data_17/pi4_04356_81_12_20231019144810.jpg
p081_20231023,81,20231023,14,0_S1,12,1,c1_p081_20231023_o01,data/data_20/pi1_05065_81_1_20231023134526.jpg,c2_p081_20231023_o01,data/data_20/pi2_05065_81_1_20231023134526.jpg,c3_p081_20231023_o01,data/data_20/pi3_05065_81_1_20231023134527.jpg,c4_p081_20231023_o01,data/data_20/pi4_05065_81_1_20231023134527.jpg
p081_20231027,81,20231027,53,2_S5,12,1,c1_p081_20231027_o01,data/data_23/pi1_05785_81_1_20231027150743.jpg,c2_p081_20231027_o01,data/data_23/pi2_05785_81_1_20231027150744.jpg,c3_p081_20231027_o01,data/data_23/pi3_05785_81_1_20231027150744.jpg,c4_p081_20231027_o01,data/data_23/pi4_05785_81_1_20231027150744.jpg
p081_20231101,81,20231101,54,2_S5,12,4,c1_p081_20231101_o04,data/data_26/pi1_06508_81_4_20231101121107.jpg,c2_p081_20231101_o04,data/data_26/pi2_06508_81_4_20231101121108.jpg,c3_p081_20231101_o04,data/data_26/pi3_06508_81_4_20231101121108.jpg,c4_p081_20231101_o04,data/data_26/pi4_06508_81_4_20231101121107.jpg
p081_20231106,81,20231106,60,3_S6,12,12,c1_p081_20231106_o12,data/data_28/pi1_07236_81_12_20231106155408.jpg,c2_p081_20231106_o12,data/data_28/pi2_07236_81_12_20231106155409.jpg,c3_p081_20231106_o12,data/data_28/pi3_07236_81_12_20231106155409.jpg,c4_p081_20231106_o12,data/data_28/pi4_07236_81_12_20231106155410.jpg
p081_20231109,81,20231109,64,3_S6,12,1,c1_p081_20231109_o01,data/data_31/pi1_07945_81_1_20231109145249.jpg,c2_p081_20231109_o01,data/data_31/pi2_07945_81_1_20231109145248.jpg,c3_p081_20231109_o01,data/data_31/pi3_07945_81_1_20231109145250.jpg,c4_p081_20231109_o01,data/data_31/pi4_07945_81_1_20231109145249.jpg
p081_20231120,81,20231120,67,3_S6,12,4,c1_p081_20231120_o04,data/data_34/pi1_08668_81_4_20231120155858.jpg,c2_p081_20231120_o04,data/data_34/pi2_08668_81_4_20231120155858.jpg,c3_p081_20231120_o04,data/data_34/pi3_08668_81_4_20231120155859.jpg,c4_p081_20231120_o04,data/data_34/pi4_08668_81_4_20231120155858.jpg
p081_20231127,81,20231127,72,4_S7,12,6,c1_p081_20231127_o06,data/data_38/pi1_09630_81_6_20231127163247.jpg,c2_p081_20231127_o06,data/data_38/pi2_09630_81_6_20231127163248.jpg,c3_p081_20231127_o06,data/data_38/pi3_09630_81_6_20231127163249.jpg,c4_p081_20231127_o06,data/data_38/pi4_09630_81_6_20231127163249.jpg
p081_20231130,81,20231130,73,4_S7,12,9,c1_p081_20231130_o09,data/data_42/pi1_10593_81_9_20231130155140.jpg,c2_p081_20231130_o09,data/data_42/pi2_10593_81_9_20231130155141.jpg,c3_p081_20231130_o09,data/data_42/pi3_10593_81_9_20231130155141.jpg,c4_p081_20231130_o09,data/data_42/pi4_10593_81_9_20231130155142.jpg
p081_20231204,81,20231204,75,4_S7,12,12,c1_p081_20231204_o12,data/data_45/pi1_11316_81_12_20231204162807.jpg,c2_p081_20231204_o12,data/data_45/pi2_11316_81_12_20231204162808.jpg,c3_p081_20231204_o12,data/data_45/pi3_11316_81_12_20231204162808.jpg,c4_p081_20231204_o12,data/data_45/pi4_11316_81_12_20231204162808.jpg
p081_20231211,81,20231211,77,4_S7,12,11,c1_p081_20231211_o11,data/data_49/pi1_12275_81_11_20231211150808.jpg,c2_p081_20231211_o11,data/data_49/pi2_12275_81_11_20231211150808.jpg,c3_p081_20231211_o11,data/data_49/pi3_12275_81_11_20231211150809.jpg,c4_p081_20231211_o11,data/data_49/pi4_12275_81_11_20231211150809.jpg
p081_20231214,81,20231214,78,4_S7,12,5,c1_p081_20231214_o05,data/data_51/pi1_12989_81_5_20231214162318.jpg,c2_p081_20231214_o05,data/data_51/pi2_12989_81_5_20231214162318.jpg,c3_p081_20231214_o05,data/data_51/pi3_12989_81_5_20231214162318.jpg,c4_p081_20231214_o05,data/data_51/pi4_12989_81_5_20231214162318.jpg
p081_20231218,81,20231218,79,4_S7,12,9,c1_p081_20231218_o09,data/data_53/pi1_13473_81_9_20231218151235.jpg,c2_p081_20231218_o09,data/data_53/pi2_13473_81_9_20231218151235.jpg,c3_p081_20231218_o09,data/data_53/pi3_13473_81_9_20231218151235.jpg,c4_p081_20231218_o09,data/data_53/pi4_13473_81_9_20231218151236.jpg
p081_20231227,81,20231227,79,4_S7,12,4,c1_p081_20231227_o04,data/data_56/pi1_14188_81_4_20231227141738.jpg,c2_p081_20231227_o04,data/data_56/pi2_14188_81_4_20231227141738.jpg,c3_p081_20231227_o04,data/data_56/pi3_14188_81_4_20231227141738.jpg,c4_p081_20231227_o04,data/data_56/pi4_14188_81_4_20231227141739.jpg
p081_20240115,81,20240115,83,5_S8,12,2,c1_p081_20240115_o02,data/data_59/pi1_14906_81_2_20240115113303.jpg,c2_p081_20240115_o02,data/data_59/pi2_14906_81_2_20240115113303.jpg,c3_p081_20240115_o02,data/data_59/pi3_14906_81_2_20240115113303.jpg,c4_p081_20240115_o02,data/data_59/pi4_14906_81_2_20240115113303.jpg
p081_20240119,81,20240119,85,5_S8,12,7,c1_p081_20240119_o07,data/data_61/pi1_15391_81_7_20240119110812.jpg,c2_p081_20240119_o07,data/data_61/pi2_15391_81_7_20240119110813.jpg,c3_p081_20240119_o07,data/data_61/pi3_15391_81_7_20240119110813.jpg,c4_p081_20240119_o07,data/data_61/pi4_15391_81_7_20240119110813.jpg
p081_20240126,81,20240126,89,5_S8,12,4,c1_p081_20240126_o04,data/data_63/pi1_15868_81_4_20240126142505.jpg,c2_p081_20240126_o04,data/data_63/pi2_15868_81_4_20240126142505.jpg,c3_p081_20240126_o04,data/data_63/pi3_15868_81_4_20240126142506.jpg,c4_p081_20240126_o04,data/data_63/pi4_15868_81_4_20240126142506.jpg
p082_20231128,82,20231128,67,3_S6,12,11,c1_p082_20231128_o11,data/data_38/pi1_09647_82_11_20231128090157.jpg,c2_p082_20231128_o11,data/data_38/pi2_09647_82_11_20231128090158.jpg,c3_p082_20231128_o11,data/data_38/pi3_09647_82_11_20231128090158.jpg,c4_p082_20231128_o11,data/data_38/pi4_09647_82_11_20231128090159.jpg
p082_20231130,82,20231130,68,3_S6,12,12,c1_p082_20231130_o12,data/data_42/pi1_10608_82_12_20231130155532.jpg,c2_p082_20231130_o12,data/data_42/pi2_10608_82_12_20231130155532.jpg,c3_p082_20231130_o12,data/data_42/pi3_10608_82_12_20231130155532.jpg,c4_p082_20231130_o12,data/data_42/pi4_10608_82_12_20231130155533.jpg
p082_20231204,82,20231204,69,3_S6,12,10,c1_p082_20231204_o10,data/data_45/pi1_11326_82_10_20231204162929.jpg,c2_p082_20231204_o10,data/data_45/pi2_11326_82_10_20231204162930.jpg,c3_p082_20231204_o10,data/data_45/pi3_11326_82_10_20231204162930.jpg,c4_p082_20231204_o10,data/data_45/pi4_11326_82_10_20231204162930.jpg
p082_20231207,82,20231207,70,4_S7,12,1,c1_p082_20231207_o01,data/data_46/pi1_11557_82_1_20231207132215.jpg,c2_p082_20231207_o01,data/data_46/pi2_11557_82_1_20231207132215.jpg,c3_p082_20231207_o01,data/data_46/pi3_11557_82_1_20231207132215.jpg,c4_p082_20231207_o01,data/data_46/pi4_11557_82_1_20231207132216.jpg
p082_20231211,82,20231211,72,4_S7,12,1,c1_p082_20231211_o01,data/data_49/pi1_12277_82_1_20231211150902.jpg,c2_p082_20231211_o01,data/data_49/pi2_12277_82_1_20231211150902.jpg,c3_p082_20231211_o01,data/data_49/pi3_12277_82_1_20231211150903.jpg,c4_p082_20231211_o01,data/data_49/pi4_12277_82_1_20231211150903.jpg
p082_20231218,82,20231218,73,4_S7,12,8,c1_p082_20231218_o08,data/data_53/pi1_13484_82_8_20231218151737.jpg,c2_p082_20231218_o08,data/data_53/pi2_13484_82_8_20231218151737.jpg,c3_p082_20231218_o08,data/data_53/pi3_13484_82_8_20231218151737.jpg,c4_p082_20231218_o08,data/data_53/pi4_13484_82_8_20231218151737.jpg
p082_20231227,82,20231227,74,4_S7,12,8,c1_p082_20231227_o08,data/data_56/pi1_14204_82_8_20231227142004.jpg,c2_p082_20231227_o08,data/data_56/pi2_14204_82_8_20231227142004.jpg,c3_p082_20231227_o08,data/data_56/pi3_14204_82_8_20231227142004.jpg,c4_p082_20231227_o08,data/data_56/pi4_14204_82_8_20231227142004.jpg
p082_20240115,82,20240115,76,4_S7,12,1,c1_p082_20240115_o01,data/data_59/pi1_14917_82_1_20240115113548.jpg,c2_p082_20240115_o01,data/data_59/pi2_14917_82_1_20240115113548.jpg,c3_p082_20240115_o01,data/data_59/pi3_14917_82_1_20240115113548.jpg,c4_p082_20240115_o01,data/data_59/pi4_14917_82_1_20240115113548.jpg
p082_20240119,82,20240119,78,4_S7,12,10,c1_p082_20240119_o10,data/data_61/pi1_15406_82_10_20240119111601.jpg,c2_p082_20240119_o10,data/data_61/pi2_15406_82_10_20240119111601.jpg,c3_p082_20240119_o10,data/data_61/pi3_15406_82_10_20240119111602.jpg,c4_p082_20240119_o10,data/data_61/pi4_15406_82_10_20240119111601.jpg
p082_20240126,82,20240126,84,5_S8,12,2,c1_p082_20240126_o02,data/data_63/pi1_15878_82_2_20240126142650.jpg,c2_p082_20240126_o02,data/data_63/pi2_15878_82_2_20240126142650.jpg,c3_p082_20240126_o02,data/data_63/pi3_15878_82_2_20240126142652.jpg,c4_p082_20240126_o02,data/data_63/pi4_15878_82_2_20240126142651.jpg
p083_20231128,83,20231128,68,3_S6,12,6,c1_p083_20231128_o06,data/data_38/pi1_09654_83_6_20231128090338.jpg,c2_p083_20231128_o06,data/data_38/pi2_09654_83_6_20231128090338.jpg,c3_p083_20231128_o06,data/data_38/pi3_09654_83_6_20231128090339.jpg,c4_p083_20231128_o06,data/data_38/pi4_09654_83_6_20231128090339.jpg
p083_20231130,83,20231130,69,3_S6,12,4,c1_p083_20231130_o04,data/data_42/pi1_10612_83_4_20231130155617.jpg,c2_p083_20231130_o04,data/data_42/pi2_10612_83_4_20231130155618.jpg,c3_p083_20231130_o04,data/data_42/pi3_10612_83_4_20231130155618.jpg,c4_p083_20231130_o04,data/data_42/pi4_10612_83_4_20231130155619.jpg
p083_20231204,83,20231204,70,4_S7,12,9,c1_p083_20231204_o09,data/data_45/pi1_11337_83_9_20231204163035.jpg,c2_p083_20231204_o09,data/data_45/pi2_11337_83_9_20231204163035.jpg,c3_p083_20231204_o09,data/data_45/pi3_11337_83_9_20231204163036.jpg,c4_p083_20231204_o09,data/data_45/pi4_11337_83_9_20231204163035.jpg
p083_20231207,83,20231207,71,4_S7,12,3,c1_p083_20231207_o03,data/data_46/pi1_11571_83_3_20231207132508.jpg,c2_p083_20231207_o03,data/data_46/pi2_11571_83_3_20231207132508.jpg,c3_p083_20231207_o03,data/data_46/pi3_11571_83_3_20231207132508.jpg,c4_p083_20231207_o03,data/data_46/pi4_11571_83_3_20231207132509.jpg
p083_20231211,83,20231211,73,4_S7,12,5,c1_p083_20231211_o05,data/data_49/pi1_12293_83_5_20231211151056.jpg,c2_p083_20231211_o05,data/data_49/pi2_12293_83_5_20231211151055.jpg,c3_p083_20231211_o05,data/data_49/pi3_12293_83_5_20231211151056.jpg,c4_p083_20231211_o05,data/data_49/pi4_12293_83_5_20231211151056.jpg
p083_20231218,83,20231218,75,4_S7,12,6,c1_p083_20231218_o06,data/data_53/pi1_13494_83_6_20231218151847.jpg,c2_p083_20231218_o06,data/data_53/pi2_13494_83_6_20231218151848.jpg,c3_p083_20231218_o06,data/data_53/pi3_13494_83_6_20231218151847.jpg,c4_p083_20231218_o06,data/data_53/pi4_13494_83_6_20231218151848.jpg
p083_20231227,83,20231227,77,4_S7,12,2,c1_p083_20231227_o02,data/data_56/pi1_14210_83_2_20231227142107.jpg,c2_p083_20231227_o02,data/data_56/pi2_14210_83_2_20231227142107.jpg,c3_p083_20231227_o02,data/data_56/pi3_14210_83_2_20231227142108.jpg,c4_p083_20231227_o02,data/data_56/pi4_14210_83_2_20231227142108.jpg
p083_20240115,83,20240115,78,4_S7,12,1,c1_p083_20240115_o01,data/data_59/pi1_14929_83_1_20240115131454.jpg,c2_p083_20240115_o01,data/data_59/pi2_14929_83_1_20240115131454.jpg,c3_p083_20240115_o01,data/data_59/pi3_14929_83_1_20240115131454.jpg,c4_p083_20240115_o01,data/data_59/pi4_14929_83_1_20240115131455.jpg
p083_20240119,83,20240119,79,4_S7,12,3,c1_p083_20240119_o03,data/data_61/pi1_15411_83_3_20240119111655.jpg,c2_p083_20240119_o03,data/data_61/pi2_15411_83_3_20240119111656.jpg,c3_p083_20240119_o03,data/data_61/pi3_15411_83_3_20240119111656.jpg,c4_p083_20240119_o03,data/data_61/pi4_15411_83_3_20240119111656.jpg
p083_20240126,83,20240126,83,5_S8,12,4,c1_p083_20240126_o04,data/data_63/pi1_15892_83_4_20240126142853.jpg,c2_p083_20240126_o04,data/data_63/pi2_15892_83_4_20240126142853.jpg,c3_p083_20240126_o04,data/data_63/pi3_15892_83_4_20240126142854.jpg,c4_p083_20240126_o04,data/data_63/pi4_15892_83_4_20240126142854.jpg
p084_20231128,84,20231128,66,3_S6,12,12,c1_p084_20231128_o12,data/data_38/pi1_09672_84_12_20231128090547.jpg,c2_p084_20231128_o12,data/data_38/pi2_09672_84_12_20231128090548.jpg,c3_p084_20231128_o12,data/data_38/pi3_09672_84_12_20231128090548.jpg,c4_p084_20231128_o12,data/data_38/pi4_09672_84_12_20231128090549.jpg
p084_20231130,84,20231130,68,3_S6,12,5,c1_p084_20231130_o05,data/data_42/pi1_10625_84_5_20231130155750.jpg,c2_p084_20231130_o05,data/data_42/pi2_10625_84_5_20231130155751.jpg,c3_p084_20231130_o05,data/data_42/pi3_10625_84_5_20231130155750.jpg,c4_p084_20231130_o05,data/data_42/pi4_10625_84_5_20231130155751.jpg
p084_20231204,84,20231204,69,3_S6,12,1,c1_p084_20231204_o01,data/data_45/pi1_11341_84_1_20231204163105.jpg,c2_p084_20231204_o01,data/data_45/pi2_11341_84_1_20231204163105.jpg,c3_p084_20231204_o01,data/data_45/pi3_11341_84_1_20231204163106.jpg,c4_p084_20231204_o01,data/data_45/pi4_11341_84_1_20231204163106.jpg
p084_20231207,84,20231207,70,4_S7,12,12,c1_p084_20231207_o12,data/data_46/pi1_11592_84_12_20231207132832.jpg,c2_p084_20231207_o12,data/data_46/pi2_11592_84_12_20231207132833.jpg,c3_p084_20231207_o12,data/data_46/pi3_11592_84_12_20231207132833.jpg,c4_p084_20231207_o12,data/data_46/pi4_11592_84_12_20231207132834.jpg
p084_20231211,84,20231211,71,4_S7,12,5,c1_p084_20231211_o05,data/data_49/pi1_12305_84_5_20231211151243.jpg,c2_p084_20231211_o05,data/data_49/pi2_12305_84_5_20231211151242.jpg,c3_p084_20231211_o05,data/data_49/pi3_12305_84_5_20231211151243.jpg,c4_p084_20231211_o05,data/data_49/pi4_12305_84_5_20231211151243.jpg
p084_20231218,84,20231218,73,4_S7,12,1,c1_p084_20231218_o01,data/data_54/pi1_13501_84_1_20231218151948.jpg,c2_p084_20231218_o01,data/data_54/pi2_13501_84_1_20231218151948.jpg,c3_p084_20231218_o01,data/data_54/pi3_13501_84_1_20231218151948.jpg,c4_p084_20231218_o01,data/data_54/pi4_13501_84_1_20231218151949.jpg
p084_20231227,84,20231227,75,4_S7,12,2,c1_p084_20231227_o02,data/data_56/pi1_14222_84_2_20231227142253.jpg,c2_p084_20231227_o02,data/data_56/pi2_14222_84_2_20231227142253.jpg,c3_p084_20231227_o02,data/data_56/pi3_14222_84_2_20231227142253.jpg,c4_p084_20231227_o02,data/data_56/pi4_14222_84_2_20231227142254.jpg
p084_20240115,84,20240115,76,4_S7,12,7,c1_p084_20240115_o07,data/data_59/pi1_14947_84_7_20240115132004.jpg,c2_p084_20240115_o07,data/data_59/pi2_14947_84_7_20240115132004.jpg,c3_p084_20240115_o07,data/data_59/pi3_14947_84_7_20240115132004.jpg,c4_p084_20240115_o07,data/data_59/pi4_14947_84_7_20240115132004.jpg
p084_20240119,84,20240119,78,4_S7,12,10,c1_p084_20240119_o10,data/data_61/pi1_15430_84_10_20240119111946.jpg,c2_p084_20240119_o10,data/data_61/pi2_15430_84_10_20240119111946.jpg,c3_p084_20240119_o10,data/data_61/pi3_15430_84_10_20240119111947.jpg,c4_p084_20240119_o10,data/data_61/pi4_15430_84_10_20240119111946.jpg
p084_20240126,84,20240126,80,5_S8,12,9,c1_p084_20240126_o09,data/data_63/pi1_15909_84_9_20240126143125.jpg,c2_p084_20240126_o09,data/data_63/pi2_15909_84_9_20240126143125.jpg,c3_p084_20240126_o09,data/data_63/pi3_15909_84_9_20240126143126.jpg,c4_p084_20240126_o09,data/data_63/pi4_15909_84_9_20240126143126.jpg
p085_20231128,85,20231128,65,3_S6,12,3,c1_p085_20231128_o03,data/data_38/pi1_09675_85_3_20231128090647.jpg,c2_p085_20231128_o03,data/data_38/pi2_09675_85_3_20231128090647.jpg,c3_p085_20231128_o03,data/data_38/pi3_09675_85_3_20231128090648.jpg,c4_p085_20231128_o03,data/data_38/pi4_09675_85_3_20231128090648.jpg
p085_20231130,85,20231130,68,3_S6,12,1,c1_p085_20231130_o01,data/data_42/pi1_10633_85_1_20231130155849.jpg,c2_p085_20231130_o01,data/data_42/pi2_10633_85_1_20231130155850.jpg,c3_p085_20231130_o01,data/data_42/pi3_10633_85_1_20231130155850.jpg,c4_p085_20231130_o01,data/data_42/pi4_10633_85_1_20231130155850.jpg
p085_20231204,85,20231204,69,3_S6,12,3,c1_p085_20231204_o03,data/data_45/pi1_11355_85_3_20231204163244.jpg,c2_p085_20231204_o03,data/data_45/pi2_11355_85_3_20231204163244.jpg,c3_p085_20231204_o03,data/data_45/pi3_11355_85_3_20231204163245.jpg,c4_p085_20231204_o03,data/data_45/pi4_11355_85_3_20231204163245.jpg
p085_20231207,85,20231207,70,4_S7,12,3,c1_p085_20231207_o03,data/data_46/pi1_11595_85_3_20231207132922.jpg,c2_p085_20231207_o03,data/data_46/pi2_11595_85_3_20231207132922.jpg,c3_p085_20231207_o03,data/data_46/pi3_11595_85_3_20231207132922.jpg,c4_p085_20231207_o03,data/data_46/pi4_11595_85_3_20231207132923.jpg
p085_20231211,85,20231211,71,4_S7,12,11,c1_p085_20231211_o11,data/data_49/pi1_12323_85_11_20231211151513.jpg,c2_p085_20231211_o11,data/data_49/pi2_12323_85_11_20231211151513.jpg,c3_p085_20231211_o11,data/data_49/pi3_12323_85_11_20231211151514.jpg,c4_p085_20231211_o11,data/data_49/pi4_12323_85_11_20231211151514.jpg
p085_20231218,85,20231218,72,4_S7,12,12,c1_p085_20231218_o12,data/data_54/pi1_13524_85_12_20231218152150.jpg,c2_p085_20231218_o12,data/data_54/pi2_13524_85_12_20231218152151.jpg,c3_p085_20231218_o12,data/data_54/pi3_13524_85_12_20231218152151.jpg,c4_p085_20231218_o12,data/data_54/pi4_13524_85_12_20231218152151.jpg
p085_20231227,85,20231227,74,4_S7,12,7,c1_p085_20231227_o07,data/data_56/pi1_14239_85_7_20231227142458.jpg,c2_p085_20231227_o07,data/data_56/pi2_14239_85_7_20231227142458.jpg,c3_p085_20231227_o07,data/data_56/pi3_14239_85_7_20231227142459.jpg,c4_p085_20231227_o07,data/data_56/pi4_14239_85_7_20231227142459.jpg
p085_20240115,85,20240115,77,4_S7,12,5,c1_p085_20240115_o05,data/data_59/pi1_14957_85_5_20240115132218.jpg,c2_p085_20240115_o05,data/data_59/pi2_14957_85_5_20240115132218.jpg,c3_p085_20240115_o05,data/data_59/pi3_14957_85_5_20240115132218.jpg,c4_p085_20240115_o05,data/data_59/pi4_14957_85_5_20240115132218.jpg
p085_20240119,85,20240119,79,4_S7,12,4,c1_p085_20240119_o04,data/data_61/pi1_15436_85_4_20240119112055.jpg,c2_p085_20240119_o04,data/data_61/pi2_15436_85_4_20240119112056.jpg,c3_p085_20240119_o04,data/data_61/pi3_15436_85_4_20240119112057.jpg,c4_p085_20240119_o04,data/data_61/pi4_15436_85_4_20240119112056.jpg
p085_20240126,85,20240126,81,5_S8,12,2,c1_p085_20240126_o02,data/data_63/pi1_15914_85_2_20240126143229.jpg,c2_p085_20240126_o02,data/data_63/pi2_15914_85_2_20240126143229.jpg,c3_p085_20240126_o02,data/data_63/pi3_15914_85_2_20240126143230.jpg,c4_p085_20240126_o02,data/data_63/pi4_15914_85_2_20240126143229.jpg
p086_20231128,86,20231128,68,3_S6,12,5,c1_p086_20231128_o05,data/data_38/pi1_09689_86_5_20231128090925.jpg,c2_p086_20231128_o05,data/data_38/pi2_09689_86_5_20231128090925.jpg,c3_p086_20231128_o05,data/data_38/pi3_09689_86_5_20231128090926.jpg,c4_p086_20231128_o05,data/data_38/pi4_09689_86_5_20231128090926.jpg
p086_20231130,86,20231130,69,3_S6,12,3,c1_p086_20231130_o03,data/data_42/pi1_10647_86_3_20231130160039.jpg,c2_p086_20231130_o03,data/data_42/pi2_10647_86_3_20231130160040.jpg,c3_p086_20231130_o03,data/data_42/pi3_10647_86_3_20231130160040.jpg,c4_p086_20231130_o03,data/data_42/pi4_10647_86_3_20231130160041.jpg
p086_20231204,86,20231204,78,4_S7,12,11,c1_p086_20231204_o11,data/data_45/pi1_11375_86_11_20231204163441.jpg,c2_p086_20231204_o11,data/data_45/pi2_11375_86_11_20231204163442.jpg,c3_p086_20231204_o11,data/data_45/pi3_11375_86_11_20231204163442.jpg,c4_p086_20231204_o11,data/data_45/pi4_11375_86_11_20231204163442.jpg
p086_20231207,86,20231207,67,3_S6,12,3,c1_p086_20231207_o03,data/data_46/pi1_11607_86_3_20231207133117.jpg,c2_p086_20231207_o03,data/data_46/pi2_11607_86_3_20231207133117.jpg,c3_p086_20231207_o03,data/data_46/pi3_11607_86_3_20231207133117.jpg,c4_p086_20231207_o03,data/data_46/pi4_11607_86_3_20231207133119.jpg
p086_20231211,86,20231211,71,4_S7,12,8,c1_p086_20231211_o08,data/data_49/pi1_12332_86_8_20231211151657.jpg,c2_p086_20231211_o08,data/data_49/pi2_12332_86_8_20231211151657.jpg,c3_p086_20231211_o08,data/data_49/pi3_12332_86_8_20231211151657.jpg,c4_p086_20231211_o08,data/data_49/pi4_12332_86_8_20231211151657.jpg
p086_20231218,86,20231218,72,4_S7,12,10,c1_p086_20231218_o10,data/data_54/pi1_13534_86_10_20231218152305.jpg,c2_p086_20231218_o10,data/data_54/pi2_13534_86_10_20231218152305.jpg,c3_p086_20231218_o10,data/data_54/pi3_13534_86_10_20231218152305.jpg,c4_p086_20231218_o10,data/data_54/pi4_13534_86_10_20231218152306.jpg
p086_20231227,86,20231227,73,4_S7,12,1,c1_p086_20231227_o01,data/data_56/pi1_14245_86_1_20231227142601.jpg,c2_p086_20231227_o01,data/data_56/pi2_14245_86_1_20231227142601.jpg,c3_p086_20231227_o01,data/data_56/pi3_14245_86_1_20231227142601.jpg,c4_p086_20231227_o01,data/data_56/pi4_14245_86_1_20231227142601.jpg
p086_20240115,86,20240115,75,4_S7,12,9,c1_p086_20240115_o09,data/data_59/pi1_14973_86_9_20240115132512.jpg,c2_p086_20240115_o09,data/data_59/pi2_14973_86_9_20240115132512.jpg,c3_p086_20240115_o09,data/data_59/pi3_14973_86_9_20240115132512.jpg,c4_p086_20240115_o09,data/data_59/pi4_14973_86_9_20240115132512.jpg
p086_20240119,86,20240119,78,4_S7,12,4,c1_p086_20240119_o04,data/data_61/pi1_15448_86_4_20240119112240.jpg,c2_p086_20240119_o04,data/data_61/pi2_15448_86_4_20240119112240.jpg,c3_p086_20240119_o04,data/data_61/pi3_15448_86_4_20240119112241.jpg,c4_p086_20240119_o04,data/data_61/pi4_15448_86_4_20240119112240.jpg
p086_20240126,86,20240126,81,5_S8,12,2,c1_p086_20240126_o02,data/data_63/pi1_15926_86_2_20240126143435.jpg,c2_p086_20240126_o02,data/data_63/pi2_15926_86_2_20240126143435.jpg,c3_p086_20240126_o02,data/data_63/pi3_15926_86_2_20240126143436.jpg,c4_p086_20240126_o02,data/data_63/pi4_15926_86_2_20240126143436.jpg
p087_20231128,87,20231128,66,3_S6,12,9,c1_p087_20231128_o09,data/data_38/pi1_09705_87_9_20231128091153.jpg,c2_p087_20231128_o09,data/data_38/pi2_09705_87_9_20231128091154.jpg,c3_p087_20231128_o09,data/data_38/pi3_09705_87_9_20231128091154.jpg,c4_p087_20231128_o09,data/data_38/pi4_09705_87_9_20231128091154.jpg
p087_20231130,87,20231130,68,3_S6,12,6,c1_p087_20231130_o06,data/data_42/pi1_10662_87_6_20231130160219.jpg,c2_p087_20231130_o06,data/data_42/pi2_10662_87_6_20231130160220.jpg,c3_p087_20231130_o06,data/data_42/pi3_10662_87_6_20231130160220.jpg,c4_p087_20231130_o06,data/data_42/pi4_10662_87_6_20231130160221.jpg
p087_20231204,87,20231204,69,3_S6,12,3,c1_p087_20231204_o03,data/data_45/pi1_11379_87_3_20231204163514.jpg,c2_p087_20231204_o03,data/data_45/pi2_11379_87_3_20231204163514.jpg,c3_p087_20231204_o03,data/data_45/pi3_11379_87_3_20231204163515.jpg,c4_p087_20231204_o03,data/data_45/pi4_11379_87_3_20231204163515.jpg
p087_20231207,87,20231207,70,4_S7,12,11,c1_p087_20231207_o11,data/data_46/pi1_11627_87_11_20231207133411.jpg,c2_p087_20231207_o11,data/data_46/pi2_11627_87_11_20231207133411.jpg,c3_p087_20231207_o11,data/data_46/pi3_11627_87_11_20231207133411.jpg,c4_p087_20231207_o11,data/data_46/pi4_11627_87_11_20231207133412.jpg
p087_20231211,87,20231211,71,4_S7,12,7,c1_p087_20231211_o07,data/data_49/pi1_12343_87_7_20231211151836.jpg,c2_p087_20231211_o07,data/data_49/pi2_12343_87_7_20231211151836.jpg,c3_p087_20231211_o07,data/data_49/pi3_12343_87_7_20231211151836.jpg,c4_p087_20231211_o07,data/data_49/pi4_12343_87_7_20231211151836.jpg
p087_20231218,87,20231218,73,4_S7,12,6,c1_p087_20231218_o06,data/data_54/pi1_13542_87_6_20231218152404.jpg,c2_p087_20231218_o06,data/data_54/pi2_13542_87_6_20231218152405.jpg,c3_p087_20231218_o06,data/data_54/pi3_13542_87_6_20231218152405.jpg,c4_p087_20231218_o06,data/data_54/pi4_13542_87_6_20231218152405.jpg
p087_20231227,87,20231227,75,4_S7,12,7,c1_p087_20231227_o07,data/data_57/pi1_14263_87_7_20231227142817.jpg,c2_p087_20231227_o07,data/data_57/pi2_14263_87_7_20231227142817.jpg,c3_p087_20231227_o07,data/data_57/pi3_14263_87_7_20231227142817.jpg,c4_p087_20231227_o07,data/data_57/pi4_14263_87_7_20231227142817.jpg
p087_20240115,87,20240115,78,4_S7,12,10,c1_p087_20240115_o10,data/data_59/pi1_14986_87_10_20240115133027.jpg,c2_p087_20240115_o10,data/data_59/pi2_14986_87_10_20240115133027.jpg,c3_p087_20240115_o10,data/data_59/pi3_14986_87_10_20240115133027.jpg,c4_p087_20240115_o10,data/data_59/pi4_14986_87_10_20240115133027.jpg
p087_20240119,87,20240119,79,4_S7,12,3,c1_p087_20240119_o03,data/data_61/pi1_15459_87_3_20240119112414.jpg,c2_p087_20240119_o03,data/data_61/pi2_15459_87_3_20240119112414.jpg,c3_p087_20240119_o03,data/data_61/pi3_15459_87_3_20240119112415.jpg,c4_p087_20240119_o03,data/data_61/pi4_15459_87_3_20240119112415.jpg
p087_20240126,87,20240126,81,5_S8,12,10,c1_p087_20240126_o10,data/data_63/pi1_15946_87_10_20240126143820.jpg,c2_p087_20240126_o10,data/data_63/pi2_15946_87_10_20240126143820.jpg,c3_p087_20240126_o10,data/data_63/pi3_15946_87_10_20240126143821.jpg,c4_p087_20240126_o10,data/data_63/pi4_15946_87_10_20240126143821.jpg
p088_20231128,88,20231128,67,3_S6,12,6,c1_p088_20231128_o06,data/data_38/pi1_09714_88_6_20231128091333.jpg,c2_p088_20231128_o06,data/data_38/pi2_09714_88_6_20231128091333.jpg,c3_p088_20231128_o06,data/data_38/pi3_09714_88_6_20231128091333.jpg,c4_p088_20231128_o06,data/data_38/pi4_09714_88_6_20231128091334.jpg
p088_20231130,88,20231130,68,3_S6,12,5,c1_p088_20231130_o05,data/data_42/pi1_10673_88_5_20231130160349.jpg,c2_p088_20231130_o05,data/data_42/pi2_10673_88_5_20231130160349.jpg,c3_p088_20231130_o05,data/data_42/pi3_10673_88_5_20231130160349.jpg,c4_p088_20231130_o05,data/data_42/pi4_10673_88_5_20231130160350.jpg
p088_20231204,88,20231204,69,3_S6,12,12,c1_p088_20231204_o12,data/data_45/pi1_11400_88_12_20231204164119.jpg,c2_p088_20231204_o12,data/data_45/pi2_11400_88_12_20231204164120.jpg,c3_p088_20231204_o12,data/data_45/pi3_11400_88_12_20231204164120.jpg,c4_p088_20231204_o12,data/data_45/pi4_11400_88_12_20231204164120.jpg
p088_20231207,88,20231207,71,4_S7,12,9,c1_p088_20231207_o09,data/data_46/pi1_11637_88_9_20231207133606.jpg,c2_p088_20231207_o09,data/data_46/pi2_11637_88_9_20231207133606.jpg,c3_p088_20231207_o09,data/data_46/pi3_11637_88_9_20231207133606.jpg,c4_p088_20231207_o09,data/data_46/pi4_11637_88_9_20231207133607.jpg
p088_20231211,88,20231211,73,4_S7,12,9,c1_p088_20231211_o09,data/data_49/pi1_12357_88_9_20231211152055.jpg,c2_p088_20231211_o09,data/data_49/pi2_12357_88_9_20231211152055.jpg,c3_p088_20231211_o09,data/data_49/pi3_12357_88_9_20231211152055.jpg,c4_p088_20231211_o09,data/data_49/pi4_12357_88_9_20231211152055.jpg
p088_20231218,88,20231218,75,4_S7,12,8,c1_p088_20231218_o08,data/data_54/pi1_13556_88_8_20231218152537.jpg,c2_p088_20231218_o08,data/data_54/pi2_13556_88_8_20231218152538.jpg,c3_p088_20231218_o08,data/data_54/pi3_13556_88_8_20231218152538.jpg,c4_p088_20231218_o08,data/data_54/pi4_13556_88_8_20231218152538.jpg
p088_20231227,88,20231227,77,4_S7,12,6,c1_p088_20231227_o06,data/data_57/pi1_14274_88_6_20231227143038.jpg,c2_p088_20231227_o06,data/data_57/pi2_14274_88_6_20231227143038.jpg,c3_p088_20231227_o06,data/data_57/pi3_14274_88_6_20231227143039.jpg,c4_p088_20231227_o06,data/data_57/pi4_14274_88_6_20231227143039.jpg
p088_20240115,88,20240115,78,4_S7,12,6,c1_p088_20240115_o06,data/data_59/pi1_14994_88_6_20240115133308.jpg,c2_p088_20240115_o06,data/data_59/pi2_14994_88_6_20240115133308.jpg,c3_p088_20240115_o06,data/data_59/pi3_14994_88_6_20240115133308.jpg,c4_p088_20240115_o06,data/data_59/pi4_14994_88_6_20240115133308.jpg
p088_20240119,88,20240119,79,4_S7,12,5,c1_p088_20240119_o05,data/data_61/pi1_15473_88_5_20240119112645.jpg,c2_p088_20240119_o05,data/data_61/pi2_15473_88_5_20240119112646.jpg,c3_p088_20240119_o05,data/data_61/pi3_15473_88_5_20240119112646.jpg,c4_p088_20240119_o05,data/data_61/pi4_15473_88_5_20240119112646.jpg
p088_20240126,88,20240126,80,5_S8,12,12,c1_p088_20240126_o12,data/data_63/pi1_15960_88_12_20240126144056.jpg,c2_p088_20240126_o12,data/data_63/pi2_15960_88_12_20240126144056.jpg,c3_p088_20240126_o12,data/data_63/pi3_15960_88_12_20240126144057.jpg,c4_p088_20240126_o12,data/data_63/pi4_15960_88_12_20240126144056.jpg
p089_20231128,89,20231128,64,3_S6,12,6,c1_p089_20231128_o06,data/data_38/pi1_09726_89_6_20231128091532.jpg,c2_p089_20231128_o06,data/data_38/pi2_09726_89_6_20231128091533.jpg,c3_p089_20231128_o06,data/data_38/pi3_09726_89_6_20231128091533.jpg,c4_p089_20231128_o06,data/data_38/pi4_09726_89_6_20231128091533.jpg
p089_20231130,89,20231130,67,3_S6,12,4,c1_p089_20231130_o04,data/data_42/pi1_10684_89_4_20231130160514.jpg,c2_p089_20231130_o04,data/data_42/pi2_10684_89_4_20231130160514.jpg,c3_p089_20231130_o04,data/data_42/pi3_10684_89_4_20231130160514.jpg,c4_p089_20231130_o04,data/data_42/pi4_10684_89_4_20231130160515.jpg
p089_20231204,89,20231204,68,3_S6,12,6,c1_p089_20231204_o06,data/data_45/pi1_11406_89_6_20231204164209.jpg,c2_p089_20231204_o06,data/data_45/pi2_11406_89_6_20231204164209.jpg,c3_p089_20231204_o06,data/data_45/pi3_11406_89_6_20231204164210.jpg,c4_p089_20231204_o06,data/data_45/pi4_11406_89_6_20231204164210.jpg
p089_20231207,89,20231207,70,4_S7,12,4,c1_p089_20231207_o04,data/data_46/pi1_11644_89_4_20231207133752.jpg,c2_p089_20231207_o04,data/data_46/pi2_11644_89_4_20231207133752.jpg,c3_p089_20231207_o04,data/data_46/pi3_11644_89_4_20231207133752.jpg,c4_p089_20231207_o04,data/data_46/pi4_11644_89_4_20231207133753.jpg
p089_20231211,89,20231211,71,4_S7,12,2,c1_p089_20231211_o02,data/data_49/pi1_12362_89_2_20231211152201.jpg,c2_p089_20231211_o02,data/data_49/pi2_12362_89_2_20231211152201.jpg,c3_p089_20231211_o02,data/data_49/pi3_12362_89_2_20231211152201.jpg,c4_p089_20231211_o02,data/data_49/pi4_12362_89_2_20231211152201.jpg
p089_20231218,89,20231218,73,4_S7,12,3,c1_p089_20231218_o03,data/data_54/pi1_13563_89_3_20231218152628.jpg,c2_p089_20231218_o03,data/data_54/pi2_13563_89_3_20231218152628.jpg,c3_p089_20231218_o03,data/data_54/pi3_13563_89_3_20231218152628.jpg,c4_p089_20231218_o03,data/data_54/pi4_13563_89_3_20231218152629.jpg
p089_20231227,89,20231227,74,4_S7,12,4,c1_p089_20231227_o04,data/data_57/pi1_14284_89_4_20231227143156.jpg,c2_p089_20231227_o04,data/data_57/pi2_14284_89_4_20231227143157.jpg,c3_p089_20231227_o04,data/data_57/pi3_14284_89_4_20231227143157.jpg,c4_p089_20231227_o04,data/data_57/pi4_14284_89_4_20231227143157.jpg
p089_20240115,89,20240115,77,4_S7,12,10,c1_p089_20240115_o10,data/data_60/pi1_15010_89_10_20240115133753.jpg,c2_p089_20240115_o10,data/data_60/pi2_15010_89_10_20240115133753.jpg,c3_p089_20240115_o10,data/data_60/pi3_15010_89_10_20240115133753.jpg,c4_p089_20240115_o10,data/data_60/pi4_15010_89_10_20240115133754.jpg
p089_20240119,89,20240119,78,4_S7,12,8,c1_p089_20240119_o08,data/data_61/pi1_15488_89_8_20240119112900.jpg,c2_p089_20240119_o08,data/data_61/pi2_15488_89_8_20240119112900.jpg,c3_p089_20240119_o08,data/data_61/pi3_15488_89_8_20240119112901.jpg,c4_p089_20240119_o08,data/data_61/pi4_15488_89_8_20240119112901.jpg
p089_20240126,89,20240126,81,5_S8,12,3,c1_p089_20240126_o03,data/data_63/pi1_15963_89_3_20240126144144.jpg,c2_p089_20240126_o03,data/data_63/pi2_15963_89_3_20240126144144.jpg,c3_p089_20240126_o03,data/data_63/pi3_15963_89_3_20240126144145.jpg,c4_p089_20240126_o03,data/data_63/pi4_15963_89_3_20240126144145.jpg
p090_20231128,90,20231128,65,3_S6,12,7,c1_p090_20231128_o07,data/data_38/pi1_09739_90_7_20231128091756.jpg,c2_p090_20231128_o07,data/data_38/pi2_09739_90_7_20231128091756.jpg,c3_p090_20231128_o07,data/data_38/pi3_09739_90_7_20231128091757.jpg,c4_p090_20231128_o07,data/data_38/pi4_09739_90_7_20231128091757.jpg
p090_20231130,90,20231130,67,3_S6,12,9,c1_p090_20231130_o09,data/data_42/pi1_10701_90_9_20231130160703.jpg,c2_p090_20231130_o09,data/data_42/pi2_10701_90_9_20231130160703.jpg,c3_p090_20231130_o09,data/data_42/pi3_10701_90_9_20231130160703.jpg,c4_p090_20231130_o09,data/data_42/pi4_10701_90_9_20231130160704.jpg
p090_20231204,90,20231204,65,3_S6,12,6,c1_p090_20231204_o06,data/data_45/pi1_11418_90_6_20231204164352.jpg,c2_p090_20231204_o06,data/data_45/pi2_11418_90_6_20231204164352.jpg,c3_p090_20231204_o06,data/data_45/pi3_11418_90_6_20231204164353.jpg,c4_p090_20231204_o06,data/data_45/pi4_11418_90_6_20231204164353.jpg
p090_20231207,90,20231207,67,3_S6,12,5,c1_p090_20231207_o05,data/data_46/pi1_11657_90_5_20231207133948.jpg,c2_p090_20231207_o05,data/data_46/pi2_11657_90_5_20231207133949.jpg,c3_p090_20231207_o05,data/data_46/pi3_11657_90_5_20231207133949.jpg,c4_p090_20231207_o05,data/data_46/pi4_11657_90_5_20231207133950.jpg
p090_20231211,90,20231211,69,3_S6,12,10,c1_p090_20231211_o10,data/data_49/pi1_12382_90_10_20231211152511.jpg,c2_p090_20231211_o10,data/data_49/pi2_12382_90_10_20231211152510.jpg,c3_p090_20231211_o10,data/data_49/pi3_12382_90_10_20231211152511.jpg,c4_p090_20231211_o10,data/data_49/pi4_12382_90_10_20231211152511.jpg
p090_20231218,90,20231218,71,4_S7,12,3,c1_p090_20231218_o03,data/data_54/pi1_13575_90_3_20231218152754.jpg,c2_p090_20231218_o03,data/data_54/pi2_13575_90_3_20231218152755.jpg,c3_p090_20231218_o03,data/data_54/pi3_13575_90_3_20231218152755.jpg,c4_p090_20231218_o03,data/data_54/pi4_13575_90_3_20231218152755.jpg
p090_20231227,90,20231227,73,4_S7,12,11,c1_p090_20231227_o11,data/data_57/pi1_14303_90_11_20231227143440.jpg,c2_p090_20231227_o11,data/data_57/pi2_14303_90_11_20231227143441.jpg,c3_p090_20231227_o11,data/data_57/pi3_14303_90_11_20231227143441.jpg,c4_p090_20231227_o11,data/data_57/pi4_14303_90_11_20231227143441.jpg
p090_20240115,90,20240115,76,4_S7,12,3,c1_p090_20240115_o03,data/data_60/pi1_15015_90_3_20240115134029.jpg,c2_p090_20240115_o03,data/data_60/pi2_15015_90_3_20240115134030.jpg,c3_p090_20240115_o03,data/data_60/pi3_15015_90_3_20240115134030.jpg,c4_p090_20240115_o03,data/data_60/pi4_15015_90_3_20240115134030.jpg
p090_20240119,90,20240119,78,4_S7,12,2,c1_p090_20240119_o02,data/data_61/pi1_15494_90_2_20240119113014.jpg,c2_p090_20240119_o02,data/data_61/pi2_15494_90_2_20240119113015.jpg,c3_p090_20240119_o02,data/data_61/pi3_15494_90_2_20240119113016.jpg,c4_p090_20240119_o02,data/data_61/pi4_15494_90_2_20240119113015.jpg
p090_20240126,90,20240126,80,5_S8,12,1,c1_p090_20240126_o01,data/data_63/pi1_15973_90_1_20240126144338.jpg,c2_p090_20240126_o01,data/data_63/pi2_15973_90_1_20240126144338.jpg,c3_p090_20240126_o01,data/data_63/pi3_15973_90_1_20240126144339.jpg,c4_p090_20240126_o01,data/data_63/pi4_15973_90_1_20240126144339.jpg
p091_20231128,91,20231128,68,3_S6,12,7,c1_p091_20231128_o07,data/data_39/pi1_09751_91_7_20231128092021.jpg,c2_p091_20231128_o07,data/data_39/pi2_09751_91_7_20231128092022.jpg,c3_p091_20231128_o07,data/data_39/pi3_09751_91_7_20231128092022.jpg,c4_p091_20231128_o07,data/data_39/pi4_09751_91_7_20231128092023.jpg
p091_20231130,91,20231130,69,3_S6,12,10,c1_p091_20231130_o10,data/data_42/pi1_10714_91_10_20231130160829.jpg,c2_p091_20231130_o10,data/data_42/pi2_10714_91_10_20231130160830.jpg,c3_p091_20231130_o10,data/data_42/pi3_10714_91_10_20231130160830.jpg,c4_p091_20231130_o10,data/data_42/pi4_10714_91_10_20231130160830.jpg
p091_20231204,91,20231204,67,3_S6,12,9,c1_p091_20231204_o09,data/data_45/pi1_11433_91_9_20231204164525.jpg,c2_p091_20231204_o09,data/data_45/pi2_11433_91_9_20231204164525.jpg,c3_p091_20231204_o09,data/data_45/pi3_11433_91_9_20231204164526.jpg,c4_p091_20231204_o09,data/data_45/pi4_11433_91_9_20231204164526.jpg
p091_20231207,91,20231207,70,4_S7,12,6,c1_p091_20231207_o06,data/data_46/pi1_11670_91_6_20231207134205.jpg,c2_p091_20231207_o06,data/data_46/pi2_11670_91_6_20231207134206.jpg,c3_p091_20231207_o06,data/data_46/pi3_11670_91_6_20231207134206.jpg,c4_p091_20231207_o06,data/data_46/pi4_11670_91_6_20231207134207.jpg
p091_20231211,91,20231211,71,4_S7,12,7,c1_p091_20231211_o07,data/data_49/pi1_12391_91_7_20231211152638.jpg,c2_p091_20231211_o07,data/data_49/pi2_12391_91_7_20231211152638.jpg,c3_p091_20231211_o07,data/data_49/pi3_12391_91_7_20231211152638.jpg,c4_p091_20231211_o07,data/data_49/pi4_12391_91_7_20231211152638.jpg
p091_20231218,91,20231218,72,4_S7,12,10,c1_p091_20231218_o10,data/data_54/pi1_13594_91_10_20231218152943.jpg,c2_p091_20231218_o10,data/data_54/pi2_13594_91_10_20231218152943.jpg,c3_p091_20231218_o10,data/data_54/pi3_13594_91_10_20231218152943.jpg,c4_p091_20231218_o10,data/data_54/pi4_13594_91_10_20231218152944.jpg
p091_20231227,91,20231227,74,4_S7,12,12,c1_p091_20231227_o12,data/data_57/pi1_14316_91_12_20231227143605.jpg,c2_p091_20231227_o12,data/data_57/pi2_14316_91_12_20231227143605.jpg,c3_p091_20231227_o12,data/data_57/pi3_14316_91_12_20231227143606.jpg,c4_p091_20231227_o12,data/data_57/pi4_14316_91_12_20231227143606.jpg
p091_20240115,91,20240115,76,4_S7,12,12,c1_p091_20240115_o12,data/data_60/pi1_15036_91_12_20240115134430.jpg,c2_p091_20240115_o12,data/data_60/pi2_15036_91_12_20240115134430.jpg,c3_p091_20240115_o12,data/data_60/pi3_15036_91_12_20240115134430.jpg,c4_p091_20240115_o12,data/data_60/pi4_15036_91_12_20240115134430.jpg
p091_20240119,91,20240119,79,4_S7,12,6,c1_p091_20240119_o06,data/data_62/pi1_15510_91_6_20240119113226.jpg,c2_p091_20240119_o06,data/data_62/pi2_15510_91_6_20240119113226.jpg,c3_p091_20240119_o06,data/data_62/pi3_15510_91_6_20240119113227.jpg,c4_p091_20240119_o06,data/data_62/pi4_15510_91_6_20240119113227.jpg
p091_20240126,91,20240126,82,5_S8,12,10,c1_p091_20240126_o10,data/data_63/pi1_15994_91_10_20240126144658.jpg,c2_p091_20240126_o10,data/data_63/pi2_15994_91_10_20240126144659.jpg,c3_p091_20240126_o10,data/data_63/pi3_15994_91_10_20240126144700.jpg,c4_p091_20240126_o10,data/data_63/pi4_15994_91_10_20240126144659.jpg
p092_20231128,92,20231128,68,3_S6,12,1,c1_p092_20231128_o01,data/data_39/pi1_09757_92_1_20231128092158.jpg,c2_p092_20231128_o01,data/data_39/pi2_09757_92_1_20231128092159.jpg,c3_p092_20231128_o01,data/data_39/pi3_09757_92_1_20231128092159.jpg,c4_p092_20231128_o01,data/data_39/pi4_09757_92_1_20231128092200.jpg
p092_20231130,92,20231130,69,3_S6,12,6,c1_p092_20231130_o06,data/data_42/pi1_10722_92_6_20231130160935.jpg,c2_p092_20231130_o06,data/data_42/pi2_10722_92_6_20231130160935.jpg,c3_p092_20231130_o06,data/data_42/pi3_10722_92_6_20231130160935.jpg,c4_p092_20231130_o06,data/data_42/pi4_10722_92_6_20231130160936.jpg
p092_20231204,92,20231204,70,4_S7,12,9,c1_p092_20231204_o09,data/data_45/pi1_11445_92_9_20231204164653.jpg,c2_p092_20231204_o09,data/data_45/pi2_11445_92_9_20231204164653.jpg,c3_p092_20231204_o09,data/data_45/pi3_11445_92_9_20231204164654.jpg,c4_p092_20231204_o09,data/data_45/pi4_11445_92_9_20231204164654.jpg
p092_20231207,92,20231207,71,4_S7,12,10,c1_p092_20231207_o10,data/data_46/pi1_11686_92_10_20231207134715.jpg,c2_p092_20231207_o10,data/data_46/pi2_11686_92_10_20231207134716.jpg,c3_p092_20231207_o10,data/data_46/pi3_11686_92_10_20231207134716.jpg,c4_p092_20231207_o10,data/data_46/pi4_11686_92_10_20231207134717.jpg
p092_20231211,92,20231211,72,4_S7,12,6,c1_p092_20231211_o06,data/data_49/pi1_12402_92_6_20231211152814.jpg,c2_p092_20231211_o06,data/data_49/pi2_12402_92_6_20231211152814.jpg,c3_p092_20231211_o06,data/data_49/pi3_12402_92_6_20231211152814.jpg,c4_p092_20231211_o06,data/data_49/pi4_12402_92_6_20231211152814.jpg
p092_20231218,92,20231218,74,4_S7,12,7,c1_p092_20231218_o07,data/data_54/pi1_13603_92_7_20231218153107.jpg,c2_p092_20231218_o07,data/data_54/pi2_13603_92_7_20231218153107.jpg,c3_p092_20231218_o07,data/data_54/pi3_13603_92_7_20231218153107.jpg,c4_p092_20231218_o07,data/data_54/pi4_13603_92_7_20231218153108.jpg
p092_20231227,92,20231227,75,4_S7,12,2,c1_p092_20231227_o02,data/data_57/pi1_14318_92_2_20231227143705.jpg,c2_p092_20231227_o02,data/data_57/pi2_14318_92_2_20231227143705.jpg,c3_p092_20231227_o02,data/data_57/pi3_14318_92_2_20231227143705.jpg,c4_p092_20231227_o02,data/data_57/pi4_14318_92_2_20231227143706.jpg
p092_20240115,92,20240115,76,4_S7,12,9,c1_p092_20240115_o09,data/data_60/pi1_15045_92_9_20240115134831.jpg,c2_p092_20240115_o09,data/data_60/pi2_15045_92_9_20240115134831.jpg,c3_p092_20240115_o09,data/data_60/pi3_15045_92_9_20240115134831.jpg,c4_p092_20240115_o09,data/data_60/pi4_15045_92_9_20240115134831.jpg
p092_20240119,92,20240119,78,4_S7,12,10,c1_p092_20240119_o10,data/data_62/pi1_15526_92_10_20240119113437.jpg,c2_p092_20240119_o10,data/data_62/pi2_15526_92_10_20240119113437.jpg,c3_p092_20240119_o10,data/data_62/pi3_15526_92_10_20240119113438.jpg,c4_p092_20240119_o10,data/data_62/pi4_15526_92_10_20240119113438.jpg
p092_20240126,92,20240126,83,5_S8,12,7,c1_p092_20240126_o07,data/data_64/pi1_16003_92_7_20240126144901.jpg,c2_p092_20240126_o07,data/data_64/pi2_16003_92_7_20240126144901.jpg,c3_p092_20240126_o07,data/data_64/pi3_16003_92_7_20240126144902.jpg,c4_p092_20240126_o07,data/data_64/pi4_16003_92_7_20240126144902.jpg
p093_20231128,93,20231128,66,3_S6,12,8,c1_p093_20231128_o08,data/data_39/pi1_09776_93_8_20231128092432.jpg,c2_p093_20231128_o08,data/data_39/pi2_09776_93_8_20231128092433.jpg,c3_p093_20231128_o08,data/data_39/pi3_09776_93_8_20231128092433.jpg,c4_p093_20231128_o08,data/data_39/pi4_09776_93_8_20231128092434.jpg
p093_20231130,93,20231130,68,3_S6,12,2,c1_p093_20231130_o02,data/data_42/pi1_10730_93_2_20231130161038.jpg,c2_p093_20231130_o02,data/data_42/pi2_10730_93_2_20231130161039.jpg,c3_p093_20231130_o02,data/data_42/pi3_10730_93_2_20231130161039.jpg,c4_p093_20231130_o02,data/data_42/pi4_10730_93_2_20231130161040.jpg
p093_20231204,93,20231204,69,3_S6,12,7,c1_p093_20231204_o07,data/data_45/pi1_11455_93_7_20231204164828.jpg,c2_p093_20231204_o07,data/data_45/pi2_11455_93_7_20231204164829.jpg,c3_p093_20231204_o07,data/data_45/pi3_11455_93_7_20231204164829.jpg,c4_p093_20231204_o07,data/data_45/pi4_11455_93_7_20231204164829.jpg
p093_20231207,93,20231207,70,4_S7,12,1,c1_p093_20231207_o01,data/data_46/pi1_11689_93_1_20231207134802.jpg,c2_p093_20231207_o01,data/data_46/pi2_11689_93_1_20231207134802.jpg,c3_p093_20231207_o01,data/data_46/pi3_11689_93_1_20231207134802.jpg,c4_p093_20231207_o01,data/data_46/pi4_11689_93_1_20231207134803.jpg
p093_20231211,93,20231211,71,4_S7,12,3,c1_p093_20231211_o03,data/data_49/pi1_12411_93_3_20231211153447.jpg,c2_p093_20231211_o03,data/data_49/pi2_12411_93_3_20231211153447.jpg,c3_p093_20231211_o03,data/data_49/pi3_12411_93_3_20231211153447.jpg,c4_p093_20231211_o03,data/data_49/pi4_12411_93_3_20231211153447.jpg
p093_20231218,93,20231218,73,4_S7,12,5,c1_p093_20231218_o05,data/data_54/pi1_13613_93_5_20231218153428.jpg,c2_p093_20231218_o05,data/data_54/pi2_13613_93_5_20231218153429.jpg,c3_p093_20231218_o05,data/data_54/pi3_13613_93_5_20231218153429.jpg,c4_p093_20231218_o05,data/data_54/pi4_13613_93_5_20231218153429.jpg
p093_20231227,93,20231227,75,4_S7,12,12,c1_p093_20231227_o12,data/data_57/pi1_14340_93_12_20231227143920.jpg,c2_p093_20231227_o12,data/data_57/pi2_14340_93_12_20231227143920.jpg,c3_p093_20231227_o12,data/data_57/pi3_14340_93_12_20231227143920.jpg,c4_p093_20231227_o12,data/data_57/pi4_14340_93_12_20231227143921.jpg
p093_20240115,93,20240115,76,4_S7,12,5,c1_p093_20240115_o05,data/data_60/pi1_15053_93_5_20240115135043.jpg,c2_p093_20240115_o05,data/data_60/pi2_15053_93_5_20240115135043.jpg,c3_p093_20240115_o05,data/data_60/pi3_15053_93_5_20240115135043.jpg,c4_p093_20240115_o05,data/data_60/pi4_15053_93_5_20240115135043.jpg
p093_20240119,93,20240119,79,4_S7,12,5,c1_p093_20240119_o05,data/data_62/pi1_15533_93_5_20240119113600.jpg,c2_p093_20240119_o05,data/data_62/pi2_15533_93_5_20240119113601.jpg,c3_p093_20240119_o05,data/data_62/pi3_15533_93_5_20240119113602.jpg,c4_p093_20240119_o05,data/data_62/pi4_15533_93_5_20240119113601.jpg
p093_20240126,93,20240126,83,5_S8,12,7,c1_p093_20240126_o07,data/data_64/pi1_16015_93_7_20240126145049.jpg,c2_p093_20240126_o07,data/data_64/pi2_16015_93_7_20240126145049.jpg,c3_p093_20240126_o07,data/data_64/pi3_16015_93_7_20240126145050.jpg,c4_p093_20240126_o07,data/data_64/pi4_16015_93_7_20240126145050.jpg
p094_20231128,94,20231128,68,3_S6,12,2,c1_p094_20231128_o02,data/data_39/pi1_09782_94_2_20231128092557.jpg,c2_p094_20231128_o02,data/data_39/pi2_09782_94_2_20231128092557.jpg,c3_p094_20231128_o02,data/data_39/pi3_09782_94_2_20231128092558.jpg,c4_p094_20231128_o02,data/data_39/pi4_09782_94_2_20231128092558.jpg
p094_20231130,94,20231130,69,3_S6,12,9,c1_p094_20231130_o09,data/data_42/pi1_10749_94_9_20231130162304.jpg,c2_p094_20231130_o09,data/data_42/pi2_10749_94_9_20231130162305.jpg,c3_p094_20231130_o09,data/data_42/pi3_10749_94_9_20231130162305.jpg,c4_p094_20231130_o09,data/data_42/pi4_10749_94_9_20231130162306.jpg
p094_20231204,94,20231204,70,4_S7,12,4,c1_p094_20231204_o04,data/data_45/pi1_11464_94_4_20231204164937.jpg,c2_p094_20231204_o04,data/data_45/pi2_11464_94_4_20231204164938.jpg,c3_p094_20231204_o04,data/data_45/pi3_11464_94_4_20231204164938.jpg,c4_p094_20231204_o04,data/data_45/pi4_11464_94_4_20231204164938.jpg
p094_20231207,94,20231207,71,4_S7,12,11,c1_p094_20231207_o11,data/data_46/pi1_11711_94_11_20231207135116.jpg,c2_p094_20231207_o11,data/data_46/pi2_11711_94_11_20231207135117.jpg,c3_p094_20231207_o11,data/data_46/pi3_11711_94_11_20231207135117.jpg,c4_p094_20231207_o11,data/data_46/pi4_11711_94_11_20231207135118.jpg
p094_20231211,94,20231211,72,4_S7,12,8,c1_p094_20231211_o08,data/data_49/pi1_12428_94_8_20231211153707.jpg,c2_p094_20231211_o08,data/data_49/pi2_12428_94_8_20231211153707.jpg,c3_p094_20231211_o08,data/data_49/pi3_12428_94_8_20231211153707.jpg,c4_p094_20231211_o08,data/data_49/pi4_12428_94_8_20231211153707.jpg
p094_20231218,94,20231218,74,4_S7,12,10,c1_p094_20231218_o10,data/data_54/pi1_13630_94_10_20231218153613.jpg,c2_p094_20231218_o10,data/data_54/pi2_13630_94_10_20231218153613.jpg,c3_p094_20231218_o10,data/data_54/pi3_13630_94_10_20231218153613.jpg,c4_p094_20231218_o10,data/data_54/pi4_13630_94_10_20231218153613.jpg
p094_20231227,94,20231227,76,4_S7,12,6,c1_p094_20231227_o06,data/data_57/pi1_14346_94_6_20231227144105.jpg,c2_p094_20231227_o06,data/data_57/pi2_14346_94_6_20231227144105.jpg,c3_p094_20231227_o06,data/data_57/pi3_14346_94_6_20231227144105.jpg,c4_p094_20231227_o06,data/data_57/pi4_14346_94_6_20231227144106.jpg
p094_20240115,94,20240115,77,4_S7,12,2,c1_p094_20240115_o02,data/data_60/pi1_15062_94_2_20240115135335.jpg,c2_p094_20240115_o02,data/data_60/pi2_15062_94_2_20240115135335.jpg,c3_p094_20240115_o02,data/data_60/pi3_15062_94_2_20240115135336.jpg,c4_p094_20240115_o02,data/data_60/pi4_15062_94_2_20240115135336.jpg
p094_20240119,94,20240119,80,5_S8,12,7,c1_p094_20240119_o07,data/data_62/pi1_15547_94_7_20240119113836.jpg,c2_p094_20240119_o07,data/data_62/pi2_15547_94_7_20240119113837.jpg,c3_p094_20240119_o07,data/data_62/pi3_15547_94_7_20240119113837.jpg,c4_p094_20240119_o07,data/data_62/pi4_15547_94_7_20240119113837.jpg
p094_20240126,94,20240126,83,5_S8,12,11,c1_p094_20240126_o11,data/data_64/pi1_16031_94_11_20240126145358.jpg,c2_p094_20240126_o11,data/data_64/pi2_16031_94_11_20240126145358.jpg,c3_p094_20240126_o11,data/data_64/pi3_16031_94_11_20240126145359.jpg,c4_p094_20240126_o11,data/data_64/pi4_16031_94_11_20240126145359.jpg
p095_20231128,95,20231128,66,3_S6,12,10,c1_p095_20231128_o10,data/data_39/pi1_09802_95_10_20231128092828.jpg,c2_p095_20231128_o10,data/data_39/pi2_09802_95_10_20231128092828.jpg,c3_p095_20231128_o10,data/data_39/pi3_09802_95_10_20231128092829.jpg,c4_p095_20231128_o10,data/data_39/pi4_09802_95_10_20231128092829.jpg
p095_20231130,95,20231130,68,3_S6,12,12,c1_p095_20231130_o12,data/data_43/pi1_10764_95_12_20231130162459.jpg,c2_p095_20231130_o12,data/data_43/pi2_10764_95_12_20231130162459.jpg,c3_p095_20231130_o12,data/data_43/pi3_10764_95_12_20231130162459.jpg,c4_p095_20231130_o12,data/data_43/pi4_10764_95_12_20231130162500.jpg
p095_20231204,95,20231204,70,4_S7,12,4,c1_p095_20231204_o04,data/data_45/pi1_11476_95_4_20231204165110.jpg,c2_p095_20231204_o04,data/data_45/pi2_11476_95_4_20231204165110.jpg,c3_p095_20231204_o04,data/data_45/pi3_11476_95_4_20231204165111.jpg,c4_p095_20231204_o04,data/data_45/pi4_11476_95_4_20231204165111.jpg
p095_20231207,95,20231207,70,4_S7,12,1,c1_p095_20231207_o01,data/data_46/pi1_11713_95_1_20231207135202.jpg,c2_p095_20231207_o01,data/data_46/pi2_11713_95_1_20231207135203.jpg,c3_p095_20231207_o01,data/data_46/pi3_11713_95_1_20231207135203.jpg,c4_p095_20231207_o01,data/data_46/pi4_11713_95_1_20231207135204.jpg
p095_20231211,95,20231211,71,4_S7,12,5,c1_p095_20231211_o05,data/data_49/pi1_12437_95_5_20231211153837.jpg,c2_p095_20231211_o05,data/data_49/pi2_12437_95_5_20231211153836.jpg,c3_p095_20231211_o05,data/data_49/pi3_12437_95_5_20231211153837.jpg,c4_p095_20231211_o05,data/data_49/pi4_12437_95_5_20231211153837.jpg
p095_20231218,95,20231218,73,4_S7,12,4,c1_p095_20231218_o04,data/data_54/pi1_13636_95_4_20231218153702.jpg,c2_p095_20231218_o04,data/data_54/pi2_13636_95_4_20231218153703.jpg,c3_p095_20231218_o04,data/data_54/pi3_13636_95_4_20231218153702.jpg,c4_p095_20231218_o04,data/data_54/pi4_13636_95_4_20231218153703.jpg
p095_20231227,95,20231227,75,4_S7,12,1,c1_p095_20231227_o01,data/data_57/pi1_14353_95_1_20231227144205.jpg,c2_p095_20231227_o01,data/data_57/pi2_14353_95_1_20231227144205.jpg,c3_p095_20231227_o01,data/data_57/pi3_14353_95_1_20231227144205.jpg,c4_p095_20231227_o01,data/data_57/pi4_14353_95_1_20231227144205.jpg
p095_20240115,95,20240115,78,4_S7,12,10,c1_p095_20240115_o10,data/data_60/pi1_15082_95_10_20240115135651.jpg,c2_p095_20240115_o10,data/data_60/pi2_15082_95_10_20240115135651.jpg,c3_p095_20240115_o10,data/data_60/pi3_15082_95_10_20240115135652.jpg,c4_p095_20240115_o10,data/data_60/pi4_15082_95_10_20240115135652.jpg
p095_20240119,95,20240119,79,4_S7,12,8,c1_p095_20240119_o08,data/data_62/pi1_15560_95_8_20240119114104.jpg,c2_p095_20240119_o08,data/data_62/pi2_15560_95_8_20240119114104.jpg,c3_p095_20240119_o08,data/data_62/pi3_15560_95_8_20240119114105.jpg,c4_p095_20240119_o08,data/data_62/pi4_15560_95_8_20240119114104.jpg
p095_20240126,95,20240126,80,5_S8,12,4,c1_p095_20240126_o04,data/data_64/pi1_16036_95_4_20240126145455.jpg,c2_p095_20240126_o04,data/data_64/pi2_16036_95_4_20240126145455.jpg,c3_p095_20240126_o04,data/data_64/pi3_16036_95_4_20240126145456.jpg,c4_p095_20240126_o04,data/data_64/pi4_16036_95_4_20240126145456.jpg
p096_20231128,96,20231128,66,3_S6,12,7,c1_p096_20231128_o07,data/data_39/pi1_09811_96_7_20231128093013.jpg,c2_p096_20231128_o07,data/data_39/pi2_09811_96_7_20231128093014.jpg,c3_p096_20231128_o07,data/data_39/pi3_09811_96_7_20231128093014.jpg,c4_p096_20231128_o07,data/data_39/pi4_09811_96_7_20231128093015.jpg
p096_20231130,96,20231130,68,3_S6,12,1,c1_p096_20231130_o01,data/data_43/pi1_10765_96_1_20231130162557.jpg,c2_p096_20231130_o01,data/data_43/pi2_10765_96_1_20231130162558.jpg,c3_p096_20231130_o01,data/data_43/pi3_10765_96_1_20231130162558.jpg,c4_p096_20231130_o01,data/data_43/pi4_10765_96_1_20231130162559.jpg
p096_20231204,96,20231204,69,3_S6,12,10,c1_p096_20231204_o10,data/data_45/pi1_11494_96_10_20231204165302.jpg,c2_p096_20231204_o10,data/data_45/pi2_11494_96_10_20231204165302.jpg,c3_p096_20231204_o10,data/data_45/pi3_11494_96_10_20231204165303.jpg,c4_p096_20231204_o10,data/data_45/pi4_11494_96_10_20231204165303.jpg
p096_20231207,96,20231207,70,4_S7,12,9,c1_p096_20231207_o09,data/data_46/pi1_11733_96_9_20231207135507.jpg,c2_p096_20231207_o09,data/data_46/pi2_11733_96_9_20231207135507.jpg,c3_p096_20231207_o09,data/data_46/pi3_11733_96_9_20231207135507.jpg,c4_p096_20231207_o09,data/data_46/pi4_11733_96_9_20231207135509.jpg
p096_20231211,96,20231211,71,4_S7,12,7,c1_p096_20231211_o07,data/data_49/pi1_12451_96_7_20231211154045.jpg,c2_p096_20231211_o07,data/data_49/pi2_12451_96_7_20231211154045.jpg,c3_p096_20231211_o07,data/data_49/pi3_12451_96_7_20231211154045.jpg,c4_p096_20231211_o07,data/data_49/pi4_12451_96_7_20231211154045.jpg
p096_20231218,96,20231218,73,4_S7,12,4,c1_p096_20231218_o04,data/data_54/pi1_13648_96_4_20231218153822.jpg,c2_p096_20231218_o04,data/data_54/pi2_13648_96_4_20231218153823.jpg,c3_p096_20231218_o04,data/data_54/pi3_13648_96_4_20231218153822.jpg,c4_p096_20231218_o04,data/data_54/pi4_13648_96_4_20231218153823.jpg
p096_20231227,96,20231227,76,4_S7,12,10,c1_p096_20231227_o10,data/data_57/pi1_14374_96_10_20231227144426.jpg,c2_p096_20231227_o10,data/data_57/pi2_14374_96_10_20231227144426.jpg,c3_p096_20231227_o10,data/data_57/pi3_14374_96_10_20231227144426.jpg,c4_p096_20231227_o10,data/data_57/pi4_14374_96_10_20231227144426.jpg
p096_20240115,96,20240115,77,4_S7,12,3,c1_p096_20240115_o03,data/data_60/pi1_15087_96_3_20240115135818.jpg,c2_p096_20240115_o03,data/data_60/pi2_15087_96_3_20240115135818.jpg,c3_p096_20240115_o03,data/data_60/pi3_15087_96_3_20240115135818.jpg,c4_p096_20240115_o03,data/data_60/pi4_15087_96_3_20240115135818.jpg
p096_20240119,96,20240119,83,5_S8,12,11,c1_p096_20240119_o11,data/data_62/pi1_15575_96_11_20240119114434.jpg,c2_p096_20240119_o11,data/data_62/pi2_15575_96_11_20240119114435.jpg,c3_p096_20240119_o11,data/data_62/pi3_15575_96_11_20240119114435.jpg,c4_p096_20240119_o11,data/data_62/pi4_15575_96_11_20240119114435.jpg
p096_20240126,96,20240126,89,5_S8,12,1,c1_p096_20240126_o01,data/data_64/pi1_16045_96_1_20240126145638.jpg,c2_p096_20240126_o01,data/data_64/pi2_16045_96_1_20240126145638.jpg,c3_p096_20240126_o01,data/data_64/pi3_16045_96_1_20240126145639.jpg,c4_p096_20240126_o01,data/data_64/pi4_16045_96_1_20240126145638.jpg
p097_20231128,97,20231128,64,3_S6,12,6,c1_p097_20231128_o06,data/data_39/pi1_09822_97_6_20231128093149.jpg,c2_p097_20231128_o06,data/data_39/pi2_09822_97_6_20231128093149.jpg,c3_p097_20231128_o06,data/data_39/pi3_09822_97_6_20231128093150.jpg,c4_p097_20231128_o06,data/data_39/pi4_09822_97_6_20231128093150.jpg
p097_20231130,97,20231130,67,3_S6,12,1,c1_p097_20231130_o01,data/data_43/pi1_10777_97_1_20231130162732.jpg,c2_p097_20231130_o01,data/data_43/pi2_10777_97_1_20231130162733.jpg,c3_p097_20231130_o01,data/data_43/pi3_10777_97_1_20231130162733.jpg,c4_p097_20231130_o01,data/data_43/pi4_10777_97_1_20231130162734.jpg
p097_20231204,97,20231204,69,3_S6,12,3,c1_p097_20231204_o03,data/data_45/pi1_11499_97_3_20231204165357.jpg,c2_p097_20231204_o03,data/data_45/pi2_11499_97_3_20231204165357.jpg,c3_p097_20231204_o03,data/data_45/pi3_11499_97_3_20231204165358.jpg,c4_p097_20231204_o03,data/data_45/pi4_11499_97_3_20231204165358.jpg
p097_20231207,97,20231207,68,3_S6,12,8,c1_p097_20231207_o08,data/data_46/pi1_11744_97_8_20231207135706.jpg,c2_p097_20231207_o08,data/data_46/pi2_11744_97_8_20231207135706.jpg,c3_p097_20231207_o08,data/data_46/pi3_11744_97_8_20231207135706.jpg,c4_p097_20231207_o08,data/data_46/pi4_11744_97_8_20231207135708.jpg
p097_20231211,97,20231211,69,3_S6,12,6,c1_p097_20231211_o06,data/data_49/pi1_12462_97_6_20231211154218.jpg,c2_p097_20231211_o06,data/data_49/pi2_12462_97_6_20231211154218.jpg,c3_p097_20231211_o06,data/data_49/pi3_12462_97_6_20231211154219.jpg,c4_p097_20231211_o06,data/data_49/pi4_12462_97_6_20231211154219.jpg
p097_20231218,97,20231218,71,4_S7,12,6,c1_p097_20231218_o06,data/data_54/pi1_13662_97_6_20231218154035.jpg,c2_p097_20231218_o06,data/data_54/pi2_13662_97_6_20231218154035.jpg,c3_p097_20231218_o06,data/data_54/pi3_13662_97_6_20231218154035.jpg,c4_p097_20231218_o06,data/data_54/pi4_13662_97_6_20231218154036.jpg
p097_20231227,97,20231227,72,4_S7,12,8,c1_p097_20231227_o08,data/data_57/pi1_14384_97_8_20231227144546.jpg,c2_p097_20231227_o08,data/data_57/pi2_14384_97_8_20231227144546.jpg,c3_p097_20231227_o08,data/data_57/pi3_14384_97_8_20231227144546.jpg,c4_p097_20231227_o08,data/data_57/pi4_14384_97_8_20231227144547.jpg
p097_20240115,97,20240115,75,4_S7,12,8,c1_p097_20240115_o08,data/data_60/pi1_15104_97_8_20240115140029.jpg,c2_p097_20240115_o08,data/data_60/pi2_15104_97_8_20240115140029.jpg,c3_p097_20240115_o08,data/data_60/pi3_15104_97_8_20240115140029.jpg,c4_p097_20240115_o08,data/data_60/pi4_15104_97_8_20240115140029.jpg
p097_20240119,97,20240119,79,4_S7,12,9,c1_p097_20240119_o09,data/data_62/pi1_15585_97_9_20240119114651.jpg,c2_p097_20240119_o09,data/data_62/pi2_15585_97_9_20240119114652.jpg,c3_p097_20240119_o09,data/data_62/pi3_15585_97_9_20240119114653.jpg,c4_p097_20240119_o09,data/data_62/pi4_15585_97_9_20240119114652.jpg
p097_20240126,97,20240126,80,5_S8,12,8,c1_p097_20240126_o08,data/data_64/pi1_16064_97_8_20240126145915.jpg,c2_p097_20240126_o08,data/data_64/pi2_16064_97_8_20240126145915.jpg,c3_p097_20240126_o08,data/data_64/pi3_16064_97_8_20240126145916.jpg,c4_p097_20240126_o08,data/data_64/pi4_16064_97_8_20240126145916.jpg
p098_20231128,98,20231128,66,3_S6,12,6,c1_p098_20231128_o06,data/data_39/pi1_09834_98_6_20231128093336.jpg,c2_p098_20231128_o06,data/data_39/pi2_09834_98_6_20231128093336.jpg,c3_p098_20231128_o06,data/data_39/pi3_09834_98_6_20231128093337.jpg,c4_p098_20231128_o06,data/data_39/pi4_09834_98_6_20231128093337.jpg
p098_20231130,98,20231130,68,3_S6,12,1,c1_p098_20231130_o01,data/data_43/pi1_10789_98_1_20231130162900.jpg,c2_p098_20231130_o01,data/data_43/pi2_10789_98_1_20231130162901.jpg,c3_p098_20231130_o01,data/data_43/pi3_10789_98_1_20231130162901.jpg,c4_p098_20231130_o01,data/data_43/pi4_10789_98_1_20231130162901.jpg
p098_20231204,98,20231204,69,3_S6,12,1,c1_p098_20231204_o01,data/data_46/pi1_11509_98_1_20231204165517.jpg,c2_p098_20231204_o01,data/data_46/pi2_11509_98_1_20231204165517.jpg,c3_p098_20231204_o01,data/data_46/pi3_11509_98_1_20231204165518.jpg,c4_p098_20231204_o01,data/data_46/pi4_11509_98_1_20231204165518.jpg
p098_20231207,98,20231207,70,4_S7,12,7,c1_p098_20231207_o07,data/data_47/pi1_11755_98_7_20231207135909.jpg,c2_p098_20231207_o07,data/data_47/pi2_11755_98_7_20231207135909.jpg,c3_p098_20231207_o07,data/data_47/pi3_11755_98_7_20231207135909.jpg,c4_p098_20231207_o07,data/data_47/pi4_11755_98_7_20231207135910.jpg
p098_20231211,98,20231211,71,4_S7,12,6,c1_p098_20231211_o06,data/data_49/pi1_12474_98_6_20231211154410.jpg,c2_p098_20231211_o06,data/data_49/pi2_12474_98_6_20231211154410.jpg,c3_p098_20231211_o06,data/data_49/pi3_12474_98_6_20231211154411.jpg,c4_p098_20231211_o06,data/data_49/pi4_12474_98_6_20231211154411.jpg
p098_20231218,98,20231218,72,4_S7,12,3,c1_p098_20231218_o03,data/data_54/pi1_13671_98_3_20231218154147.jpg,c2_p098_20231218_o03,data/data_54/pi2_13671_98_3_20231218154148.jpg,c3_p098_20231218_o03,data/data_54/pi3_13671_98_3_20231218154148.jpg,c4_p098_20231218_o03,data/data_54/pi4_13671_98_3_20231218154148.jpg
p098_20231227,98,20231227,73,4_S7,12,6,c1_p098_20231227_o06,data/data_57/pi1_14394_98_6_20231227144701.jpg,c2_p098_20231227_o06,data/data_57/pi2_14394_98_6_20231227144701.jpg,c3_p098_20231227_o06,data/data_57/pi3_14394_98_6_20231227144702.jpg,c4_p098_20231227_o06,data/data_57/pi4_14394_98_6_20231227144702.jpg
p098_20240115,98,20240115,77,4_S7,12,6,c1_p098_20240115_o06,data/data_60/pi1_15114_98_6_20240115140229.jpg,c2_p098_20240115_o06,data/data_60/pi2_15114_98_6_20240115140229.jpg,c3_p098_20240115_o06,data/data_60/pi3_15114_98_6_20240115140229.jpg,c4_p098_20240115_o06,data/data_60/pi4_15114_98_6_20240115140229.jpg
p098_20240119,98,20240119,79,4_S7,12,11,c1_p098_20240119_o11,data/data_62/pi1_15599_98_11_20240119114916.jpg,c2_p098_20240119_o11,data/data_62/pi2_15599_98_11_20240119114917.jpg,c3_p098_20240119_o11,data/data_62/pi3_15599_98_11_20240119114918.jpg,c4_p098_20240119_o11,data/data_62/pi4_15599_98_11_20240119114917.jpg
p098_20240126,98,20240126,81,5_S8,12,1,c1_p098_20240126_o01,data/data_64/pi1_16069_98_1_20240126150034.jpg,c2_p098_20240126_o01,data/data_64/pi2_16069_98_1_20240126150034.jpg,c3_p098_20240126_o01,data/data_64/pi3_16069_98_1_20240126150035.jpg,c4_p098_20240126_o01,data/data_64/pi4_16069_98_1_20240126150035.jpg
p099_20231128,99,20231128,65,3_S6,12,3,c1_p099_20231128_o03,data/data_39/pi1_09843_99_3_20231128093620.jpg,c2_p099_20231128_o03,data/data_39/pi2_09843_99_3_20231128093620.jpg,c3_p099_20231128_o03,data/data_39/pi3_09843_99_3_20231128093621.jpg,c4_p099_20231128_o03,data/data_39/pi4_09843_99_3_20231128093621.jpg
p099_20231130,99,20231130,66,3_S6,12,8,c1_p099_20231130_o08,data/data_43/pi1_10808_99_8_20231130163108.jpg,c2_p099_20231130_o08,data/data_43/pi2_10808_99_8_20231130163109.jpg,c3_p099_20231130_o08,data/data_43/pi3_10808_99_8_20231130163109.jpg,c4_p099_20231130_o08,data/data_43/pi4_10808_99_8_20231130163110.jpg
p099_20231204,99,20231204,68,3_S6,12,5,c1_p099_20231204_o05,data/data_46/pi1_11525_99_5_20231204165651.jpg,c2_p099_20231204_o05,data/data_46/pi2_11525_99_5_20231204165651.jpg,c3_p099_20231204_o05,data/data_46/pi3_11525_99_5_20231204165652.jpg,c4_p099_20231204_o05,data/data_46/pi4_11525_99_5_20231204165652.jpg
p099_20231207,99,20231207,70,4_S7,12,8,c1_p099_20231207_o08,data/data_47/pi1_11768_99_8_20231207140131.jpg,c2_p099_20231207_o08,data/data_47/pi2_11768_99_8_20231207140132.jpg,c3_p099_20231207_o08,data/data_47/pi3_11768_99_8_20231207140132.jpg,c4_p099_20231207_o08,data/data_47/pi4_11768_99_8_20231207140133.jpg
p099_20231211,99,20231211,71,4_S7,12,5,c1_p099_20231211_o05,data/data_49/pi1_12485_99_5_20231211154542.jpg,c2_p099_20231211_o05,data/data_49/pi2_12485_99_5_20231211154542.jpg,c3_p099_20231211_o05,data/data_49/pi3_12485_99_5_20231211154542.jpg,c4_p099_20231211_o05,data/data_49/pi4_12485_99_5_20231211154542.jpg
p099_20231218,99,20231218,72,4_S7,12,12,c1_p099_20231218_o12,data/data_54/pi1_13692_99_12_20231218154626.jpg,c2_p099_20231218_o12,data/data_54/pi2_13692_99_12_20231218154626.jpg,c3_p099_20231218_o12,data/data_54/pi3_13692_99_12_20231218154626.jpg,c4_p099_20231218_o12,data/data_54/pi4_13692_99_12_20231218154627.jpg
p099_20231227,99,20231227,74,4_S7,12,5,c1_p099_20231227_o05,data/data_57/pi1_14405_99_5_20231227144835.jpg,c2_p099_20231227_o05,data/data_57/pi2_14405_99_5_20231227144835.jpg,c3_p099_20231227_o05,data/data_57/pi3_14405_99_5_20231227144835.jpg,c4_p099_20231227_o05,data/data_57/pi4_14405_99_5_20231227144836.jpg
p099_20240115,99,20240115,78,4_S7,12,12,c1_p099_20240115_o12,data/data_60/pi1_15132_99_12_20240115140453.jpg,c2_p099_20240115_o12,data/data_60/pi2_15132_99_12_20240115140453.jpg,c3_p099_20240115_o12,data/data_60/pi3_15132_99_12_20240115140453.jpg,c4_p099_20240115_o12,data/data_60/pi4_15132_99_12_20240115140453.jpg
p099_20240119,99,20240119,79,4_S7,12,5,c1_p099_20240119_o05,data/data_62/pi1_15605_99_5_20240119115019.jpg,c2_p099_20240119_o05,data/data_62/pi2_15605_99_5_20240119115020.jpg,c3_p099_20240119_o05,data/data_62/pi3_15605_99_5_20240119115020.jpg,c4_p099_20240119_o05,data/data_62/pi4_15605_99_5_20240119115020.jpg
p099_20240126,99,20240126,80,5_S8,12,9,c1_p099_20240126_o09,data/data_64/pi1_16089_99_9_20240126150310.jpg,c2_p099_20240126_o09,data/data_64/pi2_16089_99_9_20240126150310.jpg,c3_p099_20240126_o09,data/data_64/pi3_16089_99_9_20240126150311.jpg,c4_p099_20240126_o09,data/data_64/pi4_16089_99_9_20240126150311.jpg
p100_20231128,100,20231128,66,3_S6,12,9,c1_p100_20231128_o09,data/data_39/pi1_09861_100_9_20231128093846.jpg,c2_p100_20231128_o09,data/data_39/pi2_09861_100_9_20231128093846.jpg,c3_p100_20231128_o09,data/data_39/pi3_09861_100_9_20231128093847.jpg,c4_p100_20231128_o09,data/data_39/pi4_09861_100_9_20231128093847.jpg
p100_20231130,100,20231130,68,3_S6,12,12,c1_p100_20231130_o12,data/data_43/pi1_10824_100_12_20231130163305.jpg,c2_p100_20231130_o12,data/data_43/pi2_10824_100_12_20231130163306.jpg,c3_p100_20231130_o12,data/data_43/pi3_10824_100_12_20231130163306.jpg,c4_p100_20231130_o12,data/data_43/pi4_10824_100_12_20231130163307.jpg
p100_20231204,100,20231204,69,3_S6,12,3,c1_p100_20231204_o03,data/data_46/pi1_11535_100_3_20231204165818.jpg,c2_p100_20231204_o03,data/data_46/pi2_11535_100_3_20231204165818.jpg,c3_p100_20231204_o03,data/data_46/pi3_11535_100_3_20231204165819.jpg,c4_p100_20231204_o03,data/data_46/pi4_11535_100_3_20231204165819.jpg
p100_20231207,100,20231207,68,3_S6,12,12,c1_p100_20231207_o12,data/data_47/pi1_11784_100_12_20231207140407.jpg,c2_p100_20231207_o12,data/data_47/pi2_11784_100_12_20231207140407.jpg,c3_p100_20231207_o12,data/data_47/pi3_11784_100_12_20231207140407.jpg,c4_p100_20231207_o12,data/data_47/pi4_11784_100_12_20231207140408.jpg
p100_20231211,100,20231211,69,3_S6,12,7,c1_p100_20231211_o07,data/data_49/pi1_12499_100_7_20231211154749.jpg,c2_p100_20231211_o07,data/data_49/pi2_12499_100_7_20231211154748.jpg,c3_p100_20231211_o07,data/data_49/pi3_12499_100_7_20231211154749.jpg,c4_p100_20231211_o07,data/data_49/pi4_12499_100_7_20231211154749.jpg
p100_20231218,100,20231218,70,4_S7,12,11,c1_p100_20231218_o11,data/data_54/pi1_13703_100_11_20231218154803.jpg,c2_p100_20231218_o11,data/data_54/pi2_13703_100_11_20231218154803.jpg,c3_p100_20231218_o11,data/data_54/pi3_13703_100_11_20231218154803.jpg,c4_p100_20231218_o11,data/data_54/pi4_13703_100_11_20231218154803.jpg
p100_20231227,100,20231227,72,4_S7,12,1,c1_p100_20231227_o01,data/data_57/pi1_14413_100_1_20231227145010.jpg,c2_p100_20231227_o01,data/data_57/pi2_14413_100_1_20231227145010.jpg,c3_p100_20231227_o01,data/data_57/pi3_14413_100_1_20231227145010.jpg,c4_p100_20231227_o01,data/data_57/pi4_14413_100_1_20231227145010.jpg
p100_20240115,100,20240115,75,4_S7,12,8,c1_p100_20240115_o08,data/data_60/pi1_15140_100_8_20240115140641.jpg,c2_p100_20240115_o08,data/data_60/pi2_15140_100_8_20240115140641.jpg,c3_p100_20240115_o08,data/data_60/pi3_15140_100_8_20240115140641.jpg,c4_p100_20240115_o08,data/data_60/pi4_15140_100_8_20240115140641.jpg
p100_20240119,100,20240119,77,4_S7,12,4,c1_p100_20240119_o04,data/data_62/pi1_15616_100_4_20240119115210.jpg,c2_p100_20240119_o04,data/data_62/pi2_15616_100_4_20240119115210.jpg,c3_p100_20240119_o04,data/data_62/pi3_15616_100_4_20240119115211.jpg,c4_p100_20240119_o04,data/data_62/pi4_15616_100_4_20240119115211.jpg
p100_20240126,100,20240126,79,4_S7,12,12,c1_p100_20240126_o12,data/data_64/pi1_16104_100_12_20240126150755.jpg,c2_p100_20240126_o12,data/data_64/pi2_16104_100_12_20240126150756.jpg,c3_p100_20240126_o12,data/data_64/pi3_16104_100_12_20240126150757.jpg,c4_p100_20240126_o12,data/data_64/pi4_16104_100_12_20240126150756.jpg
p101_20231128,101,20231128,65,3_S6,12,11,c1_p101_20231128_o11,data/data_39/pi1_09875_101_11_20231128094048.jpg,c2_p101_20231128_o11,data/data_39/pi2_09875_101_11_20231128094048.jpg,c3_p101_20231128_o11,data/data_39/pi3_09875_101_11_20231128094048.jpg,c4_p101_20231128_o11,data/data_39/pi4_09875_101_11_20231128094049.jpg
p101_20231130,101,20231130,69,3_S6,12,10,c1_p101_20231130_o10,data/data_43/pi1_10834_101_10_20231130163420.jpg,c2_p101_20231130_o10,data/data_43/pi2_10834_101_10_20231130163421.jpg,c3_p101_20231130_o10,data/data_43/pi3_10834_101_10_20231130163420.jpg,c4_p101_20231130_o10,data/data_43/pi4_10834_101_10_20231130163421.jpg
p101_20231204,101,20231204,69,3_S6,12,12,c1_p101_20231204_o12,data/data_46/pi1_11556_101_12_20231204170014.jpg,c2_p101_20231204_o12,data/data_46/pi2_11556_101_12_20231204170014.jpg,c3_p101_20231204_o12,data/data_46/pi3_11556_101_12_20231204170015.jpg,c4_p101_20231204_o12,data/data_46/pi4_11556_101_12_20231204170015.jpg
p101_20231207,101,20231207,69,3_S6,12,5,c1_p101_20231207_o05,data/data_47/pi1_11789_101_5_20231207140511.jpg,c2_p101_20231207_o05,data/data_47/pi2_11789_101_5_20231207140512.jpg,c3_p101_20231207_o05,data/data_47/pi3_11789_101_5_20231207140512.jpg,c4_p101_20231207_o05,data/data_47/pi4_11789_101_5_20231207140513.jpg
p101_20231211,101,20231211,70,4_S7,12,5,c1_p101_20231211_o05,data/data_50/pi1_12509_101_5_20231211154904.jpg,c2_p101_20231211_o05,data/data_50/pi2_12509_101_5_20231211154903.jpg,c3_p101_20231211_o05,data/data_50/pi3_12509_101_5_20231211154904.jpg,c4_p101_20231211_o05,data/data_50/pi4_12509_101_5_20231211154904.jpg
p101_20231218,101,20231218,71,4_S7,12,6,c1_p101_20231218_o06,data/data_54/pi1_13710_101_6_20231218154842.jpg,c2_p101_20231218_o06,data/data_54/pi2_13710_101_6_20231218154842.jpg,c3_p101_20231218_o06,data/data_54/pi3_13710_101_6_20231218154842.jpg,c4_p101_20231218_o06,data/data_54/pi4_13710_101_6_20231218154842.jpg
p101_20231227,101,20231227,73,4_S7,12,5,c1_p101_20231227_o05,data/data_57/pi1_14429_101_5_20231227145159.jpg,c2_p101_20231227_o05,data/data_57/pi2_14429_101_5_20231227145159.jpg,c3_p101_20231227_o05,data/data_57/pi3_14429_101_5_20231227145200.jpg,c4_p101_20231227_o05,data/data_57/pi4_14429_101_5_20231227145200.jpg
p101_20240115,101,20240115,75,4_S7,12,11,c1_p101_20240115_o11,data/data_60/pi1_15155_101_11_20240115140854.jpg,c2_p101_20240115_o11,data/data_60/pi2_15155_101_11_20240115140854.jpg,c3_p101_20240115_o11,data/data_60/pi3_15155_101_11_20240115140854.jpg,c4_p101_20240115_o11,data/data_60/pi4_15155_101_11_20240115140854.jpg
p101_20240119,101,20240119,77,4_S7,12,6,c1_p101_20240119_o06,data/data_62/pi1_15630_101_6_20240119115401.jpg,c2_p101_20240119_o06,data/data_62/pi2_15630_101_6_20240119115401.jpg,c3_p101_20240119_o06,data/data_62/pi3_15630_101_6_20240119115402.jpg,c4_p101_20240119_o06,data/data_62/pi4_15630_101_6_20240119115401.jpg
p101_20240126,101,20240126,79,4_S7,12,12,c1_p101_20240126_o12,data/data_64/pi1_16116_101_12_20240126150927.jpg,c2_p101_20240126_o12,data/data_64/pi2_16116_101_12_20240126150928.jpg,c3_p101_20240126_o12,data/data_64/pi3_16116_101_12_20240126150929.jpg,c4_p101_20240126_o12,data/data_64/pi4_16116_101_12_20240126150928.jpg
