image_id,session,plant,fold,camera,bbch,cls,p_0_S1,p_1_S2,p_2_S5,p_3_S6,p_4_S7,p_5_S8,pred
c4_p005_20230816_o02,p005_20230816,5,0,4,65,3_S6,0.07047811,0.035569135,0.34897923,0.11810751,0.42565444,0.0012116138,4_S7
c4_p005_20230921_o07,p005_20230921,5,0,4,77,4_S7,0.0010932597,0.011266847,0.004456169,0.021586308,0.9590886,0.0025088168,4_S7
c4_p005_20231005_o09,p005_20231005,5,0,4,79,4_S7,0.00817737,0.007611284,0.24185523,0.116368115,0.6143032,0.011684822,4_S7
c4_p006_20230816_o04,p006_20230816,6,0,4,65,3_S6,0.00015220771,0.009866805,0.002414334,0.7872897,0.20026483,1.211991e-05,3_S6
c4_p006_20230921_o02,p006_20230921,6,0,4,78,4_S7,8.376201e-06,0.00017353566,0.00011696367,0.0060524805,0.9929684,0.00068025076,4_S7
c4_p006_20231005_o07,p006_20231005,6,0,4,79,4_S7,6.067598e-09,9.105261e-09,2.1140586e-08,5.592922e-09,0.9997582,0.00024177965,4_S7
c4_p008_20230816_o06,p008_20230816,8,0,4,63,3_S6,0.0005047273,0.006695589,0.02029834,0.9607778,0.0116980355,2.5501524e-05,3_S6
c4_p008_20230921_o03,p008_20230921,8,0,4,73,4_S7,0.00038416125,0.0007716795,0.0038844824,0.0049450076,0.98911333,0.00090130937,4_S7
c4_p008_20231005_o11,p008_20231005,8,0,4,76,4_S7,0.0022174667,0.009090287,0.010462281,0.45868778,0.5136512,0.005891006,4_S7
c4_p010_20230816_o07,p010_20230816,10,0,4,64,3_S6,1.615226e-06,0.00021199597,0.0031607647,0.9925047,0.004119671,1.1721393e-06,3_S6
c4_p010_20230921_o05,p010_20230921,10,0,4,72,4_S7,0.00023868195,0.11168251,0.009533682,0.01185391,0.8641267,0.002564605,4_S7
c4_p010_20231005_o03,p010_20231005,10,0,4,85,5_S8,3.1395226e-05,0.0107501075,0.0042208596,0.024572311,0.867644,0.09278133,4_S7
c4_p016_20230816_o05,p016_20230816,16,0,4,70,4_S7,1.5812686e-06,3.246795e-05,0.0003676453,0.9967319,0.0028656914,7.8856465e-07,3_S6
c4_p016_20230921_o12,p016_20230921,16,0,4,75,4_S7,7.216959e-06,0.0025039825,0.000109689514,0.54459465,0.4525116,0.00027288118,3_S6
c4_p016_20231005_o09,p016_20231005,16,0,4,77,4_S7,7.047673e-05,0.0005490427,0.00029507975,0.0002037772,0.98934585,0.009535783,4_S7
c4_p017_20230816_o06,p017_20230816,17,0,4,71,4_S7,0.017340457,0.024273338,0.07552276,0.6756391,0.20623645,0.0009879518,3_S6
c4_p017_20230921_o10,p017_20230921,17,0,4,74,4_S7,3.7160523e-06,1.586144e-05,7.2259454e-06,0.002799516,0.9961992,0.0009744911,4_S7
c4_p017_20231005_o06,p017_20231005,17,0,4,72,4_S7,0.0007317294,0.0018905521,0.003298674,0.00023187819,0.7298822,0.26396498,4_S7
c4_p025_20230828_o11,p025_20230828,25,0,4,16,0_S1,0.99909425,0.00044620386,0.00044392902,1.45666045e-05,3.4269334e-07,7.7612464e-07,0_S1
c4_p025_20230904_o03,p025_20230904,25,0,4,22,1_S2,0.70732325,0.21710321,0.067486785,0.007808933,0.000187925,8.989857e-05,0_S1
c4_p025_20230908_o12,p025_20230908,25,0,4,61,3_S6,0.00048888254,0.028417509,0.0020786375,0.7617762,0.2071118,0.00012696335,3_S6
c4_p025_20230921_o07,p025_20230921,25,0,4,70,4_S7,0.0013011934,0.0066854204,0.017492073,0.37577942,0.59564656,0.0030953512,4_S7
c4_p025_20231006_o12,p025_20231006,25,0,4,72,4_S7,0.06434407,0.023511026,0.32951596,0.5225323,0.059895568,0.00020113152,3_S6
c4_p025_20231017_o04,p025_20231017,25,0,4,75,4_S7,7.990484e-06,5.3306835e-06,0.00013840903,0.00092397514,0.99752504,0.0013992277,4_S7
c4_p025_20231023_o02,p025_20231023,25,0,4,76,4_S7,9.5111693e-07,0.00010045653,1.5409461e-05,0.0008565487,0.9988527,0.000173983,4_S7
c4_p025_20231027_o12,p025_20231027,25,0,4,77,4_S7,5.195086e-07,5.6524873e-06,1.2950234e-06,0.00016008876,0.999331,0.0005014453,4_S7
c4_p025_20231101_o07,p025_20231101,25,0,4,78,4_S7,6.9572883e-07,0.14299385,3.7888403e-05,0.008491948,0.84760094,0.0008747189,4_S7
c4_p025_20231106_o01,p025_20231106,25,0,4,79,4_S7,3.34327e-06,0.0002789826,8.5876934e-05,0.0001323627,0.99447954,0.005019928,4_S7
c4_p025_20231109_o12,p025_20231109,25,0,4,79,4_S7,2.2622734e-07,0.0008567433,6.102936e-06,0.0015832704,0.99712497,0.00042875274,4_S7
c4_p025_20231120_o02,p025_20231120,25,0,4,81,5_S8,2.3033479e-05,0.043499056,0.00082615216,2.2349333e-05,0.83654815,0.11908124,4_S7
c4_p025_20231124_o04,p025_20231124,25,0,4,81,5_S8,0.0010533956,0.29147068,0.009510049,0.01754577,0.38396856,0.2964515,4_S7
c4_p025_20231127_o09,p025_20231127,25,0,4,81,5_S8,0.00021811022,0.007499574,0.014191403,0.0072747483,0.17837113,0.792445,5_S8
c4_p025_20231130_o12,p025_20231130,25,0,4,81,5_S8,1.3038915e-05,0.0012366367,0.002709051,2.3183488e-06,0.0020331605,0.9940058,5_S8
c4_p030_20230828_o03,p030_20230828,30,0,4,15,0_S1,0.9992841,0.00029367564,0.00038305318,3.7550886e-05,1.0969221e-06,4.807575e-07,0_S1
c4_p030_20230904_o12,p030_20230904,30,0,4,53,2_S5,0.0112970965,0.0420228,0.8609222,0.08487529,0.0008653465,1.7267412e-05,2_S5
c4_p030_20230908_o03,p030_20230908,30,0,4,62,3_S6,3.2766195e-05,0.00041909743,0.00048114275,0.98270434,0.016340299,2.2290245e-05,3_S6
c4_p030_20230921_o03,p030_20230921,30,0,4,70,4_S7,5.658885e-07,0.00042223596,2.0288346e-05,0.0062778606,0.9931437,0.00013542258,4_S7
c4_p030_20231006_o12,p030_20231006,30,0,4,73,4_S7,1.07354005e-07,3.392451e-05,6.372962e-06,0.0008898612,0.99905485,1.4846663e-05,4_S7
c4_p030_20231017_o02,p030_20231017,30,0,4,75,4_S7,3.9065617e-06,0.0020601102,0.00013227234,0.0036082845,0.9930977,0.0010977434,4_S7
c4_p030_20231023_o04,p030_20231023,30,0,4,76,4_S7,1.1669396e-10,7.196287e-08,1.1282921e-09,0.00017075818,0.9997687,6.0498314e-05,4_S7
c4_p030_20231027_o04,p030_20231027,30,0,4,77,4_S7,3.834996e-10,6.014602e-06,5.092502e-08,0.0005420776,0.9992945,0.00015730767,4_S7
c4_p030_20231101_o01,p030_20231101,30,0,4,78,4_S7,0.0011215403,0.00016625081,0.00077607564,0.011793115,0.97041523,0.015727691,4_S7
c4_p030_20231106_o08,p030_20231106,30,0,4,79,4_S7,3.627028e-08,8.393081e-06,8.256644e-07,2.329532e-06,0.86000407,0.13998438,4_S7
c4_p030_20231109_o04,p030_20231109,30,0,4,79,4_S7,1.6374171e-08,0.010520398,2.999856e-06,3.2327058e-05,0.98452675,0.0049174232,4_S7
c4_p030_20231120_o03,p030_20231120,30,0,4,81,5_S8,4.9032826e-07,3.085989e-05,5.0716703e-06,0.00013751951,0.029430315,0.9703957,5_S8
c4_p030_20231124_o10,p030_20231124,30,0,4,82,5_S8,9.910724e-07,0.0005392676,0.0002807633,7.38175e-06,0.0024696526,0.9967019,5_S8
c4_p030_20231127_o02,p030_20231127,30,0,4,85,5_S8,7.1258764e-05,0.0014188964,0.0014490661,0.00081185537,0.39488137,0.60136753,5_S8
c4_p030_20231130_o06,p030_20231130,30,0,4,87,5_S8,8.514647e-08,9.145516e-08,2.755665e-06,8.4687685e-10,1.3186868e-06,0.9999957,5_S8
c4_p035_20230828_o11,p035_20230828,35,0,4,14,0_S1,0.9990577,0.00046074585,0.0003874055,5.2579904e-05,2.3909699e-05,1.7584638e-05,0_S1
c4_p035_20230904_o01,p035_20230904,35,0,4,16,0_S1,0.33032048,0.02813903,0.6193178,0.021685924,0.0005304902,6.256027e-06,2_S5
c4_p035_20230908_o08,p035_20230908,35,0,4,52,2_S5,0.0005683869,0.0003368866,0.0010233625,0.98792565,0.010044132,0.00010158775,3_S6
c4_p035_20230921_o06,p035_20230921,35,0,4,52,2_S5,7.862963e-05,0.002170627,0.0015088123,0.77482533,0.22125703,0.00015947886,3_S6
c4_p035_20231006_o07,p035_20231006,35,0,4,52,2_S5,7.909807e-05,0.09492514,0.0033867322,0.51675886,0.38325784,0.0015923526,3_S6
c4_p035_20231017_o05,p035_20231017,35,0,4,52,2_S5,0.0010535605,0.003488484,0.0025002265,0.035535164,0.95356125,0.00386133,4_S7
c4_p035_20231023_o05,p035_20231023,35,0,4,52,2_S5,9.538662e-05,0.00028764544,0.0005162759,0.007098405,0.9902024,0.0017997937,4_S7
c4_p035_20231027_o02,p035_20231027,35,0,4,52,2_S5,0.00017850428,0.001689533,0.00014652044,0.00306815,0.97987354,0.0150438305,4_S7
c4_p035_20231101_o11,p035_20231101,35,0,4,52,2_S5,0.00028591297,0.29726276,0.0014529597,0.0007266454,0.6755972,0.02467455,4_S7
c4_p035_20231106_o08,p035_20231106,35,0,4,52,2_S5,2.5611018e-07,8.883731e-05,2.1976375e-06,0.00028761337,0.999065,0.00055616174,4_S7
c4_p035_20231109_o09,p035_20231109,35,0,4,52,2_S5,6.794932e-07,0.00021256178,7.784222e-06,0.00022437428,0.9670054,0.03254923,4_S7
c4_p035_20231120_o07,p035_20231120,35,0,4,52,2_S5,3.3832524e-08,8.9516136e-05,4.7643468e-07,3.3883834e-06,0.78411597,0.2157907,4_S7
c4_p035_20231124_o01,p035_20231124,35,0,4,52,2_S5,0.00012418412,0.13020082,0.016497297,0.019574113,0.5449305,0.288673,4_S7
c4_p035_20231127_o10,p035_20231127,35,0,4,52,2_S5,1.9672914e-05,0.0006450147,0.00020817308,0.054708663,0.937925,0.006493465,4_S7
c4_p035_20231130_o06,p035_20231130,35,0,4,52,2_S5,5.9579364e-05,0.045898404,0.04340302,0.00015246775,0.14598936,0.76449716,5_S8
c4_p036_20230828_o07,p036_20230828,36,0,4,51,2_S5,0.8956086,0.078840286,0.024830664,0.00059371715,2.6428579e-05,0.00010032186,0_S1
c4_p036_20230904_o04,p036_20230904,36,0,4,60,3_S6,0.2197188,0.065264344,0.7083256,0.0066715735,1.6068658e-05,3.5541161e-06,2_S5
c4_p036_20230908_o01,p036_20230908,36,0,4,63,3_S6,0.00013041479,0.0064299325,0.0041715004,0.9633689,0.025881171,1.7997438e-05,3_S6
c4_p036_20230921_o03,p036_20230921,36,0,4,70,4_S7,0.0008246459,0.0007626303,0.005776045,0.41290402,0.579334,0.000398636,4_S7
c4_p036_20231006_o01,p036_20231006,36,0,4,72,4_S7,0.011980268,0.04489838,0.29706928,0.5643882,0.08067927,0.0009846222,3_S6
c4_p036_20231017_o03,p036_20231017,36,0,4,73,4_S7,6.187278e-07,5.681498e-05,4.0680537e-05,9.144511e-05,0.99937516,0.00043537555,4_S7
c4_p036_20231023_o02,p036_20231023,36,0,4,74,4_S7,1.0469324e-09,3.9301742e-08,2.467903e-08,5.2945292e-05,0.99986184,8.519253e-05,4_S7
c4_p036_20231027_o05,p036_20231027,36,0,4,75,4_S7,3.7168022e-07,3.0501549e-06,2.4333892e-06,0.002216669,0.9963342,0.0014432941,4_S7
c4_p036_20231101_o09,p036_20231101,36,0,4,76,4_S7,5.9523404e-07,5.3748157e-05,1.4218962e-05,0.013775651,0.9852679,0.00088789774,4_S7
c4_p036_20231106_o06,p036_20231106,36,0,4,77,4_S7,6.5538115e-05,0.00024222676,0.0003466523,0.002914611,0.9386801,0.05775074,4_S7
c4_p036_20231109_o04,p036_20231109,36,0,4,78,4_S7,3.8389505e-10,8.331923e-09,9.3118374e-10,4.2078696e-07,0.9962579,0.0037416844,4_S7
c4_p036_20231120_o10,p036_20231120,36,0,4,81,5_S8,2.0124915e-05,0.000181642,0.00010954033,4.00708e-05,0.004621044,0.9950276,5_S8
c4_p036_20231124_o08,p036_20231124,36,0,4,82,5_S8,3.4434408e-05,0.00022709639,0.00058819924,0.00017570722,0.0010582394,0.9979163,5_S8
c4_p036_20231127_o04,p036_20231127,36,0,4,83,5_S8,3.3780166e-06,2.6986701e-05,2.018246e-05,0.00017710526,0.0018177662,0.9979545,5_S8
c4_p036_20231130_o05,p036_20231130,36,0,4,84,5_S8,1.3551318e-05,3.3484288e-05,0.00025636313,9.704041e-06,0.0030509492,0.996636,5_S8
c4_p054_20230929_o02,p054_20230929,54,0,4,13,0_S1,0.99991024,2.0421735e-06,1.2450355e-05,1.7068858e-06,4.6072757e-05,2.7496088e-05,0_S1
c4_p054_20231004_o11,p054_20231004,54,0,4,13,0_S1,0.9999782,2.1803255e-06,3.034693e-06,5.92859e-07,5.4226475e-06,1.0690242e-05,0_S1
c4_p054_20231011_o12,p054_20231011,54,0,4,14,0_S1,0.97640866,0.0010187081,0.0027951214,0.0027131708,0.014330762,0.0027334497,0_S1
c4_p054_20231017_o04,p054_20231017,54,0,4,53,2_S5,0.076581754,0.03213647,0.8642578,0.0049334127,0.009548513,0.012542132,2_S5
c4_p054_20231019_o06,p054_20231019,54,0,4,53,2_S5,0.97270465,0.0007590817,0.024670335,0.0010849332,0.00016770403,0.00061336916,0_S1
c4_p054_20231023_o06,p054_20231023,54,0,4,60,3_S6,0.239552,0.006036131,0.7127042,0.030889608,0.0045304173,0.0062875887,2_S5
c4_p054_20231027_o07,p054_20231027,54,0,4,65,3_S6,0.012958125,9.423254e-05,0.0017067469,0.66173977,0.31956324,0.003937867,3_S6
c4_p054_20231101_o11,p054_20231101,54,0,4,65,3_S6,0.06416196,0.00062116364,0.0037181303,0.02692715,0.89391077,0.010660842,4_S7
c4_p054_20231106_o02,p054_20231106,54,0,4,68,3_S6,0.002709352,0.00013749313,0.004037321,0.41715243,0.5743101,0.0016532292,4_S7
c4_p054_20231109_o05,p054_20231109,54,0,4,70,4_S7,0.0007773315,0.00013018707,0.0013785382,0.021834249,0.9737293,0.002150322,4_S7
c4_p054_20231120_o02,p054_20231120,54,0,4,71,4_S7,0.0001724117,1.7760034e-06,7.66821e-05,0.0026724741,0.9187139,0.07836279,4_S7
c4_p054_20231127_o02,p054_20231127,54,0,4,73,4_S7,1.2294098e-05,5.569212e-05,1.1667568e-05,0.0067043756,0.99281186,0.0004040172,4_S7
c4_p054_20231130_o04,p054_20231130,54,0,4,75,4_S7,2.0023746e-05,7.4305026e-06,1.6348535e-05,0.00033286394,0.70936084,0.29026252,4_S7
c4_p054_20231204_o04,p054_20231204,54,0,4,78,4_S7,3.4686866e-06,9.661561e-07,2.5646789e-06,4.0048333e-05,0.99887234,0.0010806004,4_S7
c4_p054_20231211_o04,p054_20231211,54,0,4,79,4_S7,1.8344856e-05,0.0004381138,0.00012197516,0.0023709643,0.95015204,0.046898603,4_S7
c4_p054_20231214_o11,p054_20231214,54,0,4,79,4_S7,3.3355583e-09,7.3661445e-11,6.7410694e-10,2.5421514e-09,0.9627197,0.037280273,4_S7
c4_p054_20231218_o07,p054_20231218,54,0,4,79,4_S7,1.1213735e-07,1.8260237e-06,9.291438e-07,0.0028185549,0.996099,0.0010794923,4_S7
c4_p054_20231227_o03,p054_20231227,54,0,4,79,4_S7,1.745479e-06,5.4106128e-08,4.113444e-07,9.246687e-06,0.7971087,0.20287992,4_S7
c4_p054_20240104_o08,p054_20240104,54,0,4,82,5_S8,5.003668e-06,9.158518e-06,1.1184969e-05,1.8933458e-06,0.00032550519,0.99964726,5_S8
c4_p057_20230929_o10,p057_20230929,57,0,4,13,0_S1,0.99998784,1.9262918e-06,7.545356e-06,8.5475824e-07,4.9903036e-07,1.4215199e-06,0_S1
c4_p057_20231004_o08,p057_20231004,57,0,4,13,0_S1,0.5110388,0.023834147,0.44247404,0.0047100475,0.00799095,0.00995198,0_S1
c4_p057_20231011_o05,p057_20231011,57,0,4,21,1_S2,0.9981931,0.00027762348,0.0011376203,0.00035902814,2.5227995e-05,7.5041316e-06,0_S1
c4_p057_20231017_o10,p057_20231017,57,0,4,60,3_S6,0.013906668,0.08351767,0.8095328,0.08081802,0.011848754,0.0003760516,2_S5
c4_p057_20231019_o01,p057_20231019,57,0,4,61,3_S6,0.008561922,0.02103481,0.5087562,0.44971576,0.01168568,0.0002455933,2_S5
c4_p057_20231023_o09,p057_20231023,57,0,4,64,3_S6,5.1229337e-05,0.00056540256,0.01627528,0.975446,0.007655121,7.0820947e-06,3_S6
c4_p057_20231027_o05,p057_20231027,57,0,4,65,3_S6,7.791323e-06,0.0001380255,6.1217725e-05,0.8550198,0.14473523,3.7924485e-05,3_S6
c4_p057_20231101_o02,p057_20231101,57,0,4,67,3_S6,0.00015696549,0.0011262079,0.015841845,0.9195567,0.063215636,0.00010267165,3_S6
c4_p057_20231106_o11,p057_20231106,57,0,4,70,4_S7,1.13792e-06,3.1431023e-06,3.1608915e-06,0.30160797,0.6952312,0.003153371,4_S7
c4_p057_20231109_o10,p057_20231109,57,0,4,71,4_S7,2.2348377e-05,5.497354e-06,9.994306e-06,0.0010585752,0.94440794,0.054495573,4_S7
c4_p057_20231120_o05,p057_20231120,57,0,4,73,4_S7,2.1469657e-09,4.9600485e-06,2.5097006e-07,0.0013284195,0.9975321,0.001134214,4_S7
c4_p057_20231127_o04,p057_20231127,57,0,4,75,4_S7,2.921259e-08,4.9943046e-06,2.5584097e-07,0.0009279822,0.9989926,7.4195144e-05,4_S7
c4_p057_20231130_o12,p057_20231130,57,0,4,77,4_S7,5.46611e-07,1.3978467e-07,1.844937e-06,5.6267854e-06,0.067759104,0.9322327,5_S8
c4_p057_20231204_o04,p057_20231204,57,0,4,78,4_S7,2.9335558e-07,2.3201283e-08,5.116625e-08,3.6972554e-06,0.9998983,9.77414e-05,4_S7
c4_p057_20231211_o11,p057_20231211,57,0,4,79,4_S7,1.13727204e-07,6.696018e-07,1.5581691e-06,2.7344906e-05,0.9798044,0.020165967,4_S7
c4_p057_20231214_o03,p057_20231214,57,0,4,79,4_S7,4.470348e-09,9.143312e-10,3.1574558e-08,2.0913703e-06,0.86656255,0.13343532,4_S7
c4_p057_20231218_o08,p057_20231218,57,0,4,79,4_S7,7.013803e-09,8.276927e-10,6.063426e-09,2.1840474e-07,0.20774549,0.7922543,5_S8
c4_p057_20231227_o02,p057_20231227,57,0,4,80,5_S8,4.825657e-07,7.5958916e-08,3.3166734e-07,1.7182177e-07,0.081325576,0.9186733,5_S8
c4_p057_20240104_o06,p057_20240104,57,0,4,83,5_S8,3.9502774e-07,2.304049e-07,1.2680126e-06,1.657484e-08,0.00050288765,0.99949515,5_S8
c4_p066_20231006_o04,p066_20231006,66,0,4,13,0_S1,0.99969745,2.5650208e-06,3.453743e-06,1.6615501e-06,5.862436e-05,0.00023621111,0_S1
c4_p066_20231011_o07,p066_20231011,66,0,4,13,0_S1,0.9989411,4.040398e-06,1.4614084e-05,6.516069e-06,0.00029334062,0.0007403936,0_S1
c4_p066_20231017_o07,p066_20231017,66,0,4,13,0_S1,0.9999857,9.4067514e-07,4.391686e-06,3.670243e-07,1.7630025e-06,6.8280974e-06,0_S1
c4_p066_20231019_o05,p066_20231019,66,0,4,13,0_S1,0.9978917,0.00060819153,0.001283262,4.695235e-05,1.43747575e-05,0.00015549129,0_S1
c4_p066_20231023_o07,p066_20231023,66,0,4,13,0_S1,0.9866219,0.00021445387,0.012516038,0.00037065224,0.00014371796,0.0001331893,0_S1
c4_p066_20231027_o12,p066_20231027,66,0,4,14,0_S1,0.76795787,0.0440106,0.18447122,0.003465887,4.8056012e-05,4.63866e-05,0_S1
c4_p066_20231101_o05,p066_20231101,66,0,4,53,2_S5,0.18669127,0.113612294,0.68651193,0.013015145,0.00012779188,4.158571e-05,2_S5
c4_p066_20231106_o03,p066_20231106,66,0,4,60,3_S6,3.395454e-05,0.00028467417,0.0010035344,0.99029726,0.008067007,0.00031356866,3_S6
c4_p066_20231109_o11,p066_20231109,66,0,4,65,3_S6,6.4149914e-05,0.00018926985,0.0011095592,0.9213332,0.0771372,0.00016658162,3_S6
c4_p066_20231120_o02,p066_20231120,66,0,4,67,3_S6,8.000424e-07,1.96986e-05,5.012103e-05,0.97888833,0.021037828,3.1552972e-06,3_S6
c4_p066_20231127_o08,p066_20231127,66,0,4,70,4_S7,2.3546015e-07,8.987183e-07,2.7649162e-07,0.03641917,0.9635784,1.0818335e-06,4_S7
c4_p066_20231130_o08,p066_20231130,66,0,4,71,4_S7,2.4398882e-06,1.0918024e-05,3.42847e-05,0.0038100653,0.9955705,0.00057173386,4_S7
c4_p066_20231204_o07,p066_20231204,66,0,4,73,4_S7,4.5349995e-07,1.2093426e-06,3.8283082e-07,0.020971142,0.97899985,2.6964455e-05,4_S7
c4_p066_20231211_o01,p066_20231211,66,0,4,75,4_S7,7.58658e-06,0.00022295678,0.00018515081,0.009263304,0.9888904,0.0014306317,4_S7
c4_p066_20231214_o01,p066_20231214,66,0,4,78,4_S7,7.1598095e-08,7.574648e-07,4.7626096e-07,0.00054820965,0.9982798,0.001170633,4_S7
c4_p066_20231218_o11,p066_20231218,66,0,4,79,4_S7,2.4170147e-08,0.00011667007,1.1905321e-06,0.00018902271,0.9996599,3.320872e-05,4_S7
c4_p066_20231227_o10,p066_20231227,66,0,4,80,5_S8,3.865099e-06,0.00021370382,2.6521291e-05,7.2402465e-05,0.9447648,0.054918807,4_S7
c4_p066_20240115_o04,p066_20240115,66,0,4,82,5_S8,4.2855278e-10,3.6079524e-09,8.782057e-09,1.7034724e-10,6.0109985e-05,0.9999399,5_S8
c4_p066_20240119_o05,p066_20240119,66,0,4,82,5_S8,7.3264744e-10,1.6327194e-10,2.2403847e-10,2.0222526e-09,1.4611904e-05,0.99998534,5_S8
c4_p066_20240126_o07,p066_20240126,66,0,4,84,5_S8,2.7957746e-08,9.406782e-08,1.01719706e-07,1.1958166e-07,0.00045840364,0.9995413,5_S8
c4_p069_20231006_o11,p069_20231006,69,0,4,13,0_S1,0.9999058,1.5665318e-06,3.5752278e-06,1.6007747e-06,2.6769036e-05,6.0586706e-05,0_S1
c4_p069_20231011_o06,p069_20231011,69,0,4,13,0_S1,0.99962175,2.7602703e-06,1.3470307e-05,4.8778916e-06,0.00010212065,0.0002550222,0_S1
c4_p069_20231017_o08,p069_20231017,69,0,4,13,0_S1,0.99987316,1.7130462e-05,8.958702e-05,5.790373e-06,5.9662657e-06,8.261258e-06,0_S1
c4_p069_20231019_o12,p069_20231019,69,0,4,14,0_S1,0.9998349,3.5611774e-05,9.8922166e-05,6.216685e-06,1.702438e-06,2.2641576e-05,0_S1
c4_p069_20231023_o09,p069_20231023,69,0,4,14,0_S1,0.9185312,0.024568072,0.053256154,0.0014473465,0.0011013247,0.0010959613,0_S1
c4_p069_20231027_o12,p069_20231027,69,0,4,15,0_S1,0.8129225,0.04441715,0.12358793,0.015660452,0.0030796947,0.00033222834,0_S1
c4_p069_20231101_o08,p069_20231101,69,0,4,53,2_S5,0.2125335,0.018993383,0.6722928,0.091786645,0.0035866578,0.00080696103,2_S5
c4_p069_20231106_o12,p069_20231106,69,0,4,61,3_S6,5.172087e-05,0.0005818329,0.00021502611,0.86701953,0.13195491,0.00017696542,3_S6
c4_p069_20231109_o11,p069_20231109,69,0,4,66,3_S6,3.335128e-08,4.8183846e-08,7.1459276e-08,0.08577365,0.91042846,0.0037977358,4_S7
c4_p069_20231120_o06,p069_20231120,69,0,4,70,4_S7,6.9022744e-06,3.2820294e-06,4.0429506e-05,0.13453427,0.8636048,0.0018102571,4_S7
c4_p069_20231127_o09,p069_20231127,69,0,4,72,4_S7,3.3228623e-06,1.7274731e-05,5.157152e-06,0.8080419,0.19186655,6.586936e-05,3_S6
c4_p069_20231130_o07,p069_20231130,69,0,4,73,4_S7,6.5164063e-06,3.3160477e-06,9.2664695e-06,0.00046223516,0.9989128,0.00060579,4_S7
c4_p069_20231204_o04,p069_20231204,69,0,4,74,4_S7,0.0001339143,0.00010927202,3.636634e-05,0.066713355,0.93082297,0.002184084,4_S7
c4_p069_20231211_o05,p069_20231211,69,0,4,76,4_S7,0.00019185572,7.256822e-05,0.00021851473,0.013324211,0.9449493,0.041243505,4_S7
c4_p069_20231214_o05,p069_20231214,69,0,4,77,4_S7,8.853228e-08,2.920774e-10,9.237502e-09,1.4066428e-07,0.99836105,0.001638656,4_S7
c4_p069_20231218_o05,p069_20231218,69,0,4,78,4_S7,8.7026066e-08,1.2294635e-08,1.607595e-07,8.337302e-08,0.4554721,0.54452753,5_S8
c4_p069_20231227_o06,p069_20231227,69,0,4,79,4_S7,6.4593206e-09,1.01817554e-10,1.9676982e-09,1.3486376e-09,0.7733628,0.22663718,4_S7
c4_p069_20240115_o04,p069_20240115,69,0,4,82,5_S8,2.104625e-08,1.3765285e-07,2.5097881e-07,2.3936735e-09,6.386796e-05,0.99993575,5_S8
c4_p069_20240119_o06,p069_20240119,69,0,4,82,5_S8,9.70105e-07,4.4151477e-08,2.5205708e-07,5.354012e-07,0.0032136193,0.99678457,5_S8
c4_p069_20240126_o09,p069_20240126,69,0,4,84,5_S8,9.325206e-06,7.8915355e-06,6.8206637e-06,4.813549e-06,0.035523534,0.9644476,5_S8
c4_p070_20231006_o08,p070_20231006,70,0,4,13,0_S1,0.9999541,5.227926e-07,1.1225953e-06,4.5294442e-07,1.0237272e-05,3.3575496e-05,0_S1
c4_p070_20231011_o08,p070_20231011,70,0,4,13,0_S1,0.9991447,2.7061292e-06,9.601987e-06,2.9788405e-06,0.00015205509,0.00068790774,0_S1
c4_p070_20231017_o03,p070_20231017,70,0,4,13,0_S1,0.99929225,0.00021982029,0.00040970897,3.7297294e-05,1.249764e-05,2.8413602e-05,0_S1
c4_p070_20231019_o02,p070_20231019,70,0,4,14,0_S1,0.99931586,9.1756076e-05,0.00048149706,1.3832581e-05,8.260765e-06,8.8857334e-05,0_S1
c4_p070_20231023_o03,p070_20231023,70,0,4,14,0_S1,0.9855951,0.0050462196,0.008020855,0.0011103139,0.000111419555,0.00011615119,0_S1
c4_p070_20231027_o01,p070_20231027,70,0,4,21,1_S2,0.26850098,0.079798564,0.41001663,0.24003324,0.0015672451,8.33827e-05,2_S5
c4_p070_20231101_o12,p070_20231101,70,0,4,60,3_S6,0.05070621,0.044214327,0.8408685,0.06251697,0.0015364975,0.00015753013,2_S5
c4_p070_20231106_o08,p070_20231106,70,0,4,62,3_S6,6.1613724e-07,2.5354955e-06,8.297879e-06,0.9997148,0.00026999146,3.8291632e-06,3_S6
c4_p070_20231109_o07,p070_20231109,70,0,4,65,3_S6,2.8605415e-05,0.0010954434,0.0012533064,0.375936,0.6211519,0.0005346874,4_S7
c4_p070_20231120_o03,p070_20231120,70,0,4,70,4_S7,1.8964789e-05,3.6125122e-05,9.64505e-05,0.89742863,0.10195836,0.0004613959,3_S6
c4_p070_20231127_o07,p070_20231127,70,0,4,71,4_S7,3.9976643e-05,7.048821e-05,2.0313504e-05,0.023376465,0.9764357,5.7081576e-05,4_S7
c4_p070_20231130_o09,p070_20231130,70,0,4,73,4_S7,0.00035687297,0.001221374,0.00828372,0.022114841,0.9042778,0.063745305,4_S7
c4_p070_20231204_o04,p070_20231204,70,0,4,75,4_S7,6.5614213e-06,5.032949e-05,5.0125122e-06,0.0073219314,0.99259454,2.1684815e-05,4_S7
c4_p070_20231211_o04,p070_20231211,70,0,4,76,4_S7,3.4083903e-06,6.034592e-06,8.303303e-06,0.0011423556,0.9985392,0.00030066006,4_S7
c4_p070_20231214_o02,p070_20231214,70,0,4,77,4_S7,4.270631e-08,1.269558e-08,4.0374704e-09,2.9790064e-07,0.99951625,0.00048350223,4_S7
c4_p070_20231218_o04,p070_20231218,70,0,4,78,4_S7,1.3878818e-07,2.4005353e-06,8.5879003e-07,1.2296144e-06,0.43042415,0.56957126,5_S8
c4_p070_20231227_o05,p070_20231227,70,0,4,79,4_S7,1.389931e-09,4.6951927e-09,9.833932e-09,7.497246e-09,0.1460235,0.85397655,5_S8
c4_p070_20240115_o04,p070_20240115,70,0,4,83,5_S8,1.2240178e-06,1.50827145e-05,1.2739021e-05,2.112222e-08,0.0021287329,0.9978422,5_S8
c4_p070_20240119_o04,p070_20240119,70,0,4,84,5_S8,8.3423294e-07,3.624722e-07,9.628775e-07,3.2368368e-07,0.00017239792,0.99982506,5_S8
c4_p070_20240126_o01,p070_20240126,70,0,4,88,5_S8,1.4189203e-07,8.939205e-09,9.438517e-08,6.3754757e-09,2.024377e-05,0.9999795,5_S8
c4_p075_20231006_o05,p075_20231006,75,0,4,13,0_S1,0.999895,8.931879e-07,1.9347488e-06,6.208861e-07,1.6643124e-05,8.492077e-05,0_S1
c4_p075_20231011_o01,p075_20231011,75,0,4,13,0_S1,0.9995901,1.2381203e-06,7.5033045e-06,1.4935038e-06,7.280901e-05,0.0003268468,0_S1
c4_p075_20231017_o05,p075_20231017,75,0,4,13,0_S1,0.9999205,4.56923e-06,5.006685e-05,1.7791779e-06,1.4735174e-05,8.321921e-06,0_S1
c4_p075_20231019_o07,p075_20231019,75,0,4,14,0_S1,0.9963378,0.00032836228,0.0017188381,0.00010625479,0.00022433445,0.0012843392,0_S1
c4_p075_20231023_o02,p075_20231023,75,0,4,14,0_S1,0.7390439,0.10255228,0.14654022,0.006701306,0.0030240086,0.00213832,0_S1
c4_p075_20231027_o04,p075_20231027,75,0,4,53,2_S5,0.12692451,0.062728025,0.7163272,0.08287531,0.008214086,0.002930876,2_S5
c4_p075_20231101_o01,p075_20231101,75,0,4,53,2_S5,0.0155255385,0.08957252,0.8266982,0.063003175,0.004917394,0.00028323632,2_S5
c4_p075_20231106_o12,p075_20231106,75,0,4,54,2_S5,8.395598e-08,2.7799203e-07,1.1243989e-06,0.97942376,0.02040214,0.00017266032,3_S6
c4_p075_20231109_o04,p075_20231109,75,0,4,60,3_S6,6.0703985e-07,4.8836814e-06,2.8551003e-05,0.9846214,0.014753892,0.0005907303,3_S6
c4_p075_20231120_o06,p075_20231120,75,0,4,68,3_S6,1.1114501e-05,0.00043703537,0.0001607794,0.7912946,0.20795953,0.00013692776,3_S6
c4_p075_20231127_o12,p075_20231127,75,0,4,73,4_S7,2.378314e-05,0.00092995045,5.7856912e-05,0.20718008,0.7911876,0.00062081334,4_S7
c4_p075_20231130_o09,p075_20231130,75,0,4,74,4_S7,0.000978961,0.00059778435,0.0002629604,0.15570532,0.8382203,0.004234607,4_S7
c4_p075_20231204_o11,p075_20231204,75,0,4,75,4_S7,0.0003944307,0.0039053592,0.00036575436,0.109618425,0.8839085,0.0018075695,4_S7
c4_p075_20231211_o03,p075_20231211,75,0,4,76,4_S7,8.3967876e-05,0.00022448906,0.00032669667,0.0032984198,0.9258569,0.07020952,4_S7
c4_p075_20231214_o09,p075_20231214,75,0,4,77,4_S7,1.0137259e-07,8.671184e-09,2.9165584e-08,5.271214e-07,0.9997507,0.0002486103,4_S7
c4_p075_20231218_o05,p075_20231218,75,0,4,78,4_S7,5.434785e-09,1.3933838e-07,6.0645405e-08,3.0010483e-08,0.92355955,0.07644017,4_S7
c4_p075_20231227_o06,p075_20231227,75,0,4,80,5_S8,1.1234547e-06,3.4743525e-06,4.5049455e-06,1.7455928e-07,0.0011294789,0.9988613,5_S8
c4_p075_20240115_o08,p075_20240115,75,0,4,83,5_S8,2.385118e-06,3.6101187e-07,2.6330497e-06,1.1639294e-07,2.5564665e-05,0.9999689,5_S8
c4_p075_20240119_o11,p075_20240119,75,0,4,85,5_S8,2.0200341e-06,2.4507165e-06,9.306711e-06,2.3006052e-07,4.58602e-05,0.99994004,5_S8
c4_p075_20240126_o03,p075_20240126,75,0,4,87,5_S8,7.98337e-10,7.44177e-11,1.2190055e-09,4.4499432e-11,8.959089e-08,0.9999999,5_S8
c4_p079_20231006_o12,p079_20231006,79,0,4,13,0_S1,0.999681,9.2429354e-07,1.3092897e-06,3.974878e-07,3.7267528e-05,0.00027912098,0_S1
c4_p079_20231011_o01,p079_20231011,79,0,4,13,0_S1,0.9999722,3.5560288e-07,1.7962251e-06,2.2201401e-07,3.4980262e-06,2.1909587e-05,0_S1
c4_p079_20231017_o11,p079_20231017,79,0,4,13,0_S1,0.9999076,1.0534587e-05,3.3157416e-05,3.462636e-06,7.1397385e-06,3.8129063e-05,0_S1
c4_p079_20231019_o05,p079_20231019,79,0,4,14,0_S1,0.9993568,7.039955e-05,0.0003400283,1.8809726e-05,9.40015e-06,0.00020451915,0_S1
c4_p079_20231023_o12,p079_20231023,79,0,4,14,0_S1,0.88494486,0.022064922,0.05487383,0.008327777,0.023380954,0.006407698,0_S1
c4_p079_20231027_o09,p079_20231027,79,0,4,20,1_S2,0.044730313,0.017575635,0.9114099,0.013008627,0.011559288,0.0017161424,2_S5
c4_p079_20231101_o10,p079_20231101,79,0,4,52,2_S5,0.047324073,0.059080075,0.79027843,0.09448443,0.00850281,0.0003302157,2_S5
c4_p079_20231106_o01,p079_20231106,79,0,4,65,3_S6,2.8857461e-05,0.00014861413,0.00029114363,0.97279954,0.025672454,0.0010593847,3_S6
c4_p079_20231109_o11,p079_20231109,79,0,4,69,3_S6,1.7217452e-06,5.2570413e-06,0.000106801854,0.9884597,0.010426588,0.0009998457,3_S6
c4_p079_20231120_o05,p079_20231120,79,0,4,70,4_S7,6.9153094e-07,0.00021872684,1.5628772e-05,0.17890893,0.8203446,0.0005113944,4_S7
c4_p079_20231127_o10,p079_20231127,79,0,4,73,4_S7,1.2317057e-07,7.5293738e-06,5.239081e-07,0.011927457,0.9880574,7.1131567e-06,4_S7
c4_p079_20231130_o04,p079_20231130,79,0,4,74,4_S7,0.00048789417,0.00085867534,0.001255768,0.05529383,0.92957866,0.012525136,4_S7
c4_p079_20231204_o12,p079_20231204,79,0,4,75,4_S7,0.00034828458,0.0033117023,0.00021328863,0.62229145,0.37051067,0.0033246498,3_S6
c4_p079_20231211_o12,p079_20231211,79,0,4,76,4_S7,6.888055e-08,3.594673e-07,2.2223341e-07,0.0013651359,0.9986338,3.544519e-07,4_S7
c4_p079_20231214_o03,p079_20231214,79,0,4,77,4_S7,3.3302473e-05,1.7942837e-05,4.430412e-05,0.00033678455,0.9763082,0.023259414,4_S7
c4_p079_20231218_o08,p079_20231218,79,0,4,78,4_S7,1.3495453e-08,1.0263926e-07,3.189243e-08,1.7903345e-08,0.9982368,0.0017630473,4_S7
c4_p079_20231227_o02,p079_20231227,79,0,4,79,4_S7,9.431338e-07,1.2611416e-06,2.2880272e-06,1.11008785e-05,0.9958003,0.0041841255,4_S7
c4_p079_20240115_o08,p079_20240115,79,0,4,81,5_S8,2.7565953e-08,6.029577e-08,2.720797e-07,2.2561102e-09,3.347298e-05,0.99996614,5_S8
c4_p079_20240119_o02,p079_20240119,79,0,4,82,5_S8,4.4221004e-08,3.3438834e-08,7.7329524e-08,7.467808e-08,3.3336102e-05,0.9999664,5_S8
c4_p079_20240126_o01,p079_20240126,79,0,4,87,5_S8,5.6784154e-07,9.350631e-07,2.463676e-06,3.510281e-07,0.0002163256,0.9997793,5_S8
c4_p086_20231128_o05,p086_20231128,86,0,4,68,3_S6,0.0005372952,6.076672e-05,6.879234e-05,0.9963542,0.0029486388,3.0346944e-05,3_S6
c4_p086_20231130_o03,p086_20231130,86,0,4,69,3_S6,8.90887e-06,2.2859444e-05,1.6632147e-06,0.99962676,0.00033981487,7.608955e-08,3_S6
c4_p086_20231204_o11,p086_20231204,86,0,4,78,4_S7,2.722064e-05,7.652024e-05,4.3978707e-06,0.99159324,0.008295507,3.1375541e-06,3_S6
c4_p086_20231207_o03,p086_20231207,86,0,4,67,3_S6,0.0005004034,0.00013029673,0.00017827257,0.45952794,0.53744334,0.00221974,4_S7
c4_p086_20231211_o08,p086_20231211,86,0,4,71,4_S7,2.954365e-05,1.8099206e-05,2.03373e-05,0.038962256,0.9570729,0.0038968993,4_S7
c4_p086_20231218_o10,p086_20231218,86,0,4,72,4_S7,1.4742282e-09,1.4485661e-08,9.103238e-09,5.9851594e-08,0.99877566,0.001224312,4_S7
c4_p086_20231227_o01,p086_20231227,86,0,4,73,4_S7,1.0479794e-08,1.6951319e-07,2.5025235e-08,6.726387e-07,0.9998042,0.00019496275,4_S7
c4_p086_20240115_o09,p086_20240115,86,0,4,75,4_S7,2.8020272e-06,5.894998e-06,4.6407986e-06,2.005218e-05,0.8887658,0.11120088,4_S7
c4_p086_20240119_o04,p086_20240119,86,0,4,78,4_S7,4.6986157e-09,2.3916746e-06,1.0090435e-07,6.6990987e-07,0.58857924,0.4114176,4_S7
c4_p086_20240126_o02,p086_20240126,86,0,4,81,5_S8,4.686297e-12,1.1520301e-10,4.6874078e-11,1.0608642e-11,0.012707563,0.9872924,5_S8
c4_p087_20231128_o09,p087_20231128,87,0,4,66,3_S6,0.00024857422,1.376095e-05,2.0810978e-05,0.99795204,0.0017545279,1.0312866e-05,3_S6
c4_p087_20231130_o06,p087_20231130,87,0,4,68,3_S6,4.843261e-05,0.00025635317,1.9716059e-05,0.95882493,0.040835056,1.5482678e-05,3_S6
c4_p087_20231204_o03,p087_20231204,87,0,4,69,3_S6,8.5573796e-05,0.0015107252,8.936698e-05,0.7677483,0.23007211,0.00049391156,3_S6
c4_p087_20231207_o11,p087_20231207,87,0,4,70,4_S7,5.336596e-05,6.0663904e-05,6.643123e-05,0.039533306,0.9583721,0.0019141684,4_S7
c4_p087_20231211_o07,p087_20231211,87,0,4,71,4_S7,3.4308374e-05,6.385149e-06,1.3366887e-05,0.05012594,0.9331384,0.016681695,4_S7
c4_p087_20231218_o06,p087_20231218,87,0,4,73,4_S7,1.070411e-06,1.1562087e-06,1.6165947e-06,2.030982e-05,0.9964084,0.0035673582,4_S7
c4_p087_20231227_o07,p087_20231227,87,0,4,75,4_S7,3.563641e-07,1.7609936e-07,5.301223e-07,1.0065332e-05,0.99804115,0.0019477187,4_S7
c4_p087_20240115_o10,p087_20240115,87,0,4,78,4_S7,3.943383e-06,0.0012117026,7.650523e-06,6.0405665e-07,0.84430087,0.15447527,4_S7
c4_p087_20240119_o03,p087_20240119,87,0,4,79,4_S7,9.1555297e-10,5.378495e-09,2.5181972e-09,1.9710074e-08,0.989842,0.01015802,4_S7
c4_p087_20240126_o10,p087_20240126,87,0,4,81,5_S8,1.5300683e-06,0.00017726468,2.4033654e-05,1.10200524e-07,0.0005660014,0.9992311,5_S8
c4_p091_20231128_o07,p091_20231128,91,0,4,68,3_S6,0.0001208867,6.444986e-05,3.9496386e-05,0.99789536,0.0018718542,7.856678e-06,3_S6
c4_p091_20231130_o10,p091_20231130,91,0,4,69,3_S6,0.00012513119,0.0011543473,3.8492042e-05,0.68692565,0.3117318,2.4660198e-05,3_S6
c4_p091_20231204_o09,p091_20231204,91,0,4,67,3_S6,1.7985283e-05,9.5535106e-05,8.486965e-06,0.46791878,0.53195465,4.458935e-06,4_S7
c4_p091_20231207_o06,p091_20231207,91,0,4,70,4_S7,0.0004003215,0.00024855827,0.00017115187,0.09551458,0.89996356,0.0037019255,4_S7
c4_p091_20231211_o07,p091_20231211,91,0,4,71,4_S7,1.1468878e-05,2.9855637e-05,7.7808845e-06,0.16894671,0.8309344,6.966998e-05,4_S7
c4_p091_20231218_o10,p091_20231218,91,0,4,72,4_S7,5.4368843e-06,9.0991426e-07,2.8239613e-06,2.6230111e-05,0.85749704,0.14246751,4_S7
c4_p091_20231227_o12,p091_20231227,91,0,4,74,4_S7,9.721749e-08,7.896704e-08,1.8174539e-07,3.0699912e-06,0.5963666,0.40362996,4_S7
c4_p091_20240115_o12,p091_20240115,91,0,4,76,4_S7,1.883777e-07,1.257908e-07,2.1466353e-07,6.5042235e-07,0.99903023,0.0009685116,4_S7
c4_p091_20240119_o06,p091_20240119,91,0,4,79,4_S7,7.3006976e-07,1.373013e-07,3.9726984e-07,1.199925e-07,0.8763981,0.123600535,4_S7
c4_p091_20240126_o10,p091_20240126,91,0,4,82,5_S8,7.603908e-08,8.097854e-08,2.1377039e-07,1.312299e-08,9.606473e-05,0.99990356,5_S8
c4_p094_20231128_o02,p094_20231128,94,0,4,68,3_S6,0.0006755888,0.00018395825,0.00022605619,0.992763,0.005989756,0.00016156002,3_S6
c4_p094_20231130_o09,p094_20231130,94,0,4,69,3_S6,6.688587e-06,0.0001789026,9.333818e-06,0.97317684,0.02662715,1.1156876e-06,3_S6
c4_p094_20231204_o04,p094_20231204,94,0,4,70,4_S7,4.0045827e-05,0.00013918453,1.4123803e-05,0.9460312,0.053733293,4.2140604e-05,3_S6
c4_p094_20231207_o11,p094_20231207,94,0,4,71,4_S7,0.00010880155,0.00023932016,0.0002959395,0.0070967423,0.9363168,0.055942494,4_S7
c4_p094_20231211_o08,p094_20231211,94,0,4,72,4_S7,1.4387687e-06,3.169685e-06,9.3721536e-07,0.015990036,0.9820286,0.0019758926,4_S7
c4_p094_20231218_o10,p094_20231218,94,0,4,74,4_S7,4.6988312e-08,5.444048e-08,7.261746e-08,3.074535e-08,0.2429366,0.7570632,5_S8
c4_p094_20231227_o06,p094_20231227,94,0,4,76,4_S7,3.92035e-08,4.5652992e-09,1.2410717e-08,1.5681197e-08,0.092874326,0.90712565,5_S8
c4_p094_20240115_o02,p094_20240115,94,0,4,77,4_S7,1.5138967e-08,2.44992e-09,1.028465e-08,1.11353685e-07,0.9496811,0.050318774,4_S7
c4_p094_20240119_o07,p094_20240119,94,0,4,80,5_S8,3.364309e-06,3.5016922e-06,5.551157e-06,7.0449835e-07,0.92690367,0.0730833,4_S7
c4_p094_20240126_o11,p094_20240126,94,0,4,83,5_S8,1.8525697e-07,9.238279e-07,4.7203237e-05,9.320187e-09,3.1226805e-06,0.9999485,5_S8
c4_p101_20231128_o11,p101_20231128,101,0,4,65,3_S6,0.00064232573,5.892508e-05,0.00021108687,0.98720014,0.011838462,4.9033064e-05,3_S6
c4_p101_20231130_o10,p101_20231130,101,0,4,69,3_S6,8.039312e-06,5.428237e-05,6.014498e-06,0.98218936,0.017737772,4.579011e-06,3_S6
c4_p101_20231204_o12,p101_20231204,101,0,4,69,3_S6,8.928658e-06,7.182953e-05,5.584396e-06,0.6938493,0.30602813,3.622996e-05,3_S6
c4_p101_20231207_o05,p101_20231207,101,0,4,69,3_S6,0.00012154005,6.94472e-05,5.0676543e-05,0.030487323,0.96733433,0.0019367101,4_S7
c4_p101_20231211_o05,p101_20231211,101,0,4,70,4_S7,2.7894926e-05,0.00056389486,3.582541e-05,0.45372257,0.54526836,0.00038150031,4_S7
c4_p101_20231218_o06,p101_20231218,101,0,4,71,4_S7,9.47122e-10,3.4637263e-10,4.403787e-10,3.1662908e-09,0.99288285,0.0071171485,4_S7
c4_p101_20231227_o05,p101_20231227,101,0,4,73,4_S7,4.131711e-09,7.942151e-08,4.4125605e-09,7.191947e-08,0.9983999,0.0015999934,4_S7
c4_p101_20240115_o11,p101_20240115,101,0,4,75,4_S7,2.1334055e-09,3.933962e-08,2.8329252e-09,5.163529e-07,0.9991185,0.0008809469,4_S7
c4_p101_20240119_o06,p101_20240119,101,0,4,77,4_S7,1.4347937e-05,2.7680093e-05,1.2200835e-05,3.550746e-05,0.7469024,0.2530079,4_S7
c4_p101_20240126_o12,p101_20240126,101,0,4,79,4_S7,1.4141332e-06,0.001352118,2.8384262e-05,9.3664084e-07,0.19986647,0.79875076,5_S8
c4_p002_20230816_o10,p002_20230816,2,1,4,68,3_S6,0.0003554624,0.00174436,0.33144668,0.53416246,0.13165821,0.00063283957,3_S6
c4_p002_20230921_o04,p002_20230921,2,1,4,77,4_S7,1.1595289e-06,1.04106704e-07,4.4872813e-06,2.5541387e-06,0.9996785,0.00031316953,4_S7
c4_p002_20231005_o12,p002_20231005,2,1,4,79,4_S7,4.6264188e-07,5.421208e-06,0.00013236453,4.4598808e-05,0.9543293,0.045487925,4_S7
c4_p026_20230828_o08,p026_20230828,26,1,4,16,0_S1,0.9978709,0.0015432019,0.00054987153,3.170711e-05,3.9458387e-06,3.7895387e-07,0_S1
c4_p026_20230904_o02,p026_20230904,26,1,4,53,2_S5,0.063634105,0.24588324,0.62508506,0.036445018,0.027095925,0.001856722,2_S5
c4_p026_20230908_o09,p026_20230908,26,1,4,64,3_S6,0.0078039723,0.01893795,0.21100709,0.7391334,0.02250425,0.000613334,3_S6
c4_p026_20230921_o01,p026_20230921,26,1,4,70,4_S7,8.6770804e-08,1.5700068e-06,0.00092065625,0.0010448277,0.9979201,0.00011278394,4_S7
c4_p026_20231006_o10,p026_20231006,26,1,4,71,4_S7,1.963209e-05,7.473146e-05,0.0015217474,0.38335323,0.61461353,0.0004170733,4_S7
c4_p026_20231017_o11,p026_20231017,26,1,4,74,4_S7,2.494259e-09,5.205113e-08,1.1618238e-05,5.240185e-05,0.9998652,7.079855e-05,4_S7
c4_p026_20231023_o10,p026_20231023,26,1,4,75,4_S7,1.5810934e-07,9.438953e-06,1.1781549e-06,0.06604088,0.933938,1.0272362e-05,4_S7
c4_p026_20231027_o04,p026_20231027,26,1,4,76,4_S7,3.174093e-06,1.0161478e-05,0.00032098216,0.00623871,0.9847195,0.008707539,4_S7
c4_p026_20231101_o09,p026_20231101,26,1,4,77,4_S7,1.5791592e-10,9.0007346e-10,7.98417e-08,1.3599981e-08,0.9887794,0.011220453,4_S7
c4_p026_20231106_o07,p026_20231106,26,1,4,78,4_S7,4.0766293e-11,4.224159e-10,6.49427e-07,4.0199967e-07,0.98173505,0.018263796,4_S7
c4_p026_20231109_o07,p026_20231109,26,1,4,79,4_S7,2.7582048e-09,1.8053496e-08,5.9607864e-05,6.0238785e-06,0.9940999,0.005834461,4_S7
c4_p026_20231120_o07,p026_20231120,26,1,4,84,5_S8,3.4293785e-07,8.329525e-07,2.3177336e-05,5.937804e-06,0.016048694,0.98392093,5_S8
c4_p026_20231124_o02,p026_20231124,26,1,4,85,5_S8,1.2253561e-07,1.8807277e-06,3.9914803e-06,1.0699973e-05,0.8054755,0.19450782,4_S7
c4_p026_20231127_o02,p026_20231127,26,1,4,86,5_S8,1.12904e-05,2.7233815e-05,0.0003758067,0.00027938344,0.5584543,0.44085202,4_S7
c4_p026_20231130_o12,p026_20231130,26,1,4,89,5_S8,9.083602e-07,7.30884e-07,1.2447592e-05,8.6849275e-07,0.00037600266,0.9996092,5_S8
c4_p027_20230828_o04,p027_20230828,27,1,4,20,1_S2,0.9121624,0.0119984755,0.012580441,0.063008144,0.00024755095,2.8545103e-06,0_S1
c4_p027_20230904_o07,p027_20230904,27,1,4,60,3_S6,0.008575644,0.03095357,0.86398757,0.045361586,0.048029426,0.0030921833,2_S5
c4_p027_20230908_o02,p027_20230908,27,1,4,66,3_S6,3.2428474e-05,8.897756e-06,0.000992743,0.6818697,0.31709448,1.724389e-06,3_S6
c4_p027_20230921_o09,p027_20230921,27,1,4,68,3_S6,0.0009478045,0.00038034964,2.8089617e-05,0.036219697,0.94677335,0.015650697,4_S7
c4_p027_20231006_o08,p027_20231006,27,1,4,70,4_S7,1.5765892e-08,2.5497656e-08,3.9305514e-10,0.00081118685,0.9991258,6.298132e-05,4_S7
c4_p027_20231017_o07,p027_20231017,27,1,4,72,4_S7,3.6269747e-09,3.8902208e-08,1.0378385e-05,5.0547296e-05,0.9997949,0.00014417818,4_S7
c4_p027_20231023_o07,p027_20231023,27,1,4,73,4_S7,0.0015528275,0.0004975419,0.003066201,0.5846177,0.4089456,0.0013201608,3_S6
c4_p027_20231027_o08,p027_20231027,27,1,4,74,4_S7,2.5979203e-11,6.888039e-10,7.505523e-06,3.6754402e-06,0.9999858,3.0474334e-06,4_S7
c4_p027_20231101_o07,p027_20231101,27,1,4,75,4_S7,2.4619091e-11,9.637193e-11,4.6159994e-06,4.8458833e-08,0.999549,0.00044626495,4_S7
c4_p027_20231106_o09,p027_20231106,27,1,4,76,4_S7,4.7670246e-11,2.383117e-10,6.6656803e-06,2.7029737e-08,0.999949,4.4324624e-05,4_S7
c4_p027_20231109_o07,p027_20231109,27,1,4,77,4_S7,1.4648462e-10,4.3183185e-10,1.0143477e-07,4.7612642e-07,0.9999175,8.190873e-05,4_S7
c4_p027_20231120_o11,p027_20231120,27,1,4,78,4_S7,5.2091638e-09,7.1236697e-09,1.7177987e-05,1.815403e-06,0.9996786,0.00030237783,4_S7
c4_p027_20231124_o04,p027_20231124,27,1,4,79,4_S7,5.166305e-07,2.3110422e-06,6.0497273e-06,2.173108e-05,0.71652395,0.28344545,4_S7
c4_p027_20231127_o07,p027_20231127,27,1,4,79,4_S7,5.9404763e-05,0.000102361475,0.0133314915,0.0004314892,0.17698388,0.8090914,5_S8
c4_p027_20231130_o01,p027_20231130,27,1,4,79,4_S7,2.4503462e-08,5.2670828e-08,1.2273308e-05,3.0550344e-09,0.0015115835,0.9984761,5_S8
c4_p032_20230828_o10,p032_20230828,32,1,4,15,0_S1,0.99915254,0.0005961247,9.673051e-05,0.00015215551,2.3391854e-06,1.1700043e-07,0_S1
c4_p032_20230904_o08,p032_20230904,32,1,4,60,3_S6,0.03504771,0.0426614,0.8261951,0.043371607,0.052070063,0.0006540863,2_S5
c4_p032_20230908_o03,p032_20230908,32,1,4,64,3_S6,0.0005462408,3.467159e-05,0.00077653053,0.23738267,0.76119125,6.853207e-05,4_S7
c4_p032_20230921_o05,p032_20230921,32,1,4,72,4_S7,4.3237446e-06,4.5635737e-05,4.792162e-07,0.01275407,0.9864477,0.0007477829,4_S7
c4_p032_20231006_o03,p032_20231006,32,1,4,74,4_S7,7.488611e-12,3.191156e-11,3.9084028e-07,1.33782585e-08,0.99998844,1.12016405e-05,4_S7
c4_p032_20231017_o05,p032_20231017,32,1,4,75,4_S7,6.9278775e-12,2.9684144e-10,2.3013763e-05,1.7314437e-07,0.9999212,5.5612712e-05,4_S7
c4_p032_20231023_o01,p032_20231023,32,1,4,76,4_S7,0.0043947687,0.0009096186,0.056300897,0.1920357,0.7436517,0.0027073189,4_S7
c4_p032_20231027_o05,p032_20231027,32,1,4,77,4_S7,1.0433901e-12,2.8376242e-12,3.779817e-09,1.624028e-08,0.9999702,2.9747172e-05,4_S7
c4_p032_20231101_o07,p032_20231101,32,1,4,78,4_S7,3.083119e-05,5.3470998e-05,0.11606112,7.07195e-05,0.3933678,0.49041596,5_S8
c4_p032_20231106_o12,p032_20231106,32,1,4,79,4_S7,1.2103193e-09,1.0377403e-08,3.8902872e-05,3.1860236e-06,0.99917763,0.0007801692,4_S7
c4_p032_20231109_o09,p032_20231109,32,1,4,80,5_S8,1.1628154e-09,2.4344398e-09,2.4306503e-08,4.5974352e-06,0.9607742,0.03922116,4_S7
c4_p032_20231120_o03,p032_20231120,32,1,4,81,5_S8,2.2633606e-09,7.989383e-09,1.8246942e-06,3.058132e-08,0.045739796,0.9542584,5_S8
c4_p032_20231124_o08,p032_20231124,32,1,4,83,5_S8,8.919207e-09,2.8781123e-08,1.3264142e-06,4.046736e-09,0.00018334936,0.9998153,5_S8
c4_p032_20231127_o06,p032_20231127,32,1,4,85,5_S8,7.7893046e-11,1.2129268e-09,9.624421e-10,9.125686e-09,0.018555889,0.9814441,5_S8
c4_p032_20231130_o12,p032_20231130,32,1,4,87,5_S8,1.5588906e-12,7.856621e-12,1.3101982e-09,4.5868712e-12,5.8401076e-07,0.9999994,5_S8
c4_p041_20230828_o08,p041_20230828,41,1,4,14,0_S1,0.79885507,0.023420386,0.07412679,0.10311785,0.00045984215,2.0008263e-05,0_S1
c4_p041_20230904_o09,p041_20230904,41,1,4,53,2_S5,0.02756575,0.028101362,0.8514856,0.06587726,0.02678062,0.00018940549,2_S5
c4_p041_20230908_o07,p041_20230908,41,1,4,60,3_S6,0.0015958007,0.0025388158,0.0031033715,0.9739463,0.018152623,0.00066309166,3_S6
c4_p041_20230921_o02,p041_20230921,41,1,4,66,3_S6,0.00038908454,0.00019109024,0.04967204,0.012749687,0.93689924,9.883507e-05,4_S7
c4_p041_20231006_o11,p041_20231006,41,1,4,72,4_S7,0.011503802,0.0034436197,0.06862059,0.1939113,0.7224942,2.650109e-05,4_S7
c4_p041_20231017_o04,p041_20231017,41,1,4,73,4_S7,1.6277104e-06,1.9895983e-09,2.1088708e-05,1.261547e-05,0.99996424,4.304037e-07,4_S7
c4_p041_20231023_o01,p041_20231023,41,1,4,74,4_S7,1.9015282e-05,7.2827606e-06,0.97448224,0.0012093999,0.024256218,2.5877263e-05,2_S5
c4_p041_20231027_o02,p041_20231027,41,1,4,75,4_S7,5.1580023e-06,9.009676e-06,0.9762547,0.00017437577,0.023454078,0.000102658145,2_S5
c4_p041_20231101_o04,p041_20231101,41,1,4,76,4_S7,6.712143e-06,3.195685e-06,0.27387336,0.0010825647,0.72501874,1.543265e-05,4_S7
c4_p041_20231106_o10,p041_20231106,41,1,4,77,4_S7,9.5537885e-05,2.973056e-06,0.008151948,6.9983425e-06,0.9694001,0.022342429,4_S7
c4_p041_20231109_o11,p041_20231109,41,1,4,78,4_S7,0.04496504,0.00093765877,0.012832598,0.0056257485,0.88975024,0.045888755,4_S7
c4_p041_20231120_o03,p041_20231120,41,1,4,80,5_S8,3.4498633e-05,1.4150652e-05,0.00034852253,1.7882334e-05,0.0013528451,0.9982322,5_S8
c4_p041_20231124_o04,p041_20231124,41,1,4,85,5_S8,7.472564e-06,4.316593e-06,5.030725e-05,6.720727e-06,3.3901448e-05,0.99989736,5_S8
c4_p041_20231127_o12,p041_20231127,41,1,4,85,5_S8,6.1919636e-08,9.1382226e-08,2.63067e-07,3.463982e-08,8.302976e-06,0.9999913,5_S8
c4_p041_20231130_o10,p041_20231130,41,1,4,85,5_S8,5.2018794e-07,4.48009e-07,2.1434123e-06,1.5515353e-07,4.8996467e-06,0.9999919,5_S8
c4_p042_20230929_o04,p042_20230929,42,1,4,13,0_S1,0.99976,1.4461278e-05,7.7659286e-05,0.0001397514,5.226231e-06,2.8330676e-06,0_S1
c4_p042_20231004_o03,p042_20231004,42,1,4,14,0_S1,0.9999049,2.6819707e-05,3.3473138e-05,3.320872e-05,9.1680494e-07,5.8693024e-07,0_S1
c4_p042_20231011_o08,p042_20231011,42,1,4,14,0_S1,0.99984086,7.946371e-05,3.696202e-05,3.3004122e-05,8.609976e-06,1.1289696e-06,0_S1
c4_p042_20231017_o05,p042_20231017,42,1,4,15,0_S1,0.025407571,0.02232617,0.368146,0.58270717,0.0014097681,3.2832102e-06,3_S6
c4_p042_20231019_o03,p042_20231019,42,1,4,15,0_S1,0.0023293674,0.010308188,0.98248553,0.0047385097,0.00013782678,5.8420386e-07,2_S5
c4_p042_20231023_o04,p042_20231023,42,1,4,53,2_S5,0.000104406405,0.0012718934,0.04255509,0.95478886,0.0012791988,5.485061e-07,3_S6
c4_p042_20231027_o06,p042_20231027,42,1,4,54,2_S5,0.00023598339,0.016260508,0.23321015,0.6745279,0.07571207,5.3376847e-05,3_S6
c4_p042_20231101_o01,p042_20231101,42,1,4,55,2_S5,3.4722564e-07,3.5503468e-05,2.8008362e-05,0.59279126,0.40707883,6.606627e-05,3_S6
c4_p042_20231106_o09,p042_20231106,42,1,4,62,3_S6,3.3859485e-06,7.7110286e-05,0.000368146,0.38918996,0.6093868,0.00097447966,4_S7
c4_p042_20231109_o01,p042_20231109,42,1,4,68,3_S6,2.9727013e-07,1.8350069e-05,0.00023489745,0.9735065,0.026235627,4.4393996e-06,3_S6
c4_p042_20231120_o09,p042_20231120,42,1,4,70,4_S7,5.1169007e-08,3.0000615e-07,0.0004912023,0.0002682761,0.9952295,0.0040107993,4_S7
c4_p042_20231127_o06,p042_20231127,42,1,4,72,4_S7,2.3815002e-11,6.204397e-10,7.1205206e-09,7.706612e-07,0.99998796,1.1216804e-05,4_S7
c4_p042_20231130_o09,p042_20231130,42,1,4,74,4_S7,4.480093e-09,3.8675516e-09,5.9794795e-05,1.6162327e-06,0.99936634,0.00057219056,4_S7
c4_p042_20231204_o05,p042_20231204,42,1,4,76,4_S7,6.088279e-08,6.3362603e-07,4.5556203e-06,1.9743811e-05,0.40809792,0.59187704,5_S8
c4_p042_20231211_o09,p042_20231211,42,1,4,80,5_S8,1.32032e-07,2.9822365e-07,5.1550687e-05,5.02471e-05,0.9992716,0.00062619644,4_S7
c4_p042_20231214_o04,p042_20231214,42,1,4,82,5_S8,2.7372134e-06,8.742275e-06,3.054536e-05,3.9633458e-05,0.963564,0.03635427,4_S7
c4_p042_20231218_o06,p042_20231218,42,1,4,82,5_S8,1.0550202e-05,2.4105155e-05,0.00017127127,7.2038856e-05,0.8756162,0.12410584,4_S7
c4_p042_20231227_o05,p042_20231227,42,1,4,83,5_S8,3.4807506e-06,3.0490041e-06,1.1118492e-05,1.5153918e-05,0.9566663,0.043300886,4_S7
c4_p042_20240104_o10,p042_20240104,42,1,4,84,5_S8,8.517152e-07,1.091543e-06,3.293975e-06,3.1787505e-07,0.05108338,0.9489111,5_S8
c4_p044_20230929_o03,p044_20230929,44,1,4,13,0_S1,0.99683493,5.1159423e-05,0.0010533731,0.0019733848,7.97464e-05,7.4696823e-06,0_S1
c4_p044_20231004_o09,p044_20231004,44,1,4,13,0_S1,0.98546946,0.00019394395,0.014262926,6.842742e-05,4.546446e-06,6.837946e-07,0_S1
c4_p044_20231011_o05,p044_20231011,44,1,4,15,0_S1,0.9993887,0.00058110297,1.4251999e-05,1.5610482e-05,1.2857815e-07,2.1168549e-07,0_S1
c4_p044_20231017_o06,p044_20231017,44,1,4,20,1_S2,0.14928228,0.14206624,0.6514434,0.05355109,0.0035663247,9.0633555e-05,2_S5
c4_p044_20231019_o11,p044_20231019,44,1,4,51,2_S5,0.26374862,0.0942384,0.22444214,0.4173692,0.00019850214,3.1320897e-06,3_S6
c4_p044_20231023_o10,p044_20231023,44,1,4,54,2_S5,0.011586068,0.10354719,0.04660264,0.8379009,0.00035567934,7.5144367e-06,3_S6
c4_p044_20231027_o10,p044_20231027,44,1,4,55,2_S5,5.6670213e-08,1.4336827e-06,4.5577006e-05,0.998539,0.0014136614,2.9408545e-07,3_S6
c4_p044_20231101_o04,p044_20231101,44,1,4,59,2_S5,1.0369709e-05,0.00028049934,0.01539593,0.22161593,0.7622335,0.00046374885,4_S7
c4_p044_20231106_o08,p044_20231106,44,1,4,61,3_S6,7.2280905e-05,2.6876303e-05,0.05141021,0.0824317,0.86602455,3.443894e-05,4_S7
c4_p044_20231109_o10,p044_20231109,44,1,4,68,3_S6,1.9878769e-06,4.0862968e-05,0.00059583416,0.996783,0.0025772003,1.1146279e-06,3_S6
c4_p044_20231120_o09,p044_20231120,44,1,4,70,4_S7,0.0006762804,0.0024082898,0.77746487,0.081565656,0.13701104,0.0008738818,2_S5
c4_p044_20231127_o09,p044_20231127,44,1,4,71,4_S7,5.2786922e-06,2.3245682e-05,0.00020502164,0.0889656,0.9102711,0.00052975793,4_S7
c4_p044_20231130_o02,p044_20231130,44,1,4,72,4_S7,1.3375157e-09,5.6489013e-09,3.1401228e-07,6.980327e-07,0.9996389,0.00036003682,4_S7
c4_p044_20231204_o12,p044_20231204,44,1,4,72,4_S7,9.914953e-07,4.093971e-06,2.0422414e-05,0.0030149217,0.9965681,0.00039152315,4_S7
c4_p044_20231211_o04,p044_20231211,44,1,4,73,4_S7,5.7890044e-05,5.7308716e-05,0.0022167864,0.0002695224,0.13411836,0.8632801,5_S8
c4_p044_20231214_o08,p044_20231214,44,1,4,74,4_S7,4.9060978e-09,5.9794245e-09,1.7837794e-05,1.0918094e-07,0.99783057,0.0021515056,4_S7
c4_p044_20231218_o02,p044_20231218,44,1,4,76,4_S7,4.165772e-09,1.5622659e-09,1.6120806e-05,6.072799e-07,0.99984515,0.00013816942,4_S7
c4_p044_20231227_o01,p044_20231227,44,1,4,79,4_S7,1.6699493e-06,2.4540182e-06,3.305872e-06,0.00011826883,0.98300457,0.016869808,4_S7
c4_p044_20240104_o10,p044_20240104,44,1,4,81,5_S8,1.5583425e-06,1.7111616e-06,0.0001059442,1.0156002e-05,0.89974415,0.10013645,4_S7
c4_p047_20230929_o09,p047_20230929,47,1,4,13,0_S1,0.99972945,1.8006604e-05,8.4465195e-05,0.00016222752,3.8316416e-06,1.942865e-06,0_S1
c4_p047_20231004_o08,p047_20231004,47,1,4,13,0_S1,0.99992883,1.162054e-05,3.1224954e-05,2.1441429e-05,4.2791753e-06,2.6315456e-06,0_S1
c4_p047_20231011_o11,p047_20231011,47,1,4,14,0_S1,0.9999449,2.6940139e-05,9.186214e-06,1.8276896e-05,3.111983e-07,2.7684754e-07,0_S1
c4_p047_20231017_o03,p047_20231017,47,1,4,15,0_S1,0.998126,2.3626359e-05,0.00090705184,0.00094236026,9.227537e-07,8.598114e-09,0_S1
c4_p047_20231019_o10,p047_20231019,47,1,4,15,0_S1,0.9986362,0.00070152624,0.00058650045,7.456947e-05,9.589146e-07,2.5276384e-07,0_S1
c4_p047_20231023_o08,p047_20231023,47,1,4,16,0_S1,0.02522422,0.008812735,0.19584055,0.72981864,0.040236276,6.755102e-05,3_S6
c4_p047_20231027_o06,p047_20231027,47,1,4,17,0_S1,2.734051e-06,4.284622e-05,0.00023383638,0.9869016,0.012814559,4.419275e-06,3_S6
c4_p047_20231101_o01,p047_20231101,47,1,4,55,2_S5,0.0021781586,0.04830871,0.4166542,0.51274335,0.020052029,6.353854e-05,3_S6
c4_p047_20231106_o02,p047_20231106,47,1,4,61,3_S6,0.004391998,0.03739366,0.18255234,0.76403165,0.011571738,5.870538e-05,3_S6
c4_p047_20231109_o06,p047_20231109,47,1,4,65,3_S6,9.674357e-05,0.00030297297,0.005936178,0.915866,0.07761716,0.00018087562,3_S6
c4_p047_20231120_o12,p047_20231120,47,1,4,70,4_S7,3.1874268e-05,8.913209e-05,0.0076295887,0.010208793,0.9681197,0.013920974,4_S7
c4_p047_20231127_o10,p047_20231127,47,1,4,71,4_S7,2.4456867e-07,7.5577975e-07,2.4195517e-06,0.010938242,0.9890421,1.6146758e-05,4_S7
c4_p047_20231130_o09,p047_20231130,47,1,4,72,4_S7,1.0900898e-05,5.6607532e-05,0.00044503112,0.010827518,0.98753077,0.0011291691,4_S7
c4_p047_20231204_o10,p047_20231204,47,1,4,74,4_S7,6.449743e-07,7.1041864e-06,5.6463155e-06,0.034808397,0.965167,1.1127085e-05,4_S7
c4_p047_20231211_o12,p047_20231211,47,1,4,76,4_S7,1.903982e-08,2.3353974e-07,4.102571e-07,3.994274e-06,0.6226813,0.37731403,4_S7
c4_p047_20231214_o02,p047_20231214,47,1,4,78,4_S7,1.794758e-07,3.539026e-06,4.062113e-06,0.0017924114,0.9981084,9.1395326e-05,4_S7
c4_p047_20231218_o04,p047_20231218,47,1,4,79,4_S7,1.5249647e-07,1.8947424e-07,0.0038168929,2.2563478e-05,0.9950178,0.0011423806,4_S7
c4_p047_20231227_o05,p047_20231227,47,1,4,81,5_S8,8.424301e-08,2.6264718e-07,2.9280482e-06,2.8597708e-07,5.3656982e-05,0.9999429,5_S8
c4_p047_20240104_o11,p047_20240104,47,1,4,82,5_S8,6.9201365e-06,1.2536941e-05,2.5971325e-05,1.0605419e-05,0.0064155697,0.9935283,5_S8
c4_p049_20230929_o05,p049_20230929,49,1,4,13,0_S1,0.9994362,3.1904987e-05,0.00016904752,0.00032940734,1.6216827e-05,1.7184962e-05,0_S1
c4_p049_20231004_o04,p049_20231004,49,1,4,13,0_S1,0.9999769,5.277934e-06,1.0337409e-05,7.3151455e-06,1.2211405e-07,7.027657e-08,0_S1
c4_p049_20231011_o12,p049_20231011,49,1,4,15,0_S1,0.99999166,4.6660675e-06,1.7019823e-06,1.8610334e-06,7.620797e-08,5.0124946e-08,0_S1
c4_p049_20231017_o12,p049_20231017,49,1,4,15,0_S1,0.76998574,0.0114641795,0.14259239,0.07577907,0.00017696002,1.7213594e-06,0_S1
c4_p049_20231019_o06,p049_20231019,49,1,4,16,0_S1,0.07394381,0.0227941,0.89770085,0.0053961566,0.00016105875,4.0705468e-06,2_S5
c4_p049_20231023_o11,p049_20231023,49,1,4,20,1_S2,0.00040138792,0.0005115519,0.0015851435,0.9973515,0.0001502778,1.18443985e-07,3_S6
c4_p049_20231027_o11,p049_20231027,49,1,4,55,2_S5,6.2948984e-06,6.187864e-05,0.0005656903,0.5623959,0.43688342,8.6891676e-05,3_S6
c4_p049_20231101_o07,p049_20231101,49,1,4,60,3_S6,0.00018768426,0.0133236535,0.017552316,0.74921834,0.21946841,0.0002495292,3_S6
c4_p049_20231106_o02,p049_20231106,49,1,4,62,3_S6,0.005082346,0.0030831941,0.020159343,0.32417867,0.6429484,0.004548084,4_S7
c4_p049_20231109_o07,p049_20231109,49,1,4,64,3_S6,0.001393674,0.019406404,0.20217623,0.68840355,0.08834555,0.00027459377,3_S6
c4_p049_20231120_o05,p049_20231120,49,1,4,71,4_S7,0.00030904022,0.00081046217,0.03981036,0.21165137,0.74703556,0.0003832392,4_S7
c4_p049_20231127_o07,p049_20231127,49,1,4,72,4_S7,5.788356e-14,9.766091e-13,6.2724548e-12,2.1611746e-09,0.9999999,9.528918e-08,4_S7
c4_p049_20231130_o11,p049_20231130,49,1,4,73,4_S7,1.5515266e-08,6.236168e-08,1.2158772e-06,6.3450905e-05,0.9998722,6.3082014e-05,4_S7
c4_p049_20231204_o12,p049_20231204,49,1,4,74,4_S7,1.2495223e-06,3.8844914e-06,0.00016595765,0.0009551333,0.9968021,0.0020715676,4_S7
c4_p049_20231211_o03,p049_20231211,49,1,4,75,4_S7,6.80341e-05,0.00013708735,0.0023497907,0.07671859,0.9090488,0.01167765,4_S7
c4_p049_20231214_o11,p049_20231214,49,1,4,77,4_S7,4.2147022e-07,3.8982338e-07,1.8495538e-06,2.5372441e-05,0.9897127,0.010259129,4_S7
c4_p049_20231218_o12,p049_20231218,49,1,4,78,4_S7,2.4632243e-12,1.1683958e-11,1.2573006e-06,2.8485045e-08,0.9999976,1.0500992e-06,4_S7
c4_p049_20231227_o12,p049_20231227,49,1,4,79,4_S7,3.8923217e-06,8.002575e-06,5.8530422e-05,5.613872e-06,0.10806172,0.8918622,5_S8
c4_p049_20240104_o08,p049_20240104,49,1,4,82,5_S8,4.227939e-06,5.4759894e-06,0.00018816449,5.2327185e-05,0.9191042,0.0806456,4_S7
c4_p059_20230929_o08,p059_20230929,59,1,4,13,0_S1,0.99985135,5.919481e-06,7.459509e-05,6.673645e-05,9.628882e-07,3.618038e-07,0_S1
c4_p059_20231004_o06,p059_20231004,59,1,4,13,0_S1,0.9999001,3.0482086e-05,6.0696006e-05,8.563914e-06,1.5851842e-07,7.79261e-08,0_S1
c4_p059_20231011_o03,p059_20231011,59,1,4,15,0_S1,0.99812144,0.0014996465,0.00019334773,0.00018314771,1.7094605e-06,6.879629e-07,0_S1
c4_p059_20231017_o11,p059_20231017,59,1,4,53,2_S5,0.18472905,0.003267861,0.56478393,0.24621037,0.0010080058,7.5860794e-07,2_S5
c4_p059_20231019_o12,p059_20231019,59,1,4,60,3_S6,0.07502436,0.09002386,0.74099046,0.093437664,0.00051656534,7.1035993e-06,2_S5
c4_p059_20231023_o05,p059_20231023,59,1,4,64,3_S6,0.019062513,0.14366229,0.6972872,0.13979332,0.00019263457,2.0141372e-06,2_S5
c4_p059_20231027_o02,p059_20231027,59,1,4,62,3_S6,2.9483639e-05,0.00084545306,0.0008072792,0.99830186,1.5732376e-05,2.5872663e-07,3_S6
c4_p059_20231101_o08,p059_20231101,59,1,4,65,3_S6,0.002295971,0.049314696,0.085401066,0.75963,0.102175295,0.0011828714,3_S6
c4_p059_20231106_o10,p059_20231106,59,1,4,70,4_S7,6.9638666e-08,7.461949e-07,2.0070334e-05,0.9770421,0.022935137,1.8355579e-06,3_S6
c4_p059_20231109_o01,p059_20231109,59,1,4,71,4_S7,0.00039641722,0.0006640791,0.002650016,0.98079646,0.015488167,4.878126e-06,3_S6
c4_p059_20231120_o11,p059_20231120,59,1,4,72,4_S7,2.1891265e-06,1.353568e-06,6.340141e-06,0.00865641,0.99115235,0.00018126842,4_S7
c4_p059_20231127_o04,p059_20231127,59,1,4,74,4_S7,9.0718995e-06,9.856216e-05,0.00026369104,0.03782353,0.9559517,0.005853345,4_S7
c4_p059_20231130_o08,p059_20231130,59,1,4,75,4_S7,6.7195656e-06,8.531075e-05,0.00011909646,0.002493641,0.9920089,0.005286305,4_S7
c4_p059_20231204_o04,p059_20231204,59,1,4,76,4_S7,2.7464473e-06,4.228187e-06,0.000143027,0.00060529413,0.99832875,0.00091593,4_S7
c4_p059_20231211_o04,p059_20231211,59,1,4,77,4_S7,9.96546e-05,0.00036629042,0.0009456291,0.013849651,0.97994965,0.004789102,4_S7
c4_p059_20231214_o04,p059_20231214,59,1,4,78,4_S7,3.8997533e-07,1.4625143e-06,2.507425e-07,2.6730463e-06,0.9989618,0.0010334492,4_S7
c4_p059_20231218_o10,p059_20231218,59,1,4,79,4_S7,2.5753423e-07,2.0844702e-07,4.9678847e-06,9.4897587e-07,0.57606137,0.42393225,4_S7
c4_p059_20231227_o01,p059_20231227,59,1,4,81,5_S8,1.0230643e-05,1.8802573e-05,0.000428732,3.9046172e-05,0.06949379,0.93000937,5_S8
c4_p059_20240104_o01,p059_20240104,59,1,4,83,5_S8,4.837536e-06,5.7610987e-06,3.2120817e-05,2.3562525e-05,0.1735757,0.8263581,5_S8
c4_p073_20231006_o05,p073_20231006,73,1,4,13,0_S1,0.99306834,0.0009820955,0.0012095071,0.004339582,0.00019923238,0.00020125872,0_S1
c4_p073_20231011_o09,p073_20231011,73,1,4,13,0_S1,0.9994116,0.000101018304,0.00035447488,6.5015956e-05,2.4077961e-05,4.3885106e-05,0_S1
c4_p073_20231017_o10,p073_20231017,73,1,4,13,0_S1,0.9999652,1.6211126e-06,1.8400831e-05,1.4568781e-05,2.582463e-07,6.529202e-08,0_S1
c4_p073_20231019_o10,p073_20231019,73,1,4,13,0_S1,0.9993056,0.0004023967,0.00019487205,8.361813e-05,3.4993634e-06,1.005235e-05,0_S1
c4_p073_20231023_o10,p073_20231023,73,1,4,14,0_S1,0.99410844,0.00024480114,0.005516455,0.00012641314,3.4907316e-06,4.7182303e-07,0_S1
c4_p073_20231027_o09,p073_20231027,73,1,4,51,2_S5,0.07295749,0.54093105,0.3502915,0.035634983,0.00017157717,1.3386594e-05,1_S2
c4_p073_20231101_o05,p073_20231101,73,1,4,53,2_S5,0.0021387583,0.0039771474,0.99246186,0.0013608765,6.0922903e-05,4.5328576e-07,2_S5
c4_p073_20231106_o05,p073_20231106,73,1,4,69,3_S6,4.9636806e-06,6.446342e-05,0.043510277,0.95622957,0.00019060251,1.6725953e-07,3_S6
c4_p073_20231109_o08,p073_20231109,73,1,4,70,4_S7,0.00020391936,0.0006455316,0.29971907,0.695002,0.0043468396,8.253431e-05,3_S6
c4_p073_20231120_o05,p073_20231120,73,1,4,71,4_S7,4.2083975e-10,3.0805583e-09,1.9299809e-07,0.0010682001,0.99893147,5.5262927e-08,4_S7
c4_p073_20231127_o01,p073_20231127,73,1,4,72,4_S7,3.9247593e-06,2.1192334e-05,6.668646e-05,0.0067275735,0.9917576,0.0014231221,4_S7
c4_p073_20231130_o08,p073_20231130,73,1,4,75,4_S7,0.004803226,0.0016940716,0.12611754,0.010699331,0.56951094,0.2871749,4_S7
c4_p073_20231204_o07,p073_20231204,73,1,4,76,4_S7,0.00048460448,0.0016296511,0.004093851,0.07209716,0.8684703,0.05322436,4_S7
c4_p073_20231211_o03,p073_20231211,73,1,4,77,4_S7,0.000111762994,3.3477583e-05,0.0001785482,0.052543342,0.9469973,0.00013555589,4_S7
c4_p073_20231214_o01,p073_20231214,73,1,4,78,4_S7,1.9224526e-05,4.34639e-06,0.00012430786,1.7326454e-05,0.9986541,0.0011807646,4_S7
c4_p073_20231218_o10,p073_20231218,73,1,4,79,4_S7,8.104286e-07,1.2395828e-06,6.0092905e-05,1.1164435e-06,0.9967675,0.003169127,4_S7
c4_p073_20231227_o06,p073_20231227,73,1,4,79,4_S7,2.387439e-05,1.1685502e-05,0.0010801629,3.982434e-05,0.9962484,0.0025961034,4_S7
c4_p073_20240115_o08,p073_20240115,73,1,4,84,5_S8,6.8886226e-07,7.291311e-07,1.3240938e-06,3.806875e-07,0.0001149145,0.999882,5_S8
c4_p073_20240119_o05,p073_20240119,73,1,4,85,5_S8,5.1983267e-08,4.7245706e-08,9.103513e-08,3.2739568e-08,8.747779e-06,0.99999106,5_S8
c4_p073_20240126_o11,p073_20240126,73,1,4,86,5_S8,1.0385847e-08,3.5615522e-09,3.031202e-08,4.3911885e-10,1.6203655e-06,0.99999833,5_S8
c4_p077_20231006_o11,p077_20231006,77,1,4,13,0_S1,0.99483985,0.00080904394,0.00060159,0.0033209936,0.00021113345,0.0002174302,0_S1
c4_p077_20231011_o02,p077_20231011,77,1,4,13,0_S1,0.99981433,2.7896942e-05,7.165993e-05,5.8734076e-05,1.0848012e-05,1.6633974e-05,0_S1
c4_p077_20231017_o10,p077_20231017,77,1,4,13,0_S1,0.999926,3.1657462e-06,4.5178636e-05,2.4522707e-05,9.090728e-07,2.1929266e-07,0_S1
c4_p077_20231019_o08,p077_20231019,77,1,4,14,0_S1,0.9976833,0.00068265677,0.0011504171,0.00038642855,3.567075e-05,6.145669e-05,0_S1
c4_p077_20231023_o12,p077_20231023,77,1,4,20,1_S2,0.99981815,0.00012482861,3.2277396e-05,2.4509143e-05,1.5792811e-07,1.3138505e-07,0_S1
c4_p077_20231027_o07,p077_20231027,77,1,4,53,2_S5,0.028932884,0.022191415,0.9269865,0.017020108,0.0047730263,9.6011514e-05,2_S5
c4_p077_20231101_o04,p077_20231101,77,1,4,55,2_S5,0.0014838349,0.015086277,0.88401943,0.09913357,0.0002732753,3.5208939e-06,2_S5
c4_p077_20231106_o05,p077_20231106,77,1,4,60,3_S6,1.7758737e-05,0.000165684,0.054318607,0.9448452,0.00064682093,5.8355704e-06,3_S6
c4_p077_20231109_o04,p077_20231109,77,1,4,69,3_S6,6.751681e-05,0.00040953883,0.014628839,0.98154724,0.0033370724,9.859307e-06,3_S6
c4_p077_20231120_o05,p077_20231120,77,1,4,70,4_S7,8.26312e-05,0.002200893,0.15267669,0.78286433,0.062150855,2.4638002e-05,3_S6
c4_p077_20231127_o12,p077_20231127,77,1,4,73,4_S7,8.729229e-09,2.8542186e-07,5.4417507e-07,0.00011341508,0.99980193,8.374236e-05,4_S7
c4_p077_20231130_o11,p077_20231130,77,1,4,75,4_S7,2.6416268e-05,7.1747716e-05,0.0126938075,0.02276868,0.9542303,0.010209058,4_S7
c4_p077_20231204_o03,p077_20231204,77,1,4,76,4_S7,0.00020443465,0.00055043655,0.0033377577,0.23007302,0.7628129,0.0030214016,4_S7
c4_p077_20231211_o12,p077_20231211,77,1,4,77,4_S7,8.533966e-07,8.428431e-07,2.0067968e-05,0.008442051,0.9915194,1.6843253e-05,4_S7
c4_p077_20231214_o09,p077_20231214,77,1,4,78,4_S7,2.6998636e-08,6.012345e-08,1.1082132e-06,0.00017427676,0.99978954,3.508192e-05,4_S7
c4_p077_20231218_o07,p077_20231218,77,1,4,79,4_S7,2.140117e-06,3.6682202e-06,2.4501713e-05,0.00015527986,0.997813,0.0020014083,4_S7
c4_p077_20231227_o07,p077_20231227,77,1,4,79,4_S7,9.785788e-05,4.4760065e-05,0.0018777689,0.000116970754,0.09326347,0.9045992,5_S8
c4_p077_20240115_o09,p077_20240115,77,1,4,81,5_S8,2.462344e-07,8.178641e-08,2.384577e-07,3.679883e-08,6.232058e-05,0.99993706,5_S8
c4_p077_20240119_o08,p077_20240119,77,1,4,84,5_S8,1.0851655e-08,8.1001685e-09,3.494509e-08,2.0441289e-09,9.400564e-07,0.99999905,5_S8
c4_p077_20240126_o01,p077_20240126,77,1,4,88,5_S8,6.125299e-09,7.3247337e-09,2.9274773e-08,3.5338785e-09,1.0901662e-06,0.9999989,5_S8
c4_p078_20231006_o07,p078_20231006,78,1,4,13,0_S1,0.98970175,0.0013620793,0.0011667347,0.006546418,0.00048959896,0.000733383,0_S1
c4_p078_20231011_o06,p078_20231011,78,1,4,13,0_S1,0.9992768,0.00011613223,0.00036525502,0.00016695044,2.8290731e-05,4.6698413e-05,0_S1
c4_p078_20231017_o03,p078_20231017,78,1,4,13,0_S1,0.9998779,6.370322e-06,0.000101238125,1.4094896e-05,3.3446574e-07,8.486277e-08,0_S1
c4_p078_20231019_o05,p078_20231019,78,1,4,14,0_S1,0.9929016,0.0016760873,0.004553132,0.00078907044,3.8351638e-05,4.173211e-05,0_S1
c4_p078_20231023_o06,p078_20231023,78,1,4,51,2_S5,0.99866116,0.00045725066,0.00062834384,0.00025097837,2.0072641e-06,2.7910295e-07,0_S1
c4_p078_20231027_o12,p078_20231027,78,1,4,53,2_S5,0.5837599,0.38227123,0.033469,0.00042584763,3.6115907e-05,3.7893788e-05,0_S1
c4_p078_20231101_o05,p078_20231101,78,1,4,60,3_S6,0.00038297017,0.008034886,0.9661391,0.025122564,0.00031708312,3.481832e-06,2_S5
c4_p078_20231106_o09,p078_20231106,78,1,4,63,3_S6,1.2812375e-06,8.924797e-05,0.00018064333,0.99911255,0.00061623193,1.1540456e-07,3_S6
c4_p078_20231109_o05,p078_20231109,78,1,4,70,4_S7,1.5240794e-07,2.3866887e-06,0.0007755494,0.81705683,0.18216318,1.8582518e-06,3_S6
c4_p078_20231120_o11,p078_20231120,78,1,4,71,4_S7,8.423374e-06,5.909001e-05,0.0015078093,0.11870703,0.8795608,0.00015690544,4_S7
c4_p078_20231127_o10,p078_20231127,78,1,4,72,4_S7,7.8549294e-07,1.3899421e-05,6.7443852e-06,0.0005766582,0.98706204,0.012339887,4_S7
c4_p078_20231130_o12,p078_20231130,78,1,4,74,4_S7,7.4335327e-07,7.713455e-06,3.2462656e-05,0.0031845935,0.9966511,0.0001234155,4_S7
c4_p078_20231204_o03,p078_20231204,78,1,4,76,4_S7,8.011761e-06,3.8947554e-05,2.1306501e-05,0.015283134,0.98410034,0.00054830103,4_S7
c4_p078_20231211_o08,p078_20231211,78,1,4,78,4_S7,1.0113131e-07,1.92879e-07,5.1975344e-06,0.0005242545,0.99941635,5.3890144e-05,4_S7
c4_p078_20231214_o03,p078_20231214,78,1,4,79,4_S7,2.934469e-07,3.4955326e-07,4.937704e-06,8.863227e-06,0.99989474,9.093757e-05,4_S7
c4_p078_20231218_o05,p078_20231218,78,1,4,79,4_S7,3.7083933e-06,9.950346e-07,1.578437e-05,1.1908079e-05,0.9989207,0.0010468692,4_S7
c4_p078_20231227_o04,p078_20231227,78,1,4,79,4_S7,3.654468e-07,3.0906116e-07,2.9477453e-06,2.7282047e-05,0.9997372,0.00023181071,4_S7
c4_p078_20240115_o06,p078_20240115,78,1,4,83,5_S8,1.5114703e-07,1.4465417e-07,1.3636679e-06,8.5950155e-08,7.974858e-05,0.99991846,5_S8
c4_p078_20240119_o01,p078_20240119,78,1,4,84,5_S8,1.8163506e-09,1.6984393e-09,1.1833752e-08,4.4490286e-10,2.1818596e-06,0.99999785,5_S8
c4_p078_20240126_o09,p078_20240126,78,1,4,89,5_S8,1.6750401e-10,2.2909194e-10,1.6460058e-08,3.9205814e-10,2.2901168e-07,0.99999976,5_S8
c4_p083_20231128_o06,p083_20231128,83,1,4,68,3_S6,0.00013374165,0.00025008924,0.00041363895,0.9969061,0.0022650927,3.1360243e-05,3_S6
c4_p083_20231130_o04,p083_20231130,83,1,4,69,3_S6,3.5353844e-06,2.3525161e-05,1.3760763e-05,0.99227107,0.007684967,3.0781612e-06,3_S6
c4_p083_20231204_o09,p083_20231204,83,1,4,70,4_S7,9.040535e-05,0.00015542541,0.0030726958,0.1848154,0.79334193,0.01852411,4_S7
c4_p083_20231207_o03,p083_20231207,83,1,4,71,4_S7,0.0008828377,0.00034767034,0.007641253,0.6539645,0.33206013,0.005103585,3_S6
c4_p083_20231211_o05,p083_20231211,83,1,4,73,4_S7,0.00017317095,0.00012460384,0.0012732655,0.059256803,0.93608147,0.003090651,4_S7
c4_p083_20231218_o06,p083_20231218,83,1,4,75,4_S7,1.465827e-06,1.4367346e-05,0.00016591806,0.002012731,0.99763596,0.00016965858,4_S7
c4_p083_20231227_o02,p083_20231227,83,1,4,77,4_S7,1.1918837e-05,1.819348e-05,0.00014890642,0.0062580635,0.99353456,2.8332126e-05,4_S7
c4_p083_20240115_o01,p083_20240115,83,1,4,78,4_S7,4.3650992e-08,1.6411491e-07,5.0932274e-05,1.2832978e-06,0.9987884,0.0011591634,4_S7
c4_p083_20240119_o03,p083_20240119,83,1,4,79,4_S7,5.068351e-06,1.2413406e-05,0.0001131052,5.25332e-06,0.014717511,0.9851466,5_S8
c4_p083_20240126_o04,p083_20240126,83,1,4,83,5_S8,1.7052685e-08,3.9857188e-08,2.363309e-07,1.5494665e-08,0.00020110056,0.9997987,5_S8
c4_p085_20231128_o03,p085_20231128,85,1,4,65,3_S6,6.6737775e-05,0.0005086808,0.002532689,0.9910046,0.005821636,6.573845e-05,3_S6
c4_p085_20231130_o01,p085_20231130,85,1,4,68,3_S6,7.616556e-06,0.00014860086,4.1891857e-05,0.97629344,0.023456892,5.15288e-05,3_S6
c4_p085_20231204_o03,p085_20231204,85,1,4,69,3_S6,0.00014014829,0.0002664518,0.00027069994,0.090525866,0.9070462,0.0017506579,4_S7
c4_p085_20231207_o03,p085_20231207,85,1,4,70,4_S7,0.00061756285,0.0002499516,0.0008146941,0.25693893,0.73880285,0.0025759703,4_S7
c4_p085_20231211_o11,p085_20231211,85,1,4,71,4_S7,8.8435945e-06,1.6463797e-05,0.00034922283,0.05602169,0.9433609,0.00024284566,4_S7
c4_p085_20231218_o12,p085_20231218,85,1,4,72,4_S7,2.1004325e-06,2.1921637e-06,1.2536224e-05,0.0010286759,0.9987056,0.00024884663,4_S7
c4_p085_20231227_o07,p085_20231227,85,1,4,74,4_S7,3.0399522e-05,4.982574e-06,4.2557433e-05,0.00016340916,0.9985108,0.001247835,4_S7
c4_p085_20240115_o05,p085_20240115,85,1,4,77,4_S7,3.7501824e-05,1.3496008e-05,0.0008086601,0.00018323745,0.9904322,0.008524913,4_S7
c4_p085_20240119_o04,p085_20240119,85,1,4,79,4_S7,4.01106e-05,4.6601376e-06,0.0017952577,1.2965708e-05,0.97123456,0.026912475,4_S7
c4_p085_20240126_o02,p085_20240126,85,1,4,81,5_S8,9.131733e-06,3.607552e-06,6.771793e-05,1.5050947e-05,0.7347754,0.2651291,4_S7
c4_p089_20231128_o06,p089_20231128,89,1,4,64,3_S6,0.000961218,0.00018991204,0.00018824337,0.99039257,0.008236346,3.1654177e-05,3_S6
c4_p089_20231130_o04,p089_20231130,89,1,4,67,3_S6,6.022969e-06,0.0001504551,0.00021661463,0.92468446,0.0749021,4.0391074e-05,3_S6
c4_p089_20231204_o06,p089_20231204,89,1,4,68,3_S6,9.648813e-06,4.503287e-05,6.1468985e-05,0.7632618,0.23660132,2.0729161e-05,3_S6
c4_p089_20231207_o04,p089_20231207,89,1,4,70,4_S7,1.0692185e-06,4.3448135e-06,3.7038808e-05,0.11866474,0.8812811,1.169175e-05,4_S7
c4_p089_20231211_o02,p089_20231211,89,1,4,71,4_S7,1.0176099e-05,2.0062602e-05,0.0001650293,0.66163146,0.33813828,3.498947e-05,3_S6
c4_p089_20231218_o03,p089_20231218,89,1,4,73,4_S7,2.4635309e-08,1.784376e-08,2.1894548e-05,1.4858326e-05,0.999956,7.169507e-06,4_S7
c4_p089_20231227_o04,p089_20231227,89,1,4,74,4_S7,8.962737e-06,1.8975372e-06,0.00017627265,9.009967e-06,0.9932326,0.0065712426,4_S7
c4_p089_20240115_o10,p089_20240115,89,1,4,77,4_S7,4.5941426e-05,2.996107e-05,0.0011223574,0.00075958326,0.96314126,0.03490092,4_S7
c4_p089_20240119_o08,p089_20240119,89,1,4,78,4_S7,6.0333918e-05,0.00013216173,0.004784541,0.00029166412,0.42364943,0.57108194,5_S8
c4_p089_20240126_o03,p089_20240126,89,1,4,81,5_S8,1.6510712e-05,1.2398188e-05,0.0001902621,6.122513e-06,0.09534295,0.90443176,5_S8
c4_p097_20231128_o06,p097_20231128,97,1,4,64,3_S6,6.205559e-05,0.00065702415,0.00047174006,0.9980877,0.000720824,6.2663486e-07,3_S6
c4_p097_20231130_o01,p097_20231130,97,1,4,67,3_S6,2.1151334e-05,0.00013373436,1.641675e-05,0.9657858,0.034016114,2.681307e-05,3_S6
c4_p097_20231204_o03,p097_20231204,97,1,4,69,3_S6,0.00045862177,0.0014698146,0.0006459353,0.70164615,0.2939121,0.001867376,3_S6
c4_p097_20231207_o08,p097_20231207,97,1,4,68,3_S6,2.5401016e-05,0.00012618086,0.0009292153,0.08122186,0.9159654,0.0017319032,4_S7
c4_p097_20231211_o06,p097_20231211,97,1,4,69,3_S6,3.45179e-05,0.00017771489,0.00028038712,0.43741384,0.56199604,9.751177e-05,4_S7
c4_p097_20231218_o06,p097_20231218,97,1,4,71,4_S7,2.112203e-08,1.0572362e-07,5.539809e-06,7.615223e-05,0.99987936,3.8830894e-05,4_S7
c4_p097_20231227_o08,p097_20231227,97,1,4,72,4_S7,1.939533e-09,1.2534473e-08,2.4613935e-05,8.3248494e-07,0.99918693,0.00078753073,4_S7
c4_p097_20240115_o08,p097_20240115,97,1,4,75,4_S7,4.9415605e-10,1.5567538e-09,3.062264e-07,7.3168453e-06,0.9999918,5.556081e-07,4_S7
c4_p097_20240119_o09,p097_20240119,97,1,4,79,4_S7,5.9990606e-07,3.1240727e-06,8.537296e-05,8.165704e-05,0.9837338,0.016095428,4_S7
c4_p097_20240126_o08,p097_20240126,97,1,4,80,5_S8,8.015115e-10,2.8325358e-09,4.413185e-07,2.716632e-07,0.99997437,2.4876399e-05,4_S7
c4_p099_20231128_o03,p099_20231128,99,1,4,65,3_S6,0.00013757935,0.0025908593,0.0005284708,0.9965328,0.0002087686,1.5356181e-06,3_S6
c4_p099_20231130_o08,p099_20231130,99,1,4,66,3_S6,1.4168874e-07,2.2965269e-06,6.0673574e-06,0.9956903,0.0043010945,1.09012845e-07,3_S6
c4_p099_20231204_o05,p099_20231204,99,1,4,68,3_S6,2.3157945e-05,0.00056642684,0.00022489083,0.9884093,0.010766436,9.749715e-06,3_S6
c4_p099_20231207_o08,p099_20231207,99,1,4,70,4_S7,8.065874e-06,4.0652594e-06,0.00017143767,0.02105695,0.9787322,2.7357763e-05,4_S7
c4_p099_20231211_o05,p099_20231211,99,1,4,71,4_S7,6.5228373e-06,4.90273e-05,0.00012786238,0.73506397,0.26470104,5.1572708e-05,3_S6
c4_p099_20231218_o12,p099_20231218,99,1,4,72,4_S7,4.9331293e-11,4.0635276e-11,1.0297745e-08,1.346969e-07,0.9999994,4.701375e-07,4_S7
c4_p099_20231227_o05,p099_20231227,99,1,4,74,4_S7,0.0001038595,2.8893654e-05,0.0001715271,9.857407e-05,0.9953061,0.004291052,4_S7
c4_p099_20240115_o12,p099_20240115,99,1,4,78,4_S7,8.449073e-06,1.2141015e-05,2.589888e-05,0.0005615799,0.9991381,0.00025378642,4_S7
c4_p099_20240119_o05,p099_20240119,99,1,4,79,4_S7,4.8870165e-06,1.1444217e-05,0.0007013098,1.7401522e-05,0.9833958,0.015869211,4_S7
c4_p099_20240126_o09,p099_20240126,99,1,4,80,5_S8,2.0768362e-06,9.859803e-07,9.513674e-05,2.185536e-05,0.9784017,0.021478193,4_S7
c4_p003_20230816_o02,p003_20230816,3,2,4,64,3_S6,4.1888594e-05,8.9679524e-08,9.943924e-07,0.00021261648,0.99580574,0.0039386703,4_S7
c4_p003_20230921_o08,p003_20230921,3,2,4,77,4_S7,4.12668e-09,5.779968e-10,1.080293e-06,1.25717e-05,0.999982,4.302737e-06,4_S7
c4_p003_20231005_o08,p003_20231005,3,2,4,79,4_S7,1.4922248e-08,4.817574e-09,1.6982185e-06,8.6490705e-05,0.99937636,0.0005355069,4_S7
c4_p004_20230816_o11,p004_20230816,4,2,4,61,3_S6,0.0026598158,8.1507176e-05,0.029234184,0.0355874,0.9245316,0.007905528,4_S7
c4_p004_20230921_o02,p004_20230921,4,2,4,79,4_S7,3.1269703e-10,9.76938e-11,2.3912439e-09,6.1650056e-08,0.99999976,1.332157e-07,4_S7
c4_p004_20231005_o12,p004_20231005,4,2,4,82,5_S8,0.00011159174,2.8650004e-05,5.329949e-05,0.00037500358,0.024834644,0.9745968,5_S8
c4_p009_20230816_o11,p009_20230816,9,2,4,64,3_S6,1.7086046e-08,5.3348796e-09,7.841389e-06,0.22359566,0.77639383,2.6133587e-06,4_S7
c4_p009_20230921_o10,p009_20230921,9,2,4,75,4_S7,2.2637769e-08,1.5891487e-08,3.0476209e-05,6.168285e-06,0.9999572,6.0497696e-06,4_S7
c4_p009_20231005_o01,p009_20231005,9,2,4,84,5_S8,0.00032381082,9.096134e-05,0.0003129002,0.0013520184,0.097076125,0.9008442,5_S8
c4_p014_20230816_o08,p014_20230816,14,2,4,69,3_S6,1.43171055e-05,1.2143714e-05,0.0010307904,0.24782911,0.7506265,0.00048705368,4_S7
c4_p014_20230921_o02,p014_20230921,14,2,4,76,4_S7,4.457063e-09,3.736476e-08,1.1069235e-06,3.532032e-06,0.99929,0.00070531626,4_S7
c4_p014_20231005_o06,p014_20231005,14,2,4,79,4_S7,1.687521e-06,2.1920594e-07,6.028167e-07,3.964748e-07,0.9814092,0.018588003,4_S7
c4_p015_20230816_o01,p015_20230816,15,2,4,66,3_S6,2.4235948e-07,7.776981e-07,0.00022298485,0.9993666,0.00040895146,5.394412e-07,3_S6
c4_p015_20230921_o12,p015_20230921,15,2,4,73,4_S7,2.8117472e-07,5.5952722e-09,6.8362186e-07,3.3949313e-05,0.99994934,1.5758309e-05,4_S7
c4_p015_20231005_o06,p015_20231005,15,2,4,77,4_S7,0.00013270363,0.0006412354,0.0021366596,0.00010122816,0.5425877,0.45440045,4_S7
c4_p018_20230816_o11,p018_20230816,18,2,4,68,3_S6,1.0073229e-09,4.0352198e-08,1.453397e-06,0.9999652,3.315512e-05,1.5512943e-07,3_S6
c4_p018_20230921_o10,p018_20230921,18,2,4,78,4_S7,1.1683944e-05,9.466483e-05,0.0004326704,0.002449143,0.9797936,0.017218206,4_S7
c4_p018_20231005_o05,p018_20231005,18,2,4,89,5_S8,1.559024e-06,6.64327e-07,3.1285297e-05,9.925852e-06,0.9865621,0.013394556,4_S7
c4_p019_20230816_o03,p019_20230816,19,2,4,70,4_S7,1.0853788e-06,5.3553146e-07,0.00010278425,0.0002453116,0.9978338,0.0018165439,4_S7
c4_p019_20230921_o01,p019_20230921,19,2,4,78,4_S7,3.3470574e-08,4.5194213e-08,5.9927625e-06,9.785939e-07,0.9999862,6.82411e-06,4_S7
c4_p019_20231005_o07,p019_20231005,19,2,4,85,5_S8,2.5054125e-05,1.1211649e-06,2.362232e-05,7.679906e-06,0.95867604,0.041266523,4_S7
c4_p020_20230816_o03,p020_20230816,20,2,4,70,4_S7,7.844548e-06,0.0009296666,0.0051229503,0.9884644,0.0054644095,1.07146825e-05,3_S6
c4_p020_20230921_o01,p020_20230921,20,2,4,72,4_S7,3.6525427e-07,9.964691e-08,4.0112022e-06,0.0045119687,0.995481,2.4767228e-06,4_S7
c4_p020_20231005_o10,p020_20231005,20,2,4,78,4_S7,7.230088e-06,7.841454e-06,7.0880155e-06,1.8160881e-05,0.032519866,0.96743983,5_S8
c4_p022_20230828_o11,p022_20230828,22,2,4,19,0_S1,0.99782145,0.00039178084,0.0017143236,3.62138e-05,2.700524e-05,9.220382e-06,0_S1
c4_p022_20230904_o01,p022_20230904,22,2,4,53,2_S5,0.34195855,0.02898047,0.02589657,0.25231016,0.34995213,0.0009021352,4_S7
c4_p022_20230908_o03,p022_20230908,22,2,4,63,3_S6,6.9669665e-07,4.144326e-05,0.00069622084,0.99913675,0.00012456912,3.2698014e-07,3_S6
c4_p022_20230921_o11,p022_20230921,22,2,4,70,4_S7,1.7072942e-09,5.7766464e-10,1.1624734e-06,2.7284475e-08,0.9999908,7.908665e-06,4_S7
c4_p022_20231006_o06,p022_20231006,22,2,4,72,4_S7,9.585522e-07,1.0751459e-05,0.0028280462,0.027069973,0.9700097,8.0632875e-05,4_S7
c4_p022_20231017_o03,p022_20231017,22,2,4,75,4_S7,2.5210466e-07,1.654947e-07,5.295063e-05,2.0534508e-05,0.9997366,0.00018956908,4_S7
c4_p022_20231023_o02,p022_20231023,22,2,4,77,4_S7,2.5518534e-07,6.309558e-07,0.00010057667,0.00037157148,0.99853396,0.0009929582,4_S7
c4_p022_20231027_o12,p022_20231027,22,2,4,78,4_S7,1.35184655e-08,3.061818e-08,5.3253148e-06,0.0001632118,0.99982834,2.9674943e-06,4_S7
c4_p022_20231101_o10,p022_20231101,22,2,4,79,4_S7,1.7774436e-09,2.213205e-08,2.9909204e-05,4.6561395e-06,0.99995875,6.699688e-06,4_S7
c4_p022_20231106_o07,p022_20231106,22,2,4,80,5_S8,7.414372e-10,7.8765566e-10,7.7873395e-08,5.1168612e-08,0.9994925,0.00050725025,4_S7
c4_p022_20231109_o10,p022_20231109,22,2,4,80,5_S8,1.5427867e-06,2.9309015e-06,1.24343205e-05,0.00015619777,0.99980503,2.1964895e-05,4_S7
c4_p022_20231120_o03,p022_20231120,22,2,4,84,5_S8,0.00026814736,0.00013986208,0.00016794288,3.183598e-05,0.0050747627,0.99431735,5_S8
c4_p022_20231124_o02,p022_20231124,22,2,4,86,5_S8,1.9585905e-06,7.3199785e-06,9.077267e-05,3.4537188e-06,0.00040529083,0.9994912,5_S8
c4_p022_20231127_o03,p022_20231127,22,2,4,88,5_S8,3.0026746e-05,4.1977888e-05,0.0009824237,0.0003274263,0.23858081,0.7600373,5_S8
c4_p022_20231130_o04,p022_20231130,22,2,4,89,5_S8,2.9988112e-07,8.793158e-07,2.4220284e-05,8.052843e-07,0.0042708046,0.99570304,5_S8
c4_p024_20230828_o03,p024_20230828,24,2,4,15,0_S1,0.99978656,0.00019662804,1.344415e-05,3.2172488e-06,6.375367e-08,4.191224e-08,0_S1
c4_p024_20230904_o03,p024_20230904,24,2,4,17,0_S1,0.01305398,0.80263406,0.18241067,0.0018442028,5.294705e-05,4.1629123e-06,1_S2
c4_p024_20230908_o11,p024_20230908,24,2,4,23,1_S2,1.3442547e-05,1.4426612e-06,9.03585e-05,0.99869734,0.0011970043,4.0285224e-07,3_S6
c4_p024_20230921_o04,p024_20230921,24,2,4,28,1_S2,3.862004e-06,6.161489e-05,0.0023383386,0.69671494,0.30084807,3.313253e-05,3_S6
c4_p024_20231006_o08,p024_20231006,24,2,4,29,1_S2,1.541796e-06,6.827898e-07,0.014354711,0.005723162,0.9791182,0.0008017161,4_S7
c4_p024_20231017_o08,p024_20231017,24,2,4,29,1_S2,1.5862612e-09,3.8273672e-11,9.450358e-07,1.0712167e-05,0.99998534,3.0391489e-06,4_S7
c4_p024_20231023_o12,p024_20231023,24,2,4,29,1_S2,2.4156461e-06,3.6970719e-06,0.02066078,0.00036191317,0.9786518,0.00031934952,4_S7
c4_p024_20231027_o10,p024_20231027,24,2,4,29,1_S2,4.312891e-07,3.0092717e-06,0.082777515,1.9575777e-05,0.9124865,0.004712888,4_S7
c4_p024_20231101_o07,p024_20231101,24,2,4,29,1_S2,3.944504e-07,4.166957e-07,0.0075497697,8.005638e-07,0.99121815,0.0012304654,4_S7
c4_p024_20231106_o04,p024_20231106,24,2,4,29,1_S2,5.0401268e-05,0.00017772912,0.66385686,0.001092349,0.121390164,0.2134325,2_S5
c4_p024_20231109_o02,p024_20231109,24,2,4,29,1_S2,4.8720678e-05,2.479866e-05,0.21733546,0.000151445,0.7805348,0.0019047849,4_S7
c4_p024_20231120_o03,p024_20231120,24,2,4,29,1_S2,1.5040478e-05,2.3469862e-05,0.18653888,7.633834e-06,0.2459469,0.56746805,5_S8
c4_p024_20231124_o02,p024_20231124,24,2,4,29,1_S2,3.2726998e-06,4.8486754e-06,0.00023575523,5.533299e-05,0.95772755,0.04197318,4_S7
c4_p024_20231127_o07,p024_20231127,24,2,4,51,2_S5,9.278553e-07,8.4100503e-07,0.10471016,1.8537823e-07,0.012895086,0.88239276,5_S8
c4_p024_20231130_o09,p024_20231130,24,2,4,51,2_S5,7.964701e-07,2.9432645e-06,0.8607619,5.9797355e-07,0.015996985,0.1232369,2_S5
c4_p028_20230828_o02,p028_20230828,28,2,4,15,0_S1,0.99022466,0.005547661,0.00035319937,0.0038649123,5.5190585e-06,3.9807182e-06,0_S1
c4_p028_20230904_o08,p028_20230904,28,2,4,51,2_S5,0.47345978,0.103368685,0.40103945,0.02042905,0.0015037146,0.00019928448,0_S1
c4_p028_20230908_o06,p028_20230908,28,2,4,61,3_S6,3.3192842e-05,4.5689238e-05,0.0050332295,0.7387212,0.25610742,5.9296348e-05,3_S6
c4_p028_20230921_o11,p028_20230921,28,2,4,70,4_S7,2.4786553e-07,2.4355575e-06,0.004831733,0.00015415168,0.9949982,1.3303408e-05,4_S7
c4_p028_20231006_o03,p028_20231006,28,2,4,73,4_S7,7.2358214e-10,2.1335587e-10,1.2175955e-05,2.6817582e-07,0.999984,3.5662647e-06,4_S7
c4_p028_20231017_o02,p028_20231017,28,2,4,74,4_S7,4.9801545e-09,2.7828057e-10,7.708907e-07,5.0658155e-06,0.99999297,1.3080419e-06,4_S7
c4_p028_20231023_o10,p028_20231023,28,2,4,75,4_S7,5.372088e-09,5.553338e-08,6.945491e-05,3.958714e-06,0.99987996,4.6550602e-05,4_S7
c4_p028_20231027_o04,p028_20231027,28,2,4,76,4_S7,4.831726e-05,0.00069946493,0.0021526571,0.053586498,0.94346714,4.5839315e-05,4_S7
c4_p028_20231101_o04,p028_20231101,28,2,4,77,4_S7,7.73716e-06,2.6000832e-06,0.00025168207,0.0017455677,0.9913743,0.0066181016,4_S7
c4_p028_20231106_o12,p028_20231106,28,2,4,78,4_S7,3.0566932e-07,4.9417115e-09,1.1222421e-08,2.7631069e-09,0.99999905,5.7919937e-07,4_S7
c4_p028_20231109_o10,p028_20231109,28,2,4,79,4_S7,0.00022026917,5.96642e-05,0.00056998996,0.00074626034,0.9733234,0.02508057,4_S7
c4_p028_20231120_o10,p028_20231120,28,2,4,81,5_S8,4.725169e-06,8.515451e-06,0.00032413422,5.353994e-07,0.022911457,0.9767506,5_S8
c4_p028_20231124_o08,p028_20231124,28,2,4,84,5_S8,8.989726e-09,1.2357827e-07,6.171856e-06,2.0312132e-08,0.00091639796,0.9990773,5_S8
c4_p028_20231127_o07,p028_20231127,28,2,4,86,5_S8,4.969102e-08,4.2314213e-07,6.6484914e-05,1.664721e-07,0.00020708753,0.99972576,5_S8
c4_p028_20231130_o06,p028_20231130,28,2,4,89,5_S8,0.00017654523,0.0002850311,0.00021834634,9.167882e-05,0.0030528714,0.9961755,5_S8
c4_p033_20230828_o06,p033_20230828,33,2,4,16,0_S1,0.92005974,0.057839457,0.019552117,0.0025429053,3.688608e-06,1.9795355e-06,0_S1
c4_p033_20230904_o10,p033_20230904,33,2,4,52,2_S5,4.8326015e-08,4.7986628e-06,9.582355e-05,0.99987316,2.6223544e-05,2.365026e-08,3_S6
c4_p033_20230908_o11,p033_20230908,33,2,4,61,3_S6,8.242946e-05,1.3755234e-05,0.00011373757,0.9853161,0.014468368,5.617222e-06,3_S6
c4_p033_20230921_o04,p033_20230921,33,2,4,70,4_S7,1.9027152e-10,2.1367154e-10,8.1263545e-07,4.3847427e-07,0.9999536,4.511401e-05,4_S7
c4_p033_20231006_o08,p033_20231006,33,2,4,72,4_S7,1.9329613e-08,4.6200164e-09,3.6875583e-06,4.1579636e-08,0.9967853,0.003211004,4_S7
c4_p033_20231017_o11,p033_20231017,33,2,4,73,4_S7,9.44527e-06,3.4248176e-05,0.0019430292,0.032358624,0.9654917,0.00016300233,4_S7
c4_p033_20231023_o03,p033_20231023,33,2,4,74,4_S7,8.227644e-08,1.4805086e-07,0.00012992018,7.17985e-05,0.9997882,9.766871e-06,4_S7
c4_p033_20231027_o06,p033_20231027,33,2,4,75,4_S7,8.225309e-10,3.481314e-10,1.0256541e-08,9.081629e-09,0.99998987,1.0132126e-05,4_S7
c4_p033_20231101_o02,p033_20231101,33,2,4,76,4_S7,2.8675857e-09,1.4315569e-09,2.0076466e-07,1.9455754e-07,0.9999987,8.468605e-07,4_S7
c4_p033_20231106_o01,p033_20231106,33,2,4,77,4_S7,7.6972874e-08,4.531658e-09,8.03884e-08,1.5457804e-08,0.9999994,3.7619932e-07,4_S7
c4_p033_20231109_o06,p033_20231109,33,2,4,78,4_S7,2.432712e-09,2.1691617e-09,6.023527e-08,3.020702e-08,0.99994266,5.717221e-05,4_S7
c4_p033_20231120_o10,p033_20231120,33,2,4,83,5_S8,7.2046723e-06,7.934019e-06,7.0980735e-05,0.0005706517,0.51738673,0.4819565,4_S7
c4_p033_20231124_o09,p033_20231124,33,2,4,85,5_S8,2.1520696e-06,2.9988789e-05,7.615715e-05,0.00016241687,0.010824079,0.9889052,5_S8
c4_p033_20231127_o07,p033_20231127,33,2,4,87,5_S8,1.3054657e-05,8.216193e-05,0.00030960314,0.0001202254,0.31771174,0.6817632,5_S8
c4_p033_20231130_o02,p033_20231130,33,2,4,89,5_S8,1.3062522e-05,2.2193712e-05,9.326959e-05,2.6590222e-05,0.0070963954,0.99274844,5_S8
c4_p040_20230828_o08,p040_20230828,40,2,4,14,0_S1,0.9942095,0.0040160194,0.001199512,0.0005728162,1.0782123e-06,1.0184301e-06,0_S1
c4_p040_20230904_o01,p040_20230904,40,2,4,54,2_S5,0.0061647585,0.06237344,0.05434249,0.8770467,6.9824295e-05,2.743361e-06,3_S6
c4_p040_20230908_o05,p040_20230908,40,2,4,62,3_S6,4.2436432e-07,5.850383e-07,2.236851e-05,0.05012512,0.94984025,1.12391435e-05,4_S7
c4_p040_20230921_o04,p040_20230921,40,2,4,65,3_S6,2.0211046e-09,1.6963496e-10,3.7236347e-08,0.022037774,0.9779604,1.7653585e-06,4_S7
c4_p040_20231006_o03,p040_20231006,40,2,4,71,4_S7,5.445753e-10,8.7857395e-11,3.5039134e-09,6.0706338e-05,0.9999292,1.0139747e-05,4_S7
c4_p040_20231017_o12,p040_20231017,40,2,4,72,4_S7,1.8349125e-10,3.8528172e-10,2.2244693e-07,9.1647036e-07,0.99995565,4.314509e-05,4_S7
c4_p040_20231023_o04,p040_20231023,40,2,4,73,4_S7,2.8899214e-12,1.6226056e-12,5.01431e-10,8.7038843e-10,1.0,8.613436e-09,4_S7
c4_p040_20231027_o07,p040_20231027,40,2,4,74,4_S7,1.6454615e-09,4.6158655e-10,6.883312e-07,9.867975e-06,0.9999825,6.8880704e-06,4_S7
c4_p040_20231101_o10,p040_20231101,40,2,4,75,4_S7,2.9096125e-08,7.362945e-08,7.558007e-05,1.0405877e-06,0.9996075,0.00031584606,4_S7
c4_p040_20231106_o09,p040_20231106,40,2,4,76,4_S7,6.091632e-08,9.352963e-09,9.390971e-08,2.8685443e-07,0.9709864,0.029013107,4_S7
c4_p040_20231109_o12,p040_20231109,40,2,4,77,4_S7,4.832385e-09,2.1954332e-08,1.6653275e-06,8.4793464e-07,0.99926096,0.0007364958,4_S7
c4_p040_20231120_o10,p040_20231120,40,2,4,81,5_S8,7.34227e-08,4.6334147e-08,7.2868693e-06,4.248164e-08,0.97560024,0.024392214,4_S7
c4_p040_20231124_o11,p040_20231124,40,2,4,82,5_S8,1.1477362e-06,5.4237903e-06,3.3040687e-05,4.606747e-06,0.00037136738,0.9995844,5_S8
c4_p040_20231127_o01,p040_20231127,40,2,4,84,5_S8,6.1366427e-09,4.5575597e-08,1.032323e-06,2.0429685e-08,6.0907932e-05,0.999938,5_S8
c4_p040_20231130_o10,p040_20231130,40,2,4,87,5_S8,3.1527986e-10,2.4548321e-09,1.0948253e-07,3.1609515e-10,1.2107511e-05,0.99998784,5_S8
c4_p052_20230929_o06,p052_20230929,52,2,4,13,0_S1,0.99997365,7.4397412e-06,1.0572735e-05,6.911612e-06,8.0183327e-07,5.635767e-07,0_S1
c4_p052_20231004_o08,p052_20231004,52,2,4,13,0_S1,0.9999778,2.3813957e-06,1.782982e-05,1.8531566e-08,1.508341e-06,3.7925707e-07,0_S1
c4_p052_20231011_o09,p052_20231011,52,2,4,14,0_S1,0.99988496,0.00011201159,2.8334216e-06,1.0227225e-07,3.2014867e-08,3.8103025e-08,0_S1
c4_p052_20231017_o12,p052_20231017,52,2,4,52,2_S5,0.96161586,0.022975435,0.014421748,0.00090378826,5.68745e-05,2.6292875e-05,0_S1
c4_p052_20231019_o07,p052_20231019,52,2,4,53,2_S5,0.9377434,0.06166712,0.0005814642,4.028907e-06,3.7707928e-06,1.5805519e-07,0_S1
c4_p052_20231023_o08,p052_20231023,52,2,4,61,3_S6,0.24522163,0.09201457,0.06163942,0.6002736,0.00084722845,3.5578921e-06,3_S6
c4_p052_20231027_o05,p052_20231027,52,2,4,68,3_S6,9.961891e-07,0.00029012872,0.020650923,0.9634968,0.015557813,3.379243e-06,3_S6
c4_p052_20231101_o08,p052_20231101,52,2,4,67,3_S6,8.444234e-07,5.9354846e-07,0.00070636976,0.9979724,0.0013194139,3.8028168e-07,3_S6
c4_p052_20231106_o11,p052_20231106,52,2,4,68,3_S6,0.0004324744,0.00075732096,0.0064651268,0.47093737,0.52130044,0.0001072547,4_S7
c4_p052_20231109_o12,p052_20231109,52,2,4,70,4_S7,9.5757505e-06,8.60547e-05,0.0010506455,0.0015326252,0.99731964,1.4225266e-06,4_S7
c4_p052_20231120_o10,p052_20231120,52,2,4,72,4_S7,1.8361227e-06,2.2541703e-06,0.0020270757,0.008842397,0.9890671,5.933572e-05,4_S7
c4_p052_20231127_o06,p052_20231127,52,2,4,73,4_S7,8.621062e-10,5.021231e-10,3.2516706e-08,2.2314965e-10,0.9999851,1.4856264e-05,4_S7
c4_p052_20231130_o11,p052_20231130,52,2,4,75,4_S7,4.720156e-07,4.0052072e-07,0.0001822039,1.1040065e-05,0.9994603,0.0003456757,4_S7
c4_p052_20231204_o07,p052_20231204,52,2,4,76,4_S7,1.3920832e-09,1.1715677e-09,5.506576e-08,7.6486156e-10,0.99979514,0.00020489201,4_S7
c4_p052_20231211_o03,p052_20231211,52,2,4,77,4_S7,3.484221e-08,5.1131135e-08,5.447474e-05,5.0580372e-08,0.98249245,0.017452994,4_S7
c4_p052_20231214_o10,p052_20231214,52,2,4,78,4_S7,1.8678929e-08,1.5610064e-09,3.379589e-08,1.1626464e-09,0.9989248,0.0010752047,4_S7
c4_p052_20231218_o12,p052_20231218,52,2,4,79,4_S7,1.5334336e-06,1.6032475e-07,1.0265321e-06,8.290905e-08,0.99340844,0.006588733,4_S7
c4_p052_20231227_o07,p052_20231227,52,2,4,79,4_S7,7.3838567e-07,6.184447e-07,0.00012493093,3.3719452e-08,0.050797004,0.94907683,5_S8
c4_p052_20240104_o09,p052_20240104,52,2,4,84,5_S8,2.116581e-06,5.980556e-06,4.5970637e-06,3.9622645e-07,0.00030951155,0.9996774,5_S8
c4_p058_20230929_o02,p058_20230929,58,2,4,13,0_S1,0.9999864,2.869467e-06,6.26064e-06,2.9765092e-06,5.587689e-07,8.53016e-07,0_S1
c4_p058_20231004_o04,p058_20231004,58,2,4,13,0_S1,0.99717915,7.794754e-05,0.0026650229,3.1726737e-05,3.653683e-05,9.648501e-06,0_S1
c4_p058_20231011_o04,p058_20231011,58,2,4,14,0_S1,0.9244389,0.001334178,0.07393892,0.00011199757,0.000111746216,6.4240136e-05,0_S1
c4_p058_20231017_o11,p058_20231017,58,2,4,52,2_S5,0.9986218,0.00030757897,0.00034436598,0.00069043,2.987987e-05,5.8968512e-06,0_S1
c4_p058_20231019_o06,p058_20231019,58,2,4,53,2_S5,0.47649792,0.0039890725,0.5087722,0.009857691,0.0004840478,0.00039911084,2_S5
c4_p058_20231023_o05,p058_20231023,58,2,4,54,2_S5,0.033036727,0.02409005,0.82273084,0.11878398,0.0010572497,0.00030112514,2_S5
c4_p058_20231027_o04,p058_20231027,58,2,4,55,2_S5,0.002392196,0.0025682661,0.010251324,0.8871397,0.097598314,5.026522e-05,3_S6
c4_p058_20231101_o11,p058_20231101,58,2,4,59,2_S5,4.255628e-05,0.0009320501,0.2700052,0.72870404,0.00031532624,8.2157993e-07,3_S6
c4_p058_20231106_o06,p058_20231106,58,2,4,63,3_S6,1.8514072e-08,2.3861682e-07,0.0006792963,0.9982797,0.0010407581,1.1047923e-08,3_S6
c4_p058_20231109_o03,p058_20231109,58,2,4,64,3_S6,1.3883597e-07,6.219343e-07,0.00020244498,0.9977077,0.002088896,1.9594478e-07,3_S6
c4_p058_20231120_o02,p058_20231120,58,2,4,67,3_S6,2.0219606e-07,7.497961e-08,0.00013120956,0.04387488,0.95594287,5.0755796e-05,4_S7
c4_p058_20231127_o04,p058_20231127,58,2,4,71,4_S7,6.7787936e-10,1.5177813e-10,4.6626777e-08,6.6776744e-09,0.9999993,6.576424e-07,4_S7
c4_p058_20231130_o06,p058_20231130,58,2,4,73,4_S7,1.1257862e-06,2.8861084e-06,1.1815733e-05,0.050615698,0.9493418,2.6743317e-05,4_S7
c4_p058_20231204_o05,p058_20231204,58,2,4,74,4_S7,6.241019e-09,4.3242704e-10,1.2671737e-07,2.0076557e-08,0.9999999,1.26967565e-08,4_S7
c4_p058_20231211_o10,p058_20231211,58,2,4,75,4_S7,3.9738987e-10,2.2071299e-10,3.0342136e-08,1.4614078e-07,0.99999964,2.6544012e-07,4_S7
c4_p058_20231214_o07,p058_20231214,58,2,4,76,4_S7,1.8631172e-09,2.9424883e-09,7.071141e-07,2.0798278e-05,0.99997544,2.9913965e-06,4_S7
c4_p058_20231218_o02,p058_20231218,58,2,4,78,4_S7,1.1039961e-07,2.587829e-07,0.000100009915,8.611878e-05,0.9871515,0.012662009,4_S7
c4_p058_20231227_o11,p058_20231227,58,2,4,79,4_S7,2.040281e-06,5.085335e-07,2.163452e-06,1.6533537e-05,0.96306795,0.036910757,4_S7
c4_p058_20240104_o09,p058_20240104,58,2,4,81,5_S8,2.2267948e-06,2.511974e-07,3.1033728e-06,1.029015e-06,0.8442334,0.15575995,4_S7
c4_p060_20230929_o11,p060_20230929,60,2,4,13,0_S1,0.9999827,3.1572965e-06,7.702307e-06,4.2011598e-06,1.6589047e-06,5.395021e-07,0_S1
c4_p060_20231004_o12,p060_20231004,60,2,4,13,0_S1,0.9975852,0.0016107917,0.0007997152,9.785904e-07,2.0879052e-07,3.038526e-06,0_S1
c4_p060_20231011_o10,p060_20231011,60,2,4,53,2_S5,0.99858546,0.0008168939,0.00059454417,1.3738054e-06,6.2395486e-07,1.2518688e-06,0_S1
c4_p060_20231017_o06,p060_20231017,60,2,4,60,3_S6,0.16452695,0.7715232,0.06083519,0.002714209,0.00036426747,3.6278554e-05,1_S2
c4_p060_20231019_o10,p060_20231019,60,2,4,67,3_S6,0.0005939501,0.010253322,0.98815596,0.00090576074,8.410413e-05,6.9400808e-06,2_S5
c4_p060_20231023_o02,p060_20231023,60,2,4,67,3_S6,0.008820653,0.0011037057,0.04860784,0.9365954,0.0048437756,2.8642802e-05,3_S6
c4_p060_20231027_o01,p060_20231027,60,2,4,67,3_S6,4.0021447e-07,4.9742675e-06,0.0056070806,0.9920711,0.0023162928,9.754006e-08,3_S6
c4_p060_20231101_o12,p060_20231101,60,2,4,70,4_S7,5.896668e-06,2.8871243e-06,0.007054983,0.43283108,0.56009674,8.394013e-06,4_S7
c4_p060_20231106_o05,p060_20231106,60,2,4,70,4_S7,0.00052620145,0.00043061894,0.0014546827,0.33487868,0.66269857,1.1168116e-05,4_S7
c4_p060_20231109_o03,p060_20231109,60,2,4,70,4_S7,1.7320907e-07,2.7316037e-07,9.315782e-05,0.00031590502,0.999491,9.953949e-05,4_S7
c4_p060_20231120_o12,p060_20231120,60,2,4,71,4_S7,2.412494e-07,6.1869635e-08,1.3826639e-05,6.541199e-07,0.86607504,0.1339102,4_S7
c4_p060_20231127_o10,p060_20231127,60,2,4,72,4_S7,7.083894e-08,6.707075e-08,3.3064487e-07,6.714375e-07,0.99993825,6.05312e-05,4_S7
c4_p060_20231130_o11,p060_20231130,60,2,4,73,4_S7,2.6351234e-08,7.2623285e-09,2.6267944e-07,4.676229e-09,0.99931645,0.0006833443,4_S7
c4_p060_20231204_o03,p060_20231204,60,2,4,74,4_S7,1.943566e-08,4.816282e-09,4.6172678e-07,6.3930386e-08,0.9999968,2.702799e-06,4_S7
c4_p060_20231211_o10,p060_20231211,60,2,4,75,4_S7,4.703022e-07,6.7703246e-07,0.0020570375,7.751097e-05,0.99767643,0.0001879043,4_S7
c4_p060_20231214_o05,p060_20231214,60,2,4,77,4_S7,8.357353e-08,2.9280707e-09,3.2267405e-07,5.8905806e-07,0.9998586,0.00014024881,4_S7
c4_p060_20231218_o11,p060_20231218,60,2,4,78,4_S7,9.762269e-06,4.3433647e-06,0.0016780768,1.7599932e-06,0.8518755,0.14643058,4_S7
c4_p060_20231227_o04,p060_20231227,60,2,4,79,4_S7,2.098969e-08,9.831875e-09,0.00019543884,4.1970716e-10,0.007918505,0.991886,5_S8
c4_p060_20240104_o06,p060_20240104,60,2,4,84,5_S8,7.8312254e-09,4.6973345e-09,1.2226089e-07,3.1551362e-11,0.00012686991,0.99987304,5_S8
c4_p063_20231006_o02,p063_20231006,63,2,4,13,0_S1,0.99933964,0.00013061606,0.00010396711,8.222836e-05,0.00016235368,0.00018111913,0_S1
c4_p063_20231011_o08,p063_20231011,63,2,4,13,0_S1,0.99996257,1.082498e-05,1.22996125e-05,6.942843e-06,3.278794e-06,4.001284e-06,0_S1
c4_p063_20231017_o02,p063_20231017,63,2,4,13,0_S1,0.99996245,1.2279768e-05,2.39668e-05,5.0733604e-07,2.8273098e-07,6.200924e-07,0_S1
c4_p063_20231019_o11,p063_20231019,63,2,4,14,0_S1,0.97837466,0.0038091477,0.0072608753,0.0060580187,0.0027473324,0.001749865,0_S1
c4_p063_20231023_o07,p063_20231023,63,2,4,14,0_S1,0.99997604,6.4624924e-06,1.0965638e-05,1.5743279e-06,3.2548771e-06,1.6834947e-06,0_S1
c4_p063_20231027_o11,p063_20231027,63,2,4,14,0_S1,0.90814734,0.08086084,0.010649357,0.00017807643,0.00015211912,1.2204622e-05,0_S1
c4_p063_20231101_o11,p063_20231101,63,2,4,53,2_S5,0.003269994,0.20710966,0.7322043,0.05738759,2.5460069e-05,2.9404957e-06,2_S5
c4_p063_20231106_o09,p063_20231106,63,2,4,60,3_S6,1.2428076e-05,0.00011916098,0.001732302,0.9925368,0.005595668,3.638128e-06,3_S6
c4_p063_20231109_o01,p063_20231109,63,2,4,64,3_S6,2.440564e-06,5.607867e-05,0.0068035745,0.9919117,0.0010483756,0.00017779053,3_S6
c4_p063_20231120_o10,p063_20231120,63,2,4,70,4_S7,3.90943e-07,6.431328e-07,7.564252e-05,0.060805146,0.939117,1.1692358e-06,4_S7
c4_p063_20231127_o03,p063_20231127,63,2,4,71,4_S7,1.7365803e-09,4.332579e-10,4.110035e-08,6.117059e-08,0.99998915,1.0779024e-05,4_S7
c4_p063_20231130_o03,p063_20231130,63,2,4,72,4_S7,6.9380076e-06,1.4919901e-05,0.0008189454,0.98725057,0.011904285,4.377245e-06,3_S6
c4_p063_20231204_o02,p063_20231204,63,2,4,75,4_S7,1.2134792e-06,2.1709734e-06,3.2306303e-05,0.6988678,0.30109572,8.140188e-07,3_S6
c4_p063_20231211_o06,p063_20231211,63,2,4,78,4_S7,4.8048645e-09,1.8561265e-08,3.9919923e-06,0.002088054,0.9979079,4.6615756e-09,4_S7
c4_p063_20231214_o04,p063_20231214,63,2,4,79,4_S7,7.394368e-08,7.0297195e-09,8.9213063e-07,1.4696815e-06,0.9999789,1.8641085e-05,4_S7
c4_p063_20231218_o01,p063_20231218,63,2,4,79,4_S7,1.610884e-07,7.037165e-09,6.965525e-08,1.8196549e-06,0.9999504,4.7495847e-05,4_S7
c4_p063_20231227_o09,p063_20231227,63,2,4,79,4_S7,1.830454e-07,8.803931e-08,0.0002893124,9.3808434e-05,0.99776614,0.0018504614,4_S7
c4_p063_20240115_o10,p063_20240115,63,2,4,83,5_S8,2.8491303e-07,3.505891e-07,6.694034e-06,1.7477657e-08,0.014447578,0.9855451,5_S8
c4_p063_20240119_o04,p063_20240119,63,2,4,84,5_S8,6.3485268e-06,1.9607127e-05,2.885785e-05,5.806633e-06,0.00069876184,0.9992405,5_S8
c4_p063_20240126_o04,p063_20240126,63,2,4,85,5_S8,8.4083007e-07,2.3847035e-06,2.5862023e-06,4.314976e-07,6.030073e-05,0.99993336,5_S8
c4_p064_20231006_o06,p064_20231006,64,2,4,13,0_S1,0.999749,5.7604677e-05,4.1446285e-05,5.8682483e-05,3.7807768e-05,5.5441426e-05,0_S1
c4_p064_20231011_o05,p064_20231011,64,2,4,13,0_S1,0.999997,8.2060984e-07,4.238099e-07,2.6552928e-07,7.631664e-07,7.446236e-07,0_S1
c4_p064_20231017_o07,p064_20231017,64,2,4,13,0_S1,0.9998678,2.6088977e-05,9.8105884e-05,2.4862566e-06,2.353855e-06,3.1226755e-06,0_S1
c4_p064_20231019_o12,p064_20231019,64,2,4,13,0_S1,0.9998307,2.4807941e-05,0.000113745045,1.2273094e-05,5.967287e-06,1.2490477e-05,0_S1
c4_p064_20231023_o03,p064_20231023,64,2,4,13,0_S1,0.99881893,0.0005796155,0.0005141874,4.578603e-05,4.0530187e-05,9.656826e-07,0_S1
c4_p064_20231027_o03,p064_20231027,64,2,4,14,0_S1,0.9636139,0.0029341304,0.03339347,5.7410758e-05,6.050106e-07,5.559227e-07,0_S1
c4_p064_20231101_o07,p064_20231101,64,2,4,52,2_S5,0.01393506,0.01653221,0.839796,0.129274,0.00045662854,6.0664856e-06,2_S5
c4_p064_20231106_o03,p064_20231106,64,2,4,61,3_S6,7.70227e-06,0.00024162144,0.48683912,0.512818,9.350511e-05,1.1842714e-07,3_S6
c4_p064_20231109_o05,p064_20231109,64,2,4,65,3_S6,4.3134987e-06,1.19315855e-05,0.007967963,0.9919629,5.2652813e-05,2.536369e-07,3_S6
c4_p064_20231120_o05,p064_20231120,64,2,4,69,3_S6,3.6091765e-06,9.892214e-06,6.5305365e-05,0.5969889,0.40291452,1.775237e-05,3_S6
c4_p064_20231127_o01,p064_20231127,64,2,4,69,3_S6,3.6731033e-06,4.4718445e-06,0.00073759543,0.0704716,0.92855114,0.00023160606,4_S7
c4_p064_20231130_o05,p064_20231130,64,2,4,71,4_S7,5.2137955e-07,1.0037188e-07,1.9140596e-05,0.00012156222,0.9998092,4.9532904e-05,4_S7
c4_p064_20231204_o02,p064_20231204,64,2,4,73,4_S7,4.4957987e-06,8.186614e-07,9.453794e-06,0.2845549,0.7154269,3.3454512e-06,4_S7
c4_p064_20231211_o05,p064_20231211,64,2,4,75,4_S7,1.2764491e-06,1.9680074e-06,5.1553194e-05,0.0023002801,0.9975994,4.5385463e-05,4_S7
c4_p064_20231214_o05,p064_20231214,64,2,4,77,4_S7,3.8014957e-08,1.9649809e-08,6.3529096e-06,3.9359897e-05,0.99995327,1.0688206e-06,4_S7
c4_p064_20231218_o04,p064_20231218,64,2,4,78,4_S7,4.929761e-07,6.676101e-09,3.226939e-07,1.5846422e-06,0.9999753,2.2226322e-05,4_S7
c4_p064_20231227_o06,p064_20231227,64,2,4,79,4_S7,1.1648191e-05,3.1594761e-06,3.9998547e-05,0.0006133999,0.98680836,0.012523405,4_S7
c4_p064_20240115_o06,p064_20240115,64,2,4,79,4_S7,7.9536076e-05,0.000101176694,0.0015083704,0.00052375597,0.18093449,0.8168527,5_S8
c4_p064_20240119_o04,p064_20240119,64,2,4,81,5_S8,9.820953e-06,1.3161326e-05,8.9394234e-05,4.8807105e-06,0.0010150016,0.99886775,5_S8
c4_p064_20240126_o08,p064_20240126,64,2,4,82,5_S8,1.0374278e-06,2.1507897e-06,0.00010799216,7.0654994e-07,0.009112733,0.9907754,5_S8
c4_p065_20231006_o07,p065_20231006,65,2,4,13,0_S1,0.99930906,0.00012181049,9.775351e-05,0.00018770203,0.00016987603,0.00011376042,0_S1
c4_p065_20231011_o03,p065_20231011,65,2,4,13,0_S1,0.99998283,2.8166037e-06,1.2807831e-06,1.4974927e-06,8.959979e-06,2.5913864e-06,0_S1
c4_p065_20231017_o12,p065_20231017,65,2,4,13,0_S1,0.9999883,2.1553876e-06,7.4293853e-06,1.9350903e-06,7.8134356e-08,1.11910346e-07,0_S1
c4_p065_20231019_o08,p065_20231019,65,2,4,13,0_S1,0.9997179,4.6091845e-05,0.00018021729,3.6218014e-05,5.6514577e-06,1.4034553e-05,0_S1
c4_p065_20231023_o07,p065_20231023,65,2,4,13,0_S1,0.9999987,7.694438e-07,2.4123418e-07,1.3344481e-07,6.5053676e-08,2.5790435e-08,0_S1
c4_p065_20231027_o10,p065_20231027,65,2,4,51,2_S5,0.92681396,0.035851233,0.03715133,0.00016818079,9.379441e-06,5.9822564e-06,0_S1
c4_p065_20231101_o02,p065_20231101,65,2,4,52,2_S5,0.085038334,0.012528736,0.4036445,0.4981071,0.00067185547,9.4112365e-06,3_S6
c4_p065_20231106_o10,p065_20231106,65,2,4,60,3_S6,4.1932952e-07,8.576906e-06,0.00014130984,0.95359874,0.046249628,1.3180334e-06,3_S6
c4_p065_20231109_o10,p065_20231109,65,2,4,68,3_S6,6.609992e-06,6.1781095e-05,0.0024977773,0.95498085,0.04220592,0.00024707415,3_S6
c4_p065_20231120_o12,p065_20231120,65,2,4,70,4_S7,4.775243e-09,5.924531e-08,0.0001106586,0.9194031,0.0804862,4.1380176e-08,3_S6
c4_p065_20231127_o07,p065_20231127,65,2,4,73,4_S7,4.6544958e-08,6.5675984e-08,4.297021e-07,0.0027730362,0.9972264,1.3349554e-08,4_S7
c4_p065_20231130_o04,p065_20231130,65,2,4,74,4_S7,5.640841e-07,5.757616e-06,0.0035746202,0.24606636,0.7501692,0.00018350675,4_S7
c4_p065_20231204_o03,p065_20231204,65,2,4,75,4_S7,1.8761085e-06,1.7034935e-06,5.3942563e-06,0.95750004,0.042491015,4.2808995e-08,3_S6
c4_p065_20231211_o04,p065_20231211,65,2,4,76,4_S7,1.5583286e-06,6.35295e-07,0.00031330882,0.0011648742,0.9985191,4.7893155e-07,4_S7
c4_p065_20231214_o09,p065_20231214,65,2,4,78,4_S7,1.1097996e-08,3.1714285e-09,3.6192435e-07,2.9374098e-06,0.99999654,1.7334479e-07,4_S7
c4_p065_20231218_o10,p065_20231218,65,2,4,79,4_S7,2.1125252e-05,2.0691536e-05,0.009615671,0.00014075062,0.8906898,0.09951201,4_S7
c4_p065_20231227_o06,p065_20231227,65,2,4,79,4_S7,6.197892e-07,1.3739121e-07,3.5046993e-05,4.087752e-07,0.950238,0.049725916,4_S7
c4_p065_20240115_o10,p065_20240115,65,2,4,79,4_S7,8.349387e-08,2.0325645e-07,4.8699458e-06,2.9853375e-09,0.07636255,0.9236323,5_S8
c4_p065_20240119_o12,p065_20240119,65,2,4,80,5_S8,1.9752567e-07,1.2288164e-06,3.476361e-05,3.152172e-08,0.013029257,0.98693466,5_S8
c4_p065_20240126_o08,p065_20240126,65,2,4,88,5_S8,5.677767e-06,2.821893e-06,1.2546801e-05,7.693943e-07,0.00018006956,0.9997981,5_S8
c4_p068_20231006_o01,p068_20231006,68,2,4,13,0_S1,0.9997396,8.906447e-05,4.5308232e-05,5.2317322e-05,4.42848e-05,2.9361832e-05,0_S1
c4_p068_20231011_o11,p068_20231011,68,2,4,13,0_S1,0.9999876,4.308641e-06,3.7404145e-06,2.71704e-06,1.0827125e-06,6.504139e-07,0_S1
c4_p068_20231017_o11,p068_20231017,68,2,4,13,0_S1,0.9999579,2.702734e-05,1.3735337e-05,1.211115e-06,1.9593612e-08,1.2133837e-07,0_S1
c4_p068_20231019_o07,p068_20231019,68,2,4,14,0_S1,0.9995796,4.3130713e-05,0.0003306428,1.34132215e-05,1.5256112e-05,1.79332e-05,0_S1
c4_p068_20231023_o06,p068_20231023,68,2,4,14,0_S1,0.784011,0.017793804,0.19665836,0.0010561596,9.097392e-05,0.0003896896,0_S1
c4_p068_20231027_o01,p068_20231027,68,2,4,52,2_S5,0.9895231,0.004626042,0.005789988,1.0372006e-05,4.8254024e-05,2.256408e-06,0_S1
c4_p068_20231101_o04,p068_20231101,68,2,4,52,2_S5,0.8859717,0.017405653,0.08007703,0.003556531,0.010559985,0.0024289922,0_S1
c4_p068_20231106_o10,p068_20231106,68,2,4,64,3_S6,8.4942575e-10,1.796649e-07,3.9833118e-05,0.9995183,0.00044171565,2.5867324e-09,3_S6
c4_p068_20231109_o05,p068_20231109,68,2,4,65,3_S6,1.4666009e-06,1.0975185e-05,0.00027345598,0.9959842,0.003729004,8.7537825e-07,3_S6
c4_p068_20231120_o02,p068_20231120,68,2,4,67,3_S6,0.00027834607,0.00030967203,0.04041652,0.67333364,0.285491,0.00017077135,3_S6
c4_p068_20231127_o08,p068_20231127,68,2,4,68,3_S6,1.2232628e-08,6.7410866e-08,1.7832956e-05,3.2030177e-05,0.9999496,4.464282e-07,4_S7
c4_p068_20231130_o09,p068_20231130,68,2,4,69,3_S6,3.5309817e-08,4.3130441e-07,0.00017265954,5.6625627e-06,0.9993026,0.00051870086,4_S7
c4_p068_20231204_o06,p068_20231204,68,2,4,70,4_S7,1.4342879e-07,3.6771277e-07,2.8204732e-07,0.9992231,0.00077606237,2.023713e-08,3_S6
c4_p068_20231211_o09,p068_20231211,68,2,4,71,4_S7,1.1029252e-06,1.9613626e-07,0.0002442729,6.809463e-05,0.99967575,1.059739e-05,4_S7
c4_p068_20231214_o02,p068_20231214,68,2,4,73,4_S7,2.5904285e-06,2.0107366e-07,3.362056e-05,5.421929e-06,0.9999411,1.7003122e-05,4_S7
c4_p068_20231218_o03,p068_20231218,68,2,4,75,4_S7,0.00017411141,0.0007591722,0.028600316,0.048976894,0.9173278,0.0041617006,4_S7
c4_p068_20231227_o02,p068_20231227,68,2,4,78,4_S7,2.2840381e-06,6.082172e-06,0.00043449586,2.5314921e-05,0.99269426,0.0068376106,4_S7
c4_p068_20240115_o09,p068_20240115,68,2,4,79,4_S7,7.555381e-06,2.0382611e-05,0.0339809,2.8001594e-05,0.24789828,0.7180649,5_S8
c4_p068_20240119_o02,p068_20240119,68,2,4,80,5_S8,8.706601e-06,1.9840745e-05,0.00062298775,3.1994798e-05,0.09560643,0.90371007,5_S8
c4_p068_20240126_o07,p068_20240126,68,2,4,81,5_S8,9.570058e-07,2.0742991e-06,1.4227105e-05,4.3966864e-07,0.0004144506,0.9995678,5_S8
c4_p082_20231128_o11,p082_20231128,82,2,4,67,3_S6,9.768415e-06,0.00023476146,0.00021916466,0.99900454,0.00053062494,1.1552889e-06,3_S6
c4_p082_20231130_o12,p082_20231130,82,2,4,68,3_S6,9.8922364e-08,7.25921e-07,8.054777e-07,0.9988701,0.0011282571,2.7299055e-08,3_S6
c4_p082_20231204_o10,p082_20231204,82,2,4,69,3_S6,1.4508298e-05,7.4312447e-06,3.7028012e-06,0.9290152,0.07095663,2.5212266e-06,3_S6
c4_p082_20231207_o01,p082_20231207,82,2,4,70,4_S7,2.175988e-05,9.760118e-06,0.7785309,0.0016790073,0.21898898,0.00076964736,2_S5
c4_p082_20231211_o01,p082_20231211,82,2,4,72,4_S7,9.462866e-08,8.592455e-08,8.0186817e-07,0.0002900005,0.99970824,6.7299703e-07,4_S7
c4_p082_20231218_o08,p082_20231218,82,2,4,73,4_S7,4.146529e-05,4.298537e-05,3.9745984e-05,0.00036996102,0.99726343,0.0022424094,4_S7
c4_p082_20231227_o08,p082_20231227,82,2,4,74,4_S7,2.3463295e-08,1.3480802e-08,9.444605e-08,1.1863458e-06,0.9999472,5.1496332e-05,4_S7
c4_p082_20240115_o01,p082_20240115,82,2,4,76,4_S7,2.234044e-05,3.11728e-06,2.5795305e-05,6.4890805e-06,0.9670036,0.032938607,4_S7
c4_p082_20240119_o10,p082_20240119,82,2,4,78,4_S7,1.0622716e-09,3.6797303e-09,2.3410824e-08,3.187902e-09,0.9991773,0.0008227501,4_S7
c4_p082_20240126_o02,p082_20240126,82,2,4,84,5_S8,0.00010409883,0.00012525631,8.133881e-05,1.414874e-05,0.0010560453,0.9986191,5_S8
c4_p088_20231128_o06,p088_20231128,88,2,4,67,3_S6,2.5418683e-07,6.115606e-06,1.9684438e-05,0.9999348,3.895018e-05,2.1340657e-07,3_S6
c4_p088_20231130_o05,p088_20231130,88,2,4,68,3_S6,5.2712636e-08,6.664353e-08,6.3459275e-08,0.9995908,0.0004089845,3.127994e-10,3_S6
c4_p088_20231204_o12,p088_20231204,88,2,4,69,3_S6,4.2997108e-08,1.9150333e-07,8.0391743e-07,0.99539703,0.0046018413,5.8803233e-09,3_S6
c4_p088_20231207_o09,p088_20231207,88,2,4,71,4_S7,1.6432641e-07,2.2700021e-07,3.4390725e-06,0.0018316174,0.9981622,2.38144e-06,4_S7
c4_p088_20231211_o09,p088_20231211,88,2,4,73,4_S7,1.103472e-08,1.1259589e-07,2.6206237e-05,7.33729e-05,0.9997203,0.00017995616,4_S7
c4_p088_20231218_o08,p088_20231218,88,2,4,75,4_S7,2.6692298e-05,3.1378004e-06,5.876586e-06,7.221678e-05,0.9997874,0.00010467922,4_S7
c4_p088_20231227_o06,p088_20231227,88,2,4,77,4_S7,5.649231e-07,5.967047e-08,1.657679e-07,8.541651e-07,0.9999651,3.3287928e-05,4_S7
c4_p088_20240115_o06,p088_20240115,88,2,4,78,4_S7,1.2353429e-05,3.9535908e-07,3.6414845e-06,4.9432497e-06,0.994829,0.0051497,4_S7
c4_p088_20240119_o05,p088_20240119,88,2,4,79,4_S7,1.8010783e-06,1.186765e-06,6.188043e-05,1.0909126e-05,0.95116496,0.048759263,4_S7
c4_p088_20240126_o12,p088_20240126,88,2,4,80,5_S8,1.5270774e-05,8.883339e-06,0.00012668328,2.3734844e-06,0.0845993,0.91524756,5_S8
c4_p095_20231128_o10,p095_20231128,95,2,4,66,3_S6,8.188628e-05,6.907396e-05,0.00028732195,0.9981421,0.0014176999,1.8314433e-06,3_S6
c4_p095_20231130_o12,p095_20231130,95,2,4,68,3_S6,9.745346e-08,5.8230006e-07,8.295433e-07,0.99993265,6.585832e-05,6.953143e-10,3_S6
c4_p095_20231204_o04,p095_20231204,95,2,4,70,4_S7,1.4183185e-07,8.5676746e-08,1.0981699e-07,0.98466706,0.015332625,1.7447028e-09,3_S6
c4_p095_20231207_o01,p095_20231207,95,2,4,70,4_S7,2.2868902e-07,2.4211107e-07,3.1599122e-06,0.33417496,0.66582114,2.383634e-07,4_S7
c4_p095_20231211_o05,p095_20231211,95,2,4,71,4_S7,9.1379974e-08,2.094419e-07,2.177902e-06,0.04396355,0.956033,1.052208e-06,4_S7
c4_p095_20231218_o04,p095_20231218,95,2,4,73,4_S7,1.0098084e-08,1.5162318e-08,4.156058e-08,1.436314e-05,0.9999572,2.8404675e-05,4_S7
c4_p095_20231227_o01,p095_20231227,95,2,4,75,4_S7,7.459314e-08,5.4900703e-08,6.27187e-07,5.8195283e-06,0.9999918,1.5898496e-06,4_S7
c4_p095_20240115_o10,p095_20240115,95,2,4,78,4_S7,2.4119261e-05,4.374537e-05,1.7899552e-05,2.7157197e-05,0.6286227,0.37126428,4_S7
c4_p095_20240119_o08,p095_20240119,95,2,4,79,4_S7,2.470011e-06,2.3062544e-08,3.9792394e-07,3.884974e-07,0.99320847,0.0067883055,4_S7
c4_p095_20240126_o04,p095_20240126,95,2,4,80,5_S8,4.406583e-08,4.004525e-08,4.3422798e-08,3.505396e-08,0.07777511,0.9222249,5_S8
c4_p098_20231128_o06,p098_20231128,98,2,4,66,3_S6,0.00017219322,0.00069650565,0.00041837269,0.9922943,0.0064167674,1.9059834e-06,3_S6
c4_p098_20231130_o01,p098_20231130,98,2,4,68,3_S6,4.01095e-09,9.4820926e-08,1.8034727e-08,0.9999927,7.0915944e-06,1.6399623e-11,3_S6
c4_p098_20231204_o01,p098_20231204,98,2,4,69,3_S6,3.7020218e-08,5.6342817e-08,6.307702e-08,0.99984884,0.00015099916,8.9727704e-11,3_S6
c4_p098_20231207_o07,p098_20231207,98,2,4,70,4_S7,9.3288634e-08,1.3046762e-06,1.896817e-05,0.053115048,0.94686323,1.30081e-06,4_S7
c4_p098_20231211_o06,p098_20231211,98,2,4,71,4_S7,5.988434e-12,8.6329225e-12,2.542353e-10,2.7764402e-06,0.99999726,9.93208e-11,4_S7
c4_p098_20231218_o03,p098_20231218,98,2,4,72,4_S7,3.1999897e-07,3.0110155e-07,0.00023065033,6.206458e-06,0.9929595,0.006803014,4_S7
c4_p098_20231227_o06,p098_20231227,98,2,4,73,4_S7,2.255179e-07,8.5762e-08,2.0444722e-06,0.00021352901,0.99977165,1.2428168e-05,4_S7
c4_p098_20240115_o06,p098_20240115,98,2,4,77,4_S7,1.8059602e-05,3.0089242e-07,1.0754717e-06,7.022453e-06,0.99993217,4.1280095e-05,4_S7
c4_p098_20240119_o11,p098_20240119,98,2,4,79,4_S7,1.2401675e-06,1.055441e-07,1.2277982e-06,8.528743e-05,0.99987745,3.475303e-05,4_S7
c4_p098_20240126_o01,p098_20240126,98,2,4,81,5_S8,2.33167e-06,1.7322146e-06,1.6013135e-05,9.734642e-07,0.011473168,0.9885057,5_S8
c4_p011_20230816_o10,p011_20230816,11,3,4,27,1_S2,6.5984607e-10,3.412275e-08,0.00053799537,0.9988569,0.0006051152,6.752134e-09,3_S6
c4_p011_20230921_o03,p011_20230921,11,3,4,51,2_S5,4.2321867e-06,1.5414624e-05,0.008528512,0.0019628787,0.98771787,0.0017711128,4_S7
c4_p011_20231005_o04,p011_20231005,11,3,4,52,2_S5,6.5939963e-07,2.2409671e-05,0.0073026074,0.0017680445,0.9718345,0.01907176,4_S7
c4_p012_20230816_o02,p012_20230816,12,3,4,65,3_S6,1.2276316e-09,5.294104e-07,0.000105328814,0.9983418,0.0015522287,4.1817128e-08,3_S6
c4_p012_20230921_o07,p012_20230921,12,3,4,79,4_S7,5.5084065e-06,7.18121e-05,0.00018726203,0.0063863117,0.992739,0.0006100757,4_S7
c4_p012_20231005_o12,p012_20231005,12,3,4,82,5_S8,0.00013454186,0.00020071682,7.61122e-05,3.9634356e-06,0.0269448,0.9726399,5_S8
c4_p021_20230816_o03,p021_20230816,21,3,4,64,3_S6,3.531012e-08,3.4033943e-05,0.0005483596,0.99173886,0.007677795,9.383783e-07,3_S6
c4_p021_20230921_o05,p021_20230921,21,3,4,83,5_S8,3.8241788e-09,2.7048643e-06,2.6450007e-07,3.1084069e-09,0.99991,8.710057e-05,4_S7
c4_p021_20231005_o06,p021_20231005,21,3,4,83,5_S8,3.506672e-07,1.768444e-05,7.0898927e-06,1.4734308e-05,0.81242216,0.18753798,4_S7
c4_p029_20230828_o07,p029_20230828,29,3,4,20,1_S2,0.8422215,0.07319658,0.06963499,0.00032046667,0.01452886,9.762768e-05,0_S1
c4_p029_20230904_o12,p029_20230904,29,3,4,52,2_S5,0.0003668349,0.0001917772,0.9576638,0.036990825,0.004785431,1.3865535e-06,2_S5
c4_p029_20230908_o12,p029_20230908,29,3,4,60,3_S6,0.00022691327,0.12884517,0.03313744,0.44734958,0.39036283,7.8086734e-05,3_S6
c4_p029_20230921_o12,p029_20230921,29,3,4,65,3_S6,7.4896694e-10,2.3367696e-07,8.1440874e-07,3.4493152e-07,0.9999914,7.198323e-06,4_S7
c4_p029_20231006_o05,p029_20231006,29,3,4,71,4_S7,3.922975e-09,7.886724e-08,2.655875e-06,4.7916006e-07,0.9999287,6.8137844e-05,4_S7
c4_p029_20231017_o07,p029_20231017,29,3,4,72,4_S7,7.0578177e-10,2.8545264e-07,4.640073e-08,3.01133e-08,0.9996123,0.00038741095,4_S7
c4_p029_20231023_o03,p029_20231023,29,3,4,73,4_S7,5.092666e-08,7.2430126e-08,7.693196e-06,2.0151367e-08,0.99965656,0.00033560014,4_S7
c4_p029_20231027_o12,p029_20231027,29,3,4,74,4_S7,1.5027412e-08,1.1023972e-06,5.887174e-06,5.991158e-06,0.99986243,0.00012464059,4_S7
c4_p029_20231101_o01,p029_20231101,29,3,4,75,4_S7,4.029172e-05,0.000104235245,0.00012854664,2.0485575e-05,0.71575236,0.28395405,4_S7
c4_p029_20231106_o10,p029_20231106,29,3,4,76,4_S7,6.251616e-10,0.21311185,2.834939e-05,2.6658137e-07,0.78685415,5.4334882e-06,4_S7
c4_p029_20231109_o06,p029_20231109,29,3,4,79,4_S7,1.469475e-09,1.5051981e-05,2.1201324e-05,1.5851673e-07,0.999778,0.00018566528,4_S7
c4_p029_20231120_o06,p029_20231120,29,3,4,81,5_S8,1.7166118e-06,0.00044108633,0.0042503895,6.601351e-06,0.95715576,0.038144458,4_S7
c4_p029_20231124_o02,p029_20231124,29,3,4,83,5_S8,1.3879112e-06,5.5615965e-06,2.133609e-07,1.1519248e-07,0.0038967074,0.99609596,5_S8
c4_p029_20231127_o01,p029_20231127,29,3,4,87,5_S8,4.2998613e-06,1.4665617e-05,1.0114161e-06,6.855149e-06,0.06464538,0.93532777,5_S8
c4_p029_20231130_o11,p029_20231130,29,3,4,89,5_S8,4.32546e-06,1.3877574e-06,2.1350672e-06,3.4531465e-07,0.003211803,0.99678,5_S8
c4_p031_20230828_o09,p031_20230828,31,3,4,14,0_S1,0.9998803,7.298869e-05,4.5406057e-05,2.6941453e-07,3.3071524e-07,6.392925e-07,0_S1
c4_p031_20230904_o07,p031_20230904,31,3,4,22,1_S2,0.341105,0.0011584361,0.65740466,0.00032940117,2.0189786e-06,4.6514864e-07,2_S5
c4_p031_20230908_o05,p031_20230908,31,3,4,61,3_S6,0.00066429237,0.013175271,0.36604673,0.11868564,0.5009601,0.00046797306,4_S7
c4_p031_20230921_o05,p031_20230921,31,3,4,63,3_S6,4.2976183e-08,6.79361e-07,0.16111293,0.0069578546,0.83192474,3.771589e-06,4_S7
c4_p031_20231006_o09,p031_20231006,31,3,4,71,4_S7,2.8352945e-08,1.7115265e-07,1.9248808e-05,1.9610887e-07,0.9997725,0.0002078467,4_S7
c4_p031_20231017_o11,p031_20231017,31,3,4,73,4_S7,0.0034399033,7.536662e-05,0.03360719,8.265256e-05,0.15710081,0.805694,5_S8
c4_p031_20231023_o06,p031_20231023,31,3,4,74,4_S7,2.2125485e-11,4.3902632e-10,1.4764481e-09,6.66969e-10,0.9999993,6.9843884e-07,4_S7
c4_p031_20231027_o08,p031_20231027,31,3,4,75,4_S7,3.8831807e-08,0.00012076109,0.00010993304,4.103563e-07,0.999014,0.00075482635,4_S7
c4_p031_20231101_o08,p031_20231101,31,3,4,76,4_S7,4.26037e-10,1.9834313e-05,3.411763e-06,1.9872378e-08,0.9998677,0.00010902123,4_S7
c4_p031_20231106_o02,p031_20231106,31,3,4,77,4_S7,3.145373e-06,4.9339542e-05,5.310972e-05,2.5092711e-05,0.9916716,0.008197642,4_S7
c4_p031_20231109_o08,p031_20231109,31,3,4,79,4_S7,3.6208252e-09,6.327579e-06,8.885099e-07,4.132348e-06,0.9998909,9.782431e-05,4_S7
c4_p031_20231120_o08,p031_20231120,31,3,4,80,5_S8,1.9259814e-09,1.6172087e-05,8.058475e-07,2.1866042e-07,0.99992263,6.0112616e-05,4_S7
c4_p031_20231124_o01,p031_20231124,31,3,4,81,5_S8,5.8066153e-06,6.790321e-05,7.318298e-05,2.3860682e-06,0.006045539,0.99380517,5_S8
c4_p031_20231127_o12,p031_20231127,31,3,4,84,5_S8,1.5294526e-07,1.0497357e-07,2.287521e-06,4.0046193e-09,0.0004817918,0.99951565,5_S8
c4_p031_20231130_o04,p031_20231130,31,3,4,85,5_S8,2.051953e-06,2.6164582e-06,7.0506223e-07,8.817579e-08,0.00016305174,0.99983144,5_S8
c4_p037_20230828_o10,p037_20230828,37,3,4,14,0_S1,0.9996394,0.00014255648,9.443135e-05,0.00012367038,4.6175877e-08,3.2214448e-08,0_S1
c4_p037_20230904_o12,p037_20230904,37,3,4,54,2_S5,7.693e-06,1.9339279e-05,0.7534933,0.24304572,0.003433487,3.4516682e-07,2_S5
c4_p037_20230908_o09,p037_20230908,37,3,4,60,3_S6,0.0013978835,0.044029742,0.020974599,0.92322683,0.009269313,0.0011016523,3_S6
c4_p037_20230921_o03,p037_20230921,37,3,4,70,4_S7,2.0862294e-07,2.93005e-06,0.00022457182,1.0252307e-05,0.99915993,0.00060208305,4_S7
c4_p037_20231006_o12,p037_20231006,37,3,4,71,4_S7,7.8771736e-05,0.0020922995,0.008207182,0.03380939,0.9523559,0.0034564454,4_S7
c4_p037_20231017_o03,p037_20231017,37,3,4,73,4_S7,6.8276063e-07,2.6972268e-05,5.5115488e-05,4.2920465e-07,0.98531276,0.014604041,4_S7
c4_p037_20231023_o08,p037_20231023,37,3,4,75,4_S7,2.2015142e-08,3.1963475e-07,0.00060111604,4.730414e-07,0.99938905,8.964349e-06,4_S7
c4_p037_20231027_o06,p037_20231027,37,3,4,76,4_S7,2.0937521e-05,0.0001898385,0.0002061902,1.655508e-05,0.99760157,0.0019648613,4_S7
c4_p037_20231101_o03,p037_20231101,37,3,4,77,4_S7,9.192967e-08,2.8147988e-06,0.00045500635,8.016352e-06,0.99894184,0.0005921586,4_S7
c4_p037_20231106_o04,p037_20231106,37,3,4,78,4_S7,2.932299e-11,3.142905e-07,0.0001369241,2.0185482e-09,0.9998627,3.375569e-08,4_S7
c4_p037_20231109_o01,p037_20231109,37,3,4,79,4_S7,1.5445116e-07,0.0045360173,0.00054289197,1.7451342e-07,0.9945312,0.0003896152,4_S7
c4_p037_20231120_o07,p037_20231120,37,3,4,80,5_S8,6.5190006e-06,3.4721222e-06,2.4392146e-05,5.6210627e-07,0.0009136285,0.9990514,5_S8
c4_p037_20231124_o06,p037_20231124,37,3,4,85,5_S8,5.838761e-07,1.1555461e-07,2.2466133e-06,6.0542796e-08,4.869494e-06,0.999992,5_S8
c4_p037_20231127_o03,p037_20231127,37,3,4,87,5_S8,3.4012513e-07,2.0131236e-05,1.1847415e-05,2.4872344e-07,4.515547e-06,0.9999629,5_S8
c4_p037_20231130_o12,p037_20231130,37,3,4,89,5_S8,0.00047168994,0.0018389595,0.012907133,1.9997919e-05,0.0010193974,0.9837428,5_S8
c4_p038_20230828_o11,p038_20230828,38,3,4,14,0_S1,0.99494416,0.0001455198,0.0049101543,3.830121e-08,4.5951897e-08,1.2195954e-07,0_S1
c4_p038_20230904_o08,p038_20230904,38,3,4,60,3_S6,0.00025987858,0.006088181,0.98467547,0.008956803,1.8587329e-05,1.1256321e-06,2_S5
c4_p038_20230908_o03,p038_20230908,38,3,4,62,3_S6,4.6374944e-06,0.0007623176,0.00023045315,0.2744941,0.7244238,8.452355e-05,4_S7
c4_p038_20230921_o04,p038_20230921,38,3,4,71,4_S7,4.8994706e-09,1.2364533e-06,7.58358e-05,0.02538611,0.97452307,1.3736876e-05,4_S7
c4_p038_20231006_o09,p038_20231006,38,3,4,72,4_S7,9.43593e-09,2.654638e-06,5.4012384e-07,4.312222e-09,0.9999863,1.0434793e-05,4_S7
c4_p038_20231017_o11,p038_20231017,38,3,4,73,4_S7,1.5211647e-08,6.998749e-07,6.370094e-05,1.131427e-06,0.9990325,0.0009020102,4_S7
c4_p038_20231023_o09,p038_20231023,38,3,4,74,4_S7,9.599621e-13,1.5762818e-11,1.6535473e-10,1.5646678e-12,0.9999963,3.7023667e-06,4_S7
c4_p038_20231027_o07,p038_20231027,38,3,4,75,4_S7,3.904377e-12,7.5516246e-11,3.5301945e-10,1.5585169e-12,0.99960893,0.00039105525,4_S7
c4_p038_20231101_o06,p038_20231101,38,3,4,76,4_S7,4.6905507e-06,8.2613784e-05,0.00025689456,0.005832711,0.97159857,0.022224601,4_S7
c4_p038_20231106_o03,p038_20231106,38,3,4,77,4_S7,2.4552634e-08,9.663013e-06,0.0072651966,6.854955e-05,0.99264467,1.1901089e-05,4_S7
c4_p038_20231109_o06,p038_20231109,38,3,4,78,4_S7,1.0272469e-06,2.7737848e-05,2.3498906e-05,5.6949684e-06,0.9773282,0.02261382,4_S7
c4_p038_20231120_o10,p038_20231120,38,3,4,79,4_S7,4.1405974e-06,3.9236963e-07,1.2619291e-05,9.364468e-07,0.89319503,0.10678686,4_S7
c4_p038_20231124_o08,p038_20231124,38,3,4,79,4_S7,9.584284e-09,1.9430189e-08,4.2649464e-07,9.2134556e-10,0.07403402,0.92596555,5_S8
c4_p038_20231127_o12,p038_20231127,38,3,4,79,4_S7,1.3278363e-06,2.6722337e-06,0.0010844946,1.4830062e-08,0.0028729027,0.99603856,5_S8
c4_p038_20231130_o10,p038_20231130,38,3,4,80,5_S8,2.6934515e-07,2.386127e-07,6.28722e-05,1.1085474e-08,0.0006264025,0.99931026,5_S8
c4_p039_20230828_o07,p039_20230828,39,3,4,14,0_S1,0.9976527,0.00020937965,0.0021238567,6.704508e-06,2.5001957e-06,4.9156547e-06,0_S1
c4_p039_20230904_o03,p039_20230904,39,3,4,17,0_S1,2.5696854e-05,2.2441258e-05,0.9931243,0.0037760045,0.0030515045,1.1842605e-07,2_S5
c4_p039_20230908_o09,p039_20230908,39,3,4,53,2_S5,0.040558316,0.013241367,0.007535762,0.9151766,0.023420677,6.738248e-05,3_S6
c4_p039_20230921_o12,p039_20230921,39,3,4,70,4_S7,4.5860986e-08,0.00016458222,3.8548085e-05,5.6063498e-05,0.9997279,1.2883762e-05,4_S7
c4_p039_20231006_o11,p039_20231006,39,3,4,73,4_S7,1.69469e-06,1.7174529e-05,0.00010149738,7.1191566e-06,0.99985015,2.2292572e-05,4_S7
c4_p039_20231017_o08,p039_20231017,39,3,4,74,4_S7,4.176256e-09,1.9698878e-06,3.164087e-05,3.7719076e-07,0.9999515,1.4543969e-05,4_S7
c4_p039_20231023_o03,p039_20231023,39,3,4,75,4_S7,1.1516859e-06,0.00033910788,0.0011955668,1.7025272e-05,0.9979843,0.00046287096,4_S7
c4_p039_20231027_o05,p039_20231027,39,3,4,76,4_S7,1.008777e-06,8.9257446e-05,0.59488344,0.020531239,0.38430345,0.00019159791,2_S5
c4_p039_20231101_o01,p039_20231101,39,3,4,77,4_S7,1.2324601e-05,0.0013016722,0.03481754,0.0002714841,0.95808566,0.0055113677,4_S7
c4_p039_20231106_o03,p039_20231106,39,3,4,78,4_S7,3.7436394e-06,0.0004143165,0.6980263,1.4260247e-05,0.3012095,0.0003318299,2_S5
c4_p039_20231109_o08,p039_20231109,39,3,4,79,4_S7,5.711496e-07,0.0048846523,0.02907045,9.268887e-07,0.96570635,0.0003370948,4_S7
c4_p039_20231120_o10,p039_20231120,39,3,4,80,5_S8,0.00015070496,0.0030302538,0.21157962,0.00011871235,0.0013190274,0.7838016,5_S8
c4_p039_20231124_o03,p039_20231124,39,3,4,81,5_S8,0.00010493516,7.2177514e-05,0.03436463,2.4318628e-05,0.12772235,0.8377116,5_S8
c4_p039_20231127_o10,p039_20231127,39,3,4,81,5_S8,0.0002842885,0.0013008671,0.029126888,0.0019066007,0.021839635,0.94554174,5_S8
c4_p039_20231130_o08,p039_20231130,39,3,4,82,5_S8,4.711903e-06,1.3380676e-06,5.648606e-05,3.901675e-07,5.5303544e-06,0.9999316,5_S8
c4_p045_20230929_o10,p045_20230929,45,3,4,13,0_S1,0.9978434,0.0002623502,0.0011723369,0.0005593992,0.0001418124,2.0635222e-05,0_S1
c4_p045_20231004_o07,p045_20231004,45,3,4,13,0_S1,0.99990356,6.8837675e-05,2.6042058e-05,1.02697946e-07,8.145151e-07,6.132144e-07,0_S1
c4_p045_20231011_o05,p045_20231011,45,3,4,14,0_S1,0.99772245,0.002143304,6.5507214e-05,1.5497766e-05,4.6119145e-05,7.039385e-06,0_S1
c4_p045_20231017_o08,p045_20231017,45,3,4,15,0_S1,0.18564796,0.76648563,0.003076328,0.044250704,0.0005091176,3.0279072e-05,1_S2
c4_p045_20231019_o12,p045_20231019,45,3,4,51,2_S5,0.0030070497,0.0005462594,0.99627066,4.3966385e-05,0.00013031071,1.7328534e-06,2_S5
c4_p045_20231023_o12,p045_20231023,45,3,4,53,2_S5,0.00014173983,0.0007381206,0.96570086,0.031798914,0.0016194254,9.917735e-07,2_S5
c4_p045_20231027_o06,p045_20231027,45,3,4,60,3_S6,0.0041685808,0.00043384885,0.99104685,0.0038572836,0.00047508994,1.8314417e-05,2_S5
c4_p045_20231101_o03,p045_20231101,45,3,4,61,3_S6,2.9719525e-08,4.2771413e-07,2.4432914e-06,0.9974221,0.00257481,1.595875e-07,3_S6
c4_p045_20231106_o08,p045_20231106,45,3,4,66,3_S6,7.0479345e-10,0.00010430344,9.98867e-06,0.9856162,0.014268771,7.117463e-07,3_S6
c4_p045_20231109_o10,p045_20231109,45,3,4,70,4_S7,1.1434806e-10,3.9898245e-09,1.4504206e-08,4.9595183e-06,0.9999571,3.7988415e-05,4_S7
c4_p045_20231120_o10,p045_20231120,45,3,4,72,4_S7,1.2992717e-07,5.271157e-07,2.6171242e-06,0.00018592576,0.99751127,0.0022995626,4_S7
c4_p045_20231127_o06,p045_20231127,45,3,4,73,4_S7,2.1014607e-08,2.3431554e-08,1.8968801e-07,2.0085765e-05,0.9996902,0.0002895547,4_S7
c4_p045_20231130_o04,p045_20231130,45,3,4,76,4_S7,5.7636075e-08,6.723893e-09,7.6912175e-07,8.142102e-06,0.99986434,0.00012677688,4_S7
c4_p045_20231204_o10,p045_20231204,45,3,4,77,4_S7,1.5908778e-10,1.4365881e-11,1.3724326e-10,4.3160742e-10,0.99999857,1.4533208e-06,4_S7
c4_p045_20231211_o03,p045_20231211,45,3,4,78,4_S7,4.6259867e-12,3.782385e-10,4.810979e-09,1.025727e-11,0.9999994,6.0094237e-07,4_S7
c4_p045_20231214_o02,p045_20231214,45,3,4,78,4_S7,9.098546e-09,1.3247034e-06,2.4261356e-06,0.00020207967,0.9997795,1.4641129e-05,4_S7
c4_p045_20231218_o04,p045_20231218,45,3,4,79,4_S7,6.5567945e-13,9.096752e-09,6.7497092e-09,7.227647e-10,1.0,1.93968e-08,4_S7
c4_p045_20231227_o02,p045_20231227,45,3,4,79,4_S7,4.394737e-07,2.4604244e-06,4.679503e-05,7.455113e-06,0.97946715,0.020475708,4_S7
c4_p045_20240104_o02,p045_20240104,45,3,4,80,5_S8,3.954729e-08,9.098866e-06,1.7701003e-06,2.762039e-06,0.04353465,0.95645165,5_S8
c4_p046_20230929_o04,p046_20230929,46,3,4,13,0_S1,0.9999187,1.2047714e-05,4.8675334e-05,2.5349584e-06,1.3057718e-05,4.940705e-06,0_S1
c4_p046_20231004_o06,p046_20231004,46,3,4,13,0_S1,0.9990783,0.00026704866,0.00065089023,3.4087913e-07,3.056896e-06,3.5127545e-07,0_S1
c4_p046_20231011_o05,p046_20231011,46,3,4,14,0_S1,0.99784386,0.0001189703,0.0019276361,3.7254667e-05,6.789107e-05,4.3170553e-06,0_S1
c4_p046_20231017_o09,p046_20231017,46,3,4,52,2_S5,0.26246202,0.010362583,0.7265975,0.0005384883,2.9851137e-05,9.613022e-06,2_S5
c4_p046_20231019_o01,p046_20231019,46,3,4,54,2_S5,0.0016142373,0.00050070975,0.97175103,0.0260763,5.6554898e-05,1.1978724e-06,2_S5
c4_p046_20231023_o06,p046_20231023,46,3,4,60,3_S6,0.0011594994,0.56741005,0.36347145,0.067298084,0.000505483,0.00015545187,1_S2
c4_p046_20231027_o09,p046_20231027,46,3,4,61,3_S6,7.1035095e-07,5.1408606e-06,0.0011153632,0.99715567,0.0017221394,9.104097e-07,3_S6
c4_p046_20231101_o11,p046_20231101,46,3,4,61,3_S6,1.0384173e-08,8.784647e-07,0.0014964031,0.9966498,0.0018528085,1.6095843e-08,3_S6
c4_p046_20231106_o12,p046_20231106,46,3,4,65,3_S6,1.3159391e-08,6.835182e-06,3.258921e-05,0.86751795,0.13242857,1.4081869e-05,3_S6
c4_p046_20231109_o02,p046_20231109,46,3,4,66,3_S6,4.699441e-06,1.9043777e-05,0.0002447118,0.364634,0.6342432,0.0008543856,4_S7
c4_p046_20231120_o12,p046_20231120,46,3,4,71,4_S7,8.113749e-08,1.489496e-07,1.60629e-08,0.0017812608,0.9979279,0.0002905184,4_S7
c4_p046_20231127_o10,p046_20231127,46,3,4,71,4_S7,3.5612975e-06,0.00023807806,0.00012044538,0.050020613,0.94955313,6.421371e-05,4_S7
c4_p046_20231130_o02,p046_20231130,46,3,4,72,4_S7,4.453807e-10,2.460567e-06,2.0722066e-08,1.9161827e-05,0.99976295,0.00021545279,4_S7
c4_p046_20231204_o12,p046_20231204,46,3,4,73,4_S7,1.8220333e-09,8.679094e-10,1.2456202e-07,6.326355e-07,0.9999993,2.0028278e-08,4_S7
c4_p046_20231211_o04,p046_20231211,46,3,4,76,4_S7,1.0879909e-07,1.2624654e-06,6.375696e-06,2.7577214e-09,0.9741271,0.02586516,4_S7
c4_p046_20231214_o07,p046_20231214,46,3,4,78,4_S7,1.3098304e-09,6.1802005e-08,8.6745835e-08,0.00014188244,0.999856,1.9438373e-06,4_S7
c4_p046_20231218_o07,p046_20231218,46,3,4,79,4_S7,9.9548885e-08,1.1740637e-05,3.4491262e-05,0.00039950712,0.99940383,0.00015022684,4_S7
c4_p046_20231227_o02,p046_20231227,46,3,4,79,4_S7,1.0433548e-05,3.3734264e-05,0.0023179054,9.7458935e-05,0.67161584,0.32592472,4_S7
c4_p046_20240104_o03,p046_20240104,46,3,4,81,5_S8,7.1030536e-07,1.5246481e-05,1.564221e-05,1.8672613e-07,0.0016956951,0.9982724,5_S8
c4_p048_20230929_o03,p048_20230929,48,3,4,13,0_S1,0.9998259,3.820748e-05,8.711309e-05,1.9469431e-05,7.886521e-06,2.1422013e-05,0_S1
c4_p048_20231004_o10,p048_20231004,48,3,4,13,0_S1,0.99999785,1.0564014e-06,1.1148824e-06,1.6710052e-08,8.991283e-09,4.040872e-09,0_S1
c4_p048_20231011_o06,p048_20231011,48,3,4,14,0_S1,0.597922,0.0415165,0.34026408,1.814121e-05,0.019898085,0.00038118704,0_S1
c4_p048_20231017_o09,p048_20231017,48,3,4,15,0_S1,0.30159548,0.15583725,0.54118323,0.001266724,0.0001053639,1.1983777e-05,2_S5
c4_p048_20231019_o04,p048_20231019,48,3,4,16,0_S1,0.09633359,0.0011755105,0.8668882,0.03555916,3.602606e-05,7.469277e-06,2_S5
c4_p048_20231023_o03,p048_20231023,48,3,4,54,2_S5,6.1797114e-06,0.00048312664,0.09447421,0.90497327,5.944878e-05,3.687383e-06,3_S6
c4_p048_20231027_o11,p048_20231027,48,3,4,60,3_S6,7.738876e-08,7.870427e-07,0.0005154046,0.99948114,2.5840443e-06,1.1955925e-08,3_S6
c4_p048_20231101_o08,p048_20231101,48,3,4,62,3_S6,4.376325e-07,0.00026887897,0.018933134,0.96307594,0.017719261,2.3996447e-06,3_S6
c4_p048_20231106_o11,p048_20231106,48,3,4,65,3_S6,2.9479335e-08,0.00041542572,0.00049179135,0.9511616,0.047930352,8.5484976e-07,3_S6
c4_p048_20231109_o01,p048_20231109,48,3,4,67,3_S6,0.00072379835,0.19679964,0.33245853,0.06496173,0.3952301,0.0098262,4_S7
c4_p048_20231120_o10,p048_20231120,48,3,4,70,4_S7,1.218039e-06,2.8637448e-06,0.0019956806,0.003138805,0.99485356,7.8997045e-06,4_S7
c4_p048_20231127_o07,p048_20231127,48,3,4,72,4_S7,4.2550012e-11,4.9383675e-10,5.813544e-08,3.237044e-09,0.99999964,3.0761566e-07,4_S7
c4_p048_20231130_o12,p048_20231130,48,3,4,73,4_S7,1.1364178e-07,7.028468e-08,5.50197e-06,2.1254145e-06,0.79204243,0.20794977,4_S7
c4_p048_20231204_o06,p048_20231204,48,3,4,74,4_S7,2.5266044e-11,1.2941409e-11,9.1639335e-10,7.8937724e-12,0.9999982,1.8040523e-06,4_S7
c4_p048_20231211_o11,p048_20231211,48,3,4,76,4_S7,4.227717e-07,9.180205e-06,0.0002068212,4.3290194e-05,0.89080215,0.1089381,4_S7
c4_p048_20231214_o07,p048_20231214,48,3,4,77,4_S7,1.4317326e-10,1.03036255e-08,3.9223064e-08,1.5557141e-07,0.99999416,5.642366e-06,4_S7
c4_p048_20231218_o10,p048_20231218,48,3,4,78,4_S7,2.906863e-06,0.0058404226,0.008085837,1.7148416e-06,0.0033314738,0.9827375,5_S8
c4_p048_20231227_o07,p048_20231227,48,3,4,79,4_S7,5.987169e-07,9.646495e-06,0.00029778446,6.1381093e-06,0.61362576,0.3860601,4_S7
c4_p048_20240104_o10,p048_20240104,48,3,4,80,5_S8,8.844088e-07,1.971753e-06,5.4404936e-06,5.597528e-07,0.047746878,0.95224434,5_S8
c4_p053_20230929_o12,p053_20230929,53,3,4,13,0_S1,0.9999566,1.4765909e-05,2.2009704e-05,2.7847227e-06,2.5765162e-06,1.2220461e-06,0_S1
c4_p053_20231004_o05,p053_20231004,53,3,4,13,0_S1,0.99894303,0.00017607394,0.00085469097,1.0852087e-05,1.0354797e-05,4.9950145e-06,0_S1
c4_p053_20231011_o08,p053_20231011,53,3,4,15,0_S1,0.90778077,0.081138745,0.0107899085,0.0001115342,0.00016854594,1.0544212e-05,0_S1
c4_p053_20231017_o09,p053_20231017,53,3,4,53,2_S5,0.00773926,0.0025734075,0.9617792,0.021991713,0.004778171,0.0011382834,2_S5
c4_p053_20231019_o12,p053_20231019,53,3,4,54,2_S5,0.19839159,0.021036752,0.58970076,0.19079578,5.8321522e-05,1.6781001e-05,2_S5
c4_p053_20231023_o03,p053_20231023,53,3,4,60,3_S6,1.7468818e-06,5.4659296e-05,0.0683269,0.9311508,0.00046579828,9.003585e-08,3_S6
c4_p053_20231027_o06,p053_20231027,53,3,4,63,3_S6,1.3585216e-07,1.7413245e-07,0.0012674505,0.985892,0.012839939,3.4017646e-07,3_S6
c4_p053_20231101_o01,p053_20231101,53,3,4,65,3_S6,0.00011692192,0.0016028534,0.031774007,0.96423763,0.0022495964,1.9057403e-05,3_S6
c4_p053_20231106_o02,p053_20231106,53,3,4,67,3_S6,4.7488866e-06,0.0001276652,0.0009386902,0.7251745,0.27374467,9.776856e-06,3_S6
c4_p053_20231109_o08,p053_20231109,53,3,4,70,4_S7,1.6569905e-07,5.662842e-05,3.6402394e-05,0.038414992,0.96142167,7.012343e-05,4_S7
c4_p053_20231120_o09,p053_20231120,53,3,4,72,4_S7,3.4022415e-07,1.1355995e-05,5.641284e-05,0.002480277,0.9957996,0.0016520481,4_S7
c4_p053_20231127_o07,p053_20231127,53,3,4,74,4_S7,3.7341148e-11,1.04088196e-10,1.2309729e-09,7.475841e-06,0.9999924,1.5148724e-07,4_S7
c4_p053_20231130_o10,p053_20231130,53,3,4,75,4_S7,1.1527119e-09,1.0035696e-10,3.401879e-09,2.9963427e-08,0.9999939,6.105798e-06,4_S7
c4_p053_20231204_o09,p053_20231204,53,3,4,76,4_S7,3.6852594e-14,7.522123e-16,4.1805125e-14,5.7222734e-14,1.0,3.9568413e-08,4_S7
c4_p053_20231211_o11,p053_20231211,53,3,4,78,4_S7,2.4402397e-08,6.6749607e-07,6.3649904e-06,8.729073e-08,0.9995795,0.00041346115,4_S7
c4_p053_20231214_o06,p053_20231214,53,3,4,80,5_S8,1.2063348e-05,0.0014708035,0.0006799425,9.7105985e-05,0.92442155,0.07331856,4_S7
c4_p053_20231218_o01,p053_20231218,53,3,4,81,5_S8,1.8765185e-06,1.8620922e-05,4.860359e-05,0.002235859,0.9226552,0.07503974,4_S7
c4_p053_20231227_o11,p053_20231227,53,3,4,79,4_S7,1.7967327e-06,2.5529318e-06,7.35755e-05,6.675837e-06,0.011142234,0.98877305,5_S8
c4_p053_20240104_o12,p053_20240104,53,3,4,79,4_S7,6.2988493e-06,5.8227392e-06,0.0001369592,1.27153635e-05,0.0015021175,0.99833614,5_S8
c4_p061_20230929_o12,p061_20230929,61,3,4,13,0_S1,0.9998864,2.7240514e-05,5.7192166e-05,2.1099479e-05,3.9418096e-06,4.146481e-06,0_S1
c4_p061_20231004_o04,p061_20231004,61,3,4,13,0_S1,0.999961,1.5166266e-06,3.728511e-05,2.0072486e-08,8.3651145e-08,3.205103e-08,0_S1
c4_p061_20231011_o10,p061_20231011,61,3,4,14,0_S1,0.99944276,2.9686606e-05,0.0005205056,1.7854121e-06,3.680524e-06,1.5368921e-06,0_S1
c4_p061_20231017_o08,p061_20231017,61,3,4,53,2_S5,0.032788042,0.06801958,0.8921479,0.0045098034,0.002216058,0.00031868857,2_S5
c4_p061_20231019_o05,p061_20231019,61,3,4,53,2_S5,0.6461403,0.013715004,0.24227113,0.024928538,0.07268212,0.00026298096,0_S1
c4_p061_20231023_o09,p061_20231023,61,3,4,60,3_S6,0.00027802188,0.0036969886,0.96818584,0.00187657,0.025958879,3.6970114e-06,2_S5
c4_p061_20231027_o04,p061_20231027,61,3,4,61,3_S6,0.20613614,0.21543264,0.07919459,0.49037445,0.008288049,0.0005741262,3_S6
c4_p061_20231101_o09,p061_20231101,61,3,4,62,3_S6,1.3384956e-05,0.00011313441,0.34946948,0.5935703,0.05683259,1.1353009e-06,3_S6
c4_p061_20231106_o12,p061_20231106,61,3,4,63,3_S6,7.939298e-08,1.9339551e-07,1.4036493e-05,0.74508846,0.25489047,6.855685e-06,3_S6
c4_p061_20231109_o08,p061_20231109,61,3,4,63,3_S6,9.24068e-06,1.5563854e-05,0.01962106,0.690469,0.28987932,5.8493056e-06,3_S6
c4_p061_20231120_o01,p061_20231120,61,3,4,71,4_S7,8.425677e-06,0.0005781823,0.0020001798,0.39904505,0.5981534,0.00021478247,4_S7
c4_p061_20231127_o09,p061_20231127,61,3,4,72,4_S7,8.9553996e-11,3.0920183e-11,1.6350396e-10,4.732191e-10,0.9999653,3.4635046e-05,4_S7
c4_p061_20231130_o11,p061_20231130,61,3,4,73,4_S7,6.274546e-10,7.2678635e-10,2.0070696e-09,3.895925e-06,0.99997747,1.861363e-05,4_S7
c4_p061_20231204_o10,p061_20231204,61,3,4,74,4_S7,1.1676766e-09,6.6002336e-11,2.1446546e-11,6.62874e-09,0.9999875,1.2507695e-05,4_S7
c4_p061_20231211_o04,p061_20231211,61,3,4,75,4_S7,6.191462e-09,5.146526e-10,3.797227e-07,3.6196748e-09,0.9999527,4.6973644e-05,4_S7
c4_p061_20231214_o02,p061_20231214,61,3,4,76,4_S7,2.5382835e-07,1.3636831e-07,1.0023598e-06,9.9943405e-09,0.99973553,0.00026314714,4_S7
c4_p061_20231218_o07,p061_20231218,61,3,4,79,4_S7,1.7874212e-06,2.71509e-07,5.3486397e-06,1.0794795e-07,0.9934221,0.006570397,4_S7
c4_p061_20231227_o07,p061_20231227,61,3,4,80,5_S8,9.764392e-05,0.0012755716,0.01714611,3.5450965e-05,0.3159892,0.665456,5_S8
c4_p061_20240104_o08,p061_20240104,61,3,4,82,5_S8,1.8711171e-06,1.790227e-06,2.5146059e-05,4.8319023e-08,0.00018349335,0.99978775,5_S8
c4_p067_20231006_o09,p067_20231006,67,3,4,13,0_S1,0.9997862,4.278828e-05,8.691246e-05,4.8124683e-05,1.1742542e-05,2.4212528e-05,0_S1
c4_p067_20231011_o04,p067_20231011,67,3,4,13,0_S1,0.9997385,6.363312e-05,0.00011252985,4.5922992e-05,6.272461e-06,3.3156804e-05,0_S1
c4_p067_20231017_o06,p067_20231017,67,3,4,13,0_S1,0.99998033,2.9128169e-06,1.5154278e-05,2.5170337e-07,1.0363128e-07,1.2886211e-06,0_S1
c4_p067_20231019_o08,p067_20231019,67,3,4,14,0_S1,0.96333706,0.012242949,0.023699513,0.0005592869,6.943991e-05,9.1745955e-05,0_S1
c4_p067_20231023_o08,p067_20231023,67,3,4,14,0_S1,0.8862269,0.00066153886,0.1130182,1.590433e-05,4.50062e-05,3.2486878e-05,0_S1
c4_p067_20231027_o09,p067_20231027,67,3,4,54,2_S5,0.10665331,0.7955587,0.09749203,0.000251113,3.113967e-05,1.3660702e-05,1_S2
c4_p067_20231101_o12,p067_20231101,67,3,4,60,3_S6,2.3716674e-07,2.9342305e-08,0.9999932,1.9390436e-06,4.5672623e-06,2.1802374e-10,2_S5
c4_p067_20231106_o01,p067_20231106,67,3,4,63,3_S6,6.6791284e-09,2.986278e-08,2.202808e-05,0.9999671,1.0908912e-05,1.3265209e-08,3_S6
c4_p067_20231109_o12,p067_20231109,67,3,4,69,3_S6,2.7982467e-09,5.8318832e-08,1.7914743e-05,0.99989915,8.283748e-05,1.003388e-07,3_S6
c4_p067_20231120_o09,p067_20231120,67,3,4,70,4_S7,3.8978957e-05,1.3988691e-05,0.002021285,0.03951632,0.9583142,9.5280986e-05,4_S7
c4_p067_20231127_o11,p067_20231127,67,3,4,71,4_S7,1.4332187e-09,3.902087e-09,4.918176e-09,0.00066466985,0.9993337,1.5733423e-06,4_S7
c4_p067_20231130_o07,p067_20231130,67,3,4,72,4_S7,3.9427987e-06,2.8260223e-05,0.00038837577,0.08131483,0.9179114,0.00035322865,4_S7
c4_p067_20231204_o04,p067_20231204,67,3,4,75,4_S7,6.3696326e-08,9.485151e-08,1.0387505e-06,0.00045280808,0.99940753,0.00013838633,4_S7
c4_p067_20231211_o07,p067_20231211,67,3,4,76,4_S7,1.2717782e-09,2.8624294e-09,8.219872e-09,1.5362462e-05,0.99998415,4.4973152e-07,4_S7
c4_p067_20231214_o08,p067_20231214,67,3,4,77,4_S7,2.0753774e-08,2.2634092e-06,2.9662513e-06,3.1380794e-05,0.9999473,1.601801e-05,4_S7
c4_p067_20231218_o03,p067_20231218,67,3,4,78,4_S7,3.1131925e-08,1.7430924e-07,4.0399377e-07,2.2310005e-06,0.9995521,0.00044515013,4_S7
c4_p067_20231227_o09,p067_20231227,67,3,4,79,4_S7,4.0273072e-08,3.0056494e-06,3.7502658e-05,0.00029248057,0.99958175,8.521749e-05,4_S7
c4_p067_20240115_o07,p067_20240115,67,3,4,79,4_S7,5.666922e-06,6.0835064e-06,1.6103148e-05,4.1912353e-05,0.003799064,0.9961312,5_S8
c4_p067_20240119_o07,p067_20240119,67,3,4,82,5_S8,4.0718764e-06,9.1235194e-07,1.2720865e-06,7.941406e-07,4.254224e-05,0.9999503,5_S8
c4_p067_20240126_o04,p067_20240126,67,3,4,86,5_S8,3.0370247e-06,4.684961e-06,2.2846616e-06,7.889001e-07,7.066815e-05,0.99991846,5_S8
c4_p072_20231006_o01,p072_20231006,72,3,4,13,0_S1,0.99982697,2.506523e-05,3.934081e-05,4.6384746e-05,1.0090192e-05,5.2166546e-05,0_S1
c4_p072_20231011_o06,p072_20231011,72,3,4,13,0_S1,0.99942917,0.00013315894,0.0002637495,9.707181e-05,2.3157017e-05,5.3639953e-05,0_S1
c4_p072_20231017_o06,p072_20231017,72,3,4,13,0_S1,0.99983823,5.8421578e-05,8.957484e-05,9.108124e-06,1.8716756e-06,2.6161742e-06,0_S1
c4_p072_20231019_o10,p072_20231019,72,3,4,14,0_S1,0.9997533,4.8606522e-05,0.00019306323,1.0736787e-06,5.174255e-07,3.5093144e-06,0_S1
c4_p072_20231023_o11,p072_20231023,72,3,4,15,0_S1,0.99983966,1.2097995e-05,0.00014795044,8.48475e-09,3.871504e-08,2.4145197e-07,0_S1
c4_p072_20231027_o04,p072_20231027,72,3,4,53,2_S5,0.0739087,0.026478691,0.8840666,0.015545057,2.7317503e-07,7.3490736e-07,2_S5
c4_p072_20231101_o07,p072_20231101,72,3,4,55,2_S5,6.6729226e-05,5.7173398e-05,0.9540653,0.015402518,0.030203652,0.00020455454,2_S5
c4_p072_20231106_o02,p072_20231106,72,3,4,63,3_S6,2.0116508e-06,5.38698e-06,0.0073260856,0.99253523,0.00013026984,1.0556728e-06,3_S6
c4_p072_20231109_o03,p072_20231109,72,3,4,65,3_S6,0.00025210538,0.00022915134,0.06678369,0.87973595,0.05190836,0.0010908192,3_S6
c4_p072_20231120_o08,p072_20231120,72,3,4,70,4_S7,1.1957596e-09,4.7986326e-09,0.0002743424,0.99797934,0.0017463734,2.1670177e-09,3_S6
c4_p072_20231127_o07,p072_20231127,72,3,4,72,4_S7,1.152924e-11,1.8535477e-11,8.4612525e-12,4.182769e-06,0.9999958,4.0715413e-08,4_S7
c4_p072_20231130_o08,p072_20231130,72,3,4,75,4_S7,9.339566e-11,7.842507e-10,9.756961e-09,1.8030672e-05,0.9999819,3.555068e-08,4_S7
c4_p072_20231204_o12,p072_20231204,72,3,4,76,4_S7,2.3170038e-07,3.0870456e-07,9.930251e-07,0.0002477425,0.99960893,0.00014180112,4_S7
c4_p072_20231211_o11,p072_20231211,72,3,4,77,4_S7,8.6637586e-10,4.367702e-10,9.800923e-09,6.3666704e-08,0.9999989,9.703039e-07,4_S7
c4_p072_20231214_o03,p072_20231214,72,3,4,78,4_S7,7.8851314e-11,5.573375e-09,8.750199e-07,9.125772e-08,0.99998593,1.3157564e-05,4_S7
c4_p072_20231218_o04,p072_20231218,72,3,4,79,4_S7,5.4411626e-09,7.3744324e-08,1.2337731e-06,4.009614e-07,0.9997396,0.00025877266,4_S7
c4_p072_20231227_o04,p072_20231227,72,3,4,79,4_S7,2.0203295e-08,7.368651e-08,9.32916e-08,5.001582e-09,0.958437,0.041562743,4_S7
c4_p072_20240115_o06,p072_20240115,72,3,4,82,5_S8,3.0906925e-08,1.4725195e-07,1.097356e-07,9.0028496e-10,0.00012340654,0.99987626,5_S8
c4_p072_20240119_o01,p072_20240119,72,3,4,83,5_S8,1.5489528e-06,1.0354288e-06,3.3965028e-07,1.7740575e-07,0.0032967823,0.9967001,5_S8
c4_p072_20240126_o05,p072_20240126,72,3,4,86,5_S8,3.6397864e-08,4.1854533e-09,2.5579563e-08,8.058021e-11,1.9816769e-06,0.999998,5_S8
c4_p076_20231006_o03,p076_20231006,76,3,4,13,0_S1,0.99980754,4.312862e-05,5.7299894e-05,4.593685e-05,4.4366034e-06,4.1716823e-05,0_S1
c4_p076_20231011_o12,p076_20231011,76,3,4,13,0_S1,0.99952006,0.00015050202,0.00013547798,3.2561475e-05,1.8177578e-05,0.00014317544,0_S1
c4_p076_20231017_o04,p076_20231017,76,3,4,13,0_S1,0.99957854,6.910512e-05,8.7803666e-05,7.966381e-06,8.458624e-05,0.0001720129,0_S1
c4_p076_20231019_o05,p076_20231019,76,3,4,14,0_S1,0.9358055,0.0037578826,0.05079175,0.0057048933,0.0027437531,0.0011962372,0_S1
c4_p076_20231023_o05,p076_20231023,76,3,4,15,0_S1,0.9315428,0.026943104,0.031000668,0.0007596685,0.008324315,0.0014294536,0_S1
c4_p076_20231027_o10,p076_20231027,76,3,4,20,1_S2,0.008088598,0.10786872,0.8075472,0.07434463,0.0016704648,0.0004803617,2_S5
c4_p076_20231101_o04,p076_20231101,76,3,4,53,2_S5,9.0464e-06,0.00013043778,0.93957454,0.0007746302,0.059510846,4.8386323e-07,2_S5
c4_p076_20231106_o03,p076_20231106,76,3,4,60,3_S6,7.811627e-10,9.042297e-09,8.577212e-06,0.99990857,8.283352e-05,3.7894954e-09,3_S6
c4_p076_20231109_o07,p076_20231109,76,3,4,64,3_S6,4.2648716e-07,1.0990262e-05,0.002196886,0.9910821,0.006662531,4.700831e-05,3_S6
c4_p076_20231120_o04,p076_20231120,76,3,4,68,3_S6,3.6687712e-07,7.133346e-07,0.00022696184,0.03033117,0.969424,1.679292e-05,4_S7
c4_p076_20231127_o09,p076_20231127,76,3,4,72,4_S7,4.1551118e-08,5.5973434e-08,3.181258e-07,1.4702891e-06,0.9999336,6.453938e-05,4_S7
c4_p076_20231130_o12,p076_20231130,76,3,4,73,4_S7,4.3415713e-07,2.3595883e-06,1.8774774e-05,0.0022648473,0.9977016,1.1922039e-05,4_S7
c4_p076_20231204_o11,p076_20231204,76,3,4,74,4_S7,5.4042202e-06,2.0029495e-06,1.8238279e-06,0.0010812095,0.99890375,5.8333385e-06,4_S7
c4_p076_20231211_o04,p076_20231211,76,3,4,75,4_S7,1.5931005e-07,5.4570823e-08,4.1461502e-05,2.4202465e-05,0.99730265,0.0026314016,4_S7
c4_p076_20231214_o03,p076_20231214,76,3,4,75,4_S7,2.1535749e-07,1.1375583e-06,8.084484e-06,8.623048e-06,0.9993326,0.00064927177,4_S7
c4_p076_20231218_o03,p076_20231218,76,3,4,76,4_S7,3.9740257e-07,3.764167e-06,6.891313e-05,9.670795e-07,0.9775923,0.022333784,4_S7
c4_p076_20231227_o11,p076_20231227,76,3,4,78,4_S7,4.9380957e-05,0.0034744819,0.018736016,1.4673103e-05,0.16987993,0.80784553,5_S8
c4_p076_20240115_o10,p076_20240115,76,3,4,80,5_S8,3.0538962e-05,0.0007542035,0.010774636,5.7136976e-06,0.00078987255,0.987645,5_S8
c4_p076_20240119_o12,p076_20240119,76,3,4,84,5_S8,8.660666e-08,3.421525e-08,1.3340673e-07,4.411662e-09,3.957679e-07,0.9999994,5_S8
c4_p076_20240126_o12,p076_20240126,76,3,4,86,5_S8,5.445505e-07,2.5040536e-06,1.9852193e-06,6.081784e-08,1.9910285e-06,0.99999285,5_S8
c4_p093_20231128_o08,p093_20231128,93,3,4,66,3_S6,7.546978e-06,2.231169e-05,0.00082705775,0.9988255,0.00031566096,1.9635415e-06,3_S6
c4_p093_20231130_o02,p093_20231130,93,3,4,68,3_S6,4.4548507e-09,3.3228147e-07,6.7345457e-07,0.8812056,0.11879327,6.276625e-08,3_S6
c4_p093_20231204_o07,p093_20231204,93,3,4,69,3_S6,1.02713855e-07,5.591791e-07,1.733351e-06,0.9952252,0.004771985,4.2001895e-07,3_S6
c4_p093_20231207_o01,p093_20231207,93,3,4,70,4_S7,1.3444338e-09,1.8427484e-08,2.314595e-05,0.0004278354,0.999549,4.997582e-08,4_S7
c4_p093_20231211_o03,p093_20231211,93,3,4,71,4_S7,5.675039e-10,7.882984e-09,1.3402435e-05,0.0004879852,0.99949515,3.4982386e-06,4_S7
c4_p093_20231218_o05,p093_20231218,93,3,4,73,4_S7,6.869217e-08,7.478909e-05,2.8705813e-06,1.5580305e-05,0.9909043,0.009002423,4_S7
c4_p093_20231227_o12,p093_20231227,93,3,4,75,4_S7,3.4822745e-07,4.7376147e-05,8.872241e-05,1.3962234e-07,0.9947666,0.0050967806,4_S7
c4_p093_20240115_o05,p093_20240115,93,3,4,76,4_S7,2.8887157e-10,5.7477823e-09,2.210235e-09,4.303839e-09,0.999984,1.5982128e-05,4_S7
c4_p093_20240119_o05,p093_20240119,93,3,4,79,4_S7,4.696534e-05,2.816382e-05,2.850952e-06,0.00022895593,0.8136225,0.18607067,4_S7
c4_p093_20240126_o07,p093_20240126,93,3,4,83,5_S8,2.378013e-05,6.038847e-05,5.635374e-06,3.8514813e-06,0.0017835738,0.99812275,5_S8
c4_p096_20231128_o07,p096_20231128,96,3,4,66,3_S6,6.8939323e-07,1.6116712e-05,3.9192228e-06,0.99997544,3.889543e-06,2.2596423e-08,3_S6
c4_p096_20231130_o01,p096_20231130,96,3,4,68,3_S6,6.701098e-08,1.0235027e-06,1.9142383e-06,0.9989881,0.001008843,7.0650515e-08,3_S6
c4_p096_20231204_o10,p096_20231204,96,3,4,69,3_S6,1.0892144e-05,9.817684e-05,2.8966631e-05,0.9983063,0.0015505054,5.0775443e-06,3_S6
c4_p096_20231207_o09,p096_20231207,96,3,4,70,4_S7,3.673902e-07,1.78168e-05,9.705898e-05,0.00084269315,0.999038,4.0857003e-06,4_S7
c4_p096_20231211_o07,p096_20231211,96,3,4,71,4_S7,7.2936496e-07,2.9631658e-06,4.995459e-06,0.009380602,0.9906054,5.3359163e-06,4_S7
c4_p096_20231218_o04,p096_20231218,96,3,4,73,4_S7,1.3992596e-09,2.2581166e-06,6.799295e-05,1.1544433e-08,0.99992645,3.330819e-06,4_S7
c4_p096_20231227_o10,p096_20231227,96,3,4,76,4_S7,5.313011e-06,0.0007383132,0.011990653,3.2089795e-06,0.98487353,0.0023889896,4_S7
c4_p096_20240115_o03,p096_20240115,96,3,4,77,4_S7,2.2857573e-07,2.6340763e-07,7.9965565e-07,6.247694e-09,0.99998736,1.1306367e-05,4_S7
c4_p096_20240119_o11,p096_20240119,96,3,4,83,5_S8,2.1761998e-08,8.272944e-06,0.00033198728,2.42269e-07,0.9996493,1.0143474e-05,4_S7
c4_p096_20240126_o01,p096_20240126,96,3,4,89,5_S8,1.0820113e-06,2.6781006e-06,1.5169448e-07,2.6472303e-08,0.0011574548,0.9988387,5_S8
c4_p001_20230816_o02,p001_20230816,1,4,4,70,4_S7,1.8678154e-05,0.003768312,0.005761615,0.9849745,0.0054717725,5.11063e-06,3_S6
c4_p001_20230921_o12,p001_20230921,1,4,4,79,4_S7,0.003492918,0.02938732,0.2332738,0.03556704,0.6920339,0.006245051,4_S7
c4_p001_20231005_o07,p001_20231005,1,4,4,87,5_S8,5.326607e-06,0.0003323228,0.00014696753,1.8090932e-05,0.0079684835,0.99152875,5_S8
c4_p007_20230816_o09,p007_20230816,7,4,4,67,3_S6,0.00047152067,0.0050138095,0.021949964,0.9663381,0.006218475,8.181819e-06,3_S6
c4_p007_20230921_o04,p007_20230921,7,4,4,80,5_S8,8.4742505e-06,0.00033459242,0.00015131071,0.005008926,0.98933595,0.0051607382,4_S7
c4_p007_20231005_o11,p007_20231005,7,4,4,83,5_S8,7.731866e-05,0.00060528616,0.0012435985,6.0534123e-05,0.08560278,0.9124104,5_S8
c4_p013_20230816_o01,p013_20230816,13,4,4,59,2_S5,0.0035559274,0.42503786,0.116180085,0.45447856,0.00073419174,1.3353299e-05,3_S6
c4_p013_20230921_o12,p013_20230921,13,4,4,75,4_S7,0.00037055655,0.0018791897,0.03407672,0.00077807694,0.94725287,0.015642578,4_S7
c4_p013_20231005_o08,p013_20231005,13,4,4,88,5_S8,0.00081040186,0.0024256718,0.024180137,0.0012098957,0.03883594,0.93253785,5_S8
c4_p023_20230828_o05,p023_20230828,23,4,4,14,0_S1,0.9996643,0.00020940787,0.00012560906,4.3058824e-07,5.1080274e-08,2.746893e-07,0_S1
c4_p023_20230904_o12,p023_20230904,23,4,4,22,1_S2,0.7806566,0.106107116,0.11147583,0.0013083009,0.00016982622,0.00028229065,0_S1
c4_p023_20230908_o04,p023_20230908,23,4,4,63,3_S6,0.0052828696,0.032999933,0.17307718,0.76444596,0.022968706,0.0012254392,3_S6
c4_p023_20230921_o02,p023_20230921,23,4,4,70,4_S7,0.11618407,0.27526164,0.28417236,0.32137123,0.002709649,0.0003010342,3_S6
c4_p023_20231006_o10,p023_20231006,23,4,4,71,4_S7,0.00023569982,0.15105186,0.006273806,0.452488,0.38868147,0.0012691912,3_S6
c4_p023_20231017_o05,p023_20231017,23,4,4,73,4_S7,1.3357042e-07,5.351798e-05,3.5368314e-06,7.94234e-05,0.9411933,0.05867014,4_S7
c4_p023_20231023_o06,p023_20231023,23,4,4,77,4_S7,1.9915112e-06,0.001748159,0.000641349,9.7573124e-05,0.65045464,0.3470562,4_S7
c4_p023_20231027_o05,p023_20231027,23,4,4,78,4_S7,1.5644453e-06,0.023106672,0.00027691567,0.000235721,0.8715102,0.10486901,4_S7
c4_p023_20231101_o08,p023_20231101,23,4,4,79,4_S7,1.0914703e-06,0.49610236,0.00015260535,4.722361e-05,0.36921033,0.13448635,1_S2
c4_p023_20231106_o03,p023_20231106,23,4,4,78,4_S7,0.0003534949,0.022148684,0.004494612,0.00016029512,0.7363481,0.23649485,4_S7
c4_p023_20231109_o09,p023_20231109,23,4,4,79,4_S7,1.4259165e-05,0.0012884308,0.00016358483,2.841434e-05,0.96704406,0.0314613,4_S7
c4_p023_20231120_o08,p023_20231120,23,4,4,81,5_S8,8.413102e-06,0.007889797,6.710418e-05,2.5558005e-05,0.0006989573,0.9913101,5_S8
c4_p023_20231124_o02,p023_20231124,23,4,4,83,5_S8,1.3502993e-06,3.3332246e-06,4.4668075e-05,1.9572587e-06,0.015775131,0.98417354,5_S8
c4_p023_20231127_o12,p023_20231127,23,4,4,84,5_S8,9.808187e-06,8.6771885e-05,0.0011297314,1.6632141e-06,0.008680599,0.99009144,5_S8
c4_p023_20231130_o02,p023_20231130,23,4,4,85,5_S8,2.9160232e-05,6.8585425e-05,5.25958e-05,1.100801e-06,0.0015062728,0.9983424,5_S8
c4_p034_20230828_o01,p034_20230828,34,4,4,15,0_S1,0.99728143,0.0025556467,0.0001596858,3.1317065e-06,5.1936237e-08,1.4861268e-07,0_S1
c4_p034_20230904_o07,p034_20230904,34,4,4,53,2_S5,0.0013882853,0.024324108,0.21921974,0.75044274,0.0045735473,5.1534247e-05,3_S6
c4_p034_20230908_o03,p034_20230908,34,4,4,61,3_S6,4.976288e-06,0.0027705024,0.00024399436,0.9959823,0.000988929,9.279498e-06,3_S6
c4_p034_20230921_o01,p034_20230921,34,4,4,70,4_S7,0.00057318714,0.021233229,0.010099718,0.48316586,0.48345727,0.001470772,4_S7
c4_p034_20231006_o01,p034_20231006,34,4,4,72,4_S7,4.110807e-05,0.0008787428,0.0006632494,0.0069492804,0.9764029,0.015064783,4_S7
c4_p034_20231017_o03,p034_20231017,34,4,4,73,4_S7,9.275492e-05,0.0020721403,0.02222129,0.44382066,0.52960056,0.0021926465,4_S7
c4_p034_20231023_o12,p034_20231023,34,4,4,74,4_S7,9.089276e-07,2.1357071e-05,8.3736806e-05,0.000289149,0.9988913,0.0007135609,4_S7
c4_p034_20231027_o11,p034_20231027,34,4,4,76,4_S7,1.901635e-05,8.408679e-05,0.00051398407,0.0009222695,0.9949319,0.0035287999,4_S7
c4_p034_20231101_o01,p034_20231101,34,4,4,77,4_S7,3.2874602e-06,0.0004530478,0.00039856136,0.0016634701,0.99318975,0.004291844,4_S7
c4_p034_20231106_o01,p034_20231106,34,4,4,78,4_S7,1.329854e-05,0.0005898741,0.00035986,0.0010558119,0.9968676,0.0011135957,4_S7
c4_p034_20231109_o06,p034_20231109,34,4,4,79,4_S7,1.8936205e-05,0.00046000505,0.00093149027,0.006144284,0.98639166,0.006053625,4_S7
c4_p034_20231120_o07,p034_20231120,34,4,4,82,5_S8,1.3603453e-08,1.36241815e-05,5.756462e-07,1.2302851e-08,9.145211e-06,0.99997663,5_S8
c4_p034_20231124_o06,p034_20231124,34,4,4,86,5_S8,1.4126598e-09,1.9748146e-07,3.0557106e-07,7.54027e-09,8.106578e-06,0.9999913,5_S8
c4_p034_20231127_o09,p034_20231127,34,4,4,88,5_S8,1.7805075e-08,7.5442136e-07,4.2427446e-06,8.4772836e-08,1.581937e-05,0.99997914,5_S8
c4_p034_20231130_o04,p034_20231130,34,4,4,89,5_S8,2.4159306e-05,8.785558e-06,0.0003882658,1.4694775e-06,0.10475351,0.8948238,5_S8
c4_p043_20230929_o05,p043_20230929,43,4,4,13,0_S1,0.99997306,1.7175214e-05,7.92178e-06,1.13611115e-07,7.6414506e-07,1.1005452e-06,0_S1
c4_p043_20231004_o04,p043_20231004,43,4,4,13,0_S1,0.9969789,0.0010517302,0.0019561397,8.9381594e-08,8.114997e-06,5.0817434e-06,0_S1
c4_p043_20231011_o05,p043_20231011,43,4,4,14,0_S1,0.99535036,0.00125073,0.003095164,1.0298643e-05,0.0002777076,1.5867252e-05,0_S1
c4_p043_20231017_o04,p043_20231017,43,4,4,52,2_S5,0.98755616,0.0029394627,0.009491529,4.0150644e-06,6.3539087e-06,2.5004201e-06,0_S1
c4_p043_20231019_o11,p043_20231019,43,4,4,53,2_S5,0.06531097,0.03868367,0.895455,0.0004702568,6.25195e-05,1.7600732e-05,2_S5
c4_p043_20231023_o06,p043_20231023,43,4,4,60,3_S6,0.16720021,0.11609781,0.5034084,0.21221957,0.00061117084,0.00046288018,2_S5
c4_p043_20231027_o06,p043_20231027,43,4,4,61,3_S6,0.07841978,0.020574516,0.8136753,0.086839296,0.00034556552,0.00014550232,2_S5
c4_p043_20231101_o09,p043_20231101,43,4,4,64,3_S6,0.0002242303,0.06974276,0.0019083204,0.920185,0.0078082425,0.00013147558,3_S6
c4_p043_20231106_o12,p043_20231106,43,4,4,70,4_S7,7.182178e-05,0.002703504,0.0096925525,0.95327884,0.034001842,0.00025145413,3_S6
c4_p043_20231109_o08,p043_20231109,43,4,4,70,4_S7,0.00011699194,0.006991737,0.012401485,0.902847,0.07728779,0.00035493475,3_S6
c4_p043_20231120_o02,p043_20231120,43,4,4,70,4_S7,0.00012781189,0.12765925,0.010169161,0.080030404,0.7815004,0.00051294366,4_S7
c4_p043_20231127_o04,p043_20231127,43,4,4,71,4_S7,3.15026e-07,1.05655035e-05,1.9789926e-05,0.0402117,0.9597482,9.375606e-06,4_S7
c4_p043_20231130_o10,p043_20231130,43,4,4,71,4_S7,0.00024291806,0.001886084,0.003242078,0.0020290748,0.96487826,0.027721643,4_S7
c4_p043_20231204_o03,p043_20231204,43,4,4,72,4_S7,1.6104161e-06,2.978993e-05,1.8049715e-05,0.0006910492,0.9957669,0.0034926147,4_S7
c4_p043_20231211_o08,p043_20231211,43,4,4,74,4_S7,0.0001079267,0.0047822176,0.006630814,0.000111932066,0.8304913,0.15787588,4_S7
c4_p043_20231214_o05,p043_20231214,43,4,4,76,4_S7,3.0666477e-06,2.4942678e-06,1.0551045e-06,0.0007228907,0.9950092,0.0042612376,4_S7
c4_p043_20231218_o05,p043_20231218,43,4,4,77,4_S7,3.432589e-07,4.3436894e-06,1.0042403e-06,8.464668e-05,0.9988582,0.0010514923,4_S7
c4_p043_20231227_o04,p043_20231227,43,4,4,78,4_S7,5.3801414e-06,1.860701e-05,4.5308076e-05,0.000102937505,0.9974716,0.0023562405,4_S7
c4_p043_20240104_o11,p043_20240104,43,4,4,79,4_S7,6.2337003e-06,0.0017107979,9.184651e-06,0.00079690485,0.64334357,0.35413334,4_S7
c4_p050_20230929_o08,p050_20230929,50,4,4,13,0_S1,0.999879,6.2993044e-05,5.340011e-05,2.8644496e-07,1.4324966e-06,2.9075154e-06,0_S1
c4_p050_20231004_o06,p050_20231004,50,4,4,13,0_S1,0.9992048,0.0002753173,0.0005152575,2.0414363e-07,2.4630942e-06,1.914701e-06,0_S1
c4_p050_20231011_o09,p050_20231011,50,4,4,14,0_S1,0.97412246,0.010037485,0.0151339555,0.00018318435,0.000286658,0.0002361763,0_S1
c4_p050_20231017_o01,p050_20231017,50,4,4,15,0_S1,0.8277977,0.035941355,0.13587394,0.0003173678,4.292089e-05,2.6754004e-05,0_S1
c4_p050_20231019_o04,p050_20231019,50,4,4,16,0_S1,0.19406277,0.05387326,0.75130635,0.00063636026,9.3956194e-05,2.7335613e-05,2_S5
c4_p050_20231023_o12,p050_20231023,50,4,4,20,1_S2,0.1555505,0.112773694,0.6081202,0.12307415,0.0003913922,9.002874e-05,2_S5
c4_p050_20231027_o02,p050_20231027,50,4,4,21,1_S2,5.486332e-05,0.00010880148,0.03432431,0.9653648,0.00014590049,1.3315097e-06,3_S6
c4_p050_20231101_o02,p050_20231101,50,4,4,54,2_S5,1.5975907e-07,3.425037e-06,1.9571009e-05,0.99996376,1.2757052e-05,2.487386e-07,3_S6
c4_p050_20231106_o03,p050_20231106,50,4,4,67,3_S6,0.0004991765,0.00037208232,0.006311251,0.83726674,0.1554914,5.9372454e-05,3_S6
c4_p050_20231109_o10,p050_20231109,50,4,4,69,3_S6,9.4472874e-05,0.00060590095,0.00091125583,0.8248484,0.17138892,0.002151017,3_S6
c4_p050_20231120_o05,p050_20231120,50,4,4,70,4_S7,0.0002656828,0.14023006,0.0033618577,0.6449029,0.2086955,0.0025439716,3_S6
c4_p050_20231127_o04,p050_20231127,50,4,4,72,4_S7,3.9277072e-08,9.098266e-06,2.1439034e-06,0.027527098,0.97243744,2.4295103e-05,4_S7
c4_p050_20231130_o08,p050_20231130,50,4,4,74,4_S7,4.5134157e-06,1.9065612e-07,4.220601e-06,3.4249003e-06,0.9998161,0.00017158921,4_S7
c4_p050_20231204_o03,p050_20231204,50,4,4,75,4_S7,3.2436421e-06,1.050705e-06,1.1037251e-06,0.00056800013,0.9994167,9.970305e-06,4_S7
c4_p050_20231211_o06,p050_20231211,50,4,4,76,4_S7,2.6801192e-09,4.7177546e-09,4.5527297e-08,3.4478803e-06,0.99999547,1.0185656e-06,4_S7
c4_p050_20231214_o10,p050_20231214,50,4,4,78,4_S7,1.8577115e-06,3.5153007e-05,2.8523265e-05,0.004905807,0.98589814,0.00913047,4_S7
c4_p050_20231218_o11,p050_20231218,50,4,4,79,4_S7,2.8889439e-05,0.00010370105,0.00055403356,0.00013383717,0.872018,0.12716147,4_S7
c4_p050_20231227_o12,p050_20231227,50,4,4,81,5_S8,2.2180832e-06,1.3274457e-06,1.5676203e-05,1.4921372e-06,0.8010797,0.19889958,4_S7
c4_p050_20240104_o12,p050_20240104,50,4,4,79,4_S7,5.4222583e-06,2.781361e-06,2.5492296e-05,2.2349736e-06,0.555636,0.444328,4_S7
c4_p051_20230929_o07,p051_20230929,51,4,4,13,0_S1,0.99995065,2.497591e-05,2.1643025e-05,8.406116e-08,9.0684745e-07,1.6301706e-06,0_S1
c4_p051_20231004_o08,p051_20231004,51,4,4,13,0_S1,0.9964593,0.00094515,0.0025397728,9.843683e-07,3.2847864e-05,2.190743e-05,0_S1
c4_p051_20231011_o01,p051_20231011,51,4,4,15,0_S1,0.85401034,0.01706384,0.06323044,0.028762804,0.035621937,0.0013106293,0_S1
c4_p051_20231017_o06,p051_20231017,51,4,4,52,2_S5,0.41335383,0.13883892,0.43538934,0.0076849456,0.004072581,0.0006603908,2_S5
c4_p051_20231019_o09,p051_20231019,51,4,4,60,3_S6,0.5417386,0.015547797,0.42793894,0.0014586136,0.01306969,0.00024635307,0_S1
c4_p051_20231023_o10,p051_20231023,51,4,4,65,3_S6,0.07443182,0.18096103,0.49840385,0.24281216,0.003244199,0.00014694108,2_S5
c4_p051_20231027_o11,p051_20231027,51,4,4,66,3_S6,0.09602595,0.023091914,0.55501515,0.25442484,0.06902233,0.0024197819,2_S5
c4_p051_20231101_o03,p051_20231101,51,4,4,69,3_S6,0.00032581217,0.17700472,0.0113646565,0.78365964,0.027621185,2.3901315e-05,3_S6
c4_p051_20231106_o01,p051_20231106,51,4,4,70,4_S7,0.00026493505,0.010967505,0.20121457,0.62809783,0.15928467,0.00017052525,3_S6
c4_p051_20231109_o08,p051_20231109,51,4,4,71,4_S7,6.397388e-05,0.03004824,0.0060208966,0.956948,0.006822254,9.663628e-05,3_S6
c4_p051_20231120_o04,p051_20231120,51,4,4,72,4_S7,1.7395507e-06,0.0018827837,0.0002597488,0.964137,0.03363265,8.60535e-05,3_S6
c4_p051_20231127_o06,p051_20231127,51,4,4,75,4_S7,2.1890324e-07,3.228344e-07,1.4513957e-06,8.633249e-06,0.99993765,5.1730778e-05,4_S7
c4_p051_20231130_o10,p051_20231130,51,4,4,76,4_S7,1.6016967e-08,1.4586598e-07,1.424072e-06,1.7500639e-06,0.9999429,5.3816515e-05,4_S7
c4_p051_20231204_o12,p051_20231204,51,4,4,77,4_S7,5.284614e-07,1.1210452e-05,5.47316e-06,0.0025162902,0.997465,1.4938163e-06,4_S7
c4_p051_20231211_o09,p051_20231211,51,4,4,78,4_S7,1.0137164e-06,8.607254e-07,7.981242e-06,7.672773e-07,0.99967587,0.000313423,4_S7
c4_p051_20231214_o05,p051_20231214,51,4,4,79,4_S7,4.9843356e-06,0.0022202951,5.7515037e-05,0.00089582533,0.96835726,0.028464166,4_S7
c4_p051_20231218_o11,p051_20231218,51,4,4,79,4_S7,4.963988e-07,4.4987664e-06,1.7265562e-05,1.3515059e-05,0.99703383,0.002930455,4_S7
c4_p051_20231227_o05,p051_20231227,51,4,4,81,5_S8,4.610675e-08,1.7266157e-06,3.0164101e-06,3.887676e-06,0.9488335,0.051157795,4_S7
c4_p051_20240104_o02,p051_20240104,51,4,4,82,5_S8,0.00026503613,0.002412812,0.0024074498,0.000104202714,0.6616477,0.3331628,4_S7
c4_p055_20230929_o05,p055_20230929,55,4,4,13,0_S1,0.9999764,9.257009e-06,1.1255689e-05,6.813762e-08,1.0498076e-06,1.9699237e-06,0_S1
c4_p055_20231004_o05,p055_20231004,55,4,4,13,0_S1,0.9993253,0.0002872886,0.00038184013,2.7822543e-07,2.0862353e-06,3.1966845e-06,0_S1
c4_p055_20231011_o09,p055_20231011,55,4,4,14,0_S1,0.9994142,7.857579e-05,0.00048895064,7.499706e-07,1.04628825e-05,7.0750457e-06,0_S1
c4_p055_20231017_o12,p055_20231017,55,4,4,20,1_S2,0.032415524,0.5210763,0.42154306,0.024364825,0.00051666633,8.362156e-05,1_S2
c4_p055_20231019_o02,p055_20231019,55,4,4,54,2_S5,0.3413665,0.09483932,0.55388296,0.009803321,7.7191966e-05,3.0745196e-05,2_S5
c4_p055_20231023_o03,p055_20231023,55,4,4,55,2_S5,0.013063258,0.062761,0.5704042,0.35210958,0.0016292771,3.2667456e-05,2_S5
c4_p055_20231027_o04,p055_20231027,55,4,4,60,3_S6,0.013116142,0.63919014,0.18454744,0.14339325,0.01795797,0.0017950891,1_S2
c4_p055_20231101_o04,p055_20231101,55,4,4,63,3_S6,2.1297135e-05,0.006412551,0.000549796,0.9886164,0.004384129,1.5835549e-05,3_S6
c4_p055_20231106_o05,p055_20231106,55,4,4,67,3_S6,0.00046688478,0.09751494,0.0028379268,0.8515954,0.046166673,0.0014181868,3_S6
c4_p055_20231109_o04,p055_20231109,55,4,4,69,3_S6,0.0009857619,0.00953167,0.05923216,0.43795463,0.4908213,0.001474448,4_S7
c4_p055_20231120_o04,p055_20231120,55,4,4,71,4_S7,1.0148732e-07,2.7368585e-06,1.6828115e-05,0.00049436244,0.9992818,0.00020421731,4_S7
c4_p055_20231127_o09,p055_20231127,55,4,4,72,4_S7,8.784768e-07,6.269581e-05,5.523623e-05,0.006037347,0.99341536,0.00042853027,4_S7
c4_p055_20231130_o08,p055_20231130,55,4,4,75,4_S7,1.5070995e-06,4.2406264e-06,9.849999e-05,4.6468995e-05,0.9885649,0.01128435,4_S7
c4_p055_20231204_o11,p055_20231204,55,4,4,76,4_S7,2.866381e-07,2.2007268e-06,1.2078779e-05,5.633412e-05,0.9996797,0.00024957678,4_S7
c4_p055_20231211_o04,p055_20231211,55,4,4,77,4_S7,5.0750655e-06,0.00093084236,0.00018722669,1.7614466e-05,0.98003423,0.018825037,4_S7
c4_p055_20231214_o05,p055_20231214,55,4,4,78,4_S7,6.638714e-08,1.2198045e-07,2.0164468e-07,4.2708038e-08,0.9936392,0.0063602873,4_S7
c4_p055_20231218_o07,p055_20231218,55,4,4,79,4_S7,4.1453623e-06,1.2609666e-05,1.4921589e-05,9.401496e-07,0.99260026,0.007367049,4_S7
c4_p055_20231227_o04,p055_20231227,55,4,4,79,4_S7,2.69437e-06,8.417711e-06,3.253127e-05,2.6616353e-05,0.8906597,0.10927013,4_S7
c4_p055_20240104_o11,p055_20240104,55,4,4,80,5_S8,2.0907651e-09,6.645544e-08,3.0596787e-08,2.1357678e-08,0.024398297,0.9756016,5_S8
c4_p056_20230929_o09,p056_20230929,56,4,4,13,0_S1,0.9999505,2.0977357e-05,2.6119718e-05,1.573373e-07,9.86533e-07,1.2984092e-06,0_S1
c4_p056_20231004_o08,p056_20231004,56,4,4,13,0_S1,0.9996816,0.00019245269,0.00012348693,3.8068418e-07,1.0106583e-06,1.1662919e-06,0_S1
c4_p056_20231011_o07,p056_20231011,56,4,4,14,0_S1,0.9994086,0.00011796153,0.00041258367,3.2795383e-06,3.4718614e-05,2.2961438e-05,0_S1
c4_p056_20231017_o09,p056_20231017,56,4,4,15,0_S1,0.23461944,0.21852498,0.539219,0.0075182356,9.50951e-05,2.3215174e-05,2_S5
c4_p056_20231019_o11,p056_20231019,56,4,4,16,0_S1,0.1554316,0.020301446,0.814751,0.008263598,0.001198205,5.4162996e-05,2_S5
c4_p056_20231023_o12,p056_20231023,56,4,4,20,1_S2,0.012100642,0.012021964,0.880089,0.09498007,0.00074888614,5.942929e-05,2_S5
c4_p056_20231027_o11,p056_20231027,56,4,4,55,2_S5,0.0017737314,0.010929333,0.34371567,0.34280673,0.29913685,0.0016377056,2_S5
c4_p056_20231101_o09,p056_20231101,56,4,4,56,2_S5,3.031278e-05,0.00043730007,0.0010621944,0.99834573,0.00012393724,5.1460904e-07,3_S6
c4_p056_20231106_o08,p056_20231106,56,4,4,65,3_S6,0.002762489,0.01812534,0.033219825,0.7396133,0.19180967,0.014469378,3_S6
c4_p056_20231109_o05,p056_20231109,56,4,4,67,3_S6,2.4038392e-05,0.0023063621,0.00048122337,0.9873531,0.00970122,0.00013409047,3_S6
c4_p056_20231120_o07,p056_20231120,56,4,4,70,4_S7,0.00032949788,0.0009372919,0.006049907,0.0044430345,0.866396,0.12184439,4_S7
c4_p056_20231127_o07,p056_20231127,56,4,4,72,4_S7,4.7180527e-07,9.488793e-07,1.0787249e-05,3.2510663e-06,0.99888915,0.0010953066,4_S7
c4_p056_20231130_o06,p056_20231130,56,4,4,73,4_S7,5.9644226e-06,1.2447805e-05,0.00035540565,6.1449746e-06,0.97977865,0.019841373,4_S7
c4_p056_20231204_o10,p056_20231204,56,4,4,74,4_S7,5.2375697e-08,1.3551605e-07,2.7249604e-07,1.8979851e-07,0.9994287,0.0005707586,4_S7
c4_p056_20231211_o02,p056_20231211,56,4,4,76,4_S7,5.057366e-07,5.8866576e-06,4.2444568e-05,1.5061603e-06,0.9988845,0.0010652947,4_S7
c4_p056_20231214_o04,p056_20231214,56,4,4,78,4_S7,1.40471075e-08,6.1199626e-06,6.984709e-07,4.8776224e-06,0.14929831,0.85069,5_S8
c4_p056_20231218_o05,p056_20231218,56,4,4,80,5_S8,6.809124e-06,0.0024299808,0.00028939283,0.0002979065,0.26230893,0.73466694,5_S8
c4_p056_20231227_o02,p056_20231227,56,4,4,82,5_S8,1.2714784e-05,0.18981734,0.00036352675,0.002106687,0.43450052,0.37319928,4_S7
c4_p056_20240104_o07,p056_20240104,56,4,4,83,5_S8,1.9807624e-09,9.2705064e-05,1.635921e-06,3.2659122e-07,0.6183162,0.3815891,4_S7
c4_p062_20231006_o05,p062_20231006,62,4,4,13,0_S1,0.99980587,7.5227996e-05,0.00010077164,1.4496082e-06,8.4338135e-06,8.259858e-06,0_S1
c4_p062_20231011_o05,p062_20231011,62,4,4,13,0_S1,0.99992824,6.4566952e-06,3.595885e-05,8.9822856e-07,1.1921967e-05,1.6485548e-05,0_S1
c4_p062_20231017_o08,p062_20231017,62,4,4,13,0_S1,0.9998455,4.7590336e-05,9.784861e-05,2.1312617e-07,3.1463226e-06,5.74557e-06,0_S1
c4_p062_20231019_o01,p062_20231019,62,4,4,14,0_S1,0.99484694,0.0001161943,0.0048876936,9.280963e-07,8.346779e-05,6.479367e-05,0_S1
c4_p062_20231023_o07,p062_20231023,62,4,4,14,0_S1,0.9988385,0.0004744301,0.00067643524,1.4875537e-06,3.1818997e-06,5.971487e-06,0_S1
c4_p062_20231027_o07,p062_20231027,62,4,4,14,0_S1,0.26779607,0.0047213533,0.72700614,7.3038966e-05,0.00034800605,5.5394485e-05,2_S5
c4_p062_20231101_o04,p062_20231101,62,4,4,51,2_S5,0.0011004014,0.0017759196,0.98754984,0.009532886,3.7636393e-05,3.2526405e-06,2_S5
c4_p062_20231106_o01,p062_20231106,62,4,4,53,2_S5,0.020684432,0.03774967,0.7692458,0.15865031,0.012899549,0.0007701754,2_S5
c4_p062_20231109_o06,p062_20231109,62,4,4,60,3_S6,0.00029917827,0.0054460983,0.020470873,0.9065632,0.06690031,0.00032029868,3_S6
c4_p062_20231120_o05,p062_20231120,62,4,4,70,4_S7,0.00031058697,0.007816961,0.0069649233,0.1808959,0.80174845,0.0022632012,4_S7
c4_p062_20231127_o06,p062_20231127,62,4,4,72,4_S7,1.5510843e-06,8.343889e-06,9.179724e-06,0.004982538,0.9949698,2.8731307e-05,4_S7
c4_p062_20231130_o08,p062_20231130,62,4,4,73,4_S7,3.7833903e-05,7.663262e-05,0.0015323858,0.0026390112,0.9922145,0.0034997168,4_S7
c4_p062_20231204_o08,p062_20231204,62,4,4,75,4_S7,1.0764359e-05,0.0004047934,0.00044150944,0.02151484,0.97509456,0.0025334766,4_S7
c4_p062_20231211_o06,p062_20231211,62,4,4,77,4_S7,1.7407405e-05,0.00017611547,0.00046605404,0.0011999775,0.96872634,0.029414056,4_S7
c4_p062_20231214_o08,p062_20231214,62,4,4,78,4_S7,1.1911493e-07,6.6366647e-06,8.906215e-06,0.0035223793,0.9964283,3.3706012e-05,4_S7
c4_p062_20231218_o11,p062_20231218,62,4,4,79,4_S7,0.00058058347,0.0066499757,0.061017945,0.08833835,0.839621,0.0037921057,4_S7
c4_p062_20231227_o04,p062_20231227,62,4,4,79,4_S7,3.0390444e-07,0.0004765036,4.380997e-05,0.00017024351,0.99852777,0.00078128173,4_S7
c4_p062_20240115_o04,p062_20240115,62,4,4,82,5_S8,1.3007805e-06,1.3598841e-05,1.9903251e-05,8.59713e-06,0.0029244812,0.99703217,5_S8
c4_p062_20240119_o12,p062_20240119,62,4,4,83,5_S8,2.185148e-10,7.622716e-09,1.6035756e-07,6.8445547e-09,9.5317955e-05,0.9999045,5_S8
c4_p062_20240126_o06,p062_20240126,62,4,4,86,5_S8,6.561039e-08,2.9038942e-05,1.522584e-06,5.4068234e-08,3.4274763e-05,0.99993503,5_S8
c4_p071_20231006_o01,p071_20231006,71,4,4,13,0_S1,0.9999068,3.1899166e-05,2.7128399e-05,7.175135e-07,1.738101e-05,1.606319e-05,0_S1
c4_p071_20231011_o09,p071_20231011,71,4,4,13,0_S1,0.99991894,2.2318802e-05,4.9937447e-05,5.613595e-07,2.9803416e-06,5.286872e-06,0_S1
c4_p071_20231017_o07,p071_20231017,71,4,4,13,0_S1,0.99970275,5.3076594e-05,0.00020823792,4.1941777e-07,2.5981093e-05,9.579629e-06,0_S1
c4_p071_20231019_o06,p071_20231019,71,4,4,13,0_S1,0.9606636,0.0007656233,0.03834072,3.1248362e-06,0.00013850002,8.839984e-05,0_S1
c4_p071_20231023_o08,p071_20231023,71,4,4,14,0_S1,0.8990212,0.02496017,0.074794,0.00029858053,0.00046638312,0.00045958557,0_S1
c4_p071_20231027_o07,p071_20231027,71,4,4,51,2_S5,0.13302952,0.10947311,0.6704124,0.08617726,0.0007708885,0.0001367388,2_S5
c4_p071_20231101_o06,p071_20231101,71,4,4,60,3_S6,0.005051702,0.026960941,0.9464501,0.021393007,0.00012969828,1.4482589e-05,2_S5
c4_p071_20231106_o08,p071_20231106,71,4,4,68,3_S6,3.2235497e-05,0.00015145888,0.11571093,0.8837789,0.00017957872,0.00014680024,3_S6
c4_p071_20231109_o07,p071_20231109,71,4,4,69,3_S6,0.0009634699,0.0073939324,0.67084014,0.3202329,0.0005389485,3.0554427e-05,2_S5
c4_p071_20231120_o09,p071_20231120,71,4,4,70,4_S7,1.1587287e-06,0.00014255475,0.0015571269,0.72050726,0.2775719,0.00022008276,3_S6
c4_p071_20231127_o12,p071_20231127,71,4,4,72,4_S7,9.907058e-06,0.016033608,0.00054360775,0.034581315,0.9482461,0.0005853561,4_S7
c4_p071_20231130_o10,p071_20231130,71,4,4,73,4_S7,0.0001640902,0.00017939936,0.0008597186,0.00059080694,0.99782914,0.00037678974,4_S7
c4_p071_20231204_o04,p071_20231204,71,4,4,74,4_S7,0.0005296476,0.07138035,0.0037476292,0.53925014,0.38359824,0.0014940022,3_S6
c4_p071_20231211_o09,p071_20231211,71,4,4,75,4_S7,9.16334e-06,3.2554566e-05,0.00085636514,0.00013610403,0.914203,0.084762774,4_S7
c4_p071_20231214_o09,p071_20231214,71,4,4,76,4_S7,4.79152e-06,4.541667e-06,2.4430077e-05,0.0001970286,0.99821067,0.0015586566,4_S7
c4_p071_20231218_o05,p071_20231218,71,4,4,77,4_S7,1.8984382e-10,2.722888e-08,2.4634815e-06,7.366906e-07,0.9977629,0.0022337525,4_S7
c4_p071_20231227_o04,p071_20231227,71,4,4,78,4_S7,5.08926e-08,6.5348204e-06,1.3209654e-05,6.077484e-07,0.9932956,0.006683926,4_S7
c4_p071_20240115_o07,p071_20240115,71,4,4,79,4_S7,3.0927372e-11,6.4003847e-09,6.044874e-08,1.5622721e-08,0.9552258,0.044774055,4_S7
c4_p071_20240119_o07,p071_20240119,71,4,4,82,5_S8,4.1110255e-13,1.31652024e-11,4.365843e-09,5.944147e-09,0.9841415,0.015858395,4_S7
c4_p071_20240126_o10,p071_20240126,71,4,4,85,5_S8,1.404948e-10,2.7665148e-09,4.353011e-09,9.834475e-11,1.9487063e-05,0.99998045,5_S8
c4_p074_20231006_o10,p074_20231006,74,4,4,13,0_S1,0.99992025,1.5500296e-05,2.192379e-05,1.4659355e-07,2.5493646e-05,1.661411e-05,0_S1
c4_p074_20231011_o05,p074_20231011,74,4,4,13,0_S1,0.9994898,7.000598e-05,0.0002465736,2.8506988e-06,4.3891592e-05,0.00014700543,0_S1
c4_p074_20231017_o02,p074_20231017,74,4,4,13,0_S1,0.99986744,3.2076456e-05,9.129936e-05,9.269515e-08,2.947005e-06,6.1363367e-06,0_S1
c4_p074_20231019_o11,p074_20231019,74,4,4,13,0_S1,0.9544494,0.00039958768,0.04309654,1.41911005e-05,0.0014775929,0.00056284375,0_S1
c4_p074_20231023_o07,p074_20231023,74,4,4,13,0_S1,0.9982293,0.001254281,0.0005137958,3.201343e-07,4.022466e-07,1.9555882e-06,0_S1
c4_p074_20231027_o05,p074_20231027,74,4,4,20,1_S2,0.012389539,0.0014821077,0.9853275,0.0007230625,7.087807e-05,6.9054076e-06,2_S5
c4_p074_20231101_o03,p074_20231101,74,4,4,53,2_S5,0.008664795,0.0047679422,0.98624194,0.00029776728,2.1799782e-05,5.7647935e-06,2_S5
c4_p074_20231106_o11,p074_20231106,74,4,4,60,3_S6,0.00027542218,0.0056725494,0.12629303,0.85867673,0.008893112,0.0001891242,3_S6
c4_p074_20231109_o08,p074_20231109,74,4,4,70,4_S7,0.0046395487,0.0324014,0.9194887,0.040372863,0.0028750496,0.00022238208,2_S5
c4_p074_20231120_o05,p074_20231120,74,4,4,72,4_S7,0.0002070013,0.0006048686,0.014248992,0.30838975,0.6750874,0.0014620449,4_S7
c4_p074_20231127_o09,p074_20231127,74,4,4,73,4_S7,4.8757047e-06,0.00017907677,0.000101540376,0.88916653,0.11052356,2.4462784e-05,3_S6
c4_p074_20231130_o10,p074_20231130,74,4,4,74,4_S7,1.2217793e-06,2.8506017e-07,1.8312207e-06,0.0001132085,0.99986994,1.3542584e-05,4_S7
c4_p074_20231204_o05,p074_20231204,74,4,4,75,4_S7,9.023782e-06,0.0002816092,5.0599792e-05,0.26665053,0.732884,0.00012430163,4_S7
c4_p074_20231211_o12,p074_20231211,74,4,4,78,4_S7,5.670455e-06,2.567667e-06,6.125727e-05,0.00037209055,0.99950516,5.32548e-05,4_S7
c4_p074_20231214_o08,p074_20231214,74,4,4,79,4_S7,8.640139e-08,1.2630903e-08,8.1068194e-08,5.14749e-07,0.9998599,0.00013930416,4_S7
c4_p074_20231218_o04,p074_20231218,74,4,4,79,4_S7,6.842089e-07,2.639409e-08,1.037887e-05,5.10319e-07,0.9995395,0.00044895854,4_S7
c4_p074_20231227_o03,p074_20231227,74,4,4,81,5_S8,5.7332485e-08,1.5161588e-07,9.641041e-08,2.2857893e-08,0.0063405056,0.9936592,5_S8
c4_p074_20240115_o10,p074_20240115,74,4,4,82,5_S8,3.491806e-07,1.2182261e-05,7.104681e-05,8.4568256e-07,0.16947538,0.83044016,5_S8
c4_p074_20240119_o11,p074_20240119,74,4,4,83,5_S8,1.1933948e-06,3.763383e-05,7.114963e-05,7.388336e-07,0.05083771,0.94905144,5_S8
c4_p074_20240126_o08,p074_20240126,74,4,4,88,5_S8,1.5630231e-06,2.3255941e-05,1.5425925e-05,2.6363918e-07,0.00183175,0.9981279,5_S8
c4_p080_20231006_o02,p080_20231006,80,4,4,13,0_S1,0.9999083,3.3440225e-05,4.1667114e-05,4.2511257e-07,8.73137e-06,7.38282e-06,0_S1
c4_p080_20231011_o09,p080_20231011,80,4,4,13,0_S1,0.99989474,2.8534496e-05,6.5877255e-05,3.9012744e-07,3.6058482e-06,6.8661057e-06,0_S1
c4_p080_20231017_o09,p080_20231017,80,4,4,13,0_S1,0.9986286,0.0007069987,0.0005201503,5.4158663e-06,6.647309e-05,7.2428935e-05,0_S1
c4_p080_20231019_o08,p080_20231019,80,4,4,13,0_S1,0.96933997,0.0004321394,0.030181412,3.9781453e-06,2.1855882e-05,2.069496e-05,0_S1
c4_p080_20231023_o06,p080_20231023,80,4,4,14,0_S1,0.3573517,0.28192216,0.3579282,0.0013102666,0.0010854487,0.0004022957,2_S5
c4_p080_20231027_o05,p080_20231027,80,4,4,52,2_S5,0.03220737,0.029010417,0.93507695,0.0018943344,0.0014233182,0.00038759856,2_S5
c4_p080_20231101_o06,p080_20231101,80,4,4,53,2_S5,0.11250908,0.022161007,0.85921824,0.0028146752,0.0029109544,0.00038599956,2_S5
c4_p080_20231106_o06,p080_20231106,80,4,4,62,3_S6,0.0035581603,0.020323576,0.8150709,0.04924191,0.11112664,0.0006787543,2_S5
c4_p080_20231109_o01,p080_20231109,80,4,4,69,3_S6,1.7468603e-05,3.6335343e-05,0.024483556,0.886285,0.089083105,9.456036e-05,3_S6
c4_p080_20231120_o11,p080_20231120,80,4,4,70,4_S7,5.151255e-06,0.0002647629,0.0011693824,0.114566155,0.88395107,4.350629e-05,4_S7
c4_p080_20231127_o05,p080_20231127,80,4,4,73,4_S7,0.0010810533,0.015521132,0.008548098,0.3482093,0.60838753,0.01825287,4_S7
c4_p080_20231130_o11,p080_20231130,80,4,4,74,4_S7,1.3489301e-05,0.0001555832,0.00078242266,0.000487651,0.99839693,0.00016389963,4_S7
c4_p080_20231204_o05,p080_20231204,80,4,4,76,4_S7,0.00037278805,0.016953787,0.0036564516,0.6672787,0.30817652,0.0035618055,3_S6
c4_p080_20231211_o10,p080_20231211,80,4,4,77,4_S7,7.721007e-07,2.0096352e-06,8.548101e-06,7.703213e-06,0.9996741,0.00030688403,4_S7
c4_p080_20231214_o03,p080_20231214,80,4,4,78,4_S7,7.440179e-06,8.644186e-06,0.00042697048,0.0023256196,0.9391292,0.058102164,4_S7
c4_p080_20231218_o06,p080_20231218,80,4,4,79,4_S7,3.2760698e-07,2.0561479e-06,2.116674e-06,3.1932293e-05,0.9809545,0.019009,4_S7
c4_p080_20231227_o03,p080_20231227,80,4,4,81,5_S8,8.681365e-08,1.8560152e-07,7.438618e-05,3.7274673e-05,0.99623483,0.0036532928,4_S7
c4_p080_20240115_o06,p080_20240115,80,4,4,85,5_S8,1.8419854e-06,2.9610632e-05,6.2530135e-06,1.7388359e-07,0.0004372524,0.99952483,5_S8
c4_p080_20240119_o03,p080_20240119,80,4,4,88,5_S8,1.6173335e-10,1.3392275e-09,1.7703051e-08,4.6608645e-10,0.000119637356,0.9998803,5_S8
c4_p080_20240126_o10,p080_20240126,80,4,4,89,5_S8,1.0039813e-06,2.780582e-05,2.297128e-06,1.2186996e-07,5.6938003e-05,0.9999119,5_S8
c4_p081_20231006_o05,p081_20231006,81,4,4,13,0_S1,0.99989927,3.1456504e-05,5.300052e-05,5.1769064e-07,8.805463e-06,6.908001e-06,0_S1
c4_p081_20231011_o08,p081_20231011,81,4,4,13,0_S1,0.9998387,2.7115688e-05,0.00011480207,3.01798e-07,1.1041055e-05,7.934673e-06,0_S1
c4_p081_20231017_o10,p081_20231017,81,4,4,13,0_S1,0.9988102,0.00024105654,0.00083013956,1.3581484e-06,8.708603e-05,3.0285059e-05,0_S1
c4_p081_20231019_o12,p081_20231019,81,4,4,13,0_S1,0.95035535,0.0013456197,0.047831163,5.00967e-06,0.000175427,0.00028747358,0_S1
c4_p081_20231023_o01,p081_20231023,81,4,4,14,0_S1,0.0676407,0.42056838,0.48612398,0.017312873,0.0058298702,0.0025241217,2_S5
c4_p081_20231027_o01,p081_20231027,81,4,4,53,2_S5,0.0075067207,0.006473161,0.98334205,0.00019350424,0.002426889,5.7656285e-05,2_S5
c4_p081_20231101_o04,p081_20231101,81,4,4,54,2_S5,0.0025441577,0.009223899,0.9775689,0.01056678,8.734678e-05,8.884425e-06,2_S5
c4_p081_20231106_o12,p081_20231106,81,4,4,60,3_S6,0.0031705166,0.011630113,0.42246336,0.36227572,0.19905442,0.0014058689,2_S5
c4_p081_20231109_o01,p081_20231109,81,4,4,64,3_S6,1.7623737e-05,0.0008942424,0.012509222,0.7261758,0.2599477,0.0004554537,3_S6
c4_p081_20231120_o04,p081_20231120,81,4,4,67,3_S6,0.00015337717,0.0053755036,0.028802395,0.9158318,0.049712613,0.00012437518,3_S6
c4_p081_20231127_o06,p081_20231127,81,4,4,72,4_S7,1.8961688e-07,0.00014840151,1.5426864e-05,0.10384331,0.8959813,1.1364365e-05,4_S7
c4_p081_20231130_o09,p081_20231130,81,4,4,73,4_S7,2.592741e-06,0.00013391793,0.000266125,0.0011364438,0.99785656,0.0006043884,4_S7
c4_p081_20231204_o12,p081_20231204,81,4,4,75,4_S7,7.6239235e-06,5.3710748e-05,3.4992474e-05,3.341633e-05,0.9992453,0.0006249137,4_S7
c4_p081_20231211_o11,p081_20231211,81,4,4,77,4_S7,6.1921475e-07,3.1297357e-06,1.3310837e-05,7.3453396e-07,0.9703158,0.029666511,4_S7
c4_p081_20231214_o05,p081_20231214,81,4,4,78,4_S7,3.4867522e-08,3.5341117e-07,1.0102727e-06,6.295833e-05,0.9970642,0.0028715432,4_S7
c4_p081_20231218_o09,p081_20231218,81,4,4,79,4_S7,1.5069879e-06,2.0057243e-08,5.7899706e-07,8.816195e-08,0.99512213,0.0048756152,4_S7
c4_p081_20231227_o04,p081_20231227,81,4,4,79,4_S7,7.0507944e-08,1.0156069e-07,3.0133282e-07,3.3109265e-07,0.98532146,0.01467769,4_S7
c4_p081_20240115_o02,p081_20240115,81,4,4,83,5_S8,1.4691337e-07,2.1779547e-06,2.3885812e-07,2.253581e-09,0.00014582994,0.9998516,5_S8
c4_p081_20240119_o07,p081_20240119,81,4,4,85,5_S8,9.525948e-08,1.172531e-05,2.8444663e-06,1.12117924e-07,0.00017698282,0.99980825,5_S8
c4_p081_20240126_o04,p081_20240126,81,4,4,89,5_S8,2.175789e-07,6.6698526e-06,6.222749e-07,2.2163139e-08,0.00015395004,0.9998385,5_S8
c4_p084_20231128_o12,p084_20231128,84,4,4,66,3_S6,0.00012549612,0.00012903874,4.396133e-05,0.9996736,2.7053458e-05,9.005916e-07,3_S6
c4_p084_20231130_o05,p084_20231130,84,4,4,68,3_S6,2.4871954e-07,1.1089469e-05,1.8341888e-06,0.9999807,6.0985653e-06,3.0902176e-09,3_S6
c4_p084_20231204_o01,p084_20231204,84,4,4,69,3_S6,6.6410684e-07,7.4605196e-05,3.6571541e-06,0.9989022,0.0010179178,8.821873e-07,3_S6
c4_p084_20231207_o12,p084_20231207,84,4,4,70,4_S7,1.4681075e-05,8.404695e-06,0.0003012219,0.0027540436,0.9968272,9.4402356e-05,4_S7
c4_p084_20231211_o05,p084_20231211,84,4,4,71,4_S7,6.299155e-05,6.04379e-06,3.8424925e-05,0.0009229695,0.9985764,0.0003931629,4_S7
c4_p084_20231218_o01,p084_20231218,84,4,4,73,4_S7,4.3032258e-05,1.2863727e-05,6.0067792e-05,0.0002710621,0.97596323,0.02364977,4_S7
c4_p084_20231227_o02,p084_20231227,84,4,4,75,4_S7,7.370306e-05,0.00016594864,0.0013761825,0.0011865693,0.9908246,0.00637309,4_S7
c4_p084_20240115_o07,p084_20240115,84,4,4,76,4_S7,6.016167e-07,3.3261858e-06,4.7344634e-05,1.5383077e-05,0.99894136,0.0009919357,4_S7
c4_p084_20240119_o10,p084_20240119,84,4,4,78,4_S7,6.579462e-08,1.6587272e-07,0.000114354545,3.0493845e-06,0.9994702,0.00041210157,4_S7
c4_p084_20240126_o09,p084_20240126,84,4,4,80,5_S8,3.2311456e-07,6.452362e-05,5.3217398e-05,2.7443778e-07,0.02023081,0.97965086,5_S8
c4_p090_20231128_o07,p090_20231128,90,4,4,65,3_S6,0.000120960154,5.1216826e-05,6.239168e-05,0.9965372,0.0032214462,6.809023e-06,3_S6
c4_p090_20231130_o09,p090_20231130,90,4,4,67,3_S6,6.83021e-08,2.7566007e-06,1.7870106e-07,0.9999498,4.7192632e-05,8.756619e-09,3_S6
c4_p090_20231204_o06,p090_20231204,90,4,4,65,3_S6,2.502229e-07,6.0123702e-06,2.105184e-07,0.99995303,4.0421633e-05,4.4746788e-08,3_S6
c4_p090_20231207_o05,p090_20231207,90,4,4,67,3_S6,0.00010124849,5.5584085e-05,0.00046249735,0.01557831,0.98354626,0.00025597276,4_S7
c4_p090_20231211_o10,p090_20231211,90,4,4,69,3_S6,2.5545829e-05,3.3593594e-06,1.0983959e-05,0.008620669,0.99097764,0.0003618628,4_S7
c4_p090_20231218_o03,p090_20231218,90,4,4,71,4_S7,3.017727e-08,7.634292e-08,1.473778e-06,3.5461949e-06,0.9994399,0.00055502297,4_S7
c4_p090_20231227_o11,p090_20231227,90,4,4,73,4_S7,0.009879096,0.0040186783,0.010368789,0.019246796,0.9293768,0.02710986,4_S7
c4_p090_20240115_o03,p090_20240115,90,4,4,76,4_S7,1.7395229e-07,6.2159285e-07,4.03942e-05,3.6275608e-06,0.9997166,0.00023858856,4_S7
c4_p090_20240119_o02,p090_20240119,90,4,4,78,4_S7,1.1910242e-08,1.8609089e-07,3.805488e-06,1.655466e-07,0.9980179,0.0019779445,4_S7
c4_p090_20240126_o01,p090_20240126,90,4,4,80,5_S8,2.7144384e-07,4.0376585e-06,5.881901e-06,1.51111e-06,0.98293346,0.017054925,4_S7
c4_p092_20231128_o01,p092_20231128,92,4,4,68,3_S6,0.0001548622,7.505505e-05,0.00016986435,0.9991393,0.0004601957,7.0497816e-07,3_S6
c4_p092_20231130_o06,p092_20231130,92,4,4,69,3_S6,9.273813e-08,2.0843297e-06,2.6610044e-07,0.9999933,4.241603e-06,1.5168238e-09,3_S6
c4_p092_20231204_o09,p092_20231204,92,4,4,70,4_S7,2.1139751e-06,0.00021539578,1.697235e-05,0.9561358,0.043585215,4.452427e-05,3_S6
c4_p092_20231207_o10,p092_20231207,92,4,4,71,4_S7,6.819355e-08,5.882622e-08,4.978222e-07,8.5954474e-05,0.99990046,1.2955606e-05,4_S7
c4_p092_20231211_o06,p092_20231211,92,4,4,72,4_S7,4.7909593e-06,1.0204711e-05,2.3701605e-05,0.028042205,0.9718483,7.075716e-05,4_S7
c4_p092_20231218_o07,p092_20231218,92,4,4,74,4_S7,4.3517633e-07,1.8890837e-06,0.00022641846,0.0020976323,0.9967759,0.00089772005,4_S7
c4_p092_20231227_o02,p092_20231227,92,4,4,75,4_S7,1.5149428e-06,2.3908221e-06,0.0003350998,4.8835307e-05,0.99862695,0.0009852081,4_S7
c4_p092_20240115_o09,p092_20240115,92,4,4,76,4_S7,8.893722e-06,8.170871e-06,8.8273606e-05,9.905772e-06,0.9948095,0.0050753136,4_S7
c4_p092_20240119_o10,p092_20240119,92,4,4,78,4_S7,4.2876773e-09,1.5243815e-08,2.870296e-07,1.2901707e-07,0.99973696,0.00026259598,4_S7
c4_p092_20240126_o07,p092_20240126,92,4,4,83,5_S8,3.9834422e-10,5.454382e-08,1.7199742e-08,3.0424678e-09,0.0020189735,0.997981,5_S8
c4_p100_20231128_o09,p100_20231128,100,4,4,66,3_S6,0.00011012352,0.000104310384,0.00036429748,0.9990952,0.00032584765,2.0570336e-07,3_S6
c4_p100_20231130_o12,p100_20231130,100,4,4,68,3_S6,9.38904e-08,6.080879e-06,4.2342813e-06,0.9998716,0.000117968586,1.0645362e-08,3_S6
c4_p100_20231204_o03,p100_20231204,100,4,4,69,3_S6,1.0835654e-06,4.7620648e-05,1.2215203e-05,0.9973406,0.0025963618,2.0874281e-06,3_S6
c4_p100_20231207_o12,p100_20231207,100,4,4,68,3_S6,2.6698635e-07,2.751877e-06,7.932018e-06,0.00062053377,0.99935085,1.7592532e-05,4_S7
c4_p100_20231211_o07,p100_20231211,100,4,4,69,3_S6,0.0004623003,0.0021393762,0.0036442475,0.18543617,0.7951939,0.013123952,4_S7
c4_p100_20231218_o11,p100_20231218,100,4,4,70,4_S7,8.416048e-08,8.146106e-08,7.220272e-06,1.9149868e-06,0.9654015,0.03458919,4_S7
c4_p100_20231227_o01,p100_20231227,100,4,4,72,4_S7,7.5165645e-11,2.5025688e-09,4.155119e-08,3.689199e-06,0.99997914,1.7133763e-05,4_S7
c4_p100_20240115_o08,p100_20240115,100,4,4,75,4_S7,9.629325e-07,5.7056573e-06,5.5084507e-05,0.0002531216,0.9990777,0.0006074188,4_S7
c4_p100_20240119_o04,p100_20240119,100,4,4,77,4_S7,2.1742457e-07,2.8122827e-07,5.063606e-07,3.1562392e-06,0.9996412,0.00035467165,4_S7
c4_p100_20240126_o12,p100_20240126,100,4,4,79,4_S7,8.319734e-08,3.515186e-08,9.125485e-06,7.734756e-08,0.99359775,0.006392933,4_S7
