image_id,session,plant,fold,camera,bbch,cls,p_0_S1,p_1_S2,p_2_S5,p_3_S6,p_4_S7,p_5_S8,pred
c1_p005_20230816_o02,p005_20230816,5,0,1,65,3_S6,2.841629e-06,8.669591e-06,0.00044116986,0.6632962,0.33597454,0.00027651075,3_S6
c1_p005_20230921_o07,p005_20230921,5,0,1,77,4_S7,0.0009093254,0.0021918586,0.010753781,0.034472875,0.9404045,0.011267727,4_S7
c1_p005_20231005_o09,p005_20231005,5,0,1,79,4_S7,0.00020279706,0.00017704138,0.039297104,0.0038405478,0.9342336,0.022248844,4_S7
c1_p006_20230816_o04,p006_20230816,6,0,1,65,3_S6,0.0017524717,0.0002052552,0.0037654531,0.99361295,0.0006622803,1.5199079e-06,3_S6
c1_p006_20230921_o02,p006_20230921,6,0,1,78,4_S7,4.8690576e-06,8.838693e-07,1.7267635e-06,7.23738e-09,0.052407045,0.9475854,5_S8
c1_p006_20231005_o07,p006_20231005,6,0,1,79,4_S7,4.042281e-05,1.4563845e-09,5.661695e-07,1.0239092e-09,0.00028672145,0.9996723,5_S8
c1_p008_20230816_o06,p008_20230816,8,0,1,63,3_S6,6.031138e-07,1.84393e-05,0.014725979,0.9829385,0.0023160388,4.4614572e-07,3_S6
c1_p008_20230921_o03,p008_20230921,8,0,1,73,4_S7,1.6182667e-05,9.2446335e-06,0.0003166245,3.1360178e-05,0.99759537,0.0020313228,4_S7
c1_p008_20231005_o11,p008_20231005,8,0,1,76,4_S7,1.5391684e-05,1.3366911e-06,0.0010003886,6.8392444e-07,0.10181408,0.8971682,5_S8
c1_p010_20230816_o07,p010_20230816,10,0,1,64,3_S6,1.612755e-07,3.8918397e-06,0.00042620776,0.9865587,0.013010447,5.403261e-07,3_S6
c1_p010_20230921_o05,p010_20230921,10,0,1,72,4_S7,0.00011938627,0.00024068302,0.0066587236,0.00020316502,0.9900699,0.0027080649,4_S7
c1_p010_20231005_o03,p010_20231005,10,0,1,85,5_S8,1.8369074e-05,0.0004393682,0.0014764352,5.157709e-06,0.007935218,0.9901254,5_S8
c1_p016_20230816_o05,p016_20230816,16,0,1,70,4_S7,0.00012494059,0.005152247,0.009929842,0.43315545,0.55152595,0.000111653164,4_S7
c1_p016_20230921_o12,p016_20230921,16,0,1,75,4_S7,1.1028957e-05,4.8060606e-06,1.2284333e-05,0.00023828715,0.99586135,0.0038723608,4_S7
c1_p016_20231005_o09,p016_20231005,16,0,1,77,4_S7,2.8131856e-07,6.86999e-05,9.641756e-05,6.933962e-05,0.99815935,0.0016059505,4_S7
c1_p017_20230816_o06,p017_20230816,17,0,1,71,4_S7,1.4821306e-06,1.0083746e-05,0.0013437567,0.9978561,0.0007867019,1.8934804e-06,3_S6
c1_p017_20230921_o10,p017_20230921,17,0,1,74,4_S7,9.879213e-07,0.0017308954,0.00043755022,4.7243346e-05,0.99737954,0.0004038992,4_S7
c1_p017_20231005_o06,p017_20231005,17,0,1,72,4_S7,1.4116832e-05,8.123847e-05,8.006575e-05,4.919922e-06,0.0015179886,0.9983016,5_S8
c1_p025_20230828_o11,p025_20230828,25,0,1,16,0_S1,0.9948749,0.0046697403,0.0003887401,7.009768e-06,1.3610281e-05,4.590523e-05,0_S1
c1_p025_20230904_o03,p025_20230904,25,0,1,22,1_S2,0.020181177,0.3997762,0.35051507,0.16592637,0.06308453,0.00051670166,1_S2
c1_p025_20230908_o12,p025_20230908,25,0,1,61,3_S6,0.00026069192,0.00078819727,4.6616005e-05,0.9987527,0.00015181581,2.6960505e-08,3_S6
c1_p025_20230921_o07,p025_20230921,25,0,1,70,4_S7,0.02311287,0.094175264,0.060040858,0.66698384,0.15557286,0.00011427796,3_S6
c1_p025_20231006_o12,p025_20231006,25,0,1,72,4_S7,4.5319513e-09,3.726533e-06,2.6273538e-05,2.5748559e-05,0.99986947,7.4798394e-05,4_S7
c1_p025_20231017_o04,p025_20231017,25,0,1,75,4_S7,3.0189458e-06,0.00086532906,0.0030825466,0.0012509889,0.9947418,5.6380115e-05,4_S7
c1_p025_20231023_o02,p025_20231023,25,0,1,76,4_S7,7.321904e-11,1.5801522e-06,5.386407e-08,1.3589448e-05,0.99997985,4.9361042e-06,4_S7
c1_p025_20231027_o12,p025_20231027,25,0,1,77,4_S7,1.6909888e-06,0.0005781994,8.2880244e-05,0.00022227694,0.31950274,0.67961216,5_S8
c1_p025_20231101_o07,p025_20231101,25,0,1,78,4_S7,3.485067e-08,0.014663501,6.1912186e-07,5.3231095e-05,0.9846186,0.00066405337,4_S7
c1_p025_20231106_o01,p025_20231106,25,0,1,79,4_S7,3.0672146e-07,0.00022028857,1.0710477e-05,1.4438632e-05,0.9989611,0.0007930608,4_S7
c1_p025_20231109_o12,p025_20231109,25,0,1,79,4_S7,3.110792e-05,0.3055618,0.0010492087,0.0010064399,0.6765917,0.015759693,4_S7
c1_p025_20231120_o02,p025_20231120,25,0,1,81,5_S8,4.9978235e-09,2.4309747e-08,1.2939796e-07,5.383656e-10,5.353572e-06,0.9999945,5_S8
c1_p025_20231124_o04,p025_20231124,25,0,1,81,5_S8,3.1677966e-06,8.70176e-05,0.00029274655,3.1916313e-06,0.02769698,0.9719169,5_S8
c1_p025_20231127_o09,p025_20231127,25,0,1,81,5_S8,3.1424647e-06,0.0003561443,0.00060272496,1.1884554e-06,0.002881761,0.9961551,5_S8
c1_p025_20231130_o12,p025_20231130,25,0,1,81,5_S8,1.9379759e-05,2.6102985e-06,9.533986e-05,7.4520324e-07,0.0014478106,0.9984341,5_S8
c1_p030_20230828_o03,p030_20230828,30,0,1,15,0_S1,0.9758731,0.018889777,0.004372692,0.0007122671,1.9288087e-05,0.00013287182,0_S1
c1_p030_20230904_o12,p030_20230904,30,0,1,53,2_S5,0.019002514,0.28950846,0.0186912,0.6660509,0.0067062397,4.0752744e-05,3_S6
c1_p030_20230908_o03,p030_20230908,30,0,1,62,3_S6,0.00040698383,0.0048183035,0.035264798,0.93971044,0.019373786,0.00042565557,3_S6
c1_p030_20230921_o03,p030_20230921,30,0,1,70,4_S7,0.000144556,0.008798998,0.010922382,0.40723026,0.5723944,0.0005093428,4_S7
c1_p030_20231006_o12,p030_20231006,30,0,1,73,4_S7,0.00028863383,0.004833147,0.009496002,0.18272528,0.7686035,0.034053497,4_S7
c1_p030_20231017_o02,p030_20231017,30,0,1,75,4_S7,1.9760706e-05,0.0038882056,9.253159e-05,0.0011040947,0.99440295,0.00049245637,4_S7
c1_p030_20231023_o04,p030_20231023,30,0,1,76,4_S7,3.0002475e-08,0.00074048544,1.6203832e-05,4.128361e-05,0.9991966,5.4936363e-06,4_S7
c1_p030_20231027_o04,p030_20231027,30,0,1,77,4_S7,9.553158e-06,0.004520291,0.0013846285,8.219757e-05,0.8505012,0.1435021,4_S7
c1_p030_20231101_o01,p030_20231101,30,0,1,78,4_S7,8.031142e-05,0.010892909,0.006552959,6.761626e-06,0.1699161,0.81255096,5_S8
c1_p030_20231106_o08,p030_20231106,30,0,1,79,4_S7,1.741315e-06,3.0168335e-06,4.693321e-06,3.5628898e-07,0.947781,0.05220915,4_S7
c1_p030_20231109_o04,p030_20231109,30,0,1,79,4_S7,1.8199114e-06,0.002683255,1.9228484e-05,1.8542254e-05,0.99170685,0.005570371,4_S7
c1_p030_20231120_o03,p030_20231120,30,0,1,81,5_S8,4.139744e-06,3.0556028e-05,0.00046951964,6.715876e-07,0.00035313668,0.9991418,5_S8
c1_p030_20231124_o10,p030_20231124,30,0,1,82,5_S8,6.0779804e-08,1.2788131e-07,8.136151e-05,1.0600414e-08,3.244833e-05,0.99988604,5_S8
c1_p030_20231127_o02,p030_20231127,30,0,1,85,5_S8,2.0613666e-07,3.7759102e-07,2.803282e-05,7.3695205e-08,0.0009585999,0.9990127,5_S8
c1_p030_20231130_o06,p030_20231130,30,0,1,87,5_S8,0.00043896987,1.1538494e-05,0.00088670553,3.914474e-06,0.00023417521,0.99842465,5_S8
c1_p035_20230828_o11,p035_20230828,35,0,1,14,0_S1,0.54925984,0.0010656501,0.44630572,0.0016669057,7.533828e-05,0.0016265078,0_S1
c1_p035_20230904_o01,p035_20230904,35,0,1,16,0_S1,4.4016895e-05,0.001646385,0.996915,0.0013413,5.1593153e-05,1.6433415e-06,2_S5
c1_p035_20230908_o08,p035_20230908,35,0,1,52,2_S5,0.2462468,0.0066870973,0.3396856,0.40580767,0.0013850107,0.00018782966,3_S6
c1_p035_20230921_o06,p035_20230921,35,0,1,52,2_S5,4.0234256e-05,0.0006381835,0.0013155232,0.9979086,9.737968e-05,1.0713005e-07,3_S6
c1_p035_20231006_o07,p035_20231006,35,0,1,52,2_S5,0.0052081943,0.17402682,0.051082354,0.49992275,0.24772339,0.02203652,3_S6
c1_p035_20231017_o05,p035_20231017,35,0,1,52,2_S5,0.009929154,0.16592701,0.04201284,0.28284025,0.49064457,0.008646241,4_S7
c1_p035_20231023_o05,p035_20231023,35,0,1,52,2_S5,0.00011874317,0.0023688825,0.0009750924,0.010530264,0.98263526,0.0033716906,4_S7
c1_p035_20231027_o02,p035_20231027,35,0,1,52,2_S5,7.253034e-07,0.5520634,7.972196e-06,0.0002383755,0.4459089,0.0017806648,1_S2
c1_p035_20231101_o11,p035_20231101,35,0,1,52,2_S5,7.918077e-06,0.00030283083,4.7211637e-05,0.0054225367,0.98939896,0.004820568,4_S7
c1_p035_20231106_o08,p035_20231106,35,0,1,52,2_S5,2.3702238e-05,0.0010556725,3.493199e-05,0.00033381025,0.9972698,0.0012820814,4_S7
c1_p035_20231109_o09,p035_20231109,35,0,1,52,2_S5,5.1562506e-07,0.008966995,3.8798844e-06,0.00037797022,0.93428576,0.05636482,4_S7
c1_p035_20231120_o07,p035_20231120,35,0,1,52,2_S5,5.953227e-05,0.045554288,0.0001596366,0.00012608944,0.76413846,0.18996203,4_S7
c1_p035_20231124_o01,p035_20231124,35,0,1,52,2_S5,0.002338633,0.13236047,0.04982343,0.0024280974,0.58152175,0.23152766,4_S7
c1_p035_20231127_o10,p035_20231127,35,0,1,52,2_S5,5.6382173e-06,0.0022215121,0.006163019,3.111484e-06,0.00846548,0.9831412,5_S8
c1_p035_20231130_o06,p035_20231130,35,0,1,52,2_S5,5.0278677e-06,3.168203e-05,0.0069695916,6.474367e-07,0.000826973,0.99216616,5_S8
c1_p036_20230828_o07,p036_20230828,36,0,1,51,2_S5,0.7697865,0.02830497,0.020094508,0.18157253,0.00013991624,0.000101637,0_S1
c1_p036_20230904_o04,p036_20230904,36,0,1,60,3_S6,0.0009049778,0.027159227,0.006328732,0.96180946,0.0037930463,4.570503e-06,3_S6
c1_p036_20230908_o01,p036_20230908,36,0,1,63,3_S6,0.0032284334,0.0007961761,0.00091999816,0.9949839,7.099892e-05,3.7505646e-07,3_S6
c1_p036_20230921_o03,p036_20230921,36,0,1,70,4_S7,1.2384925e-07,0.00015821304,0.0001472886,0.7991785,0.20051138,4.46971e-06,3_S6
c1_p036_20231006_o01,p036_20231006,36,0,1,72,4_S7,1.8030024e-08,4.718194e-05,8.272523e-06,0.00027375558,0.9993754,0.00029548927,4_S7
c1_p036_20231017_o03,p036_20231017,36,0,1,73,4_S7,2.5410782e-07,0.0001173875,1.4442648e-05,0.00022457779,0.99946195,0.0001814743,4_S7
c1_p036_20231023_o02,p036_20231023,36,0,1,74,4_S7,3.0880503e-06,0.001575705,0.00025809382,0.81150424,0.18664771,1.1082372e-05,3_S6
c1_p036_20231027_o05,p036_20231027,36,0,1,75,4_S7,4.114141e-06,8.6811146e-05,0.00011471362,0.00089818216,0.8231211,0.17577507,4_S7
c1_p036_20231101_o09,p036_20231101,36,0,1,76,4_S7,3.3845874e-06,0.008940911,7.51611e-05,0.13820897,0.8509676,0.0018040076,4_S7
c1_p036_20231106_o06,p036_20231106,36,0,1,77,4_S7,0.0001505581,0.015965031,0.003064941,0.032891925,0.71162045,0.23630707,4_S7
c1_p036_20231109_o04,p036_20231109,36,0,1,78,4_S7,0.00026659624,0.3444108,0.01232647,0.0009400302,0.4587948,0.18326132,4_S7
c1_p036_20231120_o10,p036_20231120,36,0,1,81,5_S8,8.583255e-05,0.0043713986,0.0030554875,0.00016999531,0.060814474,0.9315029,5_S8
c1_p036_20231124_o08,p036_20231124,36,0,1,82,5_S8,2.5773492e-05,0.0006322029,0.0012047493,1.953461e-05,0.052751586,0.94536614,5_S8
c1_p036_20231127_o04,p036_20231127,36,0,1,83,5_S8,1.2507647e-05,0.00014380935,0.0012943861,4.821033e-06,0.06686245,0.93168205,5_S8
c1_p036_20231130_o05,p036_20231130,36,0,1,84,5_S8,1.2705392e-06,4.323796e-06,0.00036355504,2.9039227e-06,0.011398223,0.98822963,5_S8
c1_p054_20230929_o02,p054_20230929,54,0,1,13,0_S1,0.99998426,1.9092558e-06,4.523626e-06,8.473725e-07,1.1979975e-07,8.372533e-06,0_S1
c1_p054_20231004_o11,p054_20231004,54,0,1,13,0_S1,0.96999365,9.496496e-05,0.028631506,7.8690435e-05,0.00025815086,0.00094295293,0_S1
c1_p054_20231011_o12,p054_20231011,54,0,1,14,0_S1,0.9621467,0.005742975,0.018222518,0.00836054,0.004633451,0.0008937315,0_S1
c1_p054_20231017_o04,p054_20231017,54,0,1,53,2_S5,0.9206604,0.0011777406,0.07710909,0.00011854229,0.00053492887,0.00039933465,0_S1
c1_p054_20231019_o06,p054_20231019,54,0,1,53,2_S5,0.03485356,0.012459582,0.9461063,0.004893859,0.0013957489,0.00029092637,2_S5
c1_p054_20231023_o06,p054_20231023,54,0,1,60,3_S6,0.039939113,0.027742215,0.832823,0.033792023,0.065288134,0.00041554068,2_S5
c1_p054_20231027_o07,p054_20231027,54,0,1,65,3_S6,0.0021315052,0.0057330704,0.19869462,0.2729583,0.5203494,0.0001331298,4_S7
c1_p054_20231101_o11,p054_20231101,54,0,1,65,3_S6,2.8843405e-07,7.075716e-05,0.00034611643,0.99899,0.00059273996,1.4066835e-07,3_S6
c1_p054_20231106_o02,p054_20231106,54,0,1,68,3_S6,0.00027253595,0.0017232855,0.025755443,0.11908017,0.85104334,0.002125194,4_S7
c1_p054_20231109_o05,p054_20231109,54,0,1,70,4_S7,1.008692e-05,2.4567866e-05,0.0017887409,0.0043520946,0.9931377,0.00068683916,4_S7
c1_p054_20231120_o02,p054_20231120,54,0,1,71,4_S7,4.398972e-05,0.00052984944,7.0789494e-05,0.011465631,0.9640529,0.023836793,4_S7
c1_p054_20231127_o02,p054_20231127,54,0,1,73,4_S7,1.7876943e-07,7.5492585e-06,3.1385234e-06,0.0053185755,0.9946267,4.3849566e-05,4_S7
c1_p054_20231130_o04,p054_20231130,54,0,1,75,4_S7,0.00014245693,0.00021439782,0.00029039686,0.047511604,0.9511333,0.00070788,4_S7
c1_p054_20231204_o04,p054_20231204,54,0,1,78,4_S7,7.18499e-05,0.00018227263,0.00048485943,0.04085114,0.9563771,0.0020328583,4_S7
c1_p054_20231211_o04,p054_20231211,54,0,1,79,4_S7,5.248344e-07,7.858771e-06,2.2546537e-05,0.0003511675,0.99952817,8.987731e-05,4_S7
c1_p054_20231214_o11,p054_20231214,54,0,1,79,4_S7,9.4490974e-07,8.853453e-06,1.7291326e-05,8.744102e-06,0.7177357,0.2822285,4_S7
c1_p054_20231218_o07,p054_20231218,54,0,1,79,4_S7,2.6268037e-07,2.3333995e-07,1.2770139e-06,6.510355e-05,0.9998385,9.462516e-05,4_S7
c1_p054_20231227_o03,p054_20231227,54,0,1,79,4_S7,1.3789933e-06,8.1151695e-05,3.2203752e-05,1.5789683e-06,0.024644993,0.9752387,5_S8
c1_p054_20240104_o08,p054_20240104,54,0,1,82,5_S8,2.0533453e-06,2.7729295e-06,5.8158275e-06,3.5663552e-07,0.67317903,0.32681,4_S7
c1_p057_20230929_o10,p057_20230929,57,0,1,13,0_S1,0.9999975,6.893605e-07,1.1419119e-06,5.4825566e-08,7.681868e-09,5.578709e-07,0_S1
c1_p057_20231004_o08,p057_20231004,57,0,1,13,0_S1,0.99917716,4.482904e-05,0.00075314747,3.2366697e-06,7.972251e-07,2.0734955e-05,0_S1
c1_p057_20231011_o05,p057_20231011,57,0,1,21,1_S2,0.97818154,0.00058863556,0.016149318,0.004973545,8.448171e-05,2.2595965e-05,0_S1
c1_p057_20231017_o10,p057_20231017,57,0,1,60,3_S6,2.1731712e-05,0.00024010269,0.9865399,0.006804087,0.006377047,1.716209e-05,2_S5
c1_p057_20231019_o01,p057_20231019,57,0,1,61,3_S6,2.5289713e-05,0.010803608,0.79093593,0.1899321,0.008301852,1.2773538e-06,2_S5
c1_p057_20231023_o09,p057_20231023,57,0,1,64,3_S6,1.4056837e-07,2.3956474e-05,0.0020478966,0.9909553,0.0069726333,3.8540094e-08,3_S6
c1_p057_20231027_o05,p057_20231027,57,0,1,65,3_S6,3.4723172e-07,0.00013376659,0.0048182392,0.9878619,0.00718388,1.9357872e-06,3_S6
c1_p057_20231101_o02,p057_20231101,57,0,1,67,3_S6,4.049848e-06,5.760764e-05,0.8118327,0.18797012,0.00013507447,4.1769002e-07,2_S5
c1_p057_20231106_o11,p057_20231106,57,0,1,70,4_S7,7.353197e-09,6.644284e-05,3.6399217e-06,0.7658027,0.23410074,2.6519068e-05,3_S6
c1_p057_20231109_o10,p057_20231109,57,0,1,71,4_S7,4.2553439e-10,3.1581494e-05,6.503313e-08,0.007916394,0.99205095,9.912156e-07,4_S7
c1_p057_20231120_o05,p057_20231120,57,0,1,73,4_S7,2.6572152e-07,2.137757e-05,4.510948e-06,0.00063321134,0.91882735,0.08051339,4_S7
c1_p057_20231127_o04,p057_20231127,57,0,1,75,4_S7,2.3051806e-08,1.9631154e-06,3.3598718e-07,1.962258e-06,0.99988556,0.00011009119,4_S7
c1_p057_20231130_o12,p057_20231130,57,0,1,77,4_S7,0.000105156105,0.0001946301,0.0008004116,0.0001823037,0.9324857,0.06623187,4_S7
c1_p057_20231204_o04,p057_20231204,57,0,1,78,4_S7,7.3849304e-10,2.0993548e-08,2.1921912e-07,5.4693436e-09,0.9989531,0.0010466077,4_S7
c1_p057_20231211_o11,p057_20231211,57,0,1,79,4_S7,4.2423326e-07,6.249325e-06,6.271544e-05,7.644793e-06,0.9964366,0.0034862815,4_S7
c1_p057_20231214_o03,p057_20231214,57,0,1,79,4_S7,1.3821714e-05,1.3753405e-05,1.0038025e-05,1.678179e-05,0.99946064,0.00048498195,4_S7
c1_p057_20231218_o08,p057_20231218,57,0,1,79,4_S7,3.221655e-05,1.0301385e-06,4.9114158e-05,2.9386802e-06,0.7819211,0.21799362,4_S7
c1_p057_20231227_o02,p057_20231227,57,0,1,80,5_S8,8.410369e-07,4.901995e-06,3.331065e-05,5.4605266e-07,0.08664452,0.91331583,5_S8
c1_p057_20240104_o06,p057_20240104,57,0,1,83,5_S8,8.9226904e-07,8.917854e-06,8.159076e-06,1.9972322e-06,0.99453753,0.005442438,4_S7
c1_p066_20231006_o04,p066_20231006,66,0,1,13,0_S1,0.9996747,6.9063503e-06,7.248317e-05,2.6312005e-06,3.0216923e-05,0.00021307037,0_S1
c1_p066_20231011_o07,p066_20231011,66,0,1,13,0_S1,0.9991716,8.118684e-05,0.00057555956,2.1358846e-05,6.334594e-05,8.692368e-05,0_S1
c1_p066_20231017_o07,p066_20231017,66,0,1,13,0_S1,0.9999311,9.093069e-06,2.7325777e-05,6.236967e-07,1.4640005e-06,3.0401421e-05,0_S1
c1_p066_20231019_o05,p066_20231019,66,0,1,13,0_S1,0.9999168,8.576672e-07,8.103443e-05,7.74711e-08,5.161515e-08,1.1993027e-06,0_S1
c1_p066_20231023_o07,p066_20231023,66,0,1,13,0_S1,0.99672806,0.0025504495,0.00067974895,2.4752006e-05,3.9438614e-06,1.3083705e-05,0_S1
c1_p066_20231027_o12,p066_20231027,66,0,1,14,0_S1,0.27586812,0.0006021429,0.72345376,6.93362e-05,6.174539e-07,5.98282e-06,2_S5
c1_p066_20231101_o05,p066_20231101,66,0,1,53,2_S5,0.05100481,0.0006184759,0.94080895,0.0075664674,8.8227785e-07,4.353395e-07,2_S5
c1_p066_20231106_o03,p066_20231106,66,0,1,60,3_S6,2.7987386e-09,1.7417527e-06,2.122899e-05,0.9997392,0.00023778983,2.707747e-08,3_S6
c1_p066_20231109_o11,p066_20231109,66,0,1,65,3_S6,8.330107e-09,6.9579895e-05,0.00019013278,0.9994892,0.00025096978,1.6708427e-07,3_S6
c1_p066_20231120_o02,p066_20231120,66,0,1,67,3_S6,2.1621066e-08,4.400979e-06,3.5064266e-05,0.0035318192,0.9964011,2.7665812e-05,4_S7
c1_p066_20231127_o08,p066_20231127,66,0,1,70,4_S7,4.9585164e-08,2.3748481e-07,1.2451338e-06,0.00040726797,0.9995902,1.1341074e-06,4_S7
c1_p066_20231130_o08,p066_20231130,66,0,1,71,4_S7,2.2908276e-08,8.739466e-06,1.3318654e-06,0.0002503928,0.99964404,9.5503376e-05,4_S7
c1_p066_20231204_o07,p066_20231204,66,0,1,73,4_S7,4.451372e-08,1.9212914e-06,2.1538017e-06,1.7485261e-05,0.9999722,6.255711e-06,4_S7
c1_p066_20231211_o01,p066_20231211,66,0,1,75,4_S7,7.741005e-08,1.7821105e-05,3.5872733e-06,1.6699743e-05,0.9861109,0.013850842,4_S7
c1_p066_20231214_o01,p066_20231214,66,0,1,78,4_S7,1.6077726e-08,1.9328161e-07,3.8874978e-07,4.314969e-07,0.9947707,0.005228246,4_S7
c1_p066_20231218_o11,p066_20231218,66,0,1,79,4_S7,6.555048e-08,6.2893005e-06,0.00010341252,0.00029691134,0.9991173,0.00047597216,4_S7
c1_p066_20231227_o10,p066_20231227,66,0,1,80,5_S8,4.79343e-07,7.096699e-05,0.00023428076,0.00020015774,0.96422744,0.035266735,4_S7
c1_p066_20240115_o04,p066_20240115,66,0,1,82,5_S8,1.974392e-06,3.1274176e-05,4.9894796e-05,2.754031e-07,1.5790369e-05,0.9999008,5_S8
c1_p066_20240119_o05,p066_20240119,66,0,1,82,5_S8,2.8576796e-08,5.865804e-08,2.2149455e-07,5.5652714e-09,7.847008e-06,0.9999919,5_S8
c1_p066_20240126_o07,p066_20240126,66,0,1,84,5_S8,7.9563015e-06,2.3215041e-05,0.00016348792,0.00016301587,0.00096097717,0.99868137,5_S8
c1_p069_20231006_o11,p069_20231006,69,0,1,13,0_S1,0.99982893,6.0912294e-06,2.2752982e-05,2.8618132e-07,4.487315e-06,0.00013736507,0_S1
c1_p069_20231011_o06,p069_20231011,69,0,1,13,0_S1,0.9999907,1.2183848e-06,6.316965e-06,2.7591474e-07,1.012489e-07,1.4246807e-06,0_S1
c1_p069_20231017_o08,p069_20231017,69,0,1,13,0_S1,0.99997616,1.2179164e-06,2.0545365e-05,1.1789683e-07,4.9331916e-08,1.9587208e-06,0_S1
c1_p069_20231019_o12,p069_20231019,69,0,1,14,0_S1,0.999961,2.2299091e-06,3.3968463e-05,1.4559566e-07,1.18839424e-07,2.5380607e-06,0_S1
c1_p069_20231023_o09,p069_20231023,69,0,1,14,0_S1,0.991947,0.0066068643,0.0014048488,2.293439e-05,1.8318827e-06,1.6646198e-05,0_S1
c1_p069_20231027_o12,p069_20231027,69,0,1,15,0_S1,0.03043861,0.038206425,0.92990017,0.0012777552,9.725363e-05,7.977513e-05,2_S5
c1_p069_20231101_o08,p069_20231101,69,0,1,53,2_S5,2.1917453e-05,0.0030337027,0.7427177,0.2542084,1.7975173e-05,2.9946207e-07,2_S5
c1_p069_20231106_o12,p069_20231106,69,0,1,61,3_S6,1.5223451e-08,0.00017376579,2.3307259e-05,0.9997849,1.8072167e-05,1.5967771e-08,3_S6
c1_p069_20231109_o11,p069_20231109,69,0,1,66,3_S6,4.9919048e-11,1.5979857e-06,3.795241e-05,0.99869317,0.0012671857,5.3004104e-08,3_S6
c1_p069_20231120_o06,p069_20231120,69,0,1,70,4_S7,9.144442e-07,2.0926378e-05,0.00075018365,0.70473343,0.29447517,1.9396088e-05,3_S6
c1_p069_20231127_o09,p069_20231127,69,0,1,72,4_S7,4.6999787e-05,0.00016055304,0.0003667762,0.014707171,0.98418367,0.0005348166,4_S7
c1_p069_20231130_o07,p069_20231130,69,0,1,73,4_S7,0.0003778605,0.0066340687,0.010505049,0.0027175255,0.8001978,0.17956775,4_S7
c1_p069_20231204_o04,p069_20231204,69,0,1,74,4_S7,0.00015589311,0.00018619336,0.00036600154,0.03018127,0.96865964,0.00045095102,4_S7
c1_p069_20231211_o05,p069_20231211,69,0,1,76,4_S7,3.0027998e-06,0.0002435457,0.00029852113,1.988243e-05,0.38623586,0.6131992,5_S8
c1_p069_20231214_o05,p069_20231214,69,0,1,77,4_S7,5.288605e-07,2.0534796e-06,1.1987565e-06,1.7615817e-07,0.9990393,0.0009568881,4_S7
c1_p069_20231218_o05,p069_20231218,69,0,1,78,4_S7,1.4680085e-06,6.8653712e-06,8.824307e-05,4.3290166e-07,0.99676895,0.0031340534,4_S7
c1_p069_20231227_o06,p069_20231227,69,0,1,79,4_S7,8.2811243e-07,2.877684e-06,7.823139e-06,4.5986286e-07,0.99992096,6.6986715e-05,4_S7
c1_p069_20240115_o04,p069_20240115,69,0,1,82,5_S8,0.0004294224,0.0010340965,0.0040880437,8.039555e-06,0.17792293,0.8165175,5_S8
c1_p069_20240119_o06,p069_20240119,69,0,1,82,5_S8,3.0936476e-06,5.7807387e-07,1.6016613e-05,7.085341e-08,1.6980583e-05,0.99996316,5_S8
c1_p069_20240126_o09,p069_20240126,69,0,1,84,5_S8,8.9734294e-07,7.528522e-08,2.0679443e-06,9.583754e-09,5.106895e-06,0.9999918,5_S8
c1_p070_20231006_o08,p070_20231006,70,0,1,13,0_S1,0.9999876,1.8763179e-06,1.060154e-06,1.1293071e-07,4.6992037e-07,8.8911e-06,0_S1
c1_p070_20231011_o08,p070_20231011,70,0,1,13,0_S1,0.9999378,1.7446266e-05,2.978882e-05,4.842394e-06,2.2922857e-06,7.8703715e-06,0_S1
c1_p070_20231017_o03,p070_20231017,70,0,1,13,0_S1,0.9999491,1.71694e-05,2.5674008e-05,1.6693255e-07,8.143374e-08,7.842834e-06,0_S1
c1_p070_20231019_o02,p070_20231019,70,0,1,14,0_S1,0.98590463,0.00018638212,0.013836955,1.16118035e-05,5.846081e-06,5.455878e-05,0_S1
c1_p070_20231023_o03,p070_20231023,70,0,1,14,0_S1,0.99973744,0.00013977186,0.0001149209,4.229359e-06,2.2204829e-07,3.3839615e-06,0_S1
c1_p070_20231027_o01,p070_20231027,70,0,1,21,1_S2,0.009961174,0.000464074,0.9892832,0.00029008318,6.2098206e-07,8.0634504e-07,2_S5
c1_p070_20231101_o12,p070_20231101,70,0,1,60,3_S6,0.007320726,0.009387564,0.017461777,0.96582097,8.929848e-06,2.4760002e-08,3_S6
c1_p070_20231106_o08,p070_20231106,70,0,1,62,3_S6,1.9440864e-10,3.180247e-06,8.676809e-07,0.99991465,8.124543e-05,2.4884011e-08,3_S6
c1_p070_20231109_o07,p070_20231109,70,0,1,65,3_S6,2.725628e-07,6.211816e-05,0.0020842587,0.41806665,0.5779182,0.0018685526,4_S7
c1_p070_20231120_o03,p070_20231120,70,0,1,70,4_S7,3.8161065e-07,0.000151129,0.000115483315,0.0078107743,0.991863,5.9236438e-05,4_S7
c1_p070_20231127_o07,p070_20231127,70,0,1,71,4_S7,6.2536753e-07,2.5437162e-06,9.735683e-06,0.0012405688,0.9986401,0.00010638277,4_S7
c1_p070_20231130_o09,p070_20231130,70,0,1,73,4_S7,1.2482104e-06,0.000620449,0.0004490131,0.0001516421,0.9508808,0.047896784,4_S7
c1_p070_20231204_o04,p070_20231204,70,0,1,75,4_S7,8.593775e-06,0.00044545587,0.0004999214,0.00022267517,0.9956049,0.0032185505,4_S7
c1_p070_20231211_o04,p070_20231211,70,0,1,76,4_S7,3.806269e-07,1.3381268e-05,2.7984554e-05,4.0944947e-06,0.9899328,0.010021396,4_S7
c1_p070_20231214_o02,p070_20231214,70,0,1,77,4_S7,1.4856524e-06,2.2677243e-05,8.322851e-05,4.5085402e-05,0.999108,0.00073953386,4_S7
c1_p070_20231218_o04,p070_20231218,70,0,1,78,4_S7,2.4548121e-06,0.00010602817,3.455621e-05,5.9454353e-05,0.9815445,0.018253008,4_S7
c1_p070_20231227_o05,p070_20231227,70,0,1,79,4_S7,8.8332064e-07,0.00016889311,8.51653e-06,6.2672393e-06,0.982589,0.017226318,4_S7
c1_p070_20240115_o04,p070_20240115,70,0,1,83,5_S8,1.2697139e-05,1.9384354e-06,5.313086e-05,7.9710725e-07,0.0026174132,0.99731404,5_S8
c1_p070_20240119_o04,p070_20240119,70,0,1,84,5_S8,3.295031e-05,6.441683e-06,3.6475896e-05,4.756095e-06,0.016178476,0.98374087,5_S8
c1_p070_20240126_o01,p070_20240126,70,0,1,88,5_S8,5.611597e-06,4.529277e-09,4.1406533e-06,1.6425806e-09,0.00012746007,0.9998628,5_S8
c1_p075_20231006_o05,p075_20231006,75,0,1,13,0_S1,0.999843,6.6248663e-06,3.9709223e-05,3.338967e-07,3.4238333e-06,0.00010689536,0_S1
c1_p075_20231011_o01,p075_20231011,75,0,1,13,0_S1,0.99996483,1.4081879e-05,7.159062e-06,1.7477754e-06,7.1094655e-07,1.14394825e-05,0_S1
c1_p075_20231017_o05,p075_20231017,75,0,1,13,0_S1,0.99999917,4.1220662e-07,2.5285505e-07,5.466014e-09,1.8972655e-09,2.0684162e-07,0_S1
c1_p075_20231019_o07,p075_20231019,75,0,1,14,0_S1,0.98783743,2.7059954e-05,0.01204874,6.722452e-06,7.2785333e-06,7.266018e-05,0_S1
c1_p075_20231023_o02,p075_20231023,75,0,1,14,0_S1,0.44626564,0.026555976,0.52583545,0.0011652408,3.063782e-05,0.00014704106,2_S5
c1_p075_20231027_o04,p075_20231027,75,0,1,53,2_S5,0.24744588,0.012777461,0.7193042,0.020313473,0.00011372684,4.5324254e-05,2_S5
c1_p075_20231101_o01,p075_20231101,75,0,1,53,2_S5,0.00025665518,0.18454559,0.80220675,0.012973806,1.6232576e-05,8.8851414e-07,2_S5
c1_p075_20231106_o12,p075_20231106,75,0,1,54,2_S5,8.9434224e-07,0.0010459406,5.6622983e-05,0.99744934,0.0013969023,5.0202798e-05,3_S6
c1_p075_20231109_o04,p075_20231109,75,0,1,60,3_S6,4.9825435e-11,1.2769073e-07,1.7707983e-08,0.99989367,0.00010620633,2.0798578e-09,3_S6
c1_p075_20231120_o06,p075_20231120,75,0,1,68,3_S6,5.776059e-06,0.0001547849,0.00013225636,0.10884335,0.8778254,0.0130384425,4_S7
c1_p075_20231127_o12,p075_20231127,75,0,1,73,4_S7,2.1021175e-07,7.670818e-06,1.9172097e-05,0.00039659019,0.99953306,4.3305976e-05,4_S7
c1_p075_20231130_o09,p075_20231130,75,0,1,74,4_S7,1.2747954e-07,5.447703e-06,2.0152364e-05,0.00036030205,0.9985953,0.0010186575,4_S7
c1_p075_20231204_o11,p075_20231204,75,0,1,75,4_S7,8.189052e-06,1.8081899e-05,0.00012439705,0.010340008,0.98946047,4.8855734e-05,4_S7
c1_p075_20231211_o03,p075_20231211,75,0,1,76,4_S7,1.1743825e-08,1.2423176e-06,8.42534e-07,1.0313944e-05,0.9999608,2.6857682e-05,4_S7
c1_p075_20231214_o09,p075_20231214,75,0,1,77,4_S7,2.1257293e-07,1.6336977e-06,1.8448465e-05,7.878877e-06,0.9998956,7.6142496e-05,4_S7
c1_p075_20231218_o05,p075_20231218,75,0,1,78,4_S7,8.825901e-06,9.210301e-05,8.955503e-05,0.0025256474,0.74135983,0.25592408,4_S7
c1_p075_20231227_o06,p075_20231227,75,0,1,80,5_S8,1.3328181e-05,0.00013990098,0.00043105602,0.0005138464,0.9982981,0.000603778,4_S7
c1_p075_20240115_o08,p075_20240115,75,0,1,83,5_S8,1.564365e-06,2.4304615e-08,4.9219834e-06,1.7505391e-08,6.131629e-05,0.99993217,5_S8
c1_p075_20240119_o11,p075_20240119,75,0,1,85,5_S8,2.8875098e-08,8.174118e-09,3.3475087e-07,4.7622066e-08,0.001053421,0.99894625,5_S8
c1_p075_20240126_o03,p075_20240126,75,0,1,87,5_S8,1.3101138e-06,5.5651615e-08,3.8857206e-06,5.980665e-09,2.5167068e-07,0.9999945,5_S8
c1_p079_20231006_o12,p079_20231006,79,0,1,13,0_S1,0.9997812,4.75418e-06,4.517291e-05,4.3079552e-07,1.058677e-05,0.00015790504,0_S1
c1_p079_20231011_o01,p079_20231011,79,0,1,13,0_S1,0.9999738,1.2097893e-06,1.9649342e-05,1.7489172e-07,1.1558348e-07,5.058935e-06,0_S1
c1_p079_20231017_o11,p079_20231017,79,0,1,13,0_S1,0.99999,1.875158e-06,5.100923e-06,2.2611422e-07,5.3016784e-08,2.829771e-06,0_S1
c1_p079_20231019_o05,p079_20231019,79,0,1,14,0_S1,0.99850816,2.2143691e-05,0.0013965819,4.1678604e-06,2.0028905e-05,4.8958616e-05,0_S1
c1_p079_20231023_o12,p079_20231023,79,0,1,14,0_S1,0.993298,5.737194e-05,0.0065632444,2.8659078e-05,3.498008e-05,1.7807099e-05,0_S1
c1_p079_20231027_o09,p079_20231027,79,0,1,20,1_S2,0.77893686,0.18686968,0.022551127,0.011136643,0.00028297742,0.00022277456,0_S1
c1_p079_20231101_o10,p079_20231101,79,0,1,52,2_S5,4.9989478e-05,0.0061934036,0.1517964,0.8417327,0.00022346755,4.0261384e-06,3_S6
c1_p079_20231106_o01,p079_20231106,79,0,1,65,3_S6,1.2488355e-10,4.0401046e-06,3.636715e-07,0.9999037,9.193587e-05,6.187393e-09,3_S6
c1_p079_20231109_o11,p079_20231109,79,0,1,69,3_S6,4.4848516e-09,2.1219052e-05,1.9233532e-06,0.990902,0.0090741385,6.887651e-07,3_S6
c1_p079_20231120_o05,p079_20231120,79,0,1,70,4_S7,5.4191297e-08,1.1483551e-05,3.2561235e-05,0.043686878,0.956196,7.2998315e-05,4_S7
c1_p079_20231127_o10,p079_20231127,79,0,1,73,4_S7,5.902286e-07,8.961691e-06,2.1762513e-05,0.00036575817,0.9994159,0.00018701839,4_S7
c1_p079_20231130_o04,p079_20231130,79,0,1,74,4_S7,1.0545981e-05,3.601341e-05,0.00013441434,0.0027592068,0.9957801,0.0012797603,4_S7
c1_p079_20231204_o12,p079_20231204,79,0,1,75,4_S7,6.712466e-11,4.415499e-10,2.294304e-09,2.123091e-09,0.9999994,5.3926107e-07,4_S7
c1_p079_20231211_o12,p079_20231211,79,0,1,76,4_S7,4.0756387e-08,2.1193252e-06,2.1131132e-06,1.9418432e-07,0.98772985,0.01226572,4_S7
c1_p079_20231214_o03,p079_20231214,79,0,1,77,4_S7,0.0013642455,0.002556617,0.0008210923,8.842069e-05,0.9929923,0.0021774266,4_S7
c1_p079_20231218_o08,p079_20231218,79,0,1,78,4_S7,1.1588298e-06,0.0001820248,5.5541215e-05,0.026167948,0.9735748,1.848744e-05,4_S7
c1_p079_20231227_o02,p079_20231227,79,0,1,79,4_S7,8.805164e-06,8.124797e-06,0.00048900465,1.2401154e-05,0.79278165,0.20670012,4_S7
c1_p079_20240115_o08,p079_20240115,79,0,1,81,5_S8,1.5935329e-06,9.350091e-07,3.3895674e-05,9.688974e-07,0.0073510404,0.9926116,5_S8
c1_p079_20240119_o02,p079_20240119,79,0,1,82,5_S8,2.2089695e-07,9.649053e-09,3.3274762e-07,5.325747e-09,1.71821e-06,0.99999774,5_S8
c1_p079_20240126_o01,p079_20240126,79,0,1,87,5_S8,8.5855675e-07,3.02061e-06,5.8276723e-06,1.220052e-07,2.3772334e-05,0.9999664,5_S8
c1_p086_20231128_o05,p086_20231128,86,0,1,68,3_S6,4.6986415e-07,0.00013397151,0.00020018853,0.80173254,0.19785027,8.2492916e-05,3_S6
c1_p086_20231130_o03,p086_20231130,86,0,1,69,3_S6,7.3110064e-06,2.9347873e-05,1.975273e-05,0.99383956,0.006102365,1.7490214e-06,3_S6
c1_p086_20231204_o11,p086_20231204,86,0,1,78,4_S7,4.099441e-06,6.296081e-05,4.9164897e-05,0.44990253,0.5499669,1.4345101e-05,4_S7
c1_p086_20231207_o03,p086_20231207,86,0,1,67,3_S6,0.0005902254,0.006326197,0.0054427907,0.5558889,0.42087007,0.010881876,3_S6
c1_p086_20231211_o08,p086_20231211,86,0,1,71,4_S7,1.09401455e-07,0.0001947737,2.5699184e-05,7.38761e-05,0.9983481,0.0013574088,4_S7
c1_p086_20231218_o10,p086_20231218,86,0,1,72,4_S7,1.014504e-09,7.0939734e-08,1.8283431e-07,4.9448056e-05,0.99992955,2.0649277e-05,4_S7
c1_p086_20231227_o01,p086_20231227,86,0,1,73,4_S7,3.6182266e-10,3.5152798e-08,5.736781e-07,1.0517557e-06,0.9999974,9.837851e-07,4_S7
c1_p086_20240115_o09,p086_20240115,86,0,1,75,4_S7,6.4035575e-08,2.9089318e-07,5.8374776e-06,8.837407e-06,0.99996424,2.0697411e-05,4_S7
c1_p086_20240119_o04,p086_20240119,86,0,1,78,4_S7,9.965133e-07,1.1911124e-05,0.00011800799,4.4708755e-05,0.9823803,0.017444044,4_S7
c1_p086_20240126_o02,p086_20240126,86,0,1,81,5_S8,5.719284e-08,5.81321e-05,3.4726913e-06,1.0317759e-07,0.012303937,0.9876343,5_S8
c1_p087_20231128_o09,p087_20231128,87,0,1,66,3_S6,2.932686e-07,2.8888524e-05,2.0338637e-06,0.6980342,0.30193424,3.2796106e-07,3_S6
c1_p087_20231130_o06,p087_20231130,87,0,1,68,3_S6,1.0610396e-05,3.1854957e-05,1.7695324e-05,0.98954177,0.01039707,9.769345e-07,3_S6
c1_p087_20231204_o03,p087_20231204,87,0,1,69,3_S6,6.098488e-07,4.062609e-05,1.1245494e-05,0.2894046,0.710542,9.41658e-07,4_S7
c1_p087_20231207_o11,p087_20231207,87,0,1,70,4_S7,0.00010999029,0.0008521861,0.00070022146,0.005727556,0.93045104,0.062158983,4_S7
c1_p087_20231211_o07,p087_20231211,87,0,1,71,4_S7,1.0635259e-07,5.8424657e-06,1.495157e-06,0.99753416,0.0024577994,5.4044256e-07,3_S6
c1_p087_20231218_o06,p087_20231218,87,0,1,73,4_S7,1.0554665e-09,2.5085126e-06,1.5799512e-07,5.2919668e-06,0.99999046,1.6626809e-06,4_S7
c1_p087_20231227_o07,p087_20231227,87,0,1,75,4_S7,2.7189773e-09,1.441417e-07,4.836135e-07,6.442384e-06,0.9999895,3.452644e-06,4_S7
c1_p087_20240115_o10,p087_20240115,87,0,1,78,4_S7,2.4668527e-06,0.00010258083,4.5085682e-05,1.1982961e-05,0.9924476,0.007390269,4_S7
c1_p087_20240119_o03,p087_20240119,87,0,1,79,4_S7,2.1567664e-07,3.3995184e-05,9.808244e-05,3.1523016e-06,0.99929047,0.00057410146,4_S7
c1_p087_20240126_o10,p087_20240126,87,0,1,81,5_S8,9.874443e-05,0.010780248,0.00086439884,6.984408e-05,0.09579361,0.89239305,5_S8
c1_p091_20231128_o07,p091_20231128,91,0,1,68,3_S6,1.0172557e-06,0.0001628526,4.4778444e-05,0.06697146,0.93248904,0.00033079786,4_S7
c1_p091_20231130_o10,p091_20231130,91,0,1,69,3_S6,1.9294067e-07,3.011556e-06,1.3741569e-06,0.98727477,0.012720583,2.5274153e-08,3_S6
c1_p091_20231204_o09,p091_20231204,91,0,1,67,3_S6,4.3124646e-06,3.8843955e-05,1.7853494e-05,0.98823476,0.011702105,2.1279243e-06,3_S6
c1_p091_20231207_o06,p091_20231207,91,0,1,70,4_S7,1.4105091e-06,0.00017228538,5.2071417e-05,0.009322524,0.9904421,9.556647e-06,4_S7
c1_p091_20231211_o07,p091_20231211,91,0,1,71,4_S7,3.8308428e-07,0.00011286449,6.8511086e-05,0.031716473,0.96764684,0.00045499773,4_S7
c1_p091_20231218_o10,p091_20231218,91,0,1,72,4_S7,8.425446e-10,1.5545008e-07,1.02149066e-07,6.466215e-06,0.99997675,1.6501763e-05,4_S7
c1_p091_20231227_o12,p091_20231227,91,0,1,74,4_S7,3.9074597e-09,4.387508e-08,2.842624e-07,6.000694e-07,0.9999809,1.8163688e-05,4_S7
c1_p091_20240115_o12,p091_20240115,91,0,1,76,4_S7,0.0010228704,0.00012463321,0.0052971924,3.683536e-05,0.9793767,0.01414173,4_S7
c1_p091_20240119_o06,p091_20240119,91,0,1,79,4_S7,0.00056990684,0.0007825552,0.002903428,0.0011693909,0.9561897,0.038385034,4_S7
c1_p091_20240126_o10,p091_20240126,91,0,1,82,5_S8,5.0922782e-08,1.2951706e-07,5.5694426e-07,8.670684e-09,8.820993e-06,0.99999046,5_S8
c1_p094_20231128_o02,p094_20231128,94,0,1,68,3_S6,2.0062895e-07,2.3848397e-05,1.3922819e-05,0.20319566,0.79675764,8.661527e-06,4_S7
c1_p094_20231130_o09,p094_20231130,94,0,1,69,3_S6,4.1501844e-06,2.4739747e-05,2.7887174e-05,0.99533516,0.004605854,2.234957e-06,3_S6
c1_p094_20231204_o04,p094_20231204,94,0,1,70,4_S7,2.4943226e-06,3.6262376e-05,1.5795184e-05,0.98380166,0.016143464,3.0604173e-07,3_S6
c1_p094_20231207_o11,p094_20231207,94,0,1,71,4_S7,3.2112223e-07,6.4595246e-05,3.7612477e-05,0.000770052,0.99894637,0.0001810741,4_S7
c1_p094_20231211_o08,p094_20231211,94,0,1,72,4_S7,8.1921394e-07,0.00026840687,2.9029881e-05,0.002842171,0.99394035,0.0029191663,4_S7
c1_p094_20231218_o10,p094_20231218,94,0,1,74,4_S7,2.4089621e-08,7.555449e-06,4.5959757e-07,2.8048673e-05,0.99644345,0.0035204696,4_S7
c1_p094_20231227_o06,p094_20231227,94,0,1,76,4_S7,4.3948134e-09,1.6015629e-07,7.6725894e-07,2.0690513e-07,0.99997425,2.4609451e-05,4_S7
c1_p094_20240115_o02,p094_20240115,94,0,1,77,4_S7,0.0010948579,0.005282714,0.0038525516,0.00027189098,0.8551646,0.13433339,4_S7
c1_p094_20240119_o07,p094_20240119,94,0,1,80,5_S8,0.00033100776,0.00043048945,0.0012351251,7.730413e-05,0.64711857,0.35080746,4_S7
c1_p094_20240126_o11,p094_20240126,94,0,1,83,5_S8,1.0458124e-05,3.509445e-05,7.055146e-05,3.7610545e-07,0.060431406,0.9394522,5_S8
c1_p101_20231128_o11,p101_20231128,101,0,1,65,3_S6,1.1825543e-08,2.2725983e-06,4.157841e-05,0.20485345,0.79510105,1.5864113e-06,4_S7
c1_p101_20231130_o10,p101_20231130,101,0,1,69,3_S6,6.4082116e-08,1.7604508e-06,1.4111288e-06,0.9838922,0.016104551,1.4905869e-08,3_S6
c1_p101_20231204_o12,p101_20231204,101,0,1,69,3_S6,1.421152e-05,0.00043727853,0.00023409094,0.10722395,0.8920504,4.0088093e-05,4_S7
c1_p101_20231207_o05,p101_20231207,101,0,1,69,3_S6,1.6759137e-06,0.00020416797,3.7840575e-05,0.0115546165,0.9793874,0.008814285,4_S7
c1_p101_20231211_o05,p101_20231211,101,0,1,70,4_S7,4.5881077e-07,1.0238392e-05,4.235659e-06,0.03033471,0.9696229,2.7482498e-05,4_S7
c1_p101_20231218_o06,p101_20231218,101,0,1,71,4_S7,2.3772817e-09,1.7826784e-07,1.9449142e-07,1.5422478e-06,0.9998734,0.00012457505,4_S7
c1_p101_20231227_o05,p101_20231227,101,0,1,73,4_S7,6.898475e-07,6.0443737e-05,5.8723163e-06,0.0004737635,0.98900026,0.010458977,4_S7
c1_p101_20240115_o11,p101_20240115,101,0,1,75,4_S7,2.5191365e-09,5.382087e-07,7.522409e-07,1.3220156e-06,0.99884963,0.0011478179,4_S7
c1_p101_20240119_o06,p101_20240119,101,0,1,77,4_S7,0.00089078245,0.00036000856,0.004789419,0.0002303879,0.7159547,0.27777472,4_S7
c1_p101_20240126_o12,p101_20240126,101,0,1,79,4_S7,3.342445e-09,4.3952338e-07,1.9898688e-07,1.9101218e-08,0.752755,0.24724443,4_S7
c1_p002_20230816_o10,p002_20230816,2,1,1,68,3_S6,0.0024943424,0.013045193,0.2133094,0.5189863,0.2507622,0.0014025664,3_S6
c1_p002_20230921_o04,p002_20230921,2,1,1,77,4_S7,1.6824346e-05,2.7580916e-05,0.0004978758,0.0039840452,0.91406953,0.08140415,4_S7
c1_p002_20231005_o12,p002_20231005,2,1,1,79,4_S7,2.4013166e-06,1.1537558e-05,0.00063940097,0.008039275,0.99034685,0.00096058025,4_S7
c1_p026_20230828_o08,p026_20230828,26,1,1,16,0_S1,0.45995173,0.14770934,0.34925866,0.027293906,0.012558459,0.003227873,0_S1
c1_p026_20230904_o02,p026_20230904,26,1,1,53,2_S5,0.32355323,0.079781696,0.53129077,0.03775643,0.025250645,0.0023672355,2_S5
c1_p026_20230908_o09,p026_20230908,26,1,1,64,3_S6,6.548025e-05,0.0008880935,0.007272896,0.94267833,0.048877135,0.00021797877,3_S6
c1_p026_20230921_o01,p026_20230921,26,1,1,70,4_S7,1.7362638e-05,0.00034193072,0.005391528,0.7109597,0.2828443,0.00044528302,3_S6
c1_p026_20231006_o10,p026_20231006,26,1,1,71,4_S7,2.999693e-06,2.4032139e-05,0.00020560669,0.035067894,0.964095,0.0006045212,4_S7
c1_p026_20231017_o11,p026_20231017,26,1,1,74,4_S7,1.1588006e-08,2.2255253e-07,2.8206323e-05,0.004397108,0.9954169,0.00015759778,4_S7
c1_p026_20231023_o10,p026_20231023,26,1,1,75,4_S7,1.9414219e-07,2.1693531e-06,9.464051e-05,0.0006690036,0.99754804,0.0016858293,4_S7
c1_p026_20231027_o04,p026_20231027,26,1,1,76,4_S7,2.5390398e-10,1.37212925e-08,2.9536235e-05,5.627042e-05,0.99962974,0.00028445694,4_S7
c1_p026_20231101_o09,p026_20231101,26,1,1,77,4_S7,7.7529855e-08,1.4432233e-06,4.001843e-05,0.0012888863,0.995368,0.0033015853,4_S7
c1_p026_20231106_o07,p026_20231106,26,1,1,78,4_S7,2.889265e-10,3.1250371e-09,6.0437696e-06,2.4696834e-07,0.998078,0.0019157311,4_S7
c1_p026_20231109_o07,p026_20231109,26,1,1,79,4_S7,6.126796e-08,4.5521648e-07,0.0012497258,6.871804e-06,0.8198244,0.17891845,4_S7
c1_p026_20231120_o07,p026_20231120,26,1,1,84,5_S8,1.632478e-10,1.4189554e-09,1.1382044e-06,1.1107649e-07,0.00063229905,0.99936646,5_S8
c1_p026_20231124_o02,p026_20231124,26,1,1,85,5_S8,4.714265e-08,3.2937056e-08,1.2583325e-06,1.0418706e-05,0.5432256,0.4567626,4_S7
c1_p026_20231127_o02,p026_20231127,26,1,1,86,5_S8,1.4465838e-08,4.078303e-08,2.8256733e-05,2.9343403e-07,0.0070838495,0.9928877,5_S8
c1_p026_20231130_o12,p026_20231130,26,1,1,89,5_S8,0.0025464406,0.001298063,0.1698072,0.00096451794,0.030213209,0.7951706,5_S8
c1_p027_20230828_o04,p027_20230828,27,1,1,20,1_S2,0.25359708,0.11962853,0.54501784,0.065181,0.015209615,0.0013659317,2_S5
c1_p027_20230904_o07,p027_20230904,27,1,1,60,3_S6,0.43008837,0.13105111,0.4101667,0.017860182,0.009473817,0.001359847,0_S1
c1_p027_20230908_o02,p027_20230908,27,1,1,66,3_S6,1.0707909e-06,2.0954642e-05,0.000664364,0.98435104,0.014941557,2.110351e-05,3_S6
c1_p027_20230921_o09,p027_20230921,27,1,1,68,3_S6,4.5552097e-06,4.5133576e-05,0.0013396712,0.24278216,0.7556997,0.00012879056,4_S7
c1_p027_20231006_o08,p027_20231006,27,1,1,70,4_S7,7.36786e-07,5.484098e-05,0.0008936146,0.8663771,0.1326171,5.6622954e-05,3_S6
c1_p027_20231017_o07,p027_20231017,27,1,1,72,4_S7,2.57359e-06,3.081114e-05,0.0005900448,0.12299118,0.8761606,0.00022478681,4_S7
c1_p027_20231023_o07,p027_20231023,27,1,1,73,4_S7,5.7247127e-07,3.7960222e-06,0.001351056,0.00782639,0.98977494,0.001043138,4_S7
c1_p027_20231027_o08,p027_20231027,27,1,1,74,4_S7,6.288123e-09,8.447509e-07,0.0001240022,0.020332178,0.97946405,7.8994344e-05,4_S7
c1_p027_20231101_o07,p027_20231101,27,1,1,75,4_S7,2.2974493e-08,1.5982669e-06,0.0009024811,0.0029335592,0.9953164,0.00084603945,4_S7
c1_p027_20231106_o09,p027_20231106,27,1,1,76,4_S7,4.9144362e-11,1.9898638e-09,3.829063e-06,1.826879e-06,0.99947613,0.0005182991,4_S7
c1_p027_20231109_o07,p027_20231109,27,1,1,77,4_S7,7.957486e-10,1.0947593e-08,1.4789473e-05,8.707153e-06,0.9997373,0.00023913842,4_S7
c1_p027_20231120_o11,p027_20231120,27,1,1,78,4_S7,4.274884e-07,5.8103583e-06,0.036045376,6.4760898e-06,0.5725094,0.39143252,4_S7
c1_p027_20231124_o04,p027_20231124,27,1,1,79,4_S7,5.7452908e-05,3.2589684e-05,0.0008775946,0.0026722774,0.9674606,0.0288995,4_S7
c1_p027_20231127_o07,p027_20231127,27,1,1,79,4_S7,1.8202498e-10,2.5071425e-09,1.2803328e-05,8.3861244e-07,0.98091346,0.01907293,4_S7
c1_p027_20231130_o01,p027_20231130,27,1,1,79,4_S7,4.794558e-05,0.00017194453,0.071208835,0.0012161367,0.4307597,0.4965954,5_S8
c1_p032_20230828_o10,p032_20230828,32,1,1,15,0_S1,0.1463001,0.067316204,0.69991904,0.05375662,0.03056616,0.0021418275,2_S5
c1_p032_20230904_o08,p032_20230904,32,1,1,60,3_S6,0.03199772,0.10403245,0.47384614,0.30122924,0.08613627,0.0027581165,2_S5
c1_p032_20230908_o03,p032_20230908,32,1,1,64,3_S6,2.651784e-05,0.00025601636,0.0030478712,0.9696642,0.026908685,9.661749e-05,3_S6
c1_p032_20230921_o05,p032_20230921,32,1,1,72,4_S7,2.1780066e-05,0.00024616407,0.0027005358,0.03832782,0.95712376,0.0015798635,4_S7
c1_p032_20231006_o03,p032_20231006,32,1,1,74,4_S7,0.00019306707,0.00272214,0.03128098,0.5269254,0.4378306,0.0010478647,3_S6
c1_p032_20231017_o05,p032_20231017,32,1,1,75,4_S7,2.2056462e-07,1.4638875e-06,5.3231895e-05,0.0015500099,0.9982857,0.000109415654,4_S7
c1_p032_20231023_o01,p032_20231023,32,1,1,76,4_S7,3.186927e-09,6.141935e-08,0.00012071856,0.00029307473,0.9994854,0.000100773555,4_S7
c1_p032_20231027_o05,p032_20231027,32,1,1,77,4_S7,3.663487e-12,7.0419254e-10,1.2924532e-07,0.0013103824,0.9986368,5.2648953e-05,4_S7
c1_p032_20231101_o07,p032_20231101,32,1,1,78,4_S7,2.6905368e-06,4.088044e-05,0.001766276,0.042184744,0.9528568,0.0031485308,4_S7
c1_p032_20231106_o12,p032_20231106,32,1,1,79,4_S7,6.287853e-08,2.7930026e-08,7.015126e-05,1.0748112e-06,0.99197453,0.007954136,4_S7
c1_p032_20231109_o09,p032_20231109,32,1,1,80,5_S8,9.378866e-08,2.4823606e-07,3.336421e-05,2.9252467e-06,0.8893968,0.11056651,4_S7
c1_p032_20231120_o03,p032_20231120,32,1,1,81,5_S8,1.2017136e-08,2.6089168e-08,1.5858402e-06,8.780082e-08,0.00052019727,0.99947816,5_S8
c1_p032_20231124_o08,p032_20231124,32,1,1,83,5_S8,6.434771e-06,2.9046567e-05,0.0016951505,6.0613685e-05,0.006897721,0.9913111,5_S8
c1_p032_20231127_o06,p032_20231127,32,1,1,85,5_S8,7.810936e-07,4.850349e-06,0.0001753254,8.10374e-06,0.007657508,0.99215335,5_S8
c1_p032_20231130_o12,p032_20231130,32,1,1,87,5_S8,5.4570337e-06,1.1750211e-05,0.00012951014,4.3599826e-05,0.012824422,0.98698515,5_S8
c1_p041_20230828_o08,p041_20230828,41,1,1,14,0_S1,0.5985323,0.044320952,0.28798497,0.02041327,0.039755166,0.008993307,0_S1
c1_p041_20230904_o09,p041_20230904,41,1,1,53,2_S5,0.033268534,0.10388973,0.46424875,0.3445207,0.051390197,0.0026821229,2_S5
c1_p041_20230908_o07,p041_20230908,41,1,1,60,3_S6,7.63496e-05,0.0014849569,0.07321459,0.79716206,0.12789181,0.00017026081,3_S6
c1_p041_20230921_o02,p041_20230921,41,1,1,66,3_S6,0.00012958719,0.0025867154,0.010320602,0.63928384,0.34725603,0.00042318946,3_S6
c1_p041_20231006_o11,p041_20231006,41,1,1,72,4_S7,9.7600554e-05,0.0011610908,0.00613048,0.29337162,0.69859755,0.000641697,4_S7
c1_p041_20231017_o04,p041_20231017,41,1,1,73,4_S7,2.4404326e-08,2.6307276e-07,2.4948738e-05,0.01650298,0.9834622,9.592498e-06,4_S7
c1_p041_20231023_o01,p041_20231023,41,1,1,74,4_S7,4.0061618e-10,9.301668e-09,2.5839829e-05,0.00044134157,0.99952936,3.405899e-06,4_S7
c1_p041_20231027_o02,p041_20231027,41,1,1,75,4_S7,2.7863631e-08,1.5192628e-06,0.0010457641,0.028182743,0.9704996,0.00027044327,4_S7
c1_p041_20231101_o04,p041_20231101,41,1,1,76,4_S7,2.3951347e-07,2.0059958e-06,0.036370024,0.00064487674,0.9620479,0.00093500566,4_S7
c1_p041_20231106_o10,p041_20231106,41,1,1,77,4_S7,5.423458e-09,6.6431607e-09,4.648662e-06,6.3989005e-06,0.99995947,2.9501236e-05,4_S7
c1_p041_20231109_o11,p041_20231109,41,1,1,78,4_S7,4.5753725e-09,6.9360357e-09,0.00011783551,1.7352797e-07,0.9977841,0.002097899,4_S7
c1_p041_20231120_o03,p041_20231120,41,1,1,80,5_S8,4.5638327e-08,1.1696109e-07,0.000182382,1.5073007e-06,0.006487168,0.9933288,5_S8
c1_p041_20231124_o04,p041_20231124,41,1,1,85,5_S8,4.232022e-05,5.5517947e-05,0.025528114,0.00017845348,0.0874619,0.8867337,5_S8
c1_p041_20231127_o12,p041_20231127,41,1,1,85,5_S8,0.00022682436,0.00048494112,0.06776939,0.0016944406,0.023540817,0.90628356,5_S8
c1_p041_20231130_o10,p041_20231130,41,1,1,85,5_S8,1.5382793e-05,4.5928085e-05,0.011625262,5.1773302e-05,0.06469254,0.9235692,5_S8
c1_p042_20230929_o04,p042_20230929,42,1,1,13,0_S1,0.99987626,1.30956605e-05,0.0001049009,1.0769921e-06,2.0998666e-06,2.518043e-06,0_S1
c1_p042_20231004_o03,p042_20231004,42,1,1,14,0_S1,0.99919325,0.00016009678,0.0005934104,5.3478952e-06,2.3940462e-05,2.3946994e-05,0_S1
c1_p042_20231011_o08,p042_20231011,42,1,1,14,0_S1,0.6798758,0.106091194,0.15860985,0.014357874,0.032929134,0.008136225,0_S1
c1_p042_20231017_o05,p042_20231017,42,1,1,15,0_S1,0.0023896995,0.0034650639,0.0645869,0.30638373,0.6218899,0.0012847407,4_S7
c1_p042_20231019_o03,p042_20231019,42,1,1,15,0_S1,0.01573451,0.05896721,0.7359294,0.1786476,0.0104065435,0.0003147426,2_S5
c1_p042_20231023_o04,p042_20231023,42,1,1,53,2_S5,0.00016402655,0.0039154403,0.09539068,0.8655587,0.034789253,0.00018189619,3_S6
c1_p042_20231027_o06,p042_20231027,42,1,1,54,2_S5,9.230262e-08,1.3019564e-05,0.00056823256,0.4060604,0.5932223,0.00013599287,4_S7
c1_p042_20231101_o01,p042_20231101,42,1,1,55,2_S5,2.2312219e-05,0.00081052945,0.015275123,0.34301358,0.6401384,0.00074010954,4_S7
c1_p042_20231106_o09,p042_20231106,42,1,1,62,3_S6,1.303758e-07,7.4788522e-06,0.00024561732,0.7605048,0.23917876,6.326778e-05,3_S6
c1_p042_20231109_o01,p042_20231109,42,1,1,68,3_S6,2.4551823e-09,4.3802476e-07,6.694148e-05,0.019586908,0.98020464,0.00014104771,4_S7
c1_p042_20231120_o09,p042_20231120,42,1,1,70,4_S7,1.1938366e-10,1.262123e-08,1.6318725e-05,0.000356319,0.99926764,0.0003597018,4_S7
c1_p042_20231127_o06,p042_20231127,42,1,1,72,4_S7,4.942283e-10,1.1304334e-08,4.6487435e-06,7.71135e-05,0.99834466,0.001573606,4_S7
c1_p042_20231130_o09,p042_20231130,42,1,1,74,4_S7,3.369159e-06,1.2232457e-05,0.0016496283,0.0007701935,0.98513585,0.012428711,4_S7
c1_p042_20231204_o05,p042_20231204,42,1,1,76,4_S7,9.826479e-10,1.0886431e-08,7.0027186e-06,3.099504e-05,0.99970824,0.00025364442,4_S7
c1_p042_20231211_o09,p042_20231211,42,1,1,80,5_S8,4.9776787e-07,1.4636561e-06,0.0003299424,2.8650997e-05,0.9612835,0.03835595,4_S7
c1_p042_20231214_o04,p042_20231214,42,1,1,82,5_S8,2.9125632e-10,5.446912e-09,8.961519e-06,2.960038e-06,0.9921916,0.0077964435,4_S7
c1_p042_20231218_o06,p042_20231218,42,1,1,82,5_S8,5.031304e-12,1.8495767e-11,1.2482907e-07,1.1794893e-08,0.99882466,0.0011751668,4_S7
c1_p042_20231227_o05,p042_20231227,42,1,1,83,5_S8,2.1664652e-08,1.5266505e-07,0.00014053819,3.2438045e-05,0.9815781,0.018248776,4_S7
c1_p042_20240104_o10,p042_20240104,42,1,1,84,5_S8,5.82771e-10,5.296132e-09,4.3814357e-06,5.3074785e-07,0.96455693,0.03543814,4_S7
c1_p044_20230929_o03,p044_20230929,44,1,1,13,0_S1,0.9923768,0.000102287486,0.006935211,0.000114398135,0.00035913766,0.000112016554,0_S1
c1_p044_20231004_o09,p044_20231004,44,1,1,13,0_S1,0.9987663,0.00068521954,0.0005157779,9.032567e-06,1.2932287e-05,1.076343e-05,0_S1
c1_p044_20231011_o05,p044_20231011,44,1,1,15,0_S1,0.6595097,0.06329207,0.20381258,0.055399712,0.016851211,0.0011347226,0_S1
c1_p044_20231017_o06,p044_20231017,44,1,1,20,1_S2,0.065332286,0.043356385,0.4375448,0.3181633,0.1334666,0.002136663,2_S5
c1_p044_20231019_o11,p044_20231019,44,1,1,51,2_S5,0.0110857915,0.043986946,0.6040084,0.22099045,0.11916431,0.00076409354,2_S5
c1_p044_20231023_o10,p044_20231023,44,1,1,54,2_S5,0.029165363,0.058602575,0.45807177,0.21051474,0.24006177,0.003583812,2_S5
c1_p044_20231027_o10,p044_20231027,44,1,1,55,2_S5,3.9631973e-06,0.00011155453,0.009811758,0.08501583,0.9041047,0.0009521562,4_S7
c1_p044_20231101_o04,p044_20231101,44,1,1,59,2_S5,1.3036506e-06,6.875085e-05,0.0025339818,0.49365857,0.50348777,0.00024952358,4_S7
c1_p044_20231106_o08,p044_20231106,44,1,1,61,3_S6,1.6546754e-05,0.00020018316,0.00096076104,0.44667208,0.5381726,0.0139778545,4_S7
c1_p044_20231109_o10,p044_20231109,44,1,1,68,3_S6,6.992343e-07,2.78046e-05,0.0007757536,0.08883141,0.9097741,0.00059023814,4_S7
c1_p044_20231120_o09,p044_20231120,44,1,1,70,4_S7,8.309677e-10,2.9594586e-08,6.9212333e-06,9.394415e-05,0.99976534,0.00013382304,4_S7
c1_p044_20231127_o09,p044_20231127,44,1,1,71,4_S7,8.3442496e-11,7.395081e-10,5.808196e-07,7.918877e-07,0.9998398,0.00015886048,4_S7
c1_p044_20231130_o02,p044_20231130,44,1,1,72,4_S7,8.692078e-07,3.241069e-06,0.0009482497,0.00023291196,0.95844305,0.040371686,4_S7
c1_p044_20231204_o12,p044_20231204,44,1,1,72,4_S7,3.620835e-08,3.090109e-07,5.3030733e-05,0.00010803958,0.9986809,0.0011578262,4_S7
c1_p044_20231211_o04,p044_20231211,44,1,1,73,4_S7,3.6182967e-06,4.413993e-06,0.00030928574,0.0004566015,0.9487599,0.050466117,4_S7
c1_p044_20231214_o08,p044_20231214,44,1,1,74,4_S7,4.4389661e-10,2.4804554e-09,9.4175283e-07,3.2545918e-07,0.9594293,0.040569425,4_S7
c1_p044_20231218_o02,p044_20231218,44,1,1,76,4_S7,4.1483098e-10,4.468709e-09,2.105833e-06,9.917726e-07,0.9836325,0.016364377,4_S7
c1_p044_20231227_o01,p044_20231227,44,1,1,79,4_S7,6.904944e-08,3.0385058e-07,0.0012172833,2.698561e-06,0.39219624,0.6065834,5_S8
c1_p044_20240104_o10,p044_20240104,44,1,1,81,5_S8,1.6981407e-09,2.5123057e-08,1.5340886e-05,9.155967e-07,0.77781767,0.22216606,4_S7
c1_p047_20230929_o09,p047_20230929,47,1,1,13,0_S1,0.999923,1.096855e-05,6.3685715e-05,3.7845334e-07,1.037203e-06,8.9967614e-07,0_S1
c1_p047_20231004_o08,p047_20231004,47,1,1,13,0_S1,0.99929166,0.00013806329,0.0005231548,4.5306265e-06,2.2209984e-05,2.0310727e-05,0_S1
c1_p047_20231011_o11,p047_20231011,47,1,1,14,0_S1,0.86011326,0.046383582,0.052243274,0.008587444,0.025756733,0.0069157467,0_S1
c1_p047_20231017_o03,p047_20231017,47,1,1,15,0_S1,0.40253296,0.12166806,0.43563822,0.023354532,0.014679343,0.0021268802,2_S5
c1_p047_20231019_o10,p047_20231019,47,1,1,15,0_S1,0.21508116,0.1768949,0.5660455,0.038449816,0.003229793,0.00029886517,2_S5
c1_p047_20231023_o08,p047_20231023,47,1,1,16,0_S1,0.030422693,0.08673656,0.43099946,0.2900732,0.15630028,0.0054677823,2_S5
c1_p047_20231027_o06,p047_20231027,47,1,1,17,0_S1,2.9584237e-06,0.00011653513,0.00445087,0.767792,0.22754213,9.549603e-05,3_S6
c1_p047_20231101_o01,p047_20231101,47,1,1,55,2_S5,0.00023574945,0.0015313212,0.08081788,0.8245499,0.092056826,0.00080839766,3_S6
c1_p047_20231106_o02,p047_20231106,47,1,1,61,3_S6,0.0012493856,0.0074115377,0.041105177,0.835098,0.10373017,0.01140572,3_S6
c1_p047_20231109_o06,p047_20231109,47,1,1,65,3_S6,9.4169326e-07,2.0245852e-05,0.0046579987,0.117834255,0.8751737,0.0023129077,4_S7
c1_p047_20231120_o12,p047_20231120,47,1,1,70,4_S7,2.535913e-10,1.1702176e-08,1.9654601e-06,0.00018258777,0.9997613,5.426952e-05,4_S7
c1_p047_20231127_o10,p047_20231127,47,1,1,71,4_S7,1.9985607e-14,4.895793e-13,4.623895e-10,6.00054e-07,0.9999925,6.952446e-06,4_S7
c1_p047_20231130_o09,p047_20231130,47,1,1,72,4_S7,2.920586e-09,1.7587235e-08,5.3818794e-06,8.628545e-06,0.9990792,0.00090669596,4_S7
c1_p047_20231204_o10,p047_20231204,47,1,1,74,4_S7,2.6926135e-12,2.8413657e-11,2.6170337e-08,3.9330055e-07,0.99999034,9.2859445e-06,4_S7
c1_p047_20231211_o12,p047_20231211,47,1,1,76,4_S7,2.6069752e-10,2.1252742e-09,6.336329e-07,8.208602e-06,0.9998847,0.00010648062,4_S7
c1_p047_20231214_o02,p047_20231214,47,1,1,78,4_S7,2.24927e-10,4.0183186e-09,8.247191e-06,5.1157404e-06,0.998063,0.0019236268,4_S7
c1_p047_20231218_o04,p047_20231218,47,1,1,79,4_S7,8.0961676e-10,2.949853e-09,1.8393479e-05,7.119602e-08,0.9357252,0.0642563,4_S7
c1_p047_20231227_o05,p047_20231227,47,1,1,81,5_S8,4.9291774e-08,4.129047e-07,0.014008543,3.1479026e-06,0.79543424,0.19055362,4_S7
c1_p047_20240104_o11,p047_20240104,47,1,1,82,5_S8,5.8209504e-10,6.4282815e-09,1.3486581e-06,6.344211e-07,0.023820708,0.97617733,5_S8
c1_p049_20230929_o05,p049_20230929,49,1,1,13,0_S1,0.99683565,6.4244756e-05,0.003034692,2.4241752e-05,3.17048e-05,9.409615e-06,0_S1
c1_p049_20231004_o04,p049_20231004,49,1,1,13,0_S1,0.99961853,5.1070416e-05,0.00032504913,1.6457346e-06,2.0164923e-06,1.6194722e-06,0_S1
c1_p049_20231011_o12,p049_20231011,49,1,1,15,0_S1,0.9596794,0.01969732,0.017419262,0.0023151268,0.000706392,0.00018238158,0_S1
c1_p049_20231017_o12,p049_20231017,49,1,1,15,0_S1,0.0010117113,0.0036744007,0.06274345,0.49731714,0.4344859,0.00076739583,3_S6
c1_p049_20231019_o06,p049_20231019,49,1,1,16,0_S1,0.00070263515,0.0040071635,0.18853536,0.71319693,0.0932807,0.0002771122,3_S6
c1_p049_20231023_o11,p049_20231023,49,1,1,20,1_S2,0.00027341727,0.0038255893,0.0372723,0.8960935,0.06248021,5.495284e-05,3_S6
c1_p049_20231027_o11,p049_20231027,49,1,1,55,2_S5,1.7967106e-05,0.0011894897,0.026466718,0.95593053,0.016361002,3.432634e-05,3_S6
c1_p049_20231101_o07,p049_20231101,49,1,1,60,3_S6,3.5567073e-06,5.3947562e-05,0.004210456,0.10712152,0.8879788,0.00063160656,4_S7
c1_p049_20231106_o02,p049_20231106,49,1,1,62,3_S6,2.0908039e-05,0.0004979307,0.0023241837,0.6519438,0.34394407,0.0012690761,3_S6
c1_p049_20231109_o07,p049_20231109,49,1,1,64,3_S6,7.3247497e-09,3.2090256e-07,8.581609e-05,0.0050094337,0.9948037,0.00010065156,4_S7
c1_p049_20231120_o05,p049_20231120,49,1,1,71,4_S7,3.8395356e-08,9.804752e-07,0.00010114349,0.0027320646,0.9969029,0.00026289976,4_S7
c1_p049_20231127_o07,p049_20231127,49,1,1,72,4_S7,1.9750253e-09,2.493878e-08,3.2742937e-05,2.3575238e-05,0.99956316,0.00038047816,4_S7
c1_p049_20231130_o11,p049_20231130,49,1,1,73,4_S7,0.0008238637,0.00067899865,0.004039263,0.015973926,0.8777101,0.10077382,4_S7
c1_p049_20231204_o12,p049_20231204,49,1,1,74,4_S7,4.8731845e-06,1.1959684e-05,0.00023522633,0.001532369,0.9789464,0.01926913,4_S7
c1_p049_20231211_o03,p049_20231211,49,1,1,75,4_S7,3.9788763e-09,1.3061291e-09,4.9874106e-06,2.0265041e-07,0.9995859,0.0004088503,4_S7
c1_p049_20231214_o11,p049_20231214,49,1,1,77,4_S7,1.2982522e-06,8.674438e-06,0.00014281292,0.00012593465,0.92932284,0.070398435,4_S7
c1_p049_20231218_o12,p049_20231218,49,1,1,78,4_S7,1.2714137e-08,2.7756617e-08,2.2545399e-05,3.5733746e-07,0.99713373,0.0028433325,4_S7
c1_p049_20231227_o12,p049_20231227,49,1,1,79,4_S7,4.7377675e-06,1.1634013e-05,0.002136983,4.4556073e-05,0.89749295,0.100309126,4_S7
c1_p049_20240104_o08,p049_20240104,49,1,1,82,5_S8,3.3056282e-09,8.841074e-09,4.0663394e-06,9.9975054e-08,0.1285469,0.871449,5_S8
c1_p059_20230929_o08,p059_20230929,59,1,1,13,0_S1,0.9988201,3.8182625e-05,0.0011204993,1.1250643e-05,6.5904774e-06,3.3651909e-06,0_S1
c1_p059_20231004_o06,p059_20231004,59,1,1,13,0_S1,0.9996338,0.00015222677,0.00019969168,4.9521877e-06,5.7170546e-06,3.5159228e-06,0_S1
c1_p059_20231011_o03,p059_20231011,59,1,1,15,0_S1,0.05393874,0.088705115,0.69391644,0.15146516,0.010158323,0.0018162067,2_S5
c1_p059_20231017_o11,p059_20231017,59,1,1,53,2_S5,0.005626221,0.031339966,0.33931378,0.5046793,0.118003204,0.0010375072,3_S6
c1_p059_20231019_o12,p059_20231019,59,1,1,60,3_S6,0.00044228247,0.009314266,0.114449635,0.7250901,0.15032405,0.00037964762,3_S6
c1_p059_20231023_o05,p059_20231023,59,1,1,64,3_S6,0.00023326003,0.0023801827,0.08652407,0.76667464,0.14378096,0.0004069245,3_S6
c1_p059_20231027_o02,p059_20231027,59,1,1,62,3_S6,5.470559e-09,3.9073275e-06,0.00019038634,0.9832829,0.016517298,5.4237053e-06,3_S6
c1_p059_20231101_o08,p059_20231101,59,1,1,65,3_S6,2.6337939e-06,0.00019627577,0.0064003705,0.5914957,0.40162295,0.00028208332,3_S6
c1_p059_20231106_o10,p059_20231106,59,1,1,70,4_S7,3.6669667e-10,1.4844668e-08,3.5377186e-06,0.0007683359,0.9990202,0.00020789975,4_S7
c1_p059_20231109_o01,p059_20231109,59,1,1,71,4_S7,5.07258e-09,4.0654936e-07,1.6277174e-05,0.06274585,0.9368208,0.00041665733,4_S7
c1_p059_20231120_o11,p059_20231120,59,1,1,72,4_S7,1.7734786e-10,1.7403353e-09,5.445038e-07,3.137232e-05,0.99989843,6.962318e-05,4_S7
c1_p059_20231127_o04,p059_20231127,59,1,1,74,4_S7,2.1071875e-07,6.253049e-07,2.4741517e-05,0.0038035368,0.99432474,0.0018460471,4_S7
c1_p059_20231130_o08,p059_20231130,59,1,1,75,4_S7,0.00014010482,0.00025425898,0.07170052,0.003979476,0.8480552,0.07587039,4_S7
c1_p059_20231204_o04,p059_20231204,59,1,1,76,4_S7,1.219673e-07,3.9975336e-07,2.2147038e-05,0.0017297772,0.997514,0.00073355046,4_S7
c1_p059_20231211_o04,p059_20231211,59,1,1,77,4_S7,1.0062208e-06,7.646774e-07,5.757239e-05,5.372738e-05,0.97239405,0.027492875,4_S7
c1_p059_20231214_o04,p059_20231214,59,1,1,78,4_S7,4.7226884e-10,5.7392846e-09,3.5184785e-06,3.0308108e-06,0.9981096,0.0018838459,4_S7
c1_p059_20231218_o10,p059_20231218,59,1,1,79,4_S7,1.3010506e-06,5.53291e-07,0.011559901,2.4764545e-06,0.89459497,0.09384085,4_S7
c1_p059_20231227_o01,p059_20231227,59,1,1,81,5_S8,3.8973486e-10,4.641178e-09,9.3525676e-07,2.244018e-06,0.32843414,0.6715627,5_S8
c1_p059_20240104_o01,p059_20240104,59,1,1,83,5_S8,3.780477e-09,2.6321805e-09,5.0436586e-07,4.50768e-08,0.00058130303,0.99941826,5_S8
c1_p073_20231006_o05,p073_20231006,73,1,1,13,0_S1,0.99895763,2.4938168e-05,0.0009378813,1.1357837e-05,5.49526e-05,1.3217659e-05,0_S1
c1_p073_20231011_o09,p073_20231011,73,1,1,13,0_S1,0.9922327,0.0002641133,0.00664641,0.00029225674,0.00046637093,9.8093464e-05,0_S1
c1_p073_20231017_o10,p073_20231017,73,1,1,13,0_S1,0.99612683,0.000515253,0.0031327216,9.971903e-05,0.00010331796,2.2253018e-05,0_S1
c1_p073_20231019_o10,p073_20231019,73,1,1,13,0_S1,0.99810994,0.00019957637,0.0016670183,6.379766e-06,9.84498e-06,7.231014e-06,0_S1
c1_p073_20231023_o10,p073_20231023,73,1,1,14,0_S1,0.5600094,0.06555698,0.33515194,0.027504927,0.009030459,0.002746227,0_S1
c1_p073_20231027_o09,p073_20231027,73,1,1,51,2_S5,0.04566111,0.06273436,0.8282819,0.06063091,0.0023485336,0.00034318445,2_S5
c1_p073_20231101_o05,p073_20231101,73,1,1,53,2_S5,0.004052774,0.011557882,0.76926994,0.20204847,0.012211311,0.00085963,2_S5
c1_p073_20231106_o05,p073_20231106,73,1,1,69,3_S6,5.533049e-09,6.4218966e-07,0.000117994045,0.13208552,0.86775404,4.1689764e-05,4_S7
c1_p073_20231109_o08,p073_20231109,73,1,1,70,4_S7,9.2969005e-10,1.5009256e-07,1.2372159e-05,0.10279621,0.8971566,3.4645513e-05,4_S7
c1_p073_20231120_o05,p073_20231120,73,1,1,71,4_S7,6.106171e-10,6.883927e-08,5.8973123e-06,0.019653078,0.98025227,8.8706576e-05,4_S7
c1_p073_20231127_o01,p073_20231127,73,1,1,72,4_S7,1.2555124e-06,7.5523517e-06,5.341105e-05,0.23588413,0.7638074,0.0002462205,4_S7
c1_p073_20231130_o08,p073_20231130,73,1,1,75,4_S7,0.00076929445,0.00065454,0.012385177,0.05851683,0.79782474,0.12984936,4_S7
c1_p073_20231204_o07,p073_20231204,73,1,1,76,4_S7,0.00012286537,0.000121524085,0.0012560183,0.042378675,0.7971889,0.15893205,4_S7
c1_p073_20231211_o03,p073_20231211,73,1,1,77,4_S7,6.343203e-07,1.1753732e-06,8.408879e-05,0.0008245608,0.99575955,0.003330075,4_S7
c1_p073_20231214_o01,p073_20231214,73,1,1,78,4_S7,8.460716e-09,2.2154067e-08,2.3542325e-06,1.0119042e-05,0.99623567,0.003751779,4_S7
c1_p073_20231218_o10,p073_20231218,73,1,1,79,4_S7,1.5422549e-07,3.691921e-08,1.4916831e-05,7.154809e-07,0.99849296,0.0014913419,4_S7
c1_p073_20231227_o06,p073_20231227,73,1,1,79,4_S7,1.9869965e-08,4.0987183e-09,7.011432e-06,3.5882078e-07,0.99971193,0.00028065915,4_S7
c1_p073_20240115_o08,p073_20240115,73,1,1,84,5_S8,5.3504465e-08,7.280538e-09,1.5200175e-06,9.425298e-08,0.0006952919,0.999303,5_S8
c1_p073_20240119_o05,p073_20240119,73,1,1,85,5_S8,3.5644293e-10,4.5850983e-11,3.2444671e-09,5.8893317e-09,1.955203e-05,0.99998045,5_S8
c1_p073_20240126_o11,p073_20240126,73,1,1,86,5_S8,2.6818392e-07,2.494537e-08,6.182866e-06,3.7323915e-07,0.002931044,0.99706215,5_S8
c1_p077_20231006_o11,p077_20231006,77,1,1,13,0_S1,0.9980925,0.00023688794,0.0013592559,6.613896e-05,0.00016762904,7.757177e-05,0_S1
c1_p077_20231011_o02,p077_20231011,77,1,1,13,0_S1,0.9995598,2.655963e-05,0.00037941776,6.738941e-06,2.1295233e-05,6.1631467e-06,0_S1
c1_p077_20231017_o10,p077_20231017,77,1,1,13,0_S1,0.9966037,0.00010503469,0.0031166747,4.6831192e-05,0.000105295156,2.2410508e-05,0_S1
c1_p077_20231019_o08,p077_20231019,77,1,1,14,0_S1,0.98944116,0.00026965654,0.009559627,0.000198739,0.00047624385,5.4459e-05,0_S1
c1_p077_20231023_o12,p077_20231023,77,1,1,20,1_S2,0.9983891,0.0004887539,0.0010877891,6.852047e-06,1.6880525e-05,1.0614136e-05,0_S1
c1_p077_20231027_o07,p077_20231027,77,1,1,53,2_S5,0.48386428,0.018737514,0.48244637,0.013674551,0.0011438434,0.00013351972,0_S1
c1_p077_20231101_o04,p077_20231101,77,1,1,55,2_S5,0.00010275704,0.0023253344,0.06296367,0.8701056,0.06395623,0.0005463397,3_S6
c1_p077_20231106_o05,p077_20231106,77,1,1,60,3_S6,2.900868e-07,2.4478712e-05,0.0011540061,0.64465034,0.35411233,5.8493453e-05,3_S6
c1_p077_20231109_o04,p077_20231109,77,1,1,69,3_S6,9.310007e-09,1.4824395e-06,0.00017261188,0.17537126,0.82425493,0.0001996698,4_S7
c1_p077_20231120_o05,p077_20231120,77,1,1,70,4_S7,1.5806596e-07,1.16466645e-05,0.0004178051,0.2580521,0.7406606,0.0008576541,4_S7
c1_p077_20231127_o12,p077_20231127,77,1,1,73,4_S7,1.1309282e-05,2.198104e-05,8.993561e-05,0.20456761,0.7951958,0.00011337028,4_S7
c1_p077_20231130_o11,p077_20231130,77,1,1,75,4_S7,7.053494e-07,1.2054816e-06,3.328726e-05,0.00041892607,0.9946549,0.004890967,4_S7
c1_p077_20231204_o03,p077_20231204,77,1,1,76,4_S7,3.615405e-07,3.61872e-07,1.0098154e-05,0.0020405408,0.9974376,0.0005110344,4_S7
c1_p077_20231211_o12,p077_20231211,77,1,1,77,4_S7,2.4765032e-10,1.3148126e-09,4.2840423e-07,9.919541e-06,0.99996746,2.211871e-05,4_S7
c1_p077_20231214_o09,p077_20231214,77,1,1,78,4_S7,1.6239803e-09,3.991771e-09,6.921186e-07,9.564965e-07,0.9976609,0.0023374783,4_S7
c1_p077_20231218_o07,p077_20231218,77,1,1,79,4_S7,1.2603216e-09,7.465952e-09,2.3554187e-06,5.798677e-06,0.9993905,0.0006013087,4_S7
c1_p077_20231227_o07,p077_20231227,77,1,1,79,4_S7,4.4075213e-10,1.3392848e-09,5.409154e-07,2.2133834e-06,0.99951875,0.00047839893,4_S7
c1_p077_20240115_o09,p077_20240115,77,1,1,81,5_S8,5.5203986e-07,5.158126e-07,0.00094770006,2.6266619e-06,0.44335285,0.5556957,5_S8
c1_p077_20240119_o08,p077_20240119,77,1,1,84,5_S8,9.500722e-10,1.902361e-09,8.530069e-07,3.194529e-07,0.033409603,0.96658915,5_S8
c1_p077_20240126_o01,p077_20240126,77,1,1,88,5_S8,1.3291332e-10,9.250877e-10,3.3069037e-07,1.5162615e-06,0.9765589,0.023439169,4_S7
c1_p078_20231006_o07,p078_20231006,78,1,1,13,0_S1,0.99759966,0.00015296476,0.002078082,3.9366016e-05,8.720632e-05,4.274286e-05,0_S1
c1_p078_20231011_o06,p078_20231011,78,1,1,13,0_S1,0.9995797,5.6272107e-05,0.00032107698,7.914587e-06,2.1829192e-05,1.3168636e-05,0_S1
c1_p078_20231017_o03,p078_20231017,78,1,1,13,0_S1,0.9629836,0.0008682338,0.035428043,0.00033200235,0.0003006723,8.747978e-05,0_S1
c1_p078_20231019_o05,p078_20231019,78,1,1,14,0_S1,0.8952883,0.0026519368,0.09237845,0.00285875,0.005859504,0.00096306583,0_S1
c1_p078_20231023_o06,p078_20231023,78,1,1,51,2_S5,0.31712168,0.018018996,0.6226762,0.022754652,0.018557249,0.00087124825,2_S5
c1_p078_20231027_o12,p078_20231027,78,1,1,53,2_S5,0.009238519,0.008241677,0.5513876,0.3448871,0.08512442,0.0011207274,2_S5
c1_p078_20231101_o05,p078_20231101,78,1,1,60,3_S6,9.3947056e-05,0.0013583895,0.1327214,0.57033914,0.29450387,0.0009832717,3_S6
c1_p078_20231106_o09,p078_20231106,78,1,1,63,3_S6,5.1682285e-09,1.0791985e-06,6.007183e-05,0.8973421,0.102438495,0.00015824102,3_S6
c1_p078_20231109_o05,p078_20231109,78,1,1,70,4_S7,9.828545e-10,3.2163956e-07,3.2454427e-05,0.16898054,0.83094037,4.627769e-05,4_S7
c1_p078_20231120_o11,p078_20231120,78,1,1,71,4_S7,5.4037046e-09,8.2303904e-07,0.0001798355,0.06692069,0.93201834,0.000880213,4_S7
c1_p078_20231127_o10,p078_20231127,78,1,1,72,4_S7,8.198548e-07,2.3468374e-06,1.4056203e-05,0.05948169,0.9404247,7.6453856e-05,4_S7
c1_p078_20231130_o12,p078_20231130,78,1,1,74,4_S7,4.1485898e-11,6.6576633e-10,2.9733215e-07,1.3634036e-05,0.99996066,2.5479338e-05,4_S7
c1_p078_20231204_o03,p078_20231204,78,1,1,76,4_S7,9.36026e-06,8.343294e-06,8.559885e-05,0.082818024,0.91682863,0.00025004736,4_S7
c1_p078_20231211_o08,p078_20231211,78,1,1,78,4_S7,2.3083547e-07,2.0335979e-06,0.00055336073,0.0027697252,0.9962613,0.00041337672,4_S7
c1_p078_20231214_o03,p078_20231214,78,1,1,79,4_S7,1.6684286e-11,2.212056e-10,2.1181007e-08,6.368894e-05,0.99988675,4.9573806e-05,4_S7
c1_p078_20231218_o05,p078_20231218,78,1,1,79,4_S7,3.7321548e-12,8.1399706e-11,1.236688e-07,3.9092868e-07,0.99987984,0.00011969093,4_S7
c1_p078_20231227_o04,p078_20231227,78,1,1,79,4_S7,9.8004785e-11,2.375417e-09,1.417325e-06,1.1296081e-05,0.99757916,0.0024081857,4_S7
c1_p078_20240115_o06,p078_20240115,78,1,1,83,5_S8,1.8131951e-08,3.5733855e-08,5.1378247e-06,1.6669668e-05,0.9763283,0.023649814,4_S7
c1_p078_20240119_o01,p078_20240119,78,1,1,84,5_S8,8.095431400000001e-17,1.6379881e-16,8.2311673e-14,1.5289054e-13,2.0862347e-08,1.0,5_S8
c1_p078_20240126_o09,p078_20240126,78,1,1,89,5_S8,2.5341176e-10,9.86483e-11,1.2431089e-07,4.735959e-08,0.0068588997,0.993141,5_S8
c1_p083_20231128_o06,p083_20231128,83,1,1,68,3_S6,1.527706e-07,2.500859e-06,7.852929e-05,0.795713,0.20417085,3.5000005e-05,3_S6
c1_p083_20231130_o04,p083_20231130,83,1,1,69,3_S6,7.6656175e-07,3.024631e-06,3.6501748e-05,0.9615216,0.03842926,8.82502e-06,3_S6
c1_p083_20231204_o09,p083_20231204,83,1,1,70,4_S7,1.4533903e-05,2.963189e-05,0.00030702545,0.7575542,0.24191476,0.00017991918,3_S6
c1_p083_20231207_o03,p083_20231207,83,1,1,71,4_S7,6.831847e-06,2.6275708e-05,0.000749856,0.12234866,0.8733289,0.0035394097,4_S7
c1_p083_20231211_o05,p083_20231211,83,1,1,73,4_S7,1.703652e-08,4.077756e-07,8.366422e-05,0.0063664233,0.99247,0.0010794875,4_S7
c1_p083_20231218_o06,p083_20231218,83,1,1,75,4_S7,6.7748598e-12,4.7660415e-10,4.892417e-07,1.1364363e-05,0.9999176,7.055825e-05,4_S7
c1_p083_20231227_o02,p083_20231227,83,1,1,77,4_S7,2.8452301e-12,7.586981e-11,1.0094244e-07,8.0321485e-07,0.99998057,1.8512108e-05,4_S7
c1_p083_20240115_o01,p083_20240115,83,1,1,78,4_S7,1.2753543e-13,3.978226e-12,2.1261808e-08,5.3808265e-08,0.99979967,0.00020027948,4_S7
c1_p083_20240119_o03,p083_20240119,83,1,1,79,4_S7,2.5037902e-10,4.8355835e-09,2.5117213e-06,2.0981264e-05,0.9997048,0.0002716826,4_S7
c1_p083_20240126_o04,p083_20240126,83,1,1,83,5_S8,4.517482e-12,2.9683114e-11,6.2697234e-09,2.4996714e-09,1.7638838e-05,0.99998236,5_S8
c1_p085_20231128_o03,p085_20231128,85,1,1,65,3_S6,9.181164e-08,2.8548043e-06,0.0004034927,0.6459927,0.353195,0.00040592212,3_S6
c1_p085_20231130_o01,p085_20231130,85,1,1,68,3_S6,6.6088156e-05,0.00015788319,0.0009281031,0.89755785,0.10094413,0.0003459283,3_S6
c1_p085_20231204_o03,p085_20231204,85,1,1,69,3_S6,5.9550184e-05,0.00013296626,0.0004609942,0.76354945,0.23569882,9.824891e-05,3_S6
c1_p085_20231207_o03,p085_20231207,85,1,1,70,4_S7,3.3302396e-07,2.196858e-06,0.000112361085,0.095539905,0.90174025,0.0026049688,4_S7
c1_p085_20231211_o11,p085_20231211,85,1,1,71,4_S7,4.9564183e-05,0.0003016235,0.11590304,0.059055302,0.800728,0.023962421,4_S7
c1_p085_20231218_o12,p085_20231218,85,1,1,72,4_S7,1.5048064e-10,1.7814149e-09,2.0764006e-05,2.2871914e-06,0.99984825,0.00012866924,4_S7
c1_p085_20231227_o07,p085_20231227,85,1,1,74,4_S7,4.544731e-10,6.1766943e-09,3.9599386e-06,9.391207e-06,0.99987066,0.00011600858,4_S7
c1_p085_20240115_o05,p085_20240115,85,1,1,77,4_S7,4.394717e-07,1.0208307e-05,0.0025976242,0.0045205555,0.8857311,0.10714007,4_S7
c1_p085_20240119_o04,p085_20240119,85,1,1,79,4_S7,4.347343e-09,9.596617e-08,1.8215713e-05,0.000709769,0.98032653,0.018945375,4_S7
c1_p085_20240126_o02,p085_20240126,85,1,1,81,5_S8,3.872395e-10,4.780219e-10,2.1064542e-07,1.02860206e-07,0.0011431975,0.9988564,5_S8
c1_p089_20231128_o06,p089_20231128,89,1,1,64,3_S6,1.6164396e-08,6.333214e-07,4.5747176e-05,0.3992369,0.6006923,2.4451763e-05,4_S7
c1_p089_20231130_o04,p089_20231130,89,1,1,67,3_S6,2.8043743e-08,4.40829e-07,6.002268e-06,0.91852665,0.081466086,7.7198604e-07,3_S6
c1_p089_20231204_o06,p089_20231204,89,1,1,68,3_S6,4.988029e-06,1.4818504e-05,8.9421745e-05,0.87904865,0.12081162,3.0552823e-05,3_S6
c1_p089_20231207_o04,p089_20231207,89,1,1,70,4_S7,2.0996172e-08,3.4242757e-06,0.00013063666,0.1745931,0.82503885,0.00023400351,4_S7
c1_p089_20231211_o02,p089_20231211,89,1,1,71,4_S7,5.4464755e-10,2.7673062e-08,6.700993e-06,0.0016532636,0.99829525,4.4790413e-05,4_S7
c1_p089_20231218_o03,p089_20231218,89,1,1,73,4_S7,2.781219e-10,2.0955598e-08,1.6282871e-05,0.0001367326,0.9995085,0.00033846742,4_S7
c1_p089_20231227_o04,p089_20231227,89,1,1,74,4_S7,4.9880755e-10,2.4453474e-08,7.176205e-05,3.6718207e-05,0.99325895,0.006632593,4_S7
c1_p089_20240115_o10,p089_20240115,89,1,1,77,4_S7,1.5270117e-10,4.1349418e-10,2.3164462e-06,6.631399e-08,0.9969861,0.0030115645,4_S7
c1_p089_20240119_o08,p089_20240119,89,1,1,78,4_S7,2.5104003e-09,3.6389676e-09,1.8138671e-06,4.495015e-06,0.99941885,0.0005749184,4_S7
c1_p089_20240126_o03,p089_20240126,89,1,1,81,5_S8,1.4904398e-08,2.0670528e-07,0.001874355,6.8890495e-06,0.9746062,0.023512313,4_S7
c1_p097_20231128_o06,p097_20231128,97,1,1,64,3_S6,3.294795e-07,1.932215e-05,0.0008422084,0.5535268,0.44506857,0.00054271193,3_S6
c1_p097_20231130_o01,p097_20231130,97,1,1,67,3_S6,2.478197e-06,8.508042e-06,0.00022032148,0.8429962,0.15667695,9.554146e-05,3_S6
c1_p097_20231204_o03,p097_20231204,97,1,1,69,3_S6,0.00010086955,0.00011597574,0.0005628069,0.80559313,0.19330768,0.00031958093,3_S6
c1_p097_20231207_o08,p097_20231207,97,1,1,68,3_S6,4.03151e-08,3.2929627e-06,0.00014678107,0.06712547,0.9315614,0.0011629683,4_S7
c1_p097_20231211_o06,p097_20231211,97,1,1,69,3_S6,9.4335896e-08,1.3960271e-06,5.291576e-05,0.078547835,0.92118955,0.00020823171,4_S7
c1_p097_20231218_o06,p097_20231218,97,1,1,71,4_S7,1.3424327e-09,7.920399e-08,1.6194408e-05,0.0003118437,0.9986363,0.0010355697,4_S7
c1_p097_20231227_o08,p097_20231227,97,1,1,72,4_S7,3.4464647e-12,8.3670466e-11,4.5072294e-08,2.228019e-06,0.99990547,9.2267255e-05,4_S7
c1_p097_20240115_o08,p097_20240115,97,1,1,75,4_S7,1.901153e-12,7.508748e-11,7.295233e-07,3.100379e-07,0.99996483,3.4151562e-05,4_S7
c1_p097_20240119_o09,p097_20240119,97,1,1,79,4_S7,7.594699e-11,1.6327314e-09,2.8275488e-06,9.306175e-06,0.99991775,7.0107315e-05,4_S7
c1_p097_20240126_o08,p097_20240126,97,1,1,80,5_S8,6.434546e-10,3.6607425e-08,2.487722e-05,2.6982934e-05,0.9717281,0.028219938,4_S7
c1_p099_20231128_o03,p099_20231128,99,1,1,65,3_S6,9.0649695e-07,3.062047e-05,0.0012712377,0.9723309,0.026349466,1.6930351e-05,3_S6
c1_p099_20231130_o08,p099_20231130,99,1,1,66,3_S6,6.7893684e-06,2.2480845e-05,0.00028415676,0.9823727,0.017307203,6.737381e-06,3_S6
c1_p099_20231204_o05,p099_20231204,99,1,1,68,3_S6,0.00032714405,0.00038030418,0.0012191248,0.93606865,0.061761428,0.00024341141,3_S6
c1_p099_20231207_o08,p099_20231207,99,1,1,70,4_S7,5.4882154e-08,2.3423668e-06,0.00014303766,0.47929832,0.5205303,2.5998315e-05,4_S7
c1_p099_20231211_o05,p099_20231211,99,1,1,71,4_S7,5.3431584e-05,0.00023210462,0.002063718,0.6674167,0.3278075,0.002426598,3_S6
c1_p099_20231218_o12,p099_20231218,99,1,1,72,4_S7,9.203796e-09,8.42784e-07,3.1787033e-05,0.029469827,0.96865195,0.0018456613,4_S7
c1_p099_20231227_o05,p099_20231227,99,1,1,74,4_S7,1.3291758e-07,7.0760325e-07,6.348483e-05,0.00019670275,0.99565166,0.004087354,4_S7
c1_p099_20240115_o12,p099_20240115,99,1,1,78,4_S7,7.5385156e-11,1.6892802e-09,7.990001e-07,8.2681445e-06,0.99977285,0.00021807534,4_S7
c1_p099_20240119_o05,p099_20240119,99,1,1,79,4_S7,5.4617203e-08,1.8386551e-07,4.7393434e-05,2.6360665e-05,0.9988244,0.001101621,4_S7
c1_p099_20240126_o09,p099_20240126,99,1,1,80,5_S8,4.784207e-12,2.7056031e-11,5.136789e-08,1.603845e-08,0.9988978,0.0011021285,4_S7
c1_p003_20230816_o02,p003_20230816,3,2,1,64,3_S6,0.0014501705,0.005089058,0.78486824,0.18042879,0.028064154,9.95454e-05,2_S5
c1_p003_20230921_o08,p003_20230921,3,2,1,77,4_S7,0.00011110396,2.9711915e-05,0.00025645987,0.0005510096,0.9874915,0.011560182,4_S7
c1_p003_20231005_o08,p003_20231005,3,2,1,79,4_S7,0.004106929,0.005866141,0.017074864,0.00446654,0.7653511,0.20313433,4_S7
c1_p004_20230816_o11,p004_20230816,4,2,1,61,3_S6,0.0015724148,0.01789456,0.30014658,0.65094376,0.029076032,0.00036670818,3_S6
c1_p004_20230921_o02,p004_20230921,4,2,1,79,4_S7,0.0013286755,0.00536209,0.17048544,0.5819251,0.23752505,0.00337362,3_S6
c1_p004_20231005_o12,p004_20231005,4,2,1,82,5_S8,0.0016859395,0.0029943613,0.030127857,0.008698272,0.81895727,0.13753632,4_S7
c1_p009_20230816_o11,p009_20230816,9,2,1,64,3_S6,6.760589e-05,0.000572437,0.017926488,0.9492164,0.03218905,2.8006543e-05,3_S6
c1_p009_20230921_o10,p009_20230921,9,2,1,75,4_S7,0.04413642,0.0016796528,0.00033177185,0.0004453987,0.77497816,0.1784285,4_S7
c1_p009_20231005_o01,p009_20231005,9,2,1,84,5_S8,0.00018867292,4.0227747e-05,6.261872e-06,6.837064e-06,0.0045357696,0.99522215,5_S8
c1_p014_20230816_o08,p014_20230816,14,2,1,69,3_S6,0.0002646552,0.0028634113,0.76449955,0.20351669,0.028729556,0.00012614831,2_S5
c1_p014_20230921_o02,p014_20230921,14,2,1,76,4_S7,0.096166655,0.04300327,0.0131319575,0.025320828,0.76276636,0.059610832,4_S7
c1_p014_20231005_o06,p014_20231005,14,2,1,79,4_S7,0.0027692835,0.00061352813,0.0013164066,0.00038132252,0.9883178,0.006601745,4_S7
c1_p015_20230816_o01,p015_20230816,15,2,1,66,3_S6,0.00041648897,0.0067269146,0.096988335,0.85681057,0.038977638,8.009737e-05,3_S6
c1_p015_20230921_o12,p015_20230921,15,2,1,73,4_S7,0.012018587,0.0068597626,0.012917176,0.070501596,0.8935119,0.00419098,4_S7
c1_p015_20231005_o06,p015_20231005,15,2,1,77,4_S7,0.0042557935,0.06062976,0.07510604,0.014650438,0.8134499,0.031908154,4_S7
c1_p018_20230816_o11,p018_20230816,18,2,1,68,3_S6,0.00089101,0.004199131,0.15842777,0.6326232,0.20379877,6.0086302e-05,3_S6
c1_p018_20230921_o10,p018_20230921,18,2,1,78,4_S7,0.00083055755,0.00014324665,0.0004320521,0.0009215726,0.99722016,0.00045246579,4_S7
c1_p018_20231005_o05,p018_20231005,18,2,1,89,5_S8,0.0008137822,7.8593424e-05,8.426575e-06,6.9407256e-06,0.5725335,0.42655882,4_S7
c1_p019_20230816_o03,p019_20230816,19,2,1,70,4_S7,0.0041006063,0.015495841,0.35676262,0.39613855,0.22716695,0.00033548818,3_S6
c1_p019_20230921_o01,p019_20230921,19,2,1,78,4_S7,0.00026732922,0.0009523594,0.009925989,0.018594565,0.9693896,0.00087014143,4_S7
c1_p019_20231005_o07,p019_20231005,19,2,1,85,5_S8,1.1082128e-05,8.808335e-06,1.2050274e-05,3.537102e-06,0.005296208,0.9946683,5_S8
c1_p020_20230816_o03,p020_20230816,20,2,1,70,4_S7,0.0019270658,0.007999557,0.18656467,0.53368026,0.26972583,0.000102596015,3_S6
c1_p020_20230921_o01,p020_20230921,20,2,1,72,4_S7,4.2871183e-05,0.00036015065,0.051803995,0.60909003,0.33810672,0.00059623487,3_S6
c1_p020_20231005_o10,p020_20231005,20,2,1,78,4_S7,0.01410252,0.0068967654,0.35963592,0.0071403445,0.60439473,0.007829681,4_S7
c1_p022_20230828_o11,p022_20230828,22,2,1,19,0_S1,0.7650544,0.038901832,0.19417289,0.0011825428,0.0005081449,0.00018008267,0_S1
c1_p022_20230904_o01,p022_20230904,22,2,1,53,2_S5,0.01396354,0.089708745,0.7909119,0.097967826,0.0071474956,0.0003004883,2_S5
c1_p022_20230908_o03,p022_20230908,22,2,1,63,3_S6,0.0007692937,0.001454992,0.07535473,0.916995,0.0054186196,7.313776e-06,3_S6
c1_p022_20230921_o11,p022_20230921,22,2,1,70,4_S7,6.339547e-06,7.389665e-05,0.034064777,0.14187187,0.82393503,4.7986516e-05,4_S7
c1_p022_20231006_o06,p022_20231006,22,2,1,72,4_S7,0.00017409827,0.0024760491,0.13648364,0.0968815,0.75689894,0.007085703,4_S7
c1_p022_20231017_o03,p022_20231017,22,2,1,75,4_S7,1.5266548e-06,1.1371399e-05,0.00345442,0.0053393594,0.9911527,4.072262e-05,4_S7
c1_p022_20231023_o02,p022_20231023,22,2,1,77,4_S7,4.0310322e-08,5.538847e-07,9.73549e-05,0.00010625853,0.9988152,0.0009806716,4_S7
c1_p022_20231027_o12,p022_20231027,22,2,1,78,4_S7,7.6251304e-08,2.741148e-07,2.745618e-06,4.7889524e-05,0.9979626,0.0019863811,4_S7
c1_p022_20231101_o10,p022_20231101,22,2,1,79,4_S7,1.1152455e-06,2.750985e-06,0.00012420941,0.00019363021,0.9902575,0.009420813,4_S7
c1_p022_20231106_o07,p022_20231106,22,2,1,80,5_S8,0.0004180186,0.00021350659,0.00025412935,0.00015261363,0.62286794,0.37609372,4_S7
c1_p022_20231109_o10,p022_20231109,22,2,1,80,5_S8,0.00014942784,0.00012495206,0.00011818305,0.00054315955,0.71670234,0.28236192,4_S7
c1_p022_20231120_o03,p022_20231120,22,2,1,84,5_S8,1.5951532e-07,9.752706e-08,7.047909e-08,1.3043669e-07,0.00035697353,0.9996425,5_S8
c1_p022_20231124_o02,p022_20231124,22,2,1,86,5_S8,1.1288289e-06,4.4066968e-07,2.8642836e-07,2.1611201e-07,0.00034829223,0.9996495,5_S8
c1_p022_20231127_o03,p022_20231127,22,2,1,88,5_S8,1.2874775e-06,5.933553e-07,3.7743953e-07,7.0147354e-07,0.0040063486,0.9959907,5_S8
c1_p022_20231130_o04,p022_20231130,22,2,1,89,5_S8,5.5007405e-07,9.983182e-08,3.382242e-08,3.8629654e-08,0.00025024358,0.999749,5_S8
c1_p024_20230828_o03,p024_20230828,24,2,1,15,0_S1,0.992706,0.0055340687,0.0016884991,2.846204e-05,3.484413e-05,8.14193e-06,0_S1
c1_p024_20230904_o03,p024_20230904,24,2,1,17,0_S1,0.22222084,0.1670301,0.5443811,0.059941154,0.0059718867,0.000454971,2_S5
c1_p024_20230908_o11,p024_20230908,24,2,1,23,1_S2,0.007899073,0.008531817,0.10190408,0.74601007,0.13544464,0.00021031997,3_S6
c1_p024_20230921_o04,p024_20230921,24,2,1,28,1_S2,0.00016693528,0.0009463293,0.10862298,0.5883039,0.30173716,0.00022270449,3_S6
c1_p024_20231006_o08,p024_20231006,24,2,1,29,1_S2,1.8483785e-05,0.0006185078,0.010153559,0.3024186,0.6854402,0.0013506986,4_S7
c1_p024_20231017_o08,p024_20231017,24,2,1,29,1_S2,1.5988749e-06,2.681106e-05,0.01842006,0.0060120053,0.9754229,0.00011653438,4_S7
c1_p024_20231023_o12,p024_20231023,24,2,1,29,1_S2,1.8392371e-05,0.00012224376,0.08794209,0.020229941,0.89124167,0.00044568538,4_S7
c1_p024_20231027_o10,p024_20231027,24,2,1,29,1_S2,7.534392e-08,7.488592e-07,5.7370562e-05,7.257397e-05,0.99871576,0.0011534576,4_S7
c1_p024_20231101_o07,p024_20231101,24,2,1,29,1_S2,4.9451854e-05,0.00043287638,0.07104167,0.0070696007,0.80368173,0.11772473,4_S7
c1_p024_20231106_o04,p024_20231106,24,2,1,29,1_S2,2.5234527e-05,0.00014024376,0.0075738397,0.00815212,0.93259156,0.051517013,4_S7
c1_p024_20231109_o02,p024_20231109,24,2,1,29,1_S2,0.00024818347,0.001077022,0.018282034,0.0015486814,0.8251867,0.15365738,4_S7
c1_p024_20231120_o03,p024_20231120,24,2,1,29,1_S2,8.031441e-06,2.800133e-05,0.00020024412,2.5814834e-05,0.043254733,0.9564832,5_S8
c1_p024_20231124_o02,p024_20231124,24,2,1,29,1_S2,2.4822059e-05,4.9980375e-05,9.658624e-05,0.00011663242,0.62497705,0.37473494,4_S7
c1_p024_20231127_o07,p024_20231127,24,2,1,51,2_S5,3.834764e-06,4.717479e-06,5.1877156e-05,1.7711496e-06,0.070552796,0.92938495,5_S8
c1_p024_20231130_o09,p024_20231130,24,2,1,51,2_S5,0.0006106046,0.0005300676,0.0023788435,0.00087284803,0.5557448,0.43986282,4_S7
c1_p028_20230828_o02,p028_20230828,28,2,1,15,0_S1,0.99700266,0.000540362,0.002440832,5.692167e-06,6.1142164e-06,4.35391e-06,0_S1
c1_p028_20230904_o08,p028_20230904,28,2,1,51,2_S5,0.013435325,0.008266436,0.970941,0.0062459777,0.0010899075,2.1393134e-05,2_S5
c1_p028_20230908_o06,p028_20230908,28,2,1,61,3_S6,0.00060694554,0.003191923,0.16677263,0.7807012,0.04868938,3.7916197e-05,3_S6
c1_p028_20230921_o11,p028_20230921,28,2,1,70,4_S7,7.59919e-06,0.00011343701,0.0014461302,0.040863965,0.9574682,0.00010056491,4_S7
c1_p028_20231006_o03,p028_20231006,28,2,1,73,4_S7,4.4578454e-05,0.0005076266,0.017095236,0.02031385,0.9614953,0.00054338446,4_S7
c1_p028_20231017_o02,p028_20231017,28,2,1,74,4_S7,1.5681051e-05,0.000111544774,0.016308272,0.017066017,0.9663585,0.00014004561,4_S7
c1_p028_20231023_o10,p028_20231023,28,2,1,75,4_S7,0.00012227903,0.0010445259,0.033668417,0.1399923,0.8190666,0.0061059073,4_S7
c1_p028_20231027_o04,p028_20231027,28,2,1,76,4_S7,1.0256235e-06,1.0637631e-05,0.00013762173,0.0003731022,0.99513763,0.004339944,4_S7
c1_p028_20231101_o04,p028_20231101,28,2,1,77,4_S7,2.504797e-06,2.896606e-05,0.0007031091,0.0023155122,0.9286783,0.06827156,4_S7
c1_p028_20231106_o12,p028_20231106,28,2,1,78,4_S7,0.00072585687,0.00013128824,7.4911375e-05,3.5981553e-05,0.89659745,0.102434486,4_S7
c1_p028_20231109_o10,p028_20231109,28,2,1,79,4_S7,4.694426e-05,3.4797362e-05,4.2882344e-05,0.0002523416,0.6063972,0.3932258,4_S7
c1_p028_20231120_o10,p028_20231120,28,2,1,81,5_S8,4.5420798e-08,5.99111e-08,6.9770993e-09,2.0504293e-08,5.5702418e-05,0.9999441,5_S8
c1_p028_20231124_o08,p028_20231124,28,2,1,84,5_S8,0.00018495988,3.5213157e-05,5.8744367e-06,2.062982e-05,0.0673854,0.93236786,5_S8
c1_p028_20231127_o07,p028_20231127,28,2,1,86,5_S8,7.234107e-05,1.8203764e-05,3.399207e-06,1.6768303e-05,0.53039455,0.46949476,4_S7
c1_p028_20231130_o06,p028_20231130,28,2,1,89,5_S8,7.205761e-06,5.9559324e-07,6.748668e-08,4.77168e-07,0.0006534828,0.9993382,5_S8
c1_p033_20230828_o06,p033_20230828,33,2,1,16,0_S1,0.93712187,0.0067305705,0.054951057,0.00037147824,0.0007424348,8.259446e-05,0_S1
c1_p033_20230904_o10,p033_20230904,33,2,1,52,2_S5,0.02100239,0.044488225,0.8435099,0.089333735,0.0016238956,4.1797204e-05,2_S5
c1_p033_20230908_o11,p033_20230908,33,2,1,61,3_S6,0.00020898972,0.001223217,0.048597112,0.9304871,0.0194627,2.0869646e-05,3_S6
c1_p033_20230921_o04,p033_20230921,33,2,1,70,4_S7,0.00047435716,0.0043160697,0.08060766,0.20002839,0.7138835,0.0006899899,4_S7
c1_p033_20231006_o08,p033_20231006,33,2,1,72,4_S7,0.0004767648,0.0042674122,0.18162951,0.501914,0.31124687,0.00046540535,3_S6
c1_p033_20231017_o11,p033_20231017,33,2,1,73,4_S7,9.756968e-06,6.0440638e-05,0.006751372,0.015177063,0.97780263,0.00019869611,4_S7
c1_p033_20231023_o03,p033_20231023,33,2,1,74,4_S7,0.006668788,0.035906915,0.06011328,0.17263316,0.7243459,0.00033198425,4_S7
c1_p033_20231027_o06,p033_20231027,33,2,1,75,4_S7,4.5537536e-06,5.199085e-05,0.0008507054,0.053655956,0.9444813,0.0009555611,4_S7
c1_p033_20231101_o02,p033_20231101,33,2,1,76,4_S7,1.2554009e-05,5.576312e-05,0.0013444938,0.00058422034,0.9978666,0.0001363616,4_S7
c1_p033_20231106_o01,p033_20231106,33,2,1,77,4_S7,6.086713e-07,8.553084e-06,0.000141093,0.00030625786,0.99931014,0.00023339209,4_S7
c1_p033_20231109_o06,p033_20231109,33,2,1,78,4_S7,3.4336708e-07,4.910658e-06,2.108191e-05,0.00024509532,0.9978302,0.0018983124,4_S7
c1_p033_20231120_o10,p033_20231120,33,2,1,83,5_S8,0.0006253968,0.0014866389,0.0058676987,0.002838465,0.6406244,0.34855747,4_S7
c1_p033_20231124_o09,p033_20231124,33,2,1,85,5_S8,7.1288156e-07,4.627169e-06,9.577345e-06,5.0402996e-05,0.93230176,0.06763294,4_S7
c1_p033_20231127_o07,p033_20231127,33,2,1,87,5_S8,2.1459705e-06,9.292451e-06,1.1097007e-05,1.2760425e-05,0.71528643,0.28467828,4_S7
c1_p033_20231130_o02,p033_20231130,33,2,1,89,5_S8,0.000129586,0.00029811697,0.003450785,0.0002990438,0.17361255,0.8222099,5_S8
c1_p040_20230828_o08,p040_20230828,40,2,1,14,0_S1,0.85987794,0.007378974,0.13172625,0.0006785624,0.0002301148,0.00010817299,0_S1
c1_p040_20230904_o01,p040_20230904,40,2,1,54,2_S5,0.001311483,0.012536809,0.105756156,0.3275936,0.5525158,0.00028604802,4_S7
c1_p040_20230908_o05,p040_20230908,40,2,1,62,3_S6,1.912578e-05,0.00014818541,0.019516874,0.9800411,0.00027333846,1.3568489e-06,3_S6
c1_p040_20230921_o04,p040_20230921,40,2,1,65,3_S6,0.00012059572,0.0019215278,0.045460224,0.8333387,0.11888893,0.00027000147,3_S6
c1_p040_20231006_o03,p040_20231006,40,2,1,71,4_S7,5.5121627e-06,0.00010939045,0.0018428375,0.016936531,0.98101693,8.8792796e-05,4_S7
c1_p040_20231017_o12,p040_20231017,40,2,1,72,4_S7,3.5171914e-05,0.00026583977,0.051927146,0.20153782,0.7460794,0.00015469638,4_S7
c1_p040_20231023_o04,p040_20231023,40,2,1,73,4_S7,1.3444644e-06,0.00010770105,0.001783725,0.846685,0.14704454,0.004377673,3_S6
c1_p040_20231027_o07,p040_20231027,40,2,1,74,4_S7,1.1086444e-06,0.0001512496,0.0010413262,0.17059192,0.826002,0.0022124771,4_S7
c1_p040_20231101_o10,p040_20231101,40,2,1,75,4_S7,8.641204e-06,9.190363e-05,0.0018145306,0.02291487,0.9726716,0.002498374,4_S7
c1_p040_20231106_o09,p040_20231106,40,2,1,76,4_S7,4.3992266e-05,0.0004807042,0.03431638,0.14476782,0.8200878,0.0003033727,4_S7
c1_p040_20231109_o12,p040_20231109,40,2,1,77,4_S7,0.00012554867,0.00074869255,0.03003518,0.27630576,0.69082564,0.0019591786,4_S7
c1_p040_20231120_o10,p040_20231120,40,2,1,81,5_S8,6.200451e-06,0.00014879281,0.001918424,0.087107375,0.82191503,0.08890416,4_S7
c1_p040_20231124_o11,p040_20231124,40,2,1,82,5_S8,3.1372535e-06,3.9998224e-05,0.00038156656,0.009297073,0.9763732,0.013905079,4_S7
c1_p040_20231127_o01,p040_20231127,40,2,1,84,5_S8,2.2426701e-07,2.7945812e-06,1.21413295e-05,0.0071607283,0.9876902,0.005133896,4_S7
c1_p040_20231130_o10,p040_20231130,40,2,1,87,5_S8,5.1578936e-06,2.8329943e-05,0.0003874677,0.010571267,0.39661342,0.5923944,5_S8
c1_p052_20230929_o06,p052_20230929,52,2,1,13,0_S1,0.99974865,0.0002117764,3.0939176e-05,9.285378e-07,1.4346463e-06,6.1697924e-06,0_S1
c1_p052_20231004_o08,p052_20231004,52,2,1,13,0_S1,0.9997596,0.0001896747,2.6063452e-05,3.7794504e-07,1.9217828e-06,2.2328126e-05,0_S1
c1_p052_20231011_o09,p052_20231011,52,2,1,14,0_S1,0.99079716,0.008018456,0.0010786263,6.9517686e-05,2.205162e-05,1.4147329e-05,0_S1
c1_p052_20231017_o12,p052_20231017,52,2,1,52,2_S5,0.0745702,0.050259758,0.8652882,0.004340198,0.0053201285,0.00022154162,2_S5
c1_p052_20231019_o07,p052_20231019,52,2,1,53,2_S5,0.6279667,0.2279516,0.10078702,0.03449953,0.00876545,2.9631236e-05,0_S1
c1_p052_20231023_o08,p052_20231023,52,2,1,61,3_S6,0.013165691,0.28323865,0.33973452,0.27823293,0.0855287,9.944355e-05,2_S5
c1_p052_20231027_o05,p052_20231027,52,2,1,68,3_S6,0.0003605441,0.006747484,0.04121841,0.82304734,0.12352915,0.005097051,3_S6
c1_p052_20231101_o08,p052_20231101,52,2,1,67,3_S6,0.00041616682,0.009359316,0.5808703,0.39150637,0.017585328,0.00026251064,2_S5
c1_p052_20231106_o11,p052_20231106,52,2,1,68,3_S6,6.9527455e-06,0.000106108804,0.0008910206,0.34541577,0.65347564,0.00010451297,4_S7
c1_p052_20231109_o12,p052_20231109,52,2,1,70,4_S7,3.1268326e-05,0.0006489388,0.009771958,0.6484851,0.34064934,0.00041335679,3_S6
c1_p052_20231120_o10,p052_20231120,52,2,1,72,4_S7,8.632943e-07,5.2968394e-06,0.00020509372,0.0029508877,0.99662495,0.00021297269,4_S7
c1_p052_20231127_o06,p052_20231127,52,2,1,73,4_S7,3.3968584e-07,7.725844e-07,7.4427608e-06,0.000718839,0.9985494,0.0007230729,4_S7
c1_p052_20231130_o11,p052_20231130,52,2,1,75,4_S7,1.4472706e-06,2.7430028e-06,1.63533e-05,0.0006453128,0.9969379,0.002396318,4_S7
c1_p052_20231204_o07,p052_20231204,52,2,1,76,4_S7,1.1959118e-05,4.829537e-05,6.0641505e-05,0.00046641767,0.799618,0.19979472,4_S7
c1_p052_20231211_o03,p052_20231211,52,2,1,77,4_S7,1.9142832e-05,8.118176e-05,0.00066046364,0.00030487555,0.8397751,0.15915936,4_S7
c1_p052_20231214_o10,p052_20231214,52,2,1,78,4_S7,1.4198076e-07,1.7744107e-07,1.9109725e-06,6.302494e-05,0.9983991,0.0015356952,4_S7
c1_p052_20231218_o12,p052_20231218,52,2,1,79,4_S7,2.6148655e-05,1.4989811e-05,7.548072e-05,0.00021976295,0.98425716,0.015406556,4_S7
c1_p052_20231227_o07,p052_20231227,52,2,1,79,4_S7,1.2510948e-06,3.3225995e-06,6.3388194e-07,9.263075e-06,0.057993937,0.94199157,5_S8
c1_p052_20240104_o09,p052_20240104,52,2,1,84,5_S8,2.8466745e-06,4.8457564e-06,6.784313e-06,3.1789477e-05,0.21407813,0.78587556,5_S8
c1_p058_20230929_o02,p058_20230929,58,2,1,13,0_S1,0.999962,2.8619268e-05,7.797353e-06,2.222878e-07,5.39585e-07,8.932239e-07,0_S1
c1_p058_20231004_o04,p058_20231004,58,2,1,13,0_S1,0.9988507,0.00021418485,0.0009224904,1.8429845e-06,4.12821e-06,6.608963e-06,0_S1
c1_p058_20231011_o04,p058_20231011,58,2,1,14,0_S1,0.9983418,0.00051095523,0.0011406771,3.787155e-06,9.933556e-07,1.7126645e-06,0_S1
c1_p058_20231017_o11,p058_20231017,58,2,1,52,2_S5,0.086916745,0.051805694,0.8389226,0.014853747,0.007218528,0.0002826742,2_S5
c1_p058_20231019_o06,p058_20231019,58,2,1,53,2_S5,0.043012377,0.007276417,0.9357038,0.005849819,0.0074159023,0.00074160413,2_S5
c1_p058_20231023_o05,p058_20231023,58,2,1,54,2_S5,0.5181338,0.0470264,0.42458445,0.008466854,0.001669003,0.00011952628,0_S1
c1_p058_20231027_o04,p058_20231027,58,2,1,55,2_S5,0.0436968,0.035337586,0.5554552,0.28481174,0.08008102,0.00061761047,2_S5
c1_p058_20231101_o11,p058_20231101,58,2,1,59,2_S5,0.0009565852,0.007150492,0.71747863,0.25766352,0.01656186,0.00018893939,2_S5
c1_p058_20231106_o06,p058_20231106,58,2,1,63,3_S6,2.6292337e-06,7.327507e-05,0.0023006243,0.31823844,0.67860854,0.00077647367,4_S7
c1_p058_20231109_o03,p058_20231109,58,2,1,64,3_S6,2.925913e-06,4.1302166e-05,0.0009945291,0.090230845,0.907011,0.0017194693,4_S7
c1_p058_20231120_o02,p058_20231120,58,2,1,67,3_S6,9.2878076e-07,2.876418e-06,7.1939816e-05,0.0029213182,0.9967397,0.000263235,4_S7
c1_p058_20231127_o04,p058_20231127,58,2,1,71,4_S7,6.848058e-08,1.2441785e-07,1.1002809e-06,5.91331e-05,0.9998073,0.00013228226,4_S7
c1_p058_20231130_o06,p058_20231130,58,2,1,73,4_S7,2.5164778e-07,1.2191283e-06,1.3957932e-05,3.8415612e-05,0.99952126,0.0004249087,4_S7
c1_p058_20231204_o05,p058_20231204,58,2,1,74,4_S7,2.9126288e-11,4.3653847e-10,8.393104e-09,9.008855e-08,0.9999927,7.16789e-06,4_S7
c1_p058_20231211_o10,p058_20231211,58,2,1,75,4_S7,2.2950146e-05,7.580931e-05,0.0051456075,0.00016788213,0.9597976,0.034790207,4_S7
c1_p058_20231214_o07,p058_20231214,58,2,1,76,4_S7,5.5633635e-09,1.2841548e-08,1.2440137e-07,2.765685e-07,0.9994031,0.00059650256,4_S7
c1_p058_20231218_o02,p058_20231218,58,2,1,78,4_S7,3.2180918e-07,2.478677e-07,1.868795e-06,6.2236572e-06,0.99888796,0.0011032933,4_S7
c1_p058_20231227_o11,p058_20231227,58,2,1,79,4_S7,1.07871934e-07,2.8010663e-07,2.4189005e-06,2.5016387e-05,0.9986192,0.0013530019,4_S7
c1_p058_20240104_o09,p058_20240104,58,2,1,81,5_S8,3.003635e-07,1.7814907e-06,2.1001981e-06,1.4149831e-05,0.046455532,0.95352614,5_S8
c1_p060_20230929_o11,p060_20230929,60,2,1,13,0_S1,0.99809796,0.0013919701,0.00046032848,1.7053942e-05,1.3774531e-05,1.8897312e-05,0_S1
c1_p060_20231004_o12,p060_20231004,60,2,1,13,0_S1,0.9995012,0.0003161123,0.00016064831,1.6097742e-06,9.383147e-06,1.1025767e-05,0_S1
c1_p060_20231011_o10,p060_20231011,60,2,1,53,2_S5,0.99827135,0.0013805946,0.00011894151,0.00010745982,0.0001130164,8.617063e-06,0_S1
c1_p060_20231017_o06,p060_20231017,60,2,1,60,3_S6,0.08679598,0.059541695,0.5316067,0.051672537,0.26680288,0.0035802284,2_S5
c1_p060_20231019_o10,p060_20231019,60,2,1,67,3_S6,0.00054504804,0.004836086,0.31631154,0.61336565,0.06376093,0.0011807724,3_S6
c1_p060_20231023_o02,p060_20231023,60,2,1,67,3_S6,0.00017245737,0.008599888,0.024038447,0.33194187,0.6348493,0.0003979821,4_S7
c1_p060_20231027_o01,p060_20231027,60,2,1,67,3_S6,1.5777479e-06,8.0708225e-05,0.002700031,0.98659444,0.010597127,2.6028238e-05,3_S6
c1_p060_20231101_o12,p060_20231101,60,2,1,70,4_S7,3.1363768e-06,0.00015192006,0.023864815,0.34601387,0.6294099,0.00055633707,4_S7
c1_p060_20231106_o05,p060_20231106,60,2,1,70,4_S7,0.00021695659,0.0025014847,0.15650892,0.026023522,0.5848186,0.22993055,4_S7
c1_p060_20231109_o03,p060_20231109,60,2,1,70,4_S7,7.737904e-06,0.00033212968,0.051057145,0.08419906,0.86210716,0.002296833,4_S7
c1_p060_20231120_o12,p060_20231120,60,2,1,71,4_S7,8.272918e-05,0.000115638446,0.0009316372,0.0038709731,0.9740336,0.020965567,4_S7
c1_p060_20231127_o10,p060_20231127,60,2,1,72,4_S7,0.0001571566,7.1354036e-05,0.00033270955,0.17113544,0.8280498,0.00025355193,4_S7
c1_p060_20231130_o11,p060_20231130,60,2,1,73,4_S7,0.00121916,0.00036337585,0.00022595466,0.00040585935,0.6891787,0.308607,4_S7
c1_p060_20231204_o03,p060_20231204,60,2,1,74,4_S7,2.9679114e-07,6.4034793e-07,1.9049355e-06,4.780484e-06,0.9988097,0.0011827096,4_S7
c1_p060_20231211_o10,p060_20231211,60,2,1,75,4_S7,5.6723704e-05,8.619121e-05,0.0003554328,0.00042747677,0.9584098,0.04066451,4_S7
c1_p060_20231214_o05,p060_20231214,60,2,1,77,4_S7,1.822308e-07,2.311873e-07,1.4040666e-06,7.3580945e-06,0.99927765,0.0007130711,4_S7
c1_p060_20231218_o11,p060_20231218,60,2,1,78,4_S7,6.443313e-06,1.2894624e-05,4.103065e-05,0.00023859233,0.2736187,0.72608227,5_S8
c1_p060_20231227_o04,p060_20231227,60,2,1,79,4_S7,3.7601146e-06,5.248026e-06,2.2188972e-06,2.0219954e-05,0.6801527,0.31981587,4_S7
c1_p060_20240104_o06,p060_20240104,60,2,1,84,5_S8,6.1997474e-07,1.1015269e-06,3.6755765e-07,1.2116379e-06,0.0035062067,0.99649054,5_S8
c1_p063_20231006_o02,p063_20231006,63,2,1,13,0_S1,0.99970573,0.00021376819,1.6688127e-05,3.9316296e-06,1.4552269e-05,4.5343524e-05,0_S1
c1_p063_20231011_o08,p063_20231011,63,2,1,13,0_S1,0.9995407,0.00032401056,8.0337864e-05,2.315474e-05,8.73542e-06,2.322445e-05,0_S1
c1_p063_20231017_o02,p063_20231017,63,2,1,13,0_S1,0.9999367,5.600669e-05,6.218456e-06,1.3173853e-07,4.3822314e-07,5.2737744e-07,0_S1
c1_p063_20231019_o11,p063_20231019,63,2,1,14,0_S1,0.99996805,1.7162767e-05,9.969471e-06,5.1864912e-08,1.6825744e-06,3.0689318e-06,0_S1
c1_p063_20231023_o07,p063_20231023,63,2,1,14,0_S1,0.9996995,5.1851555e-05,0.00024485876,1.6945897e-06,8.7693843e-07,1.2712471e-06,0_S1
c1_p063_20231027_o11,p063_20231027,63,2,1,14,0_S1,0.9862206,0.005873713,0.007748844,9.216339e-05,3.09166e-05,3.382473e-05,0_S1
c1_p063_20231101_o11,p063_20231101,63,2,1,53,2_S5,0.1466092,0.04383694,0.8045888,0.0043291203,0.0005079995,0.00012796701,2_S5
c1_p063_20231106_o09,p063_20231106,63,2,1,60,3_S6,4.4157958e-05,0.0013923013,0.00937544,0.98170644,0.00672753,0.000754104,3_S6
c1_p063_20231109_o01,p063_20231109,63,2,1,64,3_S6,3.4887864e-07,7.9343896e-05,0.00045387464,0.97070956,0.028480096,0.0002767114,3_S6
c1_p063_20231120_o10,p063_20231120,63,2,1,70,4_S7,2.847838e-07,5.729765e-06,0.00010048693,0.04019182,0.9525006,0.0072010704,4_S7
c1_p063_20231127_o03,p063_20231127,63,2,1,71,4_S7,1.3950513e-08,2.9567675e-08,1.3918342e-06,0.008739313,0.9912588,3.986466e-07,4_S7
c1_p063_20231130_o03,p063_20231130,63,2,1,72,4_S7,1.9153738e-06,4.120656e-05,0.00095614104,0.051510498,0.946272,0.001218188,4_S7
c1_p063_20231204_o02,p063_20231204,63,2,1,75,4_S7,3.021936e-08,1.8352382e-07,5.447984e-06,0.0017599296,0.9982298,4.5992497e-06,4_S7
c1_p063_20231211_o06,p063_20231211,63,2,1,78,4_S7,4.9521816e-08,8.2512827e-07,1.1938452e-05,0.03086688,0.96911275,7.689703e-06,4_S7
c1_p063_20231214_o04,p063_20231214,63,2,1,79,4_S7,1.4751464e-07,3.5269036e-07,2.5338832e-05,0.001153695,0.99874604,7.4412426e-05,4_S7
c1_p063_20231218_o01,p063_20231218,63,2,1,79,4_S7,2.6069222e-09,6.412056e-08,7.326724e-08,0.0004218296,0.9922058,0.0073721986,4_S7
c1_p063_20231227_o09,p063_20231227,63,2,1,79,4_S7,1.5753233e-08,1.6136448e-07,4.024903e-07,0.00030081623,0.9754132,0.024285499,4_S7
c1_p063_20240115_o10,p063_20240115,63,2,1,83,5_S8,3.390505e-06,1.9489902e-05,0.000103125865,0.00057706836,0.2405156,0.7587813,5_S8
c1_p063_20240119_o04,p063_20240119,63,2,1,84,5_S8,1.8776272e-07,2.9759308e-06,1.41701685e-05,0.0002898694,0.08355316,0.91613966,5_S8
c1_p063_20240126_o04,p063_20240126,63,2,1,85,5_S8,5.1837556e-09,3.2578953e-08,1.3713635e-07,5.6747035e-07,6.233418e-05,0.99993694,5_S8
c1_p064_20231006_o06,p064_20231006,64,2,1,13,0_S1,0.9999745,1.8476632e-05,3.0513481e-06,3.5667594e-07,7.628552e-07,2.838127e-06,0_S1
c1_p064_20231011_o05,p064_20231011,64,2,1,13,0_S1,0.9996408,0.0002892071,3.4252556e-05,9.443441e-06,1.3631757e-05,1.2787909e-05,0_S1
c1_p064_20231017_o07,p064_20231017,64,2,1,13,0_S1,0.9956084,0.00087840133,0.0034768095,6.850632e-06,5.2745077e-06,2.4368388e-05,0_S1
c1_p064_20231019_o12,p064_20231019,64,2,1,13,0_S1,0.9997578,0.00022181905,1.5546437e-05,1.3755815e-07,6.1383463e-07,4.1838875e-06,0_S1
c1_p064_20231023_o03,p064_20231023,64,2,1,13,0_S1,0.99607193,0.0015617447,0.0023586387,1.7899736e-06,1.9052789e-06,3.9210836e-06,0_S1
c1_p064_20231027_o03,p064_20231027,64,2,1,14,0_S1,0.9762738,0.0026012433,0.021083586,2.5972304e-05,5.239491e-06,1.0236496e-05,0_S1
c1_p064_20231101_o07,p064_20231101,64,2,1,52,2_S5,0.02298149,0.046652485,0.91730905,0.0099034095,0.0009781565,0.0021753751,2_S5
c1_p064_20231106_o03,p064_20231106,64,2,1,61,3_S6,0.0001973934,0.009450913,0.042883046,0.76255953,0.17788082,0.0070283045,3_S6
c1_p064_20231109_o05,p064_20231109,64,2,1,65,3_S6,2.6980408e-05,0.001035457,0.0038677815,0.8856869,0.10720423,0.002178676,3_S6
c1_p064_20231120_o05,p064_20231120,64,2,1,69,3_S6,7.5394432e-06,9.1277616e-05,0.0011254306,0.27054757,0.72643346,0.0017947099,4_S7
c1_p064_20231127_o01,p064_20231127,64,2,1,69,3_S6,1.4314341e-07,4.6689826e-07,1.5046965e-05,0.083659016,0.916322,3.3179715e-06,4_S7
c1_p064_20231130_o05,p064_20231130,64,2,1,71,4_S7,1.3525205e-06,9.749484e-06,0.000118195065,0.023968784,0.97524107,0.0006608197,4_S7
c1_p064_20231204_o02,p064_20231204,64,2,1,73,4_S7,9.575939e-07,5.625379e-07,3.3288226e-05,0.018046226,0.9819167,2.3056289e-06,4_S7
c1_p064_20231211_o05,p064_20231211,64,2,1,75,4_S7,2.475536e-06,1.5985997e-05,0.00018978184,0.010845956,0.9886297,0.0003161467,4_S7
c1_p064_20231214_o05,p064_20231214,64,2,1,77,4_S7,1.1795045e-07,4.7978695e-08,5.0468943e-06,0.0001328779,0.99982625,3.569702e-05,4_S7
c1_p064_20231218_o04,p064_20231218,64,2,1,78,4_S7,1.4375994e-08,9.5741434e-08,1.2458769e-06,8.486846e-05,0.99656576,0.0033481054,4_S7
c1_p064_20231227_o06,p064_20231227,64,2,1,79,4_S7,3.839692e-07,2.1219105e-06,5.5561804e-06,0.0010481204,0.939058,0.05988579,4_S7
c1_p064_20240115_o06,p064_20240115,64,2,1,79,4_S7,2.528464e-06,1.3647632e-05,4.7550402e-05,0.00056041987,0.54625165,0.45312423,4_S7
c1_p064_20240119_o04,p064_20240119,64,2,1,81,5_S8,4.8136277e-05,0.000191703,0.0028546276,0.0016057648,0.14863792,0.84666187,5_S8
c1_p064_20240126_o08,p064_20240126,64,2,1,82,5_S8,2.253004e-06,2.146053e-05,0.0011280673,0.09579948,0.8995355,0.0035132507,4_S7
c1_p065_20231006_o07,p065_20231006,65,2,1,13,0_S1,0.99979776,0.00015990547,1.8737295e-05,2.6687826e-06,4.935836e-06,1.6030985e-05,0_S1
c1_p065_20231011_o03,p065_20231011,65,2,1,13,0_S1,0.9996184,0.00030712198,5.8574627e-05,6.2772674e-06,3.2214539e-06,6.3102125e-06,0_S1
c1_p065_20231017_o12,p065_20231017,65,2,1,13,0_S1,0.98647404,0.0111459335,0.0022704538,4.345428e-05,3.412532e-05,3.207937e-05,0_S1
c1_p065_20231019_o08,p065_20231019,65,2,1,13,0_S1,0.99962914,0.00023542588,8.956686e-05,3.1709694e-06,4.734302e-06,3.79054e-05,0_S1
c1_p065_20231023_o07,p065_20231023,65,2,1,13,0_S1,0.9952674,0.0013224325,0.003245273,5.523876e-05,2.7598671e-05,8.205886e-05,0_S1
c1_p065_20231027_o10,p065_20231027,65,2,1,51,2_S5,0.22582994,0.33890745,0.42497066,0.008357656,0.0011532113,0.0007811406,2_S5
c1_p065_20231101_o02,p065_20231101,65,2,1,52,2_S5,0.0395673,0.028519394,0.92831224,0.0032676337,0.00020715428,0.00012633245,2_S5
c1_p065_20231106_o10,p065_20231106,65,2,1,60,3_S6,3.8955775e-05,0.0015142533,0.0022976722,0.6720571,0.30939266,0.014699388,3_S6
c1_p065_20231109_o10,p065_20231109,65,2,1,68,3_S6,1.6727545e-05,9.865539e-05,0.0011621753,0.43541762,0.56273735,0.00056750554,4_S7
c1_p065_20231120_o12,p065_20231120,65,2,1,70,4_S7,2.5943535e-08,3.1224107e-07,4.3561554e-06,0.006357068,0.9931618,0.00047646856,4_S7
c1_p065_20231127_o07,p065_20231127,65,2,1,73,4_S7,2.406313e-07,4.4933122e-07,1.11678355e-05,0.030464562,0.96952325,3.0127572e-07,4_S7
c1_p065_20231130_o04,p065_20231130,65,2,1,74,4_S7,1.2799314e-06,3.154457e-06,5.8819074e-05,0.002084339,0.9972178,0.0006345754,4_S7
c1_p065_20231204_o03,p065_20231204,65,2,1,75,4_S7,2.3086073e-08,3.7751317e-08,4.9913615e-07,0.00010376149,0.9998927,3.036428e-06,4_S7
c1_p065_20231211_o04,p065_20231211,65,2,1,76,4_S7,4.0966474e-06,2.0809812e-05,0.00023721157,0.00079527945,0.9952938,0.003648758,4_S7
c1_p065_20231214_o09,p065_20231214,65,2,1,78,4_S7,9.948532e-08,1.4669244e-08,1.136655e-06,2.0702896e-06,0.9999895,7.1155937e-06,4_S7
c1_p065_20231218_o10,p065_20231218,65,2,1,79,4_S7,8.5221865e-05,0.00019107744,0.0030578573,0.0019537718,0.75849247,0.23621957,4_S7
c1_p065_20231227_o06,p065_20231227,65,2,1,79,4_S7,5.809458e-08,2.0588345e-07,1.100929e-06,5.3947847e-06,0.9355636,0.06442949,4_S7
c1_p065_20240115_o10,p065_20240115,65,2,1,79,4_S7,2.520614e-08,2.384589e-07,1.9461041e-07,8.862063e-07,0.004627146,0.9953715,5_S8
c1_p065_20240119_o12,p065_20240119,65,2,1,80,5_S8,5.4290595e-06,7.6310855e-05,0.001717465,0.0029324682,0.1912197,0.8040487,5_S8
c1_p065_20240126_o08,p065_20240126,65,2,1,88,5_S8,1.5811087e-11,6.7386145e-11,6.752046e-11,3.5892983e-10,3.641201e-06,0.9999963,5_S8
c1_p068_20231006_o01,p068_20231006,68,2,1,13,0_S1,0.9999422,5.030039e-05,4.2412694e-06,2.8584822e-07,4.940065e-07,2.4223152e-06,0_S1
c1_p068_20231011_o11,p068_20231011,68,2,1,13,0_S1,0.9995516,0.00029319228,1.0485209e-05,1.6848678e-06,4.3974043e-05,9.899558e-05,0_S1
c1_p068_20231017_o11,p068_20231017,68,2,1,13,0_S1,0.99913055,0.00065228203,0.00020214118,3.2007956e-06,4.482034e-06,7.3369447e-06,0_S1
c1_p068_20231019_o07,p068_20231019,68,2,1,14,0_S1,0.99750346,0.00070468,0.0017174693,4.264017e-05,1.7920307e-05,1.3886622e-05,0_S1
c1_p068_20231023_o06,p068_20231023,68,2,1,14,0_S1,0.9432572,0.008438322,0.04801661,8.306515e-05,0.00012472172,8.0146536e-05,0_S1
c1_p068_20231027_o01,p068_20231027,68,2,1,52,2_S5,0.24570438,0.070361055,0.65341204,0.029544767,0.0008638403,0.00011391437,2_S5
c1_p068_20231101_o04,p068_20231101,68,2,1,52,2_S5,0.15760465,0.052733224,0.7637993,0.0076742005,0.017938945,0.0002496313,2_S5
c1_p068_20231106_o10,p068_20231106,68,2,1,64,3_S6,2.6345117e-06,7.257459e-05,0.00059846183,0.8069995,0.19195299,0.00037376283,3_S6
c1_p068_20231109_o05,p068_20231109,68,2,1,65,3_S6,3.440938e-06,0.0009232371,0.008728078,0.88359064,0.10241713,0.004337436,3_S6
c1_p068_20231120_o02,p068_20231120,68,2,1,67,3_S6,2.7219381e-05,0.0014936598,0.008197708,0.4294886,0.5539193,0.006873532,4_S7
c1_p068_20231127_o08,p068_20231127,68,2,1,68,3_S6,9.970079e-07,1.7008074e-06,5.644127e-06,0.06544781,0.9345156,2.8264161e-05,4_S7
c1_p068_20231130_o09,p068_20231130,68,2,1,69,3_S6,2.4234956e-07,2.8248883e-06,1.2007555e-05,0.00043807318,0.999278,0.00026879186,4_S7
c1_p068_20231204_o06,p068_20231204,68,2,1,70,4_S7,2.5304953e-08,9.800453e-08,1.6468714e-06,0.00046203355,0.9995309,5.281178e-06,4_S7
c1_p068_20231211_o09,p068_20231211,68,2,1,71,4_S7,1.3503617e-06,4.1563453e-06,3.675156e-05,5.403835e-05,0.9992493,0.0006544043,4_S7
c1_p068_20231214_o02,p068_20231214,68,2,1,73,4_S7,1.6339104e-08,8.204261e-09,5.9624693e-07,1.5823679e-06,0.99998677,1.10052415e-05,4_S7
c1_p068_20231218_o03,p068_20231218,68,2,1,75,4_S7,2.8435528e-07,1.5239142e-06,6.909004e-06,0.00026490388,0.99488384,0.0048426134,4_S7
c1_p068_20231227_o02,p068_20231227,68,2,1,78,4_S7,1.0640937e-06,5.7755346e-06,4.4841676e-05,0.0002326756,0.91454864,0.08516701,4_S7
c1_p068_20240115_o09,p068_20240115,68,2,1,79,4_S7,3.9768645e-07,1.6538334e-06,2.2799425e-06,2.3950044e-05,0.629095,0.3708768,4_S7
c1_p068_20240119_o02,p068_20240119,68,2,1,80,5_S8,4.1736935e-06,3.745293e-05,0.00055893144,0.00045099694,0.8508828,0.14806561,4_S7
c1_p068_20240126_o07,p068_20240126,68,2,1,81,5_S8,7.981528e-07,4.8363554e-06,4.600867e-05,8.48974e-05,0.19983198,0.8000314,5_S8
c1_p082_20231128_o11,p082_20231128,82,2,1,67,3_S6,2.7672922e-06,2.4574587e-05,0.00028696802,0.94599617,0.053683605,5.837244e-06,3_S6
c1_p082_20231130_o12,p082_20231130,82,2,1,68,3_S6,1.1063753e-05,1.4937526e-05,9.066686e-05,0.9675519,0.0323265,4.938847e-06,3_S6
c1_p082_20231204_o10,p082_20231204,82,2,1,69,3_S6,5.714269e-05,7.1662056e-05,0.00036123907,0.6830859,0.31633458,8.948306e-05,3_S6
c1_p082_20231207_o01,p082_20231207,82,2,1,70,4_S7,0.000121388635,0.00024051646,0.0022365882,0.20833604,0.7862414,0.0028240113,4_S7
c1_p082_20231211_o01,p082_20231211,82,2,1,72,4_S7,1.2488981e-05,0.000120407036,0.0011565554,0.1139335,0.8827653,0.0020117143,4_S7
c1_p082_20231218_o08,p082_20231218,82,2,1,73,4_S7,3.768216e-10,9.446827e-09,2.7603978e-08,3.5947178e-06,0.9990715,0.0009249431,4_S7
c1_p082_20231227_o08,p082_20231227,82,2,1,74,4_S7,7.3171047e-10,2.1902885e-08,2.2368828e-07,6.6034413e-06,0.9969593,0.00303385,4_S7
c1_p082_20240115_o01,p082_20240115,82,2,1,76,4_S7,6.8053566e-07,7.730385e-06,0.00013963593,0.0008461109,0.9971264,0.0018794271,4_S7
c1_p082_20240119_o10,p082_20240119,82,2,1,78,4_S7,3.553868e-07,2.3091159e-06,0.0001344997,0.0012046591,0.9977884,0.00086972065,4_S7
c1_p082_20240126_o02,p082_20240126,82,2,1,84,5_S8,3.1009256e-10,1.1235614e-09,3.4874972e-09,1.2527403e-08,4.341658e-06,0.9999957,5_S8
c1_p088_20231128_o06,p088_20231128,88,2,1,67,3_S6,1.2184713e-06,3.4942594e-05,0.000307979,0.9577483,0.04189927,8.359187e-06,3_S6
c1_p088_20231130_o05,p088_20231130,88,2,1,68,3_S6,3.3003562e-06,3.39869e-06,2.0400079e-05,0.7971028,0.20286651,3.516204e-06,3_S6
c1_p088_20231204_o12,p088_20231204,88,2,1,69,3_S6,1.096022e-06,2.7079784e-06,2.7179307e-05,0.7402998,0.25965178,1.740604e-05,3_S6
c1_p088_20231207_o09,p088_20231207,88,2,1,71,4_S7,1.1602308e-05,4.8954713e-05,0.00042181625,0.17269093,0.8265322,0.00029456028,4_S7
c1_p088_20231211_o09,p088_20231211,88,2,1,73,4_S7,3.0634823e-05,0.00011056217,0.0023358862,0.16564862,0.8311708,0.0007035186,4_S7
c1_p088_20231218_o08,p088_20231218,88,2,1,75,4_S7,4.81983e-10,2.3724683e-08,1.8593404e-07,0.00013820562,0.9985814,0.0012801872,4_S7
c1_p088_20231227_o06,p088_20231227,88,2,1,77,4_S7,1.2842483e-08,1.3575281e-07,2.5046788e-06,0.002768795,0.9968828,0.00034581497,4_S7
c1_p088_20240115_o06,p088_20240115,88,2,1,78,4_S7,3.382168e-09,5.091436e-08,2.442293e-07,2.8997503e-05,0.9844499,0.015520818,4_S7
c1_p088_20240119_o05,p088_20240119,88,2,1,79,4_S7,7.929856e-06,1.9620913e-05,0.00076935627,0.016755909,0.9752873,0.0071599036,4_S7
c1_p088_20240126_o12,p088_20240126,88,2,1,80,5_S8,1.8231658e-08,4.014666e-07,1.188131e-06,5.538147e-05,0.112247966,0.887695,5_S8
c1_p095_20231128_o10,p095_20231128,95,2,1,66,3_S6,4.15783e-08,1.6882967e-05,0.00016185553,0.9938601,0.0059608724,2.1034288e-07,3_S6
c1_p095_20231130_o12,p095_20231130,95,2,1,68,3_S6,1.3508654e-06,9.047071e-07,2.259024e-05,0.8538235,0.14615028,1.4859932e-06,3_S6
c1_p095_20231204_o04,p095_20231204,95,2,1,70,4_S7,8.5794145e-06,7.3616407e-06,5.547118e-05,0.8697464,0.13017325,9.040321e-06,3_S6
c1_p095_20231207_o01,p095_20231207,95,2,1,70,4_S7,2.9010075e-06,1.2151273e-05,0.00010424363,0.021023145,0.97643125,0.0024261733,4_S7
c1_p095_20231211_o05,p095_20231211,95,2,1,71,4_S7,0.000105812476,0.00044194295,0.0021404673,0.16947614,0.8219696,0.005865927,4_S7
c1_p095_20231218_o04,p095_20231218,95,2,1,73,4_S7,1.0438633e-07,1.6436228e-06,7.7658315e-06,0.00050851767,0.99834347,0.0011385272,4_S7
c1_p095_20231227_o01,p095_20231227,95,2,1,75,4_S7,3.373071e-08,1.2466447e-06,7.956882e-06,0.0019830181,0.9429421,0.0550657,4_S7
c1_p095_20240115_o10,p095_20240115,95,2,1,78,4_S7,4.4643914e-10,1.0000483e-07,1.4259042e-06,0.00022660154,0.99931395,0.0004579418,4_S7
c1_p095_20240119_o08,p095_20240119,95,2,1,79,4_S7,1.317019e-06,1.1607117e-05,0.0018065976,0.008076875,0.97655416,0.013549399,4_S7
c1_p095_20240126_o04,p095_20240126,95,2,1,80,5_S8,9.328257e-09,1.6405228e-07,3.0110044e-07,4.7621206e-06,0.046805453,0.9531894,5_S8
c1_p098_20231128_o06,p098_20231128,98,2,1,66,3_S6,2.773242e-05,0.00080445985,0.002987033,0.6359624,0.3588662,0.0013521072,3_S6
c1_p098_20231130_o01,p098_20231130,98,2,1,68,3_S6,1.8275645e-05,1.7650027e-05,0.00017025022,0.8397222,0.16004476,2.6927684e-05,3_S6
c1_p098_20231204_o01,p098_20231204,98,2,1,69,3_S6,1.5354432e-05,2.8192197e-05,0.00013727031,0.79175335,0.20805088,1.4953042e-05,3_S6
c1_p098_20231207_o07,p098_20231207,98,2,1,70,4_S7,4.4616954e-07,4.2734046e-06,0.0001762815,0.077934645,0.9218482,3.624532e-05,4_S7
c1_p098_20231211_o06,p098_20231211,98,2,1,71,4_S7,4.2094644e-07,4.8871107e-06,0.00018490267,0.1156032,0.88416755,3.9040457e-05,4_S7
c1_p098_20231218_o03,p098_20231218,98,2,1,72,4_S7,1.0165501e-08,1.6289825e-07,9.992526e-07,9.025171e-05,0.9871968,0.012711854,4_S7
c1_p098_20231227_o06,p098_20231227,98,2,1,73,4_S7,8.977417e-11,1.1564063e-08,1.9667806e-07,0.00017289532,0.9987956,0.0010311874,4_S7
c1_p098_20240115_o06,p098_20240115,98,2,1,77,4_S7,2.8348064e-09,1.1006482e-07,7.713435e-07,0.0002761737,0.9916025,0.008120442,4_S7
c1_p098_20240119_o11,p098_20240119,98,2,1,79,4_S7,1.0582679e-06,1.719195e-05,7.443992e-05,0.011457677,0.98813653,0.00031308833,4_S7
c1_p098_20240126_o01,p098_20240126,98,2,1,81,5_S8,1.7365727e-10,1.0271373e-08,3.5150766e-08,9.231524e-06,0.9909059,0.009084815,4_S7
c1_p011_20230816_o10,p011_20230816,11,3,1,27,1_S2,3.8278023e-07,4.7693415e-05,0.0032131085,0.99352247,0.0032139514,2.3622574e-06,3_S6
c1_p011_20230921_o03,p011_20230921,11,3,1,51,2_S5,4.090222e-05,0.00012968016,1.6903765e-05,0.00519359,0.99461114,7.76882e-06,4_S7
c1_p011_20231005_o04,p011_20231005,11,3,1,52,2_S5,5.249767e-05,4.921885e-05,4.69557e-06,4.9210867e-05,0.98026395,0.019580469,4_S7
c1_p012_20230816_o02,p012_20230816,12,3,1,65,3_S6,1.30883855e-05,0.009399835,0.011056526,0.97739285,0.0021321087,5.5247997e-06,3_S6
c1_p012_20230921_o07,p012_20230921,12,3,1,79,4_S7,0.004005801,4.5149895e-06,6.1345577e-07,1.48304e-06,0.9698654,0.02612226,4_S7
c1_p012_20231005_o12,p012_20231005,12,3,1,82,5_S8,0.001438145,2.0054247e-05,8.448417e-06,6.4761156e-07,0.9869523,0.011580289,4_S7
c1_p021_20230816_o03,p021_20230816,21,3,1,64,3_S6,3.8681246e-05,0.001944546,0.010736142,0.9628805,0.024398949,1.1150757e-06,3_S6
c1_p021_20230921_o05,p021_20230921,21,3,1,83,5_S8,0.0002912769,0.00071985275,3.76386e-06,3.073929e-05,0.99152935,0.0074250144,4_S7
c1_p021_20231005_o06,p021_20231005,21,3,1,83,5_S8,3.199303e-05,5.581801e-07,5.8980146e-07,5.0855404e-09,0.99891937,0.0010474271,4_S7
c1_p029_20230828_o07,p029_20230828,29,3,1,20,1_S2,0.9960387,0.00030812068,0.0036463246,4.439214e-06,1.8417333e-06,5.08407e-07,0_S1
c1_p029_20230904_o12,p029_20230904,29,3,1,52,2_S5,0.9899394,0.0070163882,0.0030157906,1.8397703e-05,9.208134e-06,8.6726544e-07,0_S1
c1_p029_20230908_o12,p029_20230908,29,3,1,60,3_S6,0.0039384793,0.01399698,0.004094201,0.94428724,0.033681136,1.95631e-06,3_S6
c1_p029_20230921_o12,p029_20230921,29,3,1,65,3_S6,0.20603889,0.0041607833,0.034732968,0.02737821,0.72425455,0.0034346161,4_S7
c1_p029_20231006_o05,p029_20231006,29,3,1,71,4_S7,0.037949152,0.0007133242,0.0018674395,8.646744e-06,0.95914376,0.00031765213,4_S7
c1_p029_20231017_o07,p029_20231017,29,3,1,72,4_S7,0.0025118124,0.008665951,0.012052952,0.00075164106,0.97589546,0.0001221513,4_S7
c1_p029_20231023_o03,p029_20231023,29,3,1,73,4_S7,6.385471e-08,0.0011556209,0.00015472338,0.00022253199,0.9984665,5.644542e-07,4_S7
c1_p029_20231027_o12,p029_20231027,29,3,1,74,4_S7,0.0001469616,0.0005949567,0.042998083,2.6895874e-05,0.9552847,0.00094835093,4_S7
c1_p029_20231101_o01,p029_20231101,29,3,1,75,4_S7,8.622718e-06,0.05291014,0.002918024,1.1799455e-05,0.9438408,0.00031053807,4_S7
c1_p029_20231106_o10,p029_20231106,29,3,1,76,4_S7,0.00021172025,0.006696774,0.004261079,0.00029902192,0.9874286,0.0011026992,4_S7
c1_p029_20231109_o06,p029_20231109,29,3,1,79,4_S7,0.0001917437,0.0032065616,0.0007017464,0.00025954924,0.9734221,0.022218449,4_S7
c1_p029_20231120_o06,p029_20231120,29,3,1,81,5_S8,0.00026324796,0.0046457383,0.0019974231,9.845143e-05,0.113077156,0.8799179,5_S8
c1_p029_20231124_o02,p029_20231124,29,3,1,83,5_S8,9.2333335e-05,0.0019114995,0.0013349305,2.4333147e-05,0.09757119,0.89906573,5_S8
c1_p029_20231127_o01,p029_20231127,29,3,1,87,5_S8,0.00010726929,0.0033280381,0.00042442422,1.5693897e-05,0.046778534,0.94934607,5_S8
c1_p029_20231130_o11,p029_20231130,29,3,1,89,5_S8,0.00029119663,0.00020868801,0.0014246487,1.5395224e-05,0.019556032,0.9785041,5_S8
c1_p031_20230828_o09,p031_20230828,31,3,1,14,0_S1,0.99770397,0.0010345707,0.0012494721,5.0640956e-06,2.13049e-06,4.9165687e-06,0_S1
c1_p031_20230904_o07,p031_20230904,31,3,1,22,1_S2,0.9302778,0.0025011192,0.06600203,0.0011916189,2.6119096e-05,1.31054e-06,0_S1
c1_p031_20230908_o05,p031_20230908,31,3,1,61,3_S6,0.019243365,0.0769428,0.017135292,0.78378844,0.10286165,2.8423314e-05,3_S6
c1_p031_20230921_o05,p031_20230921,31,3,1,63,3_S6,0.026757626,0.0032996142,0.0032091723,0.0001849259,0.96348244,0.0030661442,4_S7
c1_p031_20231006_o09,p031_20231006,31,3,1,71,4_S7,2.5401427e-05,3.1764597e-05,7.284404e-05,0.0001348201,0.9996877,4.756245e-05,4_S7
c1_p031_20231017_o11,p031_20231017,31,3,1,73,4_S7,0.03141114,0.0040733614,0.24003007,0.00432754,0.6619921,0.05816578,4_S7
c1_p031_20231023_o06,p031_20231023,31,3,1,74,4_S7,1.634859e-06,8.1220955e-05,0.03657004,0.070425294,0.8929196,2.315423e-06,4_S7
c1_p031_20231027_o08,p031_20231027,31,3,1,75,4_S7,7.5119183e-06,0.00010306125,0.0013043721,0.0140530905,0.98452944,2.5043416e-06,4_S7
c1_p031_20231101_o08,p031_20231101,31,3,1,76,4_S7,1.8687095e-06,3.377842e-05,0.004717751,0.0041727936,0.991072,1.6990616e-06,4_S7
c1_p031_20231106_o02,p031_20231106,31,3,1,77,4_S7,5.7717898e-05,0.00096181687,0.0009136026,0.0010376611,0.9766531,0.020376109,4_S7
c1_p031_20231109_o08,p031_20231109,31,3,1,79,4_S7,1.0450843e-05,0.004812376,0.04672124,0.00036570252,0.94390345,0.004186741,4_S7
c1_p031_20231120_o08,p031_20231120,31,3,1,80,5_S8,4.697675e-05,0.0018124231,0.007938468,0.00017401145,0.2211255,0.76890266,5_S8
c1_p031_20231124_o01,p031_20231124,31,3,1,81,5_S8,3.4654826e-05,0.0016009558,0.014733191,1.0144899e-05,0.0046435595,0.97897756,5_S8
c1_p031_20231127_o12,p031_20231127,31,3,1,84,5_S8,1.7267911e-06,7.3591063e-06,0.0004069487,1.3157837e-06,0.24151373,0.7580689,5_S8
c1_p031_20231130_o04,p031_20231130,31,3,1,85,5_S8,8.739421e-05,0.00016384604,0.030662425,9.512012e-06,0.012815144,0.9562617,5_S8
c1_p037_20230828_o10,p037_20230828,37,3,1,14,0_S1,0.99811745,0.00047704854,0.0013927049,2.5540471e-06,5.4769334e-06,4.785342e-06,0_S1
c1_p037_20230904_o12,p037_20230904,37,3,1,54,2_S5,0.052191004,0.0006248709,0.9425957,0.0044397567,0.00014494093,3.7455748e-06,2_S5
c1_p037_20230908_o09,p037_20230908,37,3,1,60,3_S6,0.0015517238,0.020331258,0.41721737,0.5607567,0.00014096277,2.0091716e-06,3_S6
c1_p037_20230921_o03,p037_20230921,37,3,1,70,4_S7,3.2069827e-05,0.002967409,0.00046609654,0.003439003,0.99301916,7.630438e-05,4_S7
c1_p037_20231006_o12,p037_20231006,37,3,1,71,4_S7,0.0012699547,0.015281619,0.19135234,0.028348982,0.7565676,0.0071794754,4_S7
c1_p037_20231017_o03,p037_20231017,37,3,1,73,4_S7,1.7979237e-06,0.0013941252,0.00024848973,0.00049330055,0.99786216,1.5200139e-07,4_S7
c1_p037_20231023_o08,p037_20231023,37,3,1,75,4_S7,0.00068761926,0.0006801665,0.6431503,0.019892825,0.3355869,2.111189e-06,2_S5
c1_p037_20231027_o06,p037_20231027,37,3,1,76,4_S7,0.001207289,0.019939326,0.66260415,0.017813375,0.29829508,0.00014079032,2_S5
c1_p037_20231101_o03,p037_20231101,37,3,1,77,4_S7,3.918602e-06,0.004620239,0.00078026793,0.00030144703,0.9866263,0.007667818,4_S7
c1_p037_20231106_o04,p037_20231106,37,3,1,78,4_S7,5.7776844e-05,0.0002654705,4.5247874e-05,0.000424421,0.9705857,0.02862144,4_S7
c1_p037_20231109_o01,p037_20231109,37,3,1,79,4_S7,1.3686177e-06,0.00081037637,0.0005141096,0.0003012808,0.9982693,0.00010346666,4_S7
c1_p037_20231120_o07,p037_20231120,37,3,1,80,5_S8,0.00024153607,0.0069778324,0.0589322,0.0007495623,0.8624053,0.070693605,4_S7
c1_p037_20231124_o06,p037_20231124,37,3,1,85,5_S8,0.0013887687,0.015178548,0.053164642,0.00036531247,0.06609815,0.8638045,5_S8
c1_p037_20231127_o03,p037_20231127,37,3,1,87,5_S8,6.3479993e-06,0.00079721556,0.00022240795,1.5089846e-06,0.112805165,0.88616735,5_S8
c1_p037_20231130_o12,p037_20231130,37,3,1,89,5_S8,0.00022162726,0.0012138968,0.5572212,4.7429803e-05,0.071481645,0.36981422,2_S5
c1_p038_20230828_o11,p038_20230828,38,3,1,14,0_S1,0.98553574,0.0042225528,0.009502231,4.9217015e-05,0.00020527988,0.00048502593,0_S1
c1_p038_20230904_o08,p038_20230904,38,3,1,60,3_S6,0.28780282,0.11722283,0.27044562,0.26413417,0.05946902,0.00092556817,0_S1
c1_p038_20230908_o03,p038_20230908,38,3,1,62,3_S6,0.18570344,0.012667003,0.09886884,0.62806284,0.07466674,3.1181422e-05,3_S6
c1_p038_20230921_o04,p038_20230921,38,3,1,71,4_S7,2.8207885e-05,0.001558538,0.00080249616,0.0011773243,0.99642086,1.2680178e-05,4_S7
c1_p038_20231006_o09,p038_20231006,38,3,1,72,4_S7,1.7788626e-06,0.0056030215,0.00027329885,0.003440371,0.9905387,0.00014282444,4_S7
c1_p038_20231017_o11,p038_20231017,38,3,1,73,4_S7,0.00020163183,0.032608856,0.0033357274,0.008772009,0.95383763,0.0012442261,4_S7
c1_p038_20231023_o09,p038_20231023,38,3,1,74,4_S7,5.8898156e-08,0.00021800782,0.0017831951,0.0004094724,0.99758923,5.414085e-08,4_S7
c1_p038_20231027_o07,p038_20231027,38,3,1,75,4_S7,6.233461e-06,0.005588137,0.0024840098,0.0002548861,0.9856808,0.0059859096,4_S7
c1_p038_20231101_o06,p038_20231101,38,3,1,76,4_S7,1.3585577e-07,3.568777e-05,0.00022037074,1.7656472e-05,0.9997179,8.227411e-06,4_S7
c1_p038_20231106_o03,p038_20231106,38,3,1,77,4_S7,2.4574427e-07,1.331887e-06,7.5285794e-07,4.9026063e-08,0.99963164,0.00036599103,4_S7
c1_p038_20231109_o06,p038_20231109,38,3,1,78,4_S7,6.315981e-06,0.00030666718,0.0025476574,7.182137e-05,0.9916578,0.0054098335,4_S7
c1_p038_20231120_o10,p038_20231120,38,3,1,79,4_S7,0.0003538749,0.02758167,0.0007605969,4.451657e-05,0.27301472,0.6982446,5_S8
c1_p038_20231124_o08,p038_20231124,38,3,1,79,4_S7,0.0010122068,0.047251917,0.06281452,7.480621e-05,0.016136214,0.87271035,5_S8
c1_p038_20231127_o12,p038_20231127,38,3,1,79,4_S7,0.00042771886,0.111627586,0.21188973,5.0439263e-05,0.008611815,0.66739273,5_S8
c1_p038_20231130_o10,p038_20231130,38,3,1,80,5_S8,7.272008e-05,0.00011566239,0.0009035617,1.8600907e-07,0.0022273087,0.99668056,5_S8
c1_p039_20230828_o07,p039_20230828,39,3,1,14,0_S1,0.99653083,0.0006723985,0.002687726,5.450374e-06,8.279718e-05,2.0838854e-05,0_S1
c1_p039_20230904_o03,p039_20230904,39,3,1,17,0_S1,0.018570172,0.00025140628,0.980754,0.00041732696,7.0343476e-06,2.183872e-08,2_S5
c1_p039_20230908_o09,p039_20230908,39,3,1,53,2_S5,0.0007573637,0.96142656,0.012585298,0.02089929,0.004328276,3.251223e-06,1_S2
c1_p039_20230921_o12,p039_20230921,39,3,1,70,4_S7,0.00050204387,0.004589245,0.0063917935,0.9819401,0.006214222,0.00036260422,3_S6
c1_p039_20231006_o11,p039_20231006,39,3,1,73,4_S7,0.022913441,0.01780302,0.19222715,0.01724166,0.7492328,0.00058180967,4_S7
c1_p039_20231017_o08,p039_20231017,39,3,1,74,4_S7,1.1442553e-06,0.005386314,0.00015168972,3.4706874e-05,0.99431616,0.000109944725,4_S7
c1_p039_20231023_o03,p039_20231023,39,3,1,75,4_S7,2.50106e-09,1.9819745e-05,7.0132795e-05,2.6641937e-05,0.9998834,3.2297315e-08,4_S7
c1_p039_20231027_o05,p039_20231027,39,3,1,76,4_S7,3.31804e-05,0.019713264,0.025952123,0.0009969226,0.94348276,0.009821775,4_S7
c1_p039_20231101_o01,p039_20231101,39,3,1,77,4_S7,1.4815236e-06,0.00870626,0.0041991253,2.311588e-07,0.9850054,0.0020875204,4_S7
c1_p039_20231106_o03,p039_20231106,39,3,1,78,4_S7,1.1963858e-05,0.0077416645,0.0014658239,0.00056054816,0.98922926,0.0009907506,4_S7
c1_p039_20231109_o08,p039_20231109,39,3,1,79,4_S7,9.538142e-06,0.00050584716,0.9794687,2.8033572e-05,0.019848978,0.00013888394,2_S5
c1_p039_20231120_o10,p039_20231120,39,3,1,80,5_S8,0.00014238477,0.019640958,0.22347014,0.00018438087,0.29353482,0.4630274,5_S8
c1_p039_20231124_o03,p039_20231124,39,3,1,81,5_S8,7.343072e-05,0.0055698454,0.97134733,2.68321e-05,0.000910731,0.022071881,2_S5
c1_p039_20231127_o10,p039_20231127,39,3,1,81,5_S8,2.8936769e-05,0.022560485,0.011280646,0.00010612345,0.061407596,0.9046162,5_S8
c1_p039_20231130_o08,p039_20231130,39,3,1,82,5_S8,0.00018766626,0.00053566805,0.19987553,2.8818939e-05,0.017371653,0.78200066,5_S8
c1_p045_20230929_o10,p045_20230929,45,3,1,13,0_S1,0.99995756,1.2424084e-06,3.9852483e-05,1.5258853e-07,1.0858726e-07,1.0546677e-06,0_S1
c1_p045_20231004_o07,p045_20231004,45,3,1,13,0_S1,0.99916756,0.00022157014,0.0006046664,2.0336829e-07,1.6470735e-06,4.353463e-06,0_S1
c1_p045_20231011_o05,p045_20231011,45,3,1,14,0_S1,0.7733046,0.22145493,0.004418922,0.0007195045,5.4333585e-05,4.775162e-05,0_S1
c1_p045_20231017_o08,p045_20231017,45,3,1,15,0_S1,0.65976316,0.0064583453,0.22446437,0.0047129565,0.10448555,0.00011566543,0_S1
c1_p045_20231019_o12,p045_20231019,45,3,1,51,2_S5,0.05954186,0.0014975958,0.9332072,0.0057042544,4.302989e-05,6.028183e-06,2_S5
c1_p045_20231023_o12,p045_20231023,45,3,1,53,2_S5,0.000570409,3.4128927e-05,0.98044956,0.018889418,5.639125e-05,7.734351e-09,2_S5
c1_p045_20231027_o06,p045_20231027,45,3,1,60,3_S6,0.00762832,0.017367572,0.48576304,0.43251795,0.05663309,9.003352e-05,2_S5
c1_p045_20231101_o03,p045_20231101,45,3,1,61,3_S6,1.7141605e-05,0.0056950185,0.60238355,0.2615281,0.13036954,6.5805584e-06,2_S5
c1_p045_20231106_o08,p045_20231106,45,3,1,66,3_S6,0.00022666507,0.00058402,0.0024138927,0.9363821,0.058771472,0.0016217548,3_S6
c1_p045_20231109_o10,p045_20231109,45,3,1,70,4_S7,6.3210036e-06,0.0003066287,0.0010761479,0.011962116,0.9863811,0.00026761243,4_S7
c1_p045_20231120_o10,p045_20231120,45,3,1,72,4_S7,2.601433e-05,0.0010018595,0.0030290508,0.009213069,0.98379415,0.0029358554,4_S7
c1_p045_20231127_o06,p045_20231127,45,3,1,73,4_S7,3.870918e-05,0.0002185185,0.002589292,0.0008454914,0.98105246,0.015255515,4_S7
c1_p045_20231130_o04,p045_20231130,45,3,1,76,4_S7,5.2534728e-09,1.5045968e-09,6.953474e-08,7.064283e-08,0.9999869,1.293189e-05,4_S7
c1_p045_20231204_o10,p045_20231204,45,3,1,77,4_S7,3.331386e-06,6.534239e-05,0.0013105717,0.00011846262,0.9967623,0.0017399666,4_S7
c1_p045_20231211_o03,p045_20231211,45,3,1,78,4_S7,3.8140033e-07,6.5621707e-06,0.00014797738,6.2970294e-06,0.9997118,0.00012694918,4_S7
c1_p045_20231214_o02,p045_20231214,45,3,1,78,4_S7,1.62859e-07,1.3457215e-07,3.5770822e-07,1.7330103e-05,0.9999386,4.3417185e-05,4_S7
c1_p045_20231218_o04,p045_20231218,45,3,1,79,4_S7,1.8547977e-06,0.0002336013,0.010853955,4.164761e-05,0.98884076,2.8135846e-05,4_S7
c1_p045_20231227_o02,p045_20231227,45,3,1,79,4_S7,1.6234592e-08,1.9107802e-06,2.990085e-06,4.5627825e-05,0.9999441,5.3368676e-06,4_S7
c1_p045_20240104_o02,p045_20240104,45,3,1,80,5_S8,4.985653e-07,3.8656403e-08,1.6399324e-06,2.2222526e-08,0.0011848173,0.99881303,5_S8
c1_p046_20230929_o04,p046_20230929,46,3,1,13,0_S1,0.9999814,3.3202375e-06,1.13916285e-05,1.5213098e-07,2.3919506e-07,3.4769487e-06,0_S1
c1_p046_20231004_o06,p046_20231004,46,3,1,13,0_S1,0.99997246,3.2413998e-06,1.7878368e-05,4.865221e-08,1.3319358e-06,5.043499e-06,0_S1
c1_p046_20231011_o05,p046_20231011,46,3,1,14,0_S1,0.9900761,0.0082755545,0.0015496014,5.599507e-05,2.3880044e-05,1.889002e-05,0_S1
c1_p046_20231017_o09,p046_20231017,46,3,1,52,2_S5,0.6960061,0.17896484,0.121371105,0.0023839197,0.0012173868,5.6577064e-05,0_S1
c1_p046_20231019_o01,p046_20231019,46,3,1,54,2_S5,0.95855445,0.011081316,0.030338759,1.882928e-05,4.298774e-06,2.3022958e-06,0_S1
c1_p046_20231023_o06,p046_20231023,46,3,1,60,3_S6,0.05270222,0.011848427,0.93364924,0.0017049267,9.511008e-05,6.428707e-08,2_S5
c1_p046_20231027_o09,p046_20231027,46,3,1,61,3_S6,0.0002638526,0.0005141718,0.99324894,0.0047181747,0.0012543545,4.891882e-07,2_S5
c1_p046_20231101_o11,p046_20231101,46,3,1,61,3_S6,0.00011743362,0.000846636,0.78824824,0.21032926,0.00045832281,8.5548066e-08,2_S5
c1_p046_20231106_o12,p046_20231106,46,3,1,65,3_S6,0.0011611242,0.007728097,0.025426952,0.11002925,0.80164844,0.054006133,4_S7
c1_p046_20231109_o02,p046_20231109,46,3,1,66,3_S6,8.986533e-05,2.8837523e-05,0.008556067,0.9033915,0.08793292,8.0586335e-07,3_S6
c1_p046_20231120_o12,p046_20231120,46,3,1,71,4_S7,6.0552848e-06,0.00014959706,0.0016327992,0.011132001,0.9797932,0.00728639,4_S7
c1_p046_20231127_o10,p046_20231127,46,3,1,71,4_S7,3.5514568e-05,0.008031874,0.002327268,0.025015224,0.9579803,0.006609776,4_S7
c1_p046_20231130_o02,p046_20231130,46,3,1,72,4_S7,6.737283e-08,6.854445e-08,8.404318e-07,1.9810166e-06,0.9998888,0.00010826449,4_S7
c1_p046_20231204_o12,p046_20231204,46,3,1,73,4_S7,1.1608464e-06,0.00023921301,0.00029807928,8.811756e-06,0.5831589,0.4162938,4_S7
c1_p046_20231211_o04,p046_20231211,46,3,1,76,4_S7,2.22323e-07,1.4226515e-05,8.261886e-05,6.4728236e-05,0.9996178,0.00022043212,4_S7
c1_p046_20231214_o07,p046_20231214,46,3,1,78,4_S7,1.837332e-05,7.04955e-05,0.00020742814,0.00019045405,0.9979771,0.0015361634,4_S7
c1_p046_20231218_o07,p046_20231218,46,3,1,79,4_S7,6.94513e-05,0.00029152742,0.0019162181,0.0029070925,0.98356044,0.011255313,4_S7
c1_p046_20231227_o02,p046_20231227,46,3,1,79,4_S7,1.557515e-07,2.5781812e-06,2.0000386e-06,1.5063366e-05,0.99970335,0.00027679402,4_S7
c1_p046_20240104_o03,p046_20240104,46,3,1,81,5_S8,1.4286942e-06,4.0329694e-05,7.214044e-05,1.0996134e-05,0.004366298,0.9955088,5_S8
c1_p048_20230929_o03,p048_20230929,48,3,1,13,0_S1,0.9997329,7.354266e-05,0.0001600156,2.3319196e-06,2.380665e-06,2.8814939e-05,0_S1
c1_p048_20231004_o10,p048_20231004,48,3,1,13,0_S1,0.99986756,1.7823466e-05,9.5883704e-05,1.2364112e-07,2.491611e-06,1.6112714e-05,0_S1
c1_p048_20231011_o06,p048_20231011,48,3,1,14,0_S1,0.9487899,0.048843663,0.0017680953,0.000120244746,0.00018974104,0.00028832504,0_S1
c1_p048_20231017_o09,p048_20231017,48,3,1,15,0_S1,0.9581199,0.036305502,0.0049818363,0.00041435147,0.00013799188,4.0463743e-05,0_S1
c1_p048_20231019_o04,p048_20231019,48,3,1,16,0_S1,0.95613813,0.020182315,0.023155976,0.0004848178,3.167179e-05,7.105167e-06,0_S1
c1_p048_20231023_o03,p048_20231023,48,3,1,54,2_S5,0.80785674,0.024918664,0.16343637,0.0037479913,3.798051e-05,2.2662105e-06,0_S1
c1_p048_20231027_o11,p048_20231027,48,3,1,60,3_S6,0.008164995,0.0015828407,0.9896723,0.0005578024,1.7723245e-05,4.3565806e-06,2_S5
c1_p048_20231101_o08,p048_20231101,48,3,1,62,3_S6,6.0375085e-05,0.00032272615,0.9977883,0.0018047721,2.372517e-05,2.7199519e-08,2_S5
c1_p048_20231106_o11,p048_20231106,48,3,1,65,3_S6,0.00014388553,0.0017418741,0.008022963,0.11147963,0.8785302,8.136893e-05,4_S7
c1_p048_20231109_o01,p048_20231109,48,3,1,67,3_S6,5.014266e-05,0.0005555155,0.0071014976,0.5617725,0.4305142,6.1094065e-06,3_S6
c1_p048_20231120_o10,p048_20231120,48,3,1,70,4_S7,2.64352e-06,3.108172e-06,1.4815042e-05,0.00037824595,0.9990638,0.0005375192,4_S7
c1_p048_20231127_o07,p048_20231127,48,3,1,72,4_S7,3.086628e-08,3.174423e-06,7.459055e-07,4.053305e-06,0.99959236,0.0003997122,4_S7
c1_p048_20231130_o12,p048_20231130,48,3,1,73,4_S7,6.804937e-08,1.4529963e-06,1.43951775e-05,8.895828e-06,0.99972194,0.00025312084,4_S7
c1_p048_20231204_o06,p048_20231204,48,3,1,74,4_S7,9.064579e-06,0.0004376932,0.00038765676,0.00033435473,0.9985298,0.0003013568,4_S7
c1_p048_20231211_o11,p048_20231211,48,3,1,76,4_S7,8.581377e-06,5.640827e-05,0.00020403603,9.1630944e-05,0.970709,0.028930338,4_S7
c1_p048_20231214_o07,p048_20231214,48,3,1,77,4_S7,1.04144405e-07,2.5068002e-07,3.1647112e-06,3.9902723e-05,0.99991655,3.989066e-05,4_S7
c1_p048_20231218_o10,p048_20231218,48,3,1,78,4_S7,0.00016914953,0.00035332772,0.006971334,0.0005894231,0.977966,0.013950775,4_S7
c1_p048_20231227_o07,p048_20231227,48,3,1,79,4_S7,9.070352e-06,0.00012055307,0.00036322486,0.0025665225,0.9826475,0.014293128,4_S7
c1_p048_20240104_o10,p048_20240104,48,3,1,80,5_S8,4.2935483e-07,3.461372e-05,4.3751484e-06,1.2691117e-06,0.8830356,0.116923645,4_S7
c1_p053_20230929_o12,p053_20230929,53,3,1,13,0_S1,0.9997392,4.3647533e-06,0.0002489655,2.7256835e-06,9.059002e-07,3.719153e-06,0_S1
c1_p053_20231004_o05,p053_20231004,53,3,1,13,0_S1,0.99994576,1.1375005e-05,1.8723564e-05,1.8339104e-07,1.3720802e-06,2.2507737e-05,0_S1
c1_p053_20231011_o08,p053_20231011,53,3,1,15,0_S1,0.87523806,0.11957,0.0035688123,0.00021297277,0.0007689827,0.00064115966,0_S1
c1_p053_20231017_o09,p053_20231017,53,3,1,53,2_S5,0.9404148,0.032873813,0.018932268,0.000649965,0.0066474397,0.00048169112,0_S1
c1_p053_20231019_o12,p053_20231019,53,3,1,54,2_S5,0.14341174,0.032656234,0.81785536,0.006016981,5.8435096e-05,1.237242e-06,2_S5
c1_p053_20231023_o03,p053_20231023,53,3,1,60,3_S6,0.0001529347,0.0003130027,0.9764057,0.022495463,0.00063230813,5.947323e-07,2_S5
c1_p053_20231027_o06,p053_20231027,53,3,1,63,3_S6,0.0012524208,0.00047278896,0.9720221,0.025358537,0.0008801408,1.40216525e-05,2_S5
c1_p053_20231101_o01,p053_20231101,53,3,1,65,3_S6,1.9694764e-05,0.007731695,0.010993495,0.28216437,0.6988264,0.00026442282,4_S7
c1_p053_20231106_o02,p053_20231106,53,3,1,67,3_S6,2.8840937e-05,0.023696484,0.01730121,0.055030342,0.8825185,0.021424696,4_S7
c1_p053_20231109_o08,p053_20231109,53,3,1,70,4_S7,3.250905e-05,9.808892e-05,0.030013341,0.26584953,0.7038584,0.00014824537,4_S7
c1_p053_20231120_o09,p053_20231120,53,3,1,72,4_S7,6.905054e-06,6.0289618e-05,0.0005375431,0.0064795073,0.9901534,0.0027625063,4_S7
c1_p053_20231127_o07,p053_20231127,53,3,1,74,4_S7,4.7199624e-08,6.1896907e-07,1.4068982e-05,2.3716959e-05,0.9998869,7.473595e-05,4_S7
c1_p053_20231130_o10,p053_20231130,53,3,1,75,4_S7,5.3456002e-08,1.1434363e-07,8.87877e-06,3.6296875e-05,0.99944013,0.0005144974,4_S7
c1_p053_20231204_o09,p053_20231204,53,3,1,76,4_S7,4.4536155e-10,3.2248693e-09,4.7013145e-08,1.8156194e-05,0.99997747,4.347392e-06,4_S7
c1_p053_20231211_o11,p053_20231211,53,3,1,78,4_S7,7.503225e-05,0.03321949,0.32385457,0.0005004572,0.6386991,0.0036513442,4_S7
c1_p053_20231214_o06,p053_20231214,53,3,1,80,5_S8,7.900965e-06,8.47797e-06,1.8679722e-05,6.1196544e-05,0.99882764,0.0010761116,4_S7
c1_p053_20231218_o01,p053_20231218,53,3,1,81,5_S8,3.090544e-06,8.361998e-05,4.69579e-05,9.831423e-05,0.9400752,0.05969279,4_S7
c1_p053_20231227_o11,p053_20231227,53,3,1,79,4_S7,8.229925e-06,0.01280006,0.00016776443,2.6436997e-05,0.96278036,0.024217134,4_S7
c1_p053_20240104_o12,p053_20240104,53,3,1,79,4_S7,3.3127874e-06,0.00019535497,0.0001236276,6.602193e-05,0.6040651,0.39554647,4_S7
c1_p061_20230929_o12,p061_20230929,61,3,1,13,0_S1,0.99927765,4.8748152e-05,0.0006541106,2.909199e-06,1.7249524e-06,1.49708685e-05,0_S1
c1_p061_20231004_o04,p061_20231004,61,3,1,13,0_S1,0.99988544,2.5389498e-05,8.76962e-05,4.3069747e-07,3.0846857e-07,6.468834e-07,0_S1
c1_p061_20231011_o10,p061_20231011,61,3,1,14,0_S1,0.99871707,0.0011564909,9.713947e-05,1.2287761e-05,3.1341726e-06,1.393665e-05,0_S1
c1_p061_20231017_o08,p061_20231017,61,3,1,53,2_S5,0.83161765,0.046496313,0.10416356,0.016018813,0.0012510237,0.00045266357,0_S1
c1_p061_20231019_o05,p061_20231019,61,3,1,53,2_S5,0.38409132,0.010188742,0.6028987,0.0023850119,0.00042583476,1.0386388e-05,2_S5
c1_p061_20231023_o09,p061_20231023,61,3,1,60,3_S6,5.0977436e-05,0.00013961206,0.90220314,0.02337872,0.07422739,1.2687846e-07,2_S5
c1_p061_20231027_o04,p061_20231027,61,3,1,61,3_S6,5.258806e-05,0.00074399385,0.11051584,0.07272187,0.81594676,1.9024767e-05,4_S7
c1_p061_20231101_o09,p061_20231101,61,3,1,62,3_S6,1.0212752e-05,3.8025994e-06,0.99856704,0.0009277023,0.00049113797,3.2857418e-08,2_S5
c1_p061_20231106_o12,p061_20231106,61,3,1,63,3_S6,1.5900347e-05,0.0048823482,0.0097821085,0.21066494,0.7715471,0.0031076479,4_S7
c1_p061_20231109_o08,p061_20231109,61,3,1,63,3_S6,4.4468623e-05,0.00044817457,0.012991273,0.6868945,0.29826325,0.0013583147,3_S6
c1_p061_20231120_o01,p061_20231120,61,3,1,71,4_S7,4.3546593e-06,0.00010000246,0.0002734284,0.005462123,0.98869926,0.005460779,4_S7
c1_p061_20231127_o09,p061_20231127,61,3,1,72,4_S7,0.0025239366,0.049363427,0.30898845,0.013745177,0.079093836,0.54628515,5_S8
c1_p061_20231130_o11,p061_20231130,61,3,1,73,4_S7,4.3279422e-10,1.0167092e-07,7.1259824e-06,5.5587575e-06,0.99996555,2.1633505e-05,4_S7
c1_p061_20231204_o10,p061_20231204,61,3,1,74,4_S7,3.9428734e-08,1.5431925e-07,2.2559102e-06,4.8570865e-07,0.9999522,4.485329e-05,4_S7
c1_p061_20231211_o04,p061_20231211,61,3,1,75,4_S7,3.944358e-07,2.4486742e-06,2.710058e-06,0.00017923412,0.9997483,6.691118e-05,4_S7
c1_p061_20231214_o02,p061_20231214,61,3,1,76,4_S7,5.9226557e-09,4.991449e-09,2.0664493e-06,1.9625388e-06,0.9999924,3.6492029e-06,4_S7
c1_p061_20231218_o07,p061_20231218,61,3,1,79,4_S7,2.3480054e-05,4.7285466e-06,0.0009330822,9.571592e-05,0.99115455,0.007788402,4_S7
c1_p061_20231227_o07,p061_20231227,61,3,1,80,5_S8,1.9542674e-07,3.1966178e-05,2.5505255e-05,7.976533e-05,0.9990408,0.00082174817,4_S7
c1_p061_20240104_o08,p061_20240104,61,3,1,82,5_S8,6.7637186e-05,3.148768e-07,0.00015336965,0.00015918001,0.54010767,0.4595118,4_S7
c1_p067_20231006_o09,p067_20231006,67,3,1,13,0_S1,0.9995695,8.3228835e-05,0.00024608162,1.4952793e-05,7.232712e-06,7.8986974e-05,0_S1
c1_p067_20231011_o04,p067_20231011,67,3,1,13,0_S1,0.99984026,3.3387765e-05,7.8877834e-05,1.8352785e-06,2.062849e-06,4.3578053e-05,0_S1
c1_p067_20231017_o06,p067_20231017,67,3,1,13,0_S1,0.9987685,0.0007662528,0.00022000469,8.832945e-06,5.0040082e-05,0.00018633524,0_S1
c1_p067_20231019_o08,p067_20231019,67,3,1,14,0_S1,0.9898196,0.009516378,0.00065051863,1.8712848e-06,1.9460156e-06,9.743014e-06,0_S1
c1_p067_20231023_o08,p067_20231023,67,3,1,14,0_S1,0.989447,0.0021521999,0.0083922995,4.480263e-06,1.8423773e-06,2.0275236e-06,0_S1
c1_p067_20231027_o09,p067_20231027,67,3,1,54,2_S5,0.6180983,0.3454077,0.036409054,2.570378e-05,2.254161e-05,3.665004e-05,0_S1
c1_p067_20231101_o12,p067_20231101,67,3,1,60,3_S6,0.024352284,0.0016855211,0.9734961,0.00034962848,0.00010882485,7.70298e-06,2_S5
c1_p067_20231106_o01,p067_20231106,67,3,1,63,3_S6,0.0002912611,8.502518e-05,0.90842116,0.090792894,0.0004081524,1.4916335e-06,2_S5
c1_p067_20231109_o12,p067_20231109,67,3,1,69,3_S6,1.3173936e-06,5.433503e-05,0.1157609,0.8832889,0.0008938222,7.3448854e-07,3_S6
c1_p067_20231120_o09,p067_20231120,67,3,1,70,4_S7,8.09219e-07,4.8755377e-05,0.014949947,0.94471073,0.040286843,2.887018e-06,3_S6
c1_p067_20231127_o11,p067_20231127,67,3,1,71,4_S7,3.3421373e-05,0.0001306689,0.00047879523,0.0022184954,0.9872197,0.009919032,4_S7
c1_p067_20231130_o07,p067_20231130,67,3,1,72,4_S7,4.1386625e-07,8.440779e-05,0.00017521903,0.0060241,0.98224705,0.011468796,4_S7
c1_p067_20231204_o04,p067_20231204,67,3,1,75,4_S7,6.6825846e-06,0.00016612693,0.0001280195,0.00049157586,0.9978759,0.0013316778,4_S7
c1_p067_20231211_o07,p067_20231211,67,3,1,76,4_S7,1.32255e-08,9.975099e-07,2.6034247e-06,3.123301e-05,0.9997882,0.00017699701,4_S7
c1_p067_20231214_o08,p067_20231214,67,3,1,77,4_S7,1.1989836e-05,1.999504e-05,3.6613426e-05,6.544615e-05,0.9861654,0.0137005625,4_S7
c1_p067_20231218_o03,p067_20231218,67,3,1,78,4_S7,5.171328e-07,1.0573904e-06,6.5461704e-06,1.1162672e-05,0.60113937,0.39884138,4_S7
c1_p067_20231227_o09,p067_20231227,67,3,1,79,4_S7,3.2423506e-09,1.2972694e-06,1.8761206e-07,3.156313e-06,0.254653,0.74534225,5_S8
c1_p067_20240115_o07,p067_20240115,67,3,1,79,4_S7,0.00011626023,9.3786206e-05,0.0062278686,0.00031568937,0.12756136,0.865685,5_S8
c1_p067_20240119_o07,p067_20240119,67,3,1,82,5_S8,9.887028e-10,1.3658302e-09,7.975091e-09,4.836739e-10,4.4459357e-06,0.9999956,5_S8
c1_p067_20240126_o04,p067_20240126,67,3,1,86,5_S8,2.0150846e-10,5.186202e-11,8.528585e-10,3.2604341e-10,1.9427759e-07,0.99999976,5_S8
c1_p072_20231006_o01,p072_20231006,72,3,1,13,0_S1,0.9996848,0.00011765646,0.00017069712,4.556293e-06,3.5164912e-06,1.873007e-05,0_S1
c1_p072_20231011_o06,p072_20231011,72,3,1,13,0_S1,0.9991211,0.00036521765,0.00021497061,1.0173215e-05,2.2639033e-05,0.0002659035,0_S1
c1_p072_20231017_o06,p072_20231017,72,3,1,13,0_S1,0.9975074,0.00021349694,0.0022525303,1.6578571e-05,3.4517157e-06,6.6105063e-06,0_S1
c1_p072_20231019_o10,p072_20231019,72,3,1,14,0_S1,0.999658,0.00030284142,2.669004e-05,1.1264125e-06,1.5796044e-06,9.831714e-06,0_S1
c1_p072_20231023_o11,p072_20231023,72,3,1,15,0_S1,0.5759202,0.020136597,0.40280935,0.0010164877,8.7826214e-05,2.9543744e-05,0_S1
c1_p072_20231027_o04,p072_20231027,72,3,1,53,2_S5,0.020058366,0.00057695847,0.97906417,0.00028911108,1.056069e-05,8.811101e-07,2_S5
c1_p072_20231101_o07,p072_20231101,72,3,1,55,2_S5,0.0003857702,0.00055457617,0.99707735,0.0019516242,2.8574834e-05,2.1433434e-06,2_S5
c1_p072_20231106_o02,p072_20231106,72,3,1,63,3_S6,7.3341803e-06,0.00047796455,0.21437225,0.7816138,0.0034660243,6.263748e-05,3_S6
c1_p072_20231109_o03,p072_20231109,72,3,1,65,3_S6,2.2447963e-05,0.030145293,0.027146941,0.44274747,0.4207572,0.07918058,3_S6
c1_p072_20231120_o08,p072_20231120,72,3,1,70,4_S7,5.6309773e-08,1.1496059e-07,7.050943e-06,0.96892303,0.031067098,2.6265136e-06,3_S6
c1_p072_20231127_o07,p072_20231127,72,3,1,72,4_S7,1.5136064e-06,2.7370988e-06,1.0605287e-05,0.9731092,0.026871659,4.3903287e-06,3_S6
c1_p072_20231130_o08,p072_20231130,72,3,1,75,4_S7,8.916703e-07,7.736176e-06,0.00027212143,0.00024244215,0.9994,7.690301e-05,4_S7
c1_p072_20231204_o12,p072_20231204,72,3,1,76,4_S7,3.3892274e-11,8.0004545e-11,4.2402328e-11,1.6438384e-11,0.9999865,1.3417274e-05,4_S7
c1_p072_20231211_o11,p072_20231211,72,3,1,77,4_S7,1.9120922e-08,6.389223e-07,2.0788846e-06,7.6116953e-06,0.9999839,5.8269293e-06,4_S7
c1_p072_20231214_o03,p072_20231214,72,3,1,78,4_S7,7.106233e-07,7.635127e-08,1.249057e-07,5.032286e-06,0.999984,1.0029508e-05,4_S7
c1_p072_20231218_o04,p072_20231218,72,3,1,79,4_S7,0.00031881037,0.0001658264,0.0006924639,0.0015267591,0.8849838,0.11231237,4_S7
c1_p072_20231227_o04,p072_20231227,72,3,1,79,4_S7,3.3625925e-05,3.4263743e-05,1.990466e-05,3.4528584e-05,0.3577344,0.64214325,5_S8
c1_p072_20240115_o06,p072_20240115,72,3,1,82,5_S8,9.541607e-07,9.294099e-07,6.2002837e-06,1.4057065e-07,0.012413122,0.9875787,5_S8
c1_p072_20240119_o01,p072_20240119,72,3,1,83,5_S8,2.786958e-08,6.042644e-09,3.0188178e-07,1.8534609e-08,1.7791062e-05,0.9999819,5_S8
c1_p072_20240126_o05,p072_20240126,72,3,1,86,5_S8,1.9025999e-08,1.455801e-10,1.252166e-08,6.91337e-11,1.2227141e-06,0.9999987,5_S8
c1_p076_20231006_o03,p076_20231006,76,3,1,13,0_S1,0.9978442,0.00015704746,0.0017080334,3.1334184e-05,4.628005e-05,0.00021311491,0_S1
c1_p076_20231011_o12,p076_20231011,76,3,1,13,0_S1,0.9999026,2.0918518e-05,6.7590234e-05,3.8078434e-07,4.6123927e-07,8.029183e-06,0_S1
c1_p076_20231017_o04,p076_20231017,76,3,1,13,0_S1,0.9991079,4.1888685e-05,0.0007895683,2.0282276e-05,1.3608103e-05,2.6816508e-05,0_S1
c1_p076_20231019_o05,p076_20231019,76,3,1,14,0_S1,0.98357046,0.00035782982,0.016034761,2.1836138e-06,1.4511427e-05,2.0206078e-05,0_S1
c1_p076_20231023_o05,p076_20231023,76,3,1,15,0_S1,0.95937884,0.028184127,0.010746301,8.377954e-06,0.001353099,0.00032936264,0_S1
c1_p076_20231027_o10,p076_20231027,76,3,1,20,1_S2,0.6594341,0.09701628,0.2434551,4.256676e-05,2.844346e-05,2.3556137e-05,0_S1
c1_p076_20231101_o04,p076_20231101,76,3,1,53,2_S5,0.012344541,0.00073415687,0.9809584,0.0057112565,0.00018824119,6.344872e-05,2_S5
c1_p076_20231106_o03,p076_20231106,76,3,1,60,3_S6,0.0034714649,0.003194503,0.0032723004,0.012164461,0.9424144,0.035482902,4_S7
c1_p076_20231109_o07,p076_20231109,76,3,1,64,3_S6,0.00030423066,0.00043782528,0.0016871372,0.40754467,0.5881128,0.0019133318,4_S7
c1_p076_20231120_o04,p076_20231120,76,3,1,68,3_S6,5.352233e-07,2.0028598e-05,3.7111186e-05,0.40513462,0.59441054,0.00039713795,4_S7
c1_p076_20231127_o09,p076_20231127,76,3,1,72,4_S7,7.501483e-07,1.0345522e-06,1.622038e-06,9.2551745e-05,0.99961096,0.00029304696,4_S7
c1_p076_20231130_o12,p076_20231130,76,3,1,73,4_S7,1.6343023e-05,0.0004203511,0.00022835584,0.0007527828,0.9795777,0.019004347,4_S7
c1_p076_20231204_o11,p076_20231204,76,3,1,74,4_S7,1.4900102e-07,2.5717718e-08,7.660657e-09,7.478963e-08,0.99988556,0.000114158924,4_S7
c1_p076_20231211_o04,p076_20231211,76,3,1,75,4_S7,1.3835907e-09,1.6961268e-08,1.4973606e-08,2.0012676e-09,0.99877864,0.0012213093,4_S7
c1_p076_20231214_o03,p076_20231214,76,3,1,75,4_S7,8.903512e-06,2.0989607e-06,1.9971974e-05,1.999759e-05,0.9996489,0.00029998718,4_S7
c1_p076_20231218_o03,p076_20231218,76,3,1,76,4_S7,7.111925e-05,9.830043e-05,0.00013809142,2.1495713e-05,0.8135734,0.1860976,4_S7
c1_p076_20231227_o11,p076_20231227,76,3,1,78,4_S7,2.92562e-07,1.3592417e-05,0.00015851269,7.404463e-07,0.9988933,0.0009335858,4_S7
c1_p076_20240115_o10,p076_20240115,76,3,1,80,5_S8,8.633059e-05,0.0011600882,0.1237087,6.7983e-06,0.054385003,0.82065314,5_S8
c1_p076_20240119_o12,p076_20240119,76,3,1,84,5_S8,5.527872e-06,1.5982e-06,1.1544655e-05,2.7375768e-07,0.00035731765,0.9996238,5_S8
c1_p076_20240126_o12,p076_20240126,76,3,1,86,5_S8,1.6977134e-06,3.4365175e-06,2.5684323e-05,5.2453606e-07,0.36256787,0.6374008,5_S8
c1_p093_20231128_o08,p093_20231128,93,3,1,66,3_S6,3.0022435e-05,0.00015758589,0.011241115,0.9483027,0.04019439,7.4128235e-05,3_S6
c1_p093_20231130_o02,p093_20231130,93,3,1,68,3_S6,3.5203436e-07,9.558146e-06,0.00012984649,0.9570593,0.042796783,4.0994523e-06,3_S6
c1_p093_20231204_o07,p093_20231204,93,3,1,69,3_S6,7.840905e-06,0.0001235148,0.0010511937,0.9155647,0.08322398,2.8741679e-05,3_S6
c1_p093_20231207_o01,p093_20231207,93,3,1,70,4_S7,8.9674884e-10,4.041334e-07,4.7599187e-06,0.00031204228,0.9996792,3.5740595e-06,4_S7
c1_p093_20231211_o03,p093_20231211,93,3,1,71,4_S7,1.1164283e-08,5.059715e-07,1.4961427e-05,0.15592791,0.8440549,1.7580458e-06,4_S7
c1_p093_20231218_o05,p093_20231218,93,3,1,73,4_S7,4.333501e-07,3.490784e-05,5.21512e-05,0.013774919,0.973321,0.012816569,4_S7
c1_p093_20231227_o12,p093_20231227,93,3,1,75,4_S7,1.0112598e-06,2.7762186e-05,0.0005330543,7.260538e-06,0.97760844,0.021822466,4_S7
c1_p093_20240115_o05,p093_20240115,93,3,1,76,4_S7,0.003636993,0.0006387783,0.0001111933,1.7026072e-06,0.4792333,0.516378,5_S8
c1_p093_20240119_o05,p093_20240119,93,3,1,79,4_S7,0.009763444,5.2334457e-05,0.00023950673,2.0428697e-06,0.24990045,0.7400422,5_S8
c1_p093_20240126_o07,p093_20240126,93,3,1,83,5_S8,3.019371e-08,8.501397e-10,5.565747e-10,1.3972377e-11,3.8493124e-07,0.99999964,5_S8
c1_p096_20231128_o07,p096_20231128,96,3,1,66,3_S6,3.7430592e-08,1.0107287e-06,1.6921671e-05,0.9999496,3.2332664e-05,1.2178246e-08,3_S6
c1_p096_20231130_o01,p096_20231130,96,3,1,68,3_S6,2.2706226e-06,4.1497537e-06,1.6844502e-05,0.9955765,0.0043987967,1.4587346e-06,3_S6
c1_p096_20231204_o10,p096_20231204,96,3,1,69,3_S6,1.2895434e-07,8.489724e-07,1.4182152e-05,0.08226535,0.91771924,2.812727e-07,4_S7
c1_p096_20231207_o09,p096_20231207,96,3,1,70,4_S7,9.754978e-08,3.5170544e-06,1.608304e-05,0.0053130686,0.9946616,5.501375e-06,4_S7
c1_p096_20231211_o07,p096_20231211,96,3,1,71,4_S7,2.5227124e-07,8.469396e-05,0.00031894137,0.015502171,0.9839956,9.8366436e-05,4_S7
c1_p096_20231218_o04,p096_20231218,96,3,1,73,4_S7,1.362236e-06,1.248892e-05,0.00025367728,0.0008489142,0.99872655,0.00015697404,4_S7
c1_p096_20231227_o10,p096_20231227,96,3,1,76,4_S7,4.8479003e-09,3.794767e-09,3.1812294e-07,3.240154e-06,0.99962425,0.00037215676,4_S7
c1_p096_20240115_o03,p096_20240115,96,3,1,77,4_S7,6.167274e-05,3.4068373e-05,2.0973632e-05,2.3658234e-07,0.6508091,0.349074,4_S7
c1_p096_20240119_o11,p096_20240119,96,3,1,83,5_S8,0.00012672116,6.0709326e-06,3.3411536e-05,8.7801844e-08,0.08270634,0.9171274,5_S8
c1_p096_20240126_o01,p096_20240126,96,3,1,89,5_S8,1.2351231e-09,1.23315e-10,8.7933806e-11,2.8595252e-13,7.6867116e-07,0.9999993,5_S8
c1_p001_20230816_o02,p001_20230816,1,4,1,70,4_S7,0.004433592,0.03608144,0.36107498,0.3199327,0.27451542,0.003961909,2_S5
c1_p001_20230921_o12,p001_20230921,1,4,1,79,4_S7,7.492009e-05,0.000104008504,0.0038746586,0.0014968701,0.96655065,0.027898874,4_S7
c1_p001_20231005_o07,p001_20231005,1,4,1,87,5_S8,0.00034401723,3.243694e-05,0.0054160752,8.810886e-05,0.0029176325,0.99120164,5_S8
c1_p007_20230816_o09,p007_20230816,7,4,1,67,3_S6,0.00019811926,0.002390725,0.0317206,0.9540151,0.011565854,0.00010956482,3_S6
c1_p007_20230921_o04,p007_20230921,7,4,1,80,5_S8,0.0014434251,0.0007500444,0.2296897,0.0074209967,0.3722677,0.38842815,5_S8
c1_p007_20231005_o11,p007_20231005,7,4,1,83,5_S8,9.392584e-06,1.0831955e-05,0.0060527213,6.221834e-06,0.14049686,0.8534241,5_S8
c1_p013_20230816_o01,p013_20230816,13,4,1,59,2_S5,0.002225701,0.00012364385,0.006117687,0.96081495,0.026617514,0.0041005774,3_S6
c1_p013_20230921_o12,p013_20230921,13,4,1,75,4_S7,0.029774027,0.004175141,0.037381012,0.02993832,0.8768802,0.021851212,4_S7
c1_p013_20231005_o08,p013_20231005,13,4,1,88,5_S8,4.6808557e-07,1.0960847e-07,0.00020070028,5.6590766e-06,1.3563837e-05,0.9997795,5_S8
c1_p023_20230828_o05,p023_20230828,23,4,1,14,0_S1,0.16903879,0.0065897186,0.82275635,0.0012198215,0.00014723752,0.0002481149,2_S5
c1_p023_20230904_o12,p023_20230904,23,4,1,22,1_S2,0.051787537,0.0032672056,0.6883837,0.25088423,0.0050115283,0.0006658158,2_S5
c1_p023_20230908_o04,p023_20230908,23,4,1,63,3_S6,0.0010555313,0.0044076946,0.07750329,0.8845327,0.032186203,0.00031467568,3_S6
c1_p023_20230921_o02,p023_20230921,23,4,1,70,4_S7,9.064585e-06,4.1738946e-05,0.00028433118,0.8718679,0.12778115,1.5795458e-05,3_S6
c1_p023_20231006_o10,p023_20231006,23,4,1,71,4_S7,3.082009e-06,0.00028345402,0.00021653376,0.09632125,0.90228397,0.0008916865,4_S7
c1_p023_20231017_o05,p023_20231017,23,4,1,73,4_S7,2.0249536e-06,7.4985684e-05,3.1603515e-05,3.8726495e-05,0.9987729,0.0010798294,4_S7
c1_p023_20231023_o06,p023_20231023,23,4,1,77,4_S7,6.0783705e-08,9.060487e-06,1.5034252e-06,0.002072355,0.9963387,0.0015782411,4_S7
c1_p023_20231027_o05,p023_20231027,23,4,1,78,4_S7,1.0502085e-05,0.0009835679,0.0011649266,0.0053176116,0.9621319,0.030391347,4_S7
c1_p023_20231101_o08,p023_20231101,23,4,1,79,4_S7,1.7173763e-05,0.0006373177,0.0003911024,1.8919087e-05,0.82164633,0.17728917,4_S7
c1_p023_20231106_o03,p023_20231106,23,4,1,78,4_S7,0.0018163745,0.008976271,0.019770693,0.0023827786,0.63500446,0.3320494,4_S7
c1_p023_20231109_o09,p023_20231109,23,4,1,79,4_S7,1.0121381e-05,8.240035e-06,9.6416596e-05,0.0037641767,0.9935774,0.0025437009,4_S7
c1_p023_20231120_o08,p023_20231120,23,4,1,81,5_S8,3.993378e-05,6.2556515e-05,0.0021903347,0.0002048631,0.18211944,0.81538284,5_S8
c1_p023_20231124_o02,p023_20231124,23,4,1,83,5_S8,4.038529e-05,6.008944e-05,0.0069630095,9.182074e-06,0.0012433184,0.99168396,5_S8
c1_p023_20231127_o12,p023_20231127,23,4,1,84,5_S8,0.00023219144,0.000105434774,0.009330101,4.2674154e-05,0.04604496,0.9442446,5_S8
c1_p023_20231130_o02,p023_20231130,23,4,1,85,5_S8,0.0010324721,0.0016458681,0.06143627,0.00011660634,0.08879279,0.84697604,5_S8
c1_p034_20230828_o01,p034_20230828,34,4,1,15,0_S1,0.98443764,0.0028242818,0.012270584,0.0004245834,1.084159e-05,3.2152973e-05,0_S1
c1_p034_20230904_o07,p034_20230904,34,4,1,53,2_S5,0.010881287,0.005106454,0.77338386,0.2047438,0.005842514,4.206363e-05,2_S5
c1_p034_20230908_o03,p034_20230908,34,4,1,61,3_S6,0.046260063,0.009245448,0.3035136,0.6025085,0.030562792,0.0079096425,3_S6
c1_p034_20230921_o01,p034_20230921,34,4,1,70,4_S7,4.6171026e-06,9.3091774e-05,8.0494785e-05,0.0033785999,0.9963678,7.5322976e-05,4_S7
c1_p034_20231006_o01,p034_20231006,34,4,1,72,4_S7,8.5907115e-05,0.00042931933,0.0021312868,0.008535279,0.98631555,0.002502505,4_S7
c1_p034_20231017_o03,p034_20231017,34,4,1,73,4_S7,7.079394e-05,0.0058472385,0.00026568002,8.463784e-05,0.99028695,0.0034446057,4_S7
c1_p034_20231023_o12,p034_20231023,34,4,1,74,4_S7,7.828894e-05,0.001436456,0.004621538,0.0025422906,0.9546551,0.036666274,4_S7
c1_p034_20231027_o11,p034_20231027,34,4,1,76,4_S7,2.3582766e-06,5.350529e-06,0.0011340317,3.9218343e-05,0.05551589,0.9433031,5_S8
c1_p034_20231101_o01,p034_20231101,34,4,1,77,4_S7,0.000100714045,0.00860986,0.003689448,2.790744e-05,0.3165151,0.67105705,5_S8
c1_p034_20231106_o01,p034_20231106,34,4,1,78,4_S7,8.6614955e-06,4.0473915e-06,4.8729722e-05,5.820535e-06,0.9838532,0.016079528,4_S7
c1_p034_20231109_o06,p034_20231109,34,4,1,79,4_S7,0.00048367467,0.0005020024,0.013727173,0.0065515433,0.4499099,0.5288257,5_S8
c1_p034_20231120_o07,p034_20231120,34,4,1,82,5_S8,4.9406e-05,7.35482e-05,0.0015298085,5.2378505e-06,0.011815545,0.9865264,5_S8
c1_p034_20231124_o06,p034_20231124,34,4,1,86,5_S8,2.5979205e-05,1.0334356e-05,0.0031192966,1.192529e-05,0.009831692,0.9870008,5_S8
c1_p034_20231127_o09,p034_20231127,34,4,1,88,5_S8,2.0221605e-06,6.1516193e-06,0.00071803975,8.698581e-07,0.000984968,0.998288,5_S8
c1_p034_20231130_o04,p034_20231130,34,4,1,89,5_S8,0.00014926422,8.285773e-06,0.0019747906,2.6750872e-06,0.003634063,0.99423087,5_S8
c1_p043_20230929_o05,p043_20230929,43,4,1,13,0_S1,0.99948466,3.1908223e-06,0.00049722847,3.440781e-07,2.9711182e-07,1.433944e-05,0_S1
c1_p043_20231004_o04,p043_20231004,43,4,1,13,0_S1,0.9998443,6.9667735e-06,0.00014138574,8.155363e-07,6.212231e-07,5.8706523e-06,0_S1
c1_p043_20231011_o05,p043_20231011,43,4,1,14,0_S1,0.99987173,4.6192934e-05,7.463175e-05,4.367751e-06,1.0083857e-06,2.1297094e-06,0_S1
c1_p043_20231017_o04,p043_20231017,43,4,1,52,2_S5,0.75455683,0.04625961,0.18571317,0.009664997,0.0015163642,0.002289096,0_S1
c1_p043_20231019_o11,p043_20231019,43,4,1,53,2_S5,0.00089113193,8.4818734e-05,0.9977102,0.0012600318,3.642429e-05,1.7273798e-05,2_S5
c1_p043_20231023_o06,p043_20231023,43,4,1,60,3_S6,0.0013897987,0.00012102766,0.86947376,0.122448556,0.006355093,0.00021177746,2_S5
c1_p043_20231027_o06,p043_20231027,43,4,1,61,3_S6,0.00330621,0.00061886123,0.9258151,0.0665212,0.003411003,0.00032764085,2_S5
c1_p043_20231101_o09,p043_20231101,43,4,1,64,3_S6,1.7886327e-06,0.00047371958,0.00038344582,0.8799969,0.11910636,3.782113e-05,3_S6
c1_p043_20231106_o12,p043_20231106,43,4,1,70,4_S7,2.5129484e-06,0.00023716454,9.751656e-05,0.6630864,0.3355825,0.0009939023,3_S6
c1_p043_20231109_o08,p043_20231109,43,4,1,70,4_S7,5.078058e-06,0.00014443415,0.00020648236,0.13649446,0.8617783,0.0013712649,4_S7
c1_p043_20231120_o02,p043_20231120,43,4,1,70,4_S7,6.6938737e-06,8.0099024e-05,0.0007246147,0.014765543,0.8223488,0.16207422,4_S7
c1_p043_20231127_o04,p043_20231127,43,4,1,71,4_S7,4.9885614e-07,4.561982e-06,5.1412935e-05,0.00027073588,0.92417085,0.07550189,4_S7
c1_p043_20231130_o10,p043_20231130,43,4,1,71,4_S7,6.4304615e-05,0.021710671,0.015629657,8.9772104e-05,0.43680596,0.5256996,5_S8
c1_p043_20231204_o03,p043_20231204,43,4,1,72,4_S7,1.01632544e-07,3.3020362e-07,4.2674774e-06,3.8326983e-05,0.9925794,0.0073776194,4_S7
c1_p043_20231211_o08,p043_20231211,43,4,1,74,4_S7,0.0016146165,0.012699372,0.02296695,0.007975909,0.42339307,0.53135014,5_S8
c1_p043_20231214_o05,p043_20231214,43,4,1,76,4_S7,2.0983298e-06,4.661226e-06,0.0001496667,0.00011136072,0.8961246,0.103607595,4_S7
c1_p043_20231218_o05,p043_20231218,43,4,1,77,4_S7,3.2057674e-06,2.1828922e-05,0.00020899474,1.3021624e-05,0.05991494,0.93983805,5_S8
c1_p043_20231227_o04,p043_20231227,43,4,1,78,4_S7,3.966047e-06,3.1138043e-05,0.0007698013,6.533396e-06,0.04842301,0.95076555,5_S8
c1_p043_20240104_o11,p043_20240104,43,4,1,79,4_S7,0.000719815,0.0034423817,0.015867317,0.00077010307,0.2032271,0.77597326,5_S8
c1_p050_20230929_o08,p050_20230929,50,4,1,13,0_S1,0.99999666,1.4003365e-07,3.0825836e-06,8.571519e-09,1.4085992e-09,5.534824e-08,0_S1
c1_p050_20231004_o06,p050_20231004,50,4,1,13,0_S1,0.9999925,1.8092503e-06,5.5312876e-06,1.0876989e-08,8.805213e-09,2.5176857e-07,0_S1
c1_p050_20231011_o09,p050_20231011,50,4,1,14,0_S1,0.94618964,0.013757757,0.03716812,0.0010654124,0.00029647612,0.0015226444,0_S1
c1_p050_20231017_o01,p050_20231017,50,4,1,15,0_S1,0.51664525,0.020743994,0.45185605,0.009247282,0.0011904419,0.0003169871,0_S1
c1_p050_20231019_o04,p050_20231019,50,4,1,16,0_S1,0.96381706,0.00032973808,0.035317555,0.00013371323,3.8218328e-05,0.00036371851,0_S1
c1_p050_20231023_o12,p050_20231023,50,4,1,20,1_S2,0.039032336,0.0007500722,0.78720325,0.17085034,0.0020921845,7.17869e-05,2_S5
c1_p050_20231027_o02,p050_20231027,50,4,1,21,1_S2,0.0008923069,3.9488194e-05,0.2574665,0.7372084,0.004361671,3.153318e-05,3_S6
c1_p050_20231101_o02,p050_20231101,50,4,1,54,2_S5,0.00197042,0.00033896757,0.20889097,0.7815714,0.007157766,7.0555296e-05,3_S6
c1_p050_20231106_o03,p050_20231106,50,4,1,67,3_S6,7.634691e-05,6.0734877e-05,0.0029967045,0.99397343,0.0022822644,0.00061046163,3_S6
c1_p050_20231109_o10,p050_20231109,50,4,1,69,3_S6,1.0834606e-06,2.052639e-05,0.0002858997,0.41966644,0.5799342,9.188758e-05,4_S7
c1_p050_20231120_o05,p050_20231120,50,4,1,70,4_S7,0.00040480145,0.00034561558,0.002222453,0.2425602,0.7070429,0.04742406,4_S7
c1_p050_20231127_o04,p050_20231127,50,4,1,72,4_S7,2.7114772e-06,3.1270672e-06,8.067475e-05,0.012507727,0.9773597,0.010046093,4_S7
c1_p050_20231130_o08,p050_20231130,50,4,1,74,4_S7,4.245092e-05,1.830422e-05,0.001309418,3.409502e-05,0.06300784,0.9355879,5_S8
c1_p050_20231204_o03,p050_20231204,50,4,1,75,4_S7,6.19805e-09,1.2011115e-09,4.5079656e-07,3.9952076e-05,0.9999405,1.9089404e-05,4_S7
c1_p050_20231211_o06,p050_20231211,50,4,1,76,4_S7,0.0005836655,0.0007757665,0.006084997,0.0014370492,0.8326364,0.15848207,4_S7
c1_p050_20231214_o10,p050_20231214,50,4,1,78,4_S7,2.4945255e-06,1.1123625e-06,0.00010984211,2.1414955e-05,0.86364853,0.13621661,4_S7
c1_p050_20231218_o11,p050_20231218,50,4,1,79,4_S7,0.00010728839,0.00014819033,0.0066311234,0.00027366288,0.8559179,0.13692176,4_S7
c1_p050_20231227_o12,p050_20231227,50,4,1,81,5_S8,0.00028417283,0.00016327242,0.0037671207,0.0009370368,0.7022916,0.2925568,4_S7
c1_p050_20240104_o12,p050_20240104,50,4,1,79,4_S7,0.00015321461,4.311523e-05,0.0024371932,4.0471266e-05,0.4012482,0.5960778,5_S8
c1_p051_20230929_o07,p051_20230929,51,4,1,13,0_S1,0.999997,1.432419e-07,2.4517187e-06,2.6377881e-08,8.326491e-09,2.8475182e-07,0_S1
c1_p051_20231004_o08,p051_20231004,51,4,1,13,0_S1,0.99998856,7.0890624e-06,3.9306196e-06,6.611969e-08,3.715974e-08,3.3600836e-07,0_S1
c1_p051_20231011_o01,p051_20231011,51,4,1,15,0_S1,0.965353,0.0006470398,0.033651322,0.0003106092,1.0033187e-05,2.8013777e-05,0_S1
c1_p051_20231017_o06,p051_20231017,51,4,1,52,2_S5,0.67135787,0.0033609278,0.26300168,0.012102981,0.04529312,0.004883361,0_S1
c1_p051_20231019_o09,p051_20231019,51,4,1,60,3_S6,0.31742644,0.00050561974,0.6790824,0.002229764,0.00032465483,0.00043110552,2_S5
c1_p051_20231023_o10,p051_20231023,51,4,1,65,3_S6,0.029009838,0.0010111827,0.4900327,0.4706167,0.009224408,0.00010517609,2_S5
c1_p051_20231027_o11,p051_20231027,51,4,1,66,3_S6,0.0004087394,5.6166173e-06,0.07740266,0.91079503,0.011259664,0.00012820306,3_S6
c1_p051_20231101_o03,p051_20231101,51,4,1,69,3_S6,5.627279e-05,0.00017974916,0.021742985,0.9328004,0.044828188,0.0003923962,3_S6
c1_p051_20231106_o01,p051_20231106,51,4,1,70,4_S7,5.904734e-07,1.6346798e-05,0.0006099612,0.8815886,0.11760927,0.00017523738,3_S6
c1_p051_20231109_o08,p051_20231109,51,4,1,71,4_S7,8.914979e-05,0.00047196005,0.002719055,0.15490316,0.8357463,0.0060703396,4_S7
c1_p051_20231120_o04,p051_20231120,51,4,1,72,4_S7,5.87048e-06,2.8739089e-05,0.00016273512,0.21684934,0.77666473,0.0062886416,4_S7
c1_p051_20231127_o06,p051_20231127,51,4,1,75,4_S7,5.7904913e-06,1.1250207e-05,0.00019421538,0.0026307793,0.6823053,0.31485274,4_S7
c1_p051_20231130_o10,p051_20231130,51,4,1,76,4_S7,0.00041204705,0.005240139,0.014302739,0.010773485,0.24161145,0.7276601,5_S8
c1_p051_20231204_o12,p051_20231204,51,4,1,77,4_S7,7.187539e-09,4.4531955e-08,2.6494234e-07,1.0400921e-05,0.9977428,0.0022465112,4_S7
c1_p051_20231211_o09,p051_20231211,51,4,1,78,4_S7,0.00048428675,0.008119781,0.04117552,0.0027576766,0.57346475,0.373998,4_S7
c1_p051_20231214_o05,p051_20231214,51,4,1,79,4_S7,0.0002906093,3.8435115e-05,0.0022777496,0.0016652249,0.27485362,0.72087437,5_S8
c1_p051_20231218_o11,p051_20231218,51,4,1,79,4_S7,1.1707772e-06,4.6677684e-05,7.921414e-05,0.000106408406,0.9528061,0.046960432,4_S7
c1_p051_20231227_o05,p051_20231227,51,4,1,81,5_S8,3.917265e-09,1.8114659e-09,8.057277e-07,1.8144926e-08,4.6818528e-05,0.9999523,5_S8
c1_p051_20240104_o02,p051_20240104,51,4,1,82,5_S8,1.385911e-05,7.683134e-06,0.0003056306,0.00020657135,0.04603862,0.9534276,5_S8
c1_p055_20230929_o05,p055_20230929,55,4,1,13,0_S1,0.9999064,1.8893792e-06,9.0651076e-05,4.089989e-08,1.3234862e-08,9.510167e-07,0_S1
c1_p055_20231004_o05,p055_20231004,55,4,1,13,0_S1,0.99992955,5.81251e-06,6.375012e-05,3.0716848e-07,3.5362984e-08,5.2686795e-07,0_S1
c1_p055_20231011_o09,p055_20231011,55,4,1,14,0_S1,0.77852917,0.047463823,0.16740912,0.002028404,0.0012425142,0.0033270058,0_S1
c1_p055_20231017_o12,p055_20231017,55,4,1,20,1_S2,0.06457674,0.012295548,0.9127269,0.008443162,0.0007680754,0.001189598,2_S5
c1_p055_20231019_o02,p055_20231019,55,4,1,54,2_S5,0.28990084,0.0024153236,0.70294595,0.004601311,0.00010787115,2.877932e-05,2_S5
c1_p055_20231023_o03,p055_20231023,55,4,1,55,2_S5,0.0488299,0.0013328086,0.9139496,0.0355635,0.00026291856,6.128423e-05,2_S5
c1_p055_20231027_o04,p055_20231027,55,4,1,60,3_S6,0.0002840591,0.00025502505,0.59696394,0.39867502,0.003637104,0.00018484415,2_S5
c1_p055_20231101_o04,p055_20231101,55,4,1,63,3_S6,1.5300333e-05,1.4914861e-05,0.0013129598,0.932749,0.06589216,1.563131e-05,3_S6
c1_p055_20231106_o05,p055_20231106,55,4,1,67,3_S6,3.4452673e-06,4.3633518e-05,0.005974703,0.8741293,0.11959595,0.0002529109,3_S6
c1_p055_20231109_o04,p055_20231109,55,4,1,69,3_S6,9.2640977e-07,2.905203e-05,4.8953567e-05,0.11127971,0.8884278,0.00021361272,4_S7
c1_p055_20231120_o04,p055_20231120,55,4,1,71,4_S7,4.2383044e-06,9.5542884e-05,4.532787e-05,0.026770275,0.9693684,0.003716183,4_S7
c1_p055_20231127_o09,p055_20231127,55,4,1,72,4_S7,1.3645002e-08,1.3423065e-07,9.5141536e-07,0.0003670071,0.99899465,0.0006373028,4_S7
c1_p055_20231130_o08,p055_20231130,55,4,1,75,4_S7,7.1583685e-07,5.844385e-07,2.5526217e-05,3.3496795e-05,0.99916124,0.00077844143,4_S7
c1_p055_20231204_o11,p055_20231204,55,4,1,76,4_S7,1.0524166e-06,4.754848e-06,0.000101024954,8.845982e-05,0.9107795,0.08902525,4_S7
c1_p055_20231211_o04,p055_20231211,55,4,1,77,4_S7,2.6639298e-05,0.000113450085,0.0008869766,0.00019574264,0.94165623,0.0571209,4_S7
c1_p055_20231214_o05,p055_20231214,55,4,1,78,4_S7,6.1607346e-07,2.5951467e-06,3.197086e-05,4.2803407e-05,0.8942634,0.10565862,4_S7
c1_p055_20231218_o07,p055_20231218,55,4,1,79,4_S7,1.0114318e-06,9.5491005e-06,7.830759e-05,0.00015904865,0.8537914,0.14596072,4_S7
c1_p055_20231227_o04,p055_20231227,55,4,1,79,4_S7,0.0002673181,0.0003185792,0.003019498,0.0011285994,0.5811375,0.41412848,4_S7
c1_p055_20240104_o11,p055_20240104,55,4,1,80,5_S8,1.0620639e-05,5.068539e-05,0.00041367754,4.731829e-05,0.77720755,0.22227004,4_S7
c1_p056_20230929_o09,p056_20230929,56,4,1,13,0_S1,0.9999944,1.7366219e-06,3.6601614e-06,4.492815e-08,5.513851e-09,1.6713636e-07,0_S1
c1_p056_20231004_o08,p056_20231004,56,4,1,13,0_S1,0.9998727,0.00011511252,1.2076033e-05,4.0447247e-08,3.800448e-09,4.832396e-08,0_S1
c1_p056_20231011_o07,p056_20231011,56,4,1,14,0_S1,0.6423547,0.0023301148,0.35475448,0.00037595906,6.520136e-05,0.00011951562,0_S1
c1_p056_20231017_o09,p056_20231017,56,4,1,15,0_S1,0.03998447,0.007546656,0.89610296,0.033365943,0.019209325,0.0037906386,2_S5
c1_p056_20231019_o11,p056_20231019,56,4,1,16,0_S1,0.012048927,0.0020449036,0.98369795,0.0010134223,0.0004936503,0.0007012705,2_S5
c1_p056_20231023_o12,p056_20231023,56,4,1,20,1_S2,0.013299947,0.009526661,0.7145265,0.22325605,0.036966834,0.002423971,2_S5
c1_p056_20231027_o11,p056_20231027,56,4,1,55,2_S5,0.0014587628,6.130008e-05,0.45133182,0.5455659,0.0015065158,7.576114e-05,3_S6
c1_p056_20231101_o09,p056_20231101,56,4,1,56,2_S5,0.0014090969,0.0005905091,0.87027216,0.12257011,0.0046157404,0.0005423708,2_S5
c1_p056_20231106_o08,p056_20231106,56,4,1,65,3_S6,2.441243e-06,6.986591e-05,0.00020055463,0.553283,0.4406958,0.005748335,3_S6
c1_p056_20231109_o05,p056_20231109,56,4,1,67,3_S6,1.7162294e-05,0.00010621768,0.0002879764,0.0130189555,0.9810518,0.005517906,4_S7
c1_p056_20231120_o07,p056_20231120,56,4,1,70,4_S7,7.2004855e-06,0.00065076543,0.00029655956,0.03260454,0.9262363,0.04020466,4_S7
c1_p056_20231127_o07,p056_20231127,56,4,1,72,4_S7,0.00029811144,0.0014776184,0.026147556,0.00055185583,0.17891064,0.79261416,5_S8
c1_p056_20231130_o06,p056_20231130,56,4,1,73,4_S7,0.0004479772,8.385178e-05,0.016943082,7.111361e-05,0.046525277,0.9359287,5_S8
c1_p056_20231204_o10,p056_20231204,56,4,1,74,4_S7,0.00012541165,6.23325e-05,0.0013727662,0.00016032075,0.97125006,0.027029218,4_S7
c1_p056_20231211_o02,p056_20231211,56,4,1,76,4_S7,3.640123e-05,5.166067e-06,0.0019720616,4.3734868e-05,0.33021018,0.66773254,5_S8
c1_p056_20231214_o04,p056_20231214,56,4,1,78,4_S7,5.597909e-07,6.248418e-08,2.5689308e-06,6.4058256e-08,0.89144784,0.108548954,4_S7
c1_p056_20231218_o05,p056_20231218,56,4,1,80,5_S8,0.00010677511,0.000116001596,0.00263422,1.0697157e-05,0.36366296,0.63346934,5_S8
c1_p056_20231227_o02,p056_20231227,56,4,1,82,5_S8,0.00046431954,5.3380725e-05,0.002843918,0.00033570366,0.85842085,0.13788189,4_S7
c1_p056_20240104_o07,p056_20240104,56,4,1,83,5_S8,0.0008875717,0.000439737,0.0034131026,2.4549776e-05,0.14351836,0.8517167,5_S8
c1_p062_20231006_o05,p062_20231006,62,4,1,13,0_S1,0.9993259,1.4080344e-05,0.0004916256,2.8755599e-06,1.1342948e-05,0.00015417283,0_S1
c1_p062_20231011_o05,p062_20231011,62,4,1,13,0_S1,0.9932556,0.00012810153,0.0054032044,0.00011886782,7.068814e-05,0.0010234723,0_S1
c1_p062_20231017_o08,p062_20231017,62,4,1,13,0_S1,0.99919933,0.000294741,0.00040183598,4.884673e-06,9.830586e-06,8.924218e-05,0_S1
c1_p062_20231019_o01,p062_20231019,62,4,1,14,0_S1,0.98437274,0.0011416675,0.012266201,0.00010832644,0.0002354524,0.0018756181,0_S1
c1_p062_20231023_o07,p062_20231023,62,4,1,14,0_S1,0.9957371,0.000105332394,0.004094978,6.167713e-05,9.777416e-08,7.8944873e-07,0_S1
c1_p062_20231027_o07,p062_20231027,62,4,1,14,0_S1,0.322412,0.00068831973,0.6764729,0.0004208802,1.5637096e-06,4.275676e-06,2_S5
c1_p062_20231101_o04,p062_20231101,62,4,1,51,2_S5,0.0010781572,9.6805656e-05,0.72253674,0.27534732,0.0009024343,3.8544695e-05,2_S5
c1_p062_20231106_o01,p062_20231106,62,4,1,53,2_S5,0.00030779646,0.0003855193,0.022049826,0.9567628,0.020066123,0.00042795035,3_S6
c1_p062_20231109_o06,p062_20231109,62,4,1,60,3_S6,1.09623315e-07,6.7356414e-06,3.4855733e-05,0.955218,0.044692483,4.7821624e-05,3_S6
c1_p062_20231120_o05,p062_20231120,62,4,1,70,4_S7,1.2408116e-06,7.9105586e-05,4.701454e-05,0.12224864,0.8771904,0.00043356247,4_S7
c1_p062_20231127_o06,p062_20231127,62,4,1,72,4_S7,0.00012690632,0.011149214,0.0017912849,0.009991203,0.9491566,0.027784796,4_S7
c1_p062_20231130_o08,p062_20231130,62,4,1,73,4_S7,1.3012259e-07,1.9738777e-06,2.1602313e-05,0.073141426,0.92664534,0.00018954632,4_S7
c1_p062_20231204_o08,p062_20231204,62,4,1,75,4_S7,1.5041856e-07,1.1374146e-06,3.866975e-06,7.683555e-05,0.99988985,2.8265384e-05,4_S7
c1_p062_20231211_o06,p062_20231211,62,4,1,77,4_S7,1.2637571e-08,4.8070996e-07,1.279226e-06,0.00021508246,0.99796355,0.0018195405,4_S7
c1_p062_20231214_o08,p062_20231214,62,4,1,78,4_S7,7.736124e-07,7.411752e-08,8.3618215e-06,7.0449634e-05,0.9888287,0.011091584,4_S7
c1_p062_20231218_o11,p062_20231218,62,4,1,79,4_S7,2.815819e-06,5.7645757e-06,0.00014176298,0.0011329207,0.9802925,0.018424205,4_S7
c1_p062_20231227_o04,p062_20231227,62,4,1,79,4_S7,1.1853406e-06,2.0144296e-06,0.00032001236,0.011855007,0.8519804,0.13584135,4_S7
c1_p062_20240115_o04,p062_20240115,62,4,1,82,5_S8,5.8120914e-08,1.3518778e-07,1.5786689e-05,5.605641e-06,0.00374066,0.99623775,5_S8
c1_p062_20240119_o12,p062_20240119,62,4,1,83,5_S8,1.2095679e-10,5.285765e-10,1.2546673e-07,6.5528894e-08,1.1063402e-06,0.9999987,5_S8
c1_p062_20240126_o06,p062_20240126,62,4,1,86,5_S8,2.4308806e-09,2.3630933e-09,3.8435223e-07,1.2000899e-07,2.0199874e-05,0.99997926,5_S8
c1_p071_20231006_o01,p071_20231006,71,4,1,13,0_S1,0.99891484,3.1176576e-05,0.00080339186,1.1473203e-05,2.1304499e-05,0.00021775649,0_S1
c1_p071_20231011_o09,p071_20231011,71,4,1,13,0_S1,0.9994466,7.3429624e-06,0.00042695622,6.994299e-06,1.0607195e-05,0.000101436766,0_S1
c1_p071_20231017_o07,p071_20231017,71,4,1,13,0_S1,0.99998,7.0131745e-07,1.7709453e-05,3.1952223e-07,4.5533366e-08,1.2455267e-06,0_S1
c1_p071_20231019_o06,p071_20231019,71,4,1,13,0_S1,0.5465012,0.0360778,0.41194132,0.00227496,0.0010208151,0.0021838783,0_S1
c1_p071_20231023_o08,p071_20231023,71,4,1,14,0_S1,0.79492927,0.050700586,0.15149161,0.0025298442,0.00011782221,0.00023096295,0_S1
c1_p071_20231027_o07,p071_20231027,71,4,1,51,2_S5,0.010911762,0.0011116929,0.9574388,0.030481746,3.7322243e-05,1.8747876e-05,2_S5
c1_p071_20231101_o06,p071_20231101,71,4,1,60,3_S6,0.00039524416,7.013076e-05,0.9183285,0.08108776,7.77305e-05,4.0587292e-05,2_S5
c1_p071_20231106_o08,p071_20231106,71,4,1,68,3_S6,7.3304964e-06,2.3185205e-05,0.0048717833,0.99384487,0.00115702,9.588186e-05,3_S6
c1_p071_20231109_o07,p071_20231109,71,4,1,69,3_S6,2.7272861e-05,0.00011548745,0.044450656,0.9531556,0.002075278,0.00017568904,3_S6
c1_p071_20231120_o09,p071_20231120,71,4,1,70,4_S7,2.8308601e-05,0.00021898234,0.0037997311,0.5280992,0.4638598,0.0039939866,3_S6
c1_p071_20231127_o12,p071_20231127,71,4,1,72,4_S7,4.1245197e-08,5.991571e-07,1.411556e-06,0.00077707664,0.9991817,3.9148443e-05,4_S7
c1_p071_20231130_o10,p071_20231130,71,4,1,73,4_S7,9.401337e-05,0.0005068766,0.0032215342,0.009839198,0.954064,0.032274373,4_S7
c1_p071_20231204_o04,p071_20231204,71,4,1,74,4_S7,8.955705e-06,1.591326e-06,4.155322e-05,0.0041374015,0.9954857,0.0003247829,4_S7
c1_p071_20231211_o09,p071_20231211,71,4,1,75,4_S7,4.8608435e-06,8.55389e-06,0.00027234873,0.00029324528,0.9399223,0.059498675,4_S7
c1_p071_20231214_o09,p071_20231214,71,4,1,76,4_S7,6.0152765e-06,1.2813958e-06,5.1865834e-05,2.9774044e-05,0.92986643,0.07004459,4_S7
c1_p071_20231218_o05,p071_20231218,71,4,1,77,4_S7,1.9921877e-06,3.3721321e-06,0.00012985575,0.00047065676,0.6998529,0.29954123,4_S7
c1_p071_20231227_o04,p071_20231227,71,4,1,78,4_S7,5.381617e-05,2.4338437e-05,0.001756484,0.003538362,0.8291875,0.1654395,4_S7
c1_p071_20240115_o07,p071_20240115,71,4,1,79,4_S7,2.0795775e-05,2.6911013e-05,0.0011728159,0.00041582927,0.2891039,0.70925975,5_S8
c1_p071_20240119_o07,p071_20240119,71,4,1,82,5_S8,1.00674304e-08,2.599702e-09,1.6320105e-06,1.0304383e-06,8.596073e-05,0.9999113,5_S8
c1_p071_20240126_o10,p071_20240126,71,4,1,85,5_S8,1.1179616e-06,6.5513723e-06,3.70962e-05,7.823032e-06,0.00226045,0.997687,5_S8
c1_p074_20231006_o10,p074_20231006,74,4,1,13,0_S1,0.999881,3.1892882e-06,7.175314e-05,4.587834e-06,2.6829978e-06,3.670801e-05,0_S1
c1_p074_20231011_o05,p074_20231011,74,4,1,13,0_S1,0.9995615,1.42562985e-05,0.0003423065,1.5599807e-06,7.988598e-06,7.240622e-05,0_S1
c1_p074_20231017_o02,p074_20231017,74,4,1,13,0_S1,0.99727327,2.388783e-05,0.0025541005,4.2168103e-06,9.074574e-06,0.00013543565,0_S1
c1_p074_20231019_o11,p074_20231019,74,4,1,13,0_S1,0.9272265,4.1839467e-05,0.07260139,3.8683484e-05,1.982779e-05,7.179599e-05,0_S1
c1_p074_20231023_o07,p074_20231023,74,4,1,13,0_S1,0.9996604,9.525239e-06,0.0003206674,2.1445355e-06,4.1618564e-06,3.1623226e-06,0_S1
c1_p074_20231027_o05,p074_20231027,74,4,1,20,1_S2,0.002757454,2.3399785e-05,0.22237319,0.7746326,0.00010598094,0.000107352374,3_S6
c1_p074_20231101_o03,p074_20231101,74,4,1,53,2_S5,0.000104263876,2.2523209e-06,0.16751124,0.83195657,0.00039710055,2.854766e-05,3_S6
c1_p074_20231106_o11,p074_20231106,74,4,1,60,3_S6,2.1908968e-06,3.8930707e-06,0.0006577792,0.9831649,0.015307228,0.0008640043,3_S6
c1_p074_20231109_o08,p074_20231109,74,4,1,70,4_S7,1.931313e-06,5.2647138e-06,0.0012998593,0.98437434,0.01422747,9.109879e-05,3_S6
c1_p074_20231120_o05,p074_20231120,74,4,1,72,4_S7,1.4520355e-06,7.451197e-06,0.000534583,0.5253105,0.47367057,0.00047543214,3_S6
c1_p074_20231127_o09,p074_20231127,74,4,1,73,4_S7,8.2697254e-05,6.644227e-05,0.00034383612,0.4356776,0.55858624,0.0052431896,4_S7
c1_p074_20231130_o10,p074_20231130,74,4,1,74,4_S7,1.7137763e-06,1.3894795e-06,5.3832544e-05,5.030068e-05,0.89858913,0.101303555,4_S7
c1_p074_20231204_o05,p074_20231204,74,4,1,75,4_S7,7.156485e-07,7.340898e-07,1.427393e-05,0.00019863683,0.9994043,0.00038130686,4_S7
c1_p074_20231211_o12,p074_20231211,74,4,1,78,4_S7,1.05474976e-10,1.8233758e-10,1.6334928e-08,5.1305647e-06,0.9999944,4.898475e-07,4_S7
c1_p074_20231214_o08,p074_20231214,74,4,1,79,4_S7,1.582154e-06,1.0954106e-05,1.0956069e-05,0.0025130073,0.8836528,0.1138107,4_S7
c1_p074_20231218_o04,p074_20231218,74,4,1,79,4_S7,5.6566223e-05,1.0731e-05,0.0010422493,7.369048e-05,0.9449132,0.053903572,4_S7
c1_p074_20231227_o03,p074_20231227,74,4,1,81,5_S8,0.000115323965,1.14048835e-05,0.00055826706,0.0007715036,0.73512304,0.2634205,4_S7
c1_p074_20240115_o10,p074_20240115,74,4,1,82,5_S8,4.9334495e-12,3.3738647e-11,2.3535039e-08,6.813951e-11,2.7961402e-08,1.0,5_S8
c1_p074_20240119_o11,p074_20240119,74,4,1,83,5_S8,2.0321026e-11,7.758144e-11,2.171259e-08,7.192413e-08,4.1106847e-05,0.99995875,5_S8
c1_p074_20240126_o08,p074_20240126,74,4,1,88,5_S8,1.8516175e-11,2.609312e-11,7.493461e-09,2.4957247e-10,8.119435e-07,0.99999917,5_S8
c1_p080_20231006_o02,p080_20231006,80,4,1,13,0_S1,0.9996606,5.278897e-06,0.00019579945,4.28828e-06,1.230628e-05,0.000121728015,0_S1
c1_p080_20231011_o09,p080_20231011,80,4,1,13,0_S1,0.9999845,2.1464083e-07,1.437496e-05,1.5620934e-07,6.334517e-08,5.334842e-07,0_S1
c1_p080_20231017_o09,p080_20231017,80,4,1,13,0_S1,0.99251974,9.499616e-05,0.007346208,1.7502696e-05,3.0600952e-06,1.8529086e-05,0_S1
c1_p080_20231019_o08,p080_20231019,80,4,1,13,0_S1,0.06203881,7.0951835e-05,0.530341,0.4046611,0.002518339,0.00036973614,2_S5
c1_p080_20231023_o06,p080_20231023,80,4,1,14,0_S1,0.3003903,0.023981381,0.5124731,0.09234733,0.059244763,0.011563107,2_S5
c1_p080_20231027_o05,p080_20231027,80,4,1,52,2_S5,0.009020297,0.00021010442,0.70127743,0.28689942,0.0022983027,0.00029441228,2_S5
c1_p080_20231101_o06,p080_20231101,80,4,1,53,2_S5,0.0004579745,0.0001229766,0.539882,0.38070124,0.07248753,0.0063482677,2_S5
c1_p080_20231106_o06,p080_20231106,80,4,1,62,3_S6,0.00017175064,0.00023295106,0.001861068,0.8141077,0.1811772,0.0024492643,3_S6
c1_p080_20231109_o01,p080_20231109,80,4,1,69,3_S6,4.8540846e-06,3.0342573e-05,0.0009466108,0.83515614,0.16163789,0.002224144,3_S6
c1_p080_20231120_o11,p080_20231120,80,4,1,70,4_S7,1.6528377e-06,0.0001214416,6.1344144e-05,0.19129254,0.80128044,0.0072426004,4_S7
c1_p080_20231127_o05,p080_20231127,80,4,1,73,4_S7,4.719912e-05,6.203899e-05,0.00048141906,0.04373905,0.95105106,0.004619321,4_S7
c1_p080_20231130_o11,p080_20231130,80,4,1,74,4_S7,1.9174372e-07,5.151117e-05,4.7691933e-06,0.00027887337,0.9979086,0.0017560543,4_S7
c1_p080_20231204_o05,p080_20231204,80,4,1,76,4_S7,1.2687962e-06,2.7664312e-06,9.2812115e-06,0.0055656405,0.99431723,0.0001038665,4_S7
c1_p080_20231211_o10,p080_20231211,80,4,1,77,4_S7,5.2781225e-08,8.608039e-06,2.4963394e-06,9.5195086e-05,0.9935343,0.0063594407,4_S7
c1_p080_20231214_o03,p080_20231214,80,4,1,78,4_S7,1.0531706e-06,3.0319458e-07,1.44479845e-05,5.924125e-05,0.85027117,0.14965372,4_S7
c1_p080_20231218_o06,p080_20231218,80,4,1,79,4_S7,3.98357e-05,4.9390965e-05,0.0005414749,0.0018005891,0.62620056,0.3713681,4_S7
c1_p080_20231227_o03,p080_20231227,80,4,1,81,5_S8,2.1962597e-08,2.8801365e-08,9.103608e-06,8.248776e-06,0.19971828,0.80026436,5_S8
c1_p080_20240115_o06,p080_20240115,80,4,1,85,5_S8,9.165526e-08,5.8378983e-08,3.1819118e-06,3.3152517e-07,0.00034045117,0.99965596,5_S8
c1_p080_20240119_o03,p080_20240119,80,4,1,88,5_S8,3.5114355e-12,6.5041565e-13,1.2113731e-09,7.266305e-11,5.6352705e-09,1.0,5_S8
c1_p080_20240126_o10,p080_20240126,80,4,1,89,5_S8,1.5413058e-05,0.00012151091,0.0008203445,8.7010194e-05,0.13355257,0.86540323,5_S8
c1_p081_20231006_o05,p081_20231006,81,4,1,13,0_S1,0.99991953,1.207308e-06,3.1639887e-05,4.0346643e-07,3.3539627e-06,4.390008e-05,0_S1
c1_p081_20231011_o08,p081_20231011,81,4,1,13,0_S1,0.9999969,4.2255994e-07,1.7272331e-06,9.3743555e-09,8.508e-08,9.0213894e-07,0_S1
c1_p081_20231017_o10,p081_20231017,81,4,1,13,0_S1,0.9996376,0.00032152486,4.0213363e-05,8.727432e-08,8.157686e-08,5.0706143e-07,0_S1
c1_p081_20231019_o12,p081_20231019,81,4,1,13,0_S1,0.9993351,9.558835e-06,0.0006345327,6.1295846e-06,3.9013694e-06,1.0774881e-05,0_S1
c1_p081_20231023_o01,p081_20231023,81,4,1,14,0_S1,0.98690844,0.007721488,0.004655818,0.00038832778,0.00013524875,0.00019067145,0_S1
c1_p081_20231027_o01,p081_20231027,81,4,1,53,2_S5,0.0088129565,0.0013972643,0.97675335,0.011413132,0.0006345123,0.0009887652,2_S5
c1_p081_20231101_o04,p081_20231101,81,4,1,54,2_S5,0.0005282231,0.0001119072,0.93190044,0.06488714,0.0013648717,0.0012074233,2_S5
c1_p081_20231106_o12,p081_20231106,81,4,1,60,3_S6,5.5243534e-05,0.0010682907,0.013652468,0.6665703,0.31552035,0.003133284,3_S6
c1_p081_20231109_o01,p081_20231109,81,4,1,64,3_S6,1.1012825e-06,2.0315667e-05,8.529007e-05,0.029280948,0.969162,0.0014503136,4_S7
c1_p081_20231120_o04,p081_20231120,81,4,1,67,3_S6,1.4458962e-05,5.4904875e-05,0.0002503872,0.2174129,0.7746345,0.007632899,4_S7
c1_p081_20231127_o06,p081_20231127,81,4,1,72,4_S7,9.934067e-06,1.5383279e-05,6.3841755e-05,0.056867912,0.9425451,0.0004978601,4_S7
c1_p081_20231130_o09,p081_20231130,81,4,1,73,4_S7,1.3402548e-05,2.757459e-05,0.0005641592,0.0014285699,0.33851245,0.6594538,5_S8
c1_p081_20231204_o12,p081_20231204,81,4,1,75,4_S7,1.1180233e-06,2.926253e-07,1.0011738e-05,4.860781e-06,0.99707043,0.0029133817,4_S7
c1_p081_20231211_o11,p081_20231211,81,4,1,77,4_S7,2.1176358e-08,9.606744e-08,4.07591e-06,4.6165388e-07,0.925854,0.07414136,4_S7
c1_p081_20231214_o05,p081_20231214,81,4,1,78,4_S7,4.7127825e-05,1.3322832e-06,5.794505e-05,7.4196585e-05,0.92935395,0.07046552,4_S7
c1_p081_20231218_o09,p081_20231218,81,4,1,79,4_S7,0.0001849844,2.9538089e-05,0.0012366812,3.2017946e-05,0.4007864,0.5977304,5_S8
c1_p081_20231227_o04,p081_20231227,81,4,1,79,4_S7,5.2086334e-06,1.1049403e-07,3.2586016e-05,1.3148862e-05,0.6105516,0.38939726,4_S7
c1_p081_20240115_o02,p081_20240115,81,4,1,83,5_S8,7.730247e-07,1.984099e-07,4.7935664e-05,6.40414e-07,0.00010758045,0.9998429,5_S8
c1_p081_20240119_o07,p081_20240119,81,4,1,85,5_S8,7.419247e-07,4.5132964e-08,3.0408253e-05,9.072839e-08,9.705968e-05,0.9998716,5_S8
c1_p081_20240126_o04,p081_20240126,81,4,1,89,5_S8,5.682563e-07,3.2942367e-09,4.315695e-06,2.1553198e-07,0.00055135245,0.9994435,5_S8
c1_p084_20231128_o12,p084_20231128,84,4,1,66,3_S6,3.7154695e-08,6.568662e-08,1.1942925e-05,0.8492634,0.15070546,1.903207e-05,3_S6
c1_p084_20231130_o05,p084_20231130,84,4,1,68,3_S6,7.675031e-06,5.3665553e-06,3.598383e-05,0.7606337,0.2390624,0.00025490054,3_S6
c1_p084_20231204_o01,p084_20231204,84,4,1,69,3_S6,3.84098e-07,1.2029174e-06,1.1431143e-05,0.36779484,0.6321827,9.369317e-06,4_S7
c1_p084_20231207_o12,p084_20231207,84,4,1,70,4_S7,3.9230528e-08,3.4779015e-07,3.7394318e-06,0.004439104,0.9955006,5.6100227e-05,4_S7
c1_p084_20231211_o05,p084_20231211,84,4,1,71,4_S7,1.7594054e-08,3.4910178e-07,1.7404525e-06,0.0048143463,0.99502325,0.00016033983,4_S7
c1_p084_20231218_o01,p084_20231218,84,4,1,73,4_S7,9.495262e-09,1.2260296e-08,9.927111e-07,1.054131e-05,0.98619187,0.013796627,4_S7
c1_p084_20231227_o02,p084_20231227,84,4,1,75,4_S7,2.2807454e-09,5.9295178e-09,2.5791435e-06,1.5116112e-05,0.94823956,0.051742706,4_S7
c1_p084_20240115_o07,p084_20240115,84,4,1,76,4_S7,1.1005851e-07,9.3945204e-08,5.1691823e-06,0.00017008644,0.98154825,0.01827631,4_S7
c1_p084_20240119_o10,p084_20240119,84,4,1,78,4_S7,1.2817272e-07,9.644248e-07,5.633362e-06,6.4588603e-06,0.96167344,0.038313475,4_S7
c1_p084_20240126_o09,p084_20240126,84,4,1,80,5_S8,9.4308024e-07,4.9937807e-05,0.00010592624,2.3420082e-06,0.030069014,0.96977186,5_S8
c1_p090_20231128_o07,p090_20231128,90,4,1,65,3_S6,2.730716e-07,6.67264e-07,8.7287335e-06,0.01677089,0.98312217,9.73219e-05,4_S7
c1_p090_20231130_o09,p090_20231130,90,4,1,67,3_S6,1.5995744e-05,9.690073e-06,0.00019584056,0.18215543,0.8166981,0.00092493236,4_S7
c1_p090_20231204_o06,p090_20231204,90,4,1,65,3_S6,1.5935098e-05,0.00013058702,0.00015276723,0.17413174,0.8253681,0.00020082328,4_S7
c1_p090_20231207_o05,p090_20231207,90,4,1,67,3_S6,1.0523902e-07,1.0157287e-07,2.6123516e-06,0.00064019253,0.99928707,6.99823e-05,4_S7
c1_p090_20231211_o10,p090_20231211,90,4,1,69,3_S6,1.2018613e-08,8.0794834e-08,1.1863093e-06,5.4807933e-05,0.9998202,0.00012372862,4_S7
c1_p090_20231218_o03,p090_20231218,90,4,1,71,4_S7,9.93735e-07,9.363687e-08,4.282222e-05,2.457458e-05,0.43985152,0.56008005,5_S8
c1_p090_20231227_o11,p090_20231227,90,4,1,73,4_S7,2.699353e-06,9.011876e-06,5.4792792e-05,0.0075191595,0.9180742,0.0743401,4_S7
c1_p090_20240115_o03,p090_20240115,90,4,1,76,4_S7,4.0109188e-07,3.4216555e-08,1.9997273e-05,3.7869468e-06,0.88674307,0.1132327,4_S7
c1_p090_20240119_o02,p090_20240119,90,4,1,78,4_S7,2.9154953e-07,4.806316e-07,1.982286e-05,3.041899e-05,0.77380544,0.2261436,4_S7
c1_p090_20240126_o01,p090_20240126,90,4,1,80,5_S8,2.6343996e-06,1.8547154e-05,8.1579085e-05,4.6613404e-05,0.25164485,0.7482057,5_S8
c1_p092_20231128_o01,p092_20231128,92,4,1,68,3_S6,9.519203e-08,1.8147139e-07,5.0285153e-06,0.9358437,0.06399891,0.00015214249,3_S6
c1_p092_20231130_o06,p092_20231130,92,4,1,69,3_S6,1.4389539e-05,1.7245822e-05,6.668482e-05,0.8710199,0.1287966,8.5083935e-05,3_S6
c1_p092_20231204_o09,p092_20231204,92,4,1,70,4_S7,8.8850305e-05,0.0001796956,0.0004788607,0.74517965,0.25366175,0.00041121122,3_S6
c1_p092_20231207_o10,p092_20231207,92,4,1,71,4_S7,4.724619e-07,1.2186776e-05,3.630968e-05,0.0001410185,0.98748636,0.012323736,4_S7
c1_p092_20231211_o06,p092_20231211,92,4,1,72,4_S7,5.999995e-07,1.7870829e-07,1.0967258e-05,0.27745146,0.7224406,9.6269694e-05,4_S7
c1_p092_20231218_o07,p092_20231218,92,4,1,74,4_S7,3.8112055e-06,8.837526e-06,7.068401e-05,0.0018857266,0.9383267,0.05970421,4_S7
c1_p092_20231227_o02,p092_20231227,92,4,1,75,4_S7,8.889705e-06,9.811374e-05,4.2770273e-05,0.00019992195,0.9479721,0.05167826,4_S7
c1_p092_20240115_o09,p092_20240115,92,4,1,76,4_S7,2.0540381e-05,2.7151857e-05,0.00033658766,0.00011270295,0.7126706,0.28683233,4_S7
c1_p092_20240119_o10,p092_20240119,92,4,1,78,4_S7,6.3091547e-06,3.1668184e-05,4.0458322e-05,0.00014351944,0.9425476,0.05723047,4_S7
c1_p092_20240126_o07,p092_20240126,92,4,1,83,5_S8,2.8241139e-11,1.3994331e-11,6.671838e-08,1.3444112e-10,7.7299525e-08,0.9999999,5_S8
c1_p100_20231128_o09,p100_20231128,100,4,1,66,3_S6,1.1402194e-06,2.4441982e-07,0.00011652826,0.9567235,0.042664126,0.00049452466,3_S6
c1_p100_20231130_o12,p100_20231130,100,4,1,68,3_S6,5.0392696e-06,1.3250687e-05,0.00017905975,0.8145389,0.18508902,0.00017472559,3_S6
c1_p100_20231204_o03,p100_20231204,100,4,1,69,3_S6,0.00027819956,0.0019387142,0.0028828545,0.10478646,0.8659026,0.024211168,4_S7
c1_p100_20231207_o12,p100_20231207,100,4,1,68,3_S6,1.6729088e-07,2.9452787e-05,4.580943e-06,0.000534161,0.9974732,0.00195841,4_S7
c1_p100_20231211_o07,p100_20231211,100,4,1,69,3_S6,2.073485e-05,8.324273e-05,0.00022623772,0.04179834,0.955369,0.0025024675,4_S7
c1_p100_20231218_o11,p100_20231218,100,4,1,70,4_S7,8.822689e-06,0.00017977759,0.00015264818,0.00790459,0.687632,0.30412212,4_S7
c1_p100_20231227_o01,p100_20231227,100,4,1,72,4_S7,5.6553123e-08,2.7580106e-07,6.549657e-06,2.657987e-05,0.9835638,0.0164028,4_S7
c1_p100_20240115_o08,p100_20240115,100,4,1,75,4_S7,1.041502e-05,5.9357575e-05,0.0003139395,0.00016694813,0.6403229,0.35912645,4_S7
c1_p100_20240119_o04,p100_20240119,100,4,1,77,4_S7,1.6471223e-06,5.5220457e-06,3.745481e-05,3.6444635e-05,0.5697903,0.4301286,4_S7
c1_p100_20240126_o12,p100_20240126,100,4,1,79,4_S7,9.740856e-05,0.029280549,0.0036516478,6.063396e-05,0.1663437,0.800566,5_S8
