image_id,session,plant,fold,camera,bbch,cls,p_0_S1,p_1_S2,p_2_S5,p_3_S6,p_4_S7,p_5_S8,pred
c3_p005_20230816_o02,p005_20230816,5,0,3,65,3_S6,0.2867605,0.093702294,0.34841853,0.24653643,0.022890057,0.0016921735,2_S5
c3_p005_20230921_o07,p005_20230921,5,0,3,77,4_S7,0.24105169,0.049789693,0.12706792,0.2122432,0.3431165,0.026730986,4_S7
c3_p005_20231005_o09,p005_20231005,5,0,3,79,4_S7,0.39855376,0.04276672,0.094444014,0.026038311,0.37736744,0.060829762,0_S1
c3_p006_20230816_o04,p006_20230816,6,0,3,65,3_S6,0.017684672,0.049480908,0.097555004,0.6496877,0.17672361,0.008868059,3_S6
c3_p006_20230921_o02,p006_20230921,6,0,3,78,4_S7,0.00044154053,0.0031076155,0.0037387887,0.016045596,0.96592236,0.010744032,4_S7
c3_p006_20231005_o07,p006_20231005,6,0,3,79,4_S7,0.0010396725,0.010746237,0.0069555,0.023066694,0.920834,0.037357993,4_S7
c3_p008_20230816_o06,p008_20230816,8,0,3,63,3_S6,0.007557446,0.029690523,0.08777604,0.81675977,0.05705239,0.0011637532,3_S6
c3_p008_20230921_o03,p008_20230921,8,0,3,73,4_S7,0.0013573875,0.00826027,0.022593329,0.07830553,0.8815796,0.007903961,4_S7
c3_p008_20231005_o11,p008_20231005,8,0,3,76,4_S7,0.020249018,0.035547175,0.054127604,0.058937907,0.49905574,0.33208254,4_S7
c3_p010_20230816_o07,p010_20230816,10,0,3,64,3_S6,0.002438915,0.02175108,0.02982766,0.84119105,0.10262354,0.002167814,3_S6
c3_p010_20230921_o05,p010_20230921,10,0,3,72,4_S7,0.000840705,0.005158722,0.0076781134,0.04128604,0.92495865,0.020077879,4_S7
c3_p010_20231005_o03,p010_20231005,10,0,3,85,5_S8,0.28974855,0.08149925,0.13960017,0.057937063,0.022652047,0.4085629,5_S8
c3_p016_20230816_o05,p016_20230816,16,0,3,70,4_S7,0.0008077361,0.014492673,0.023393827,0.76486737,0.19505581,0.0013825155,3_S6
c3_p016_20230921_o12,p016_20230921,16,0,3,75,4_S7,0.0047333245,0.008300861,0.012114065,0.043485396,0.8941624,0.0372039,4_S7
c3_p016_20231005_o09,p016_20231005,16,0,3,77,4_S7,0.06694381,0.08220898,0.09081085,0.052508693,0.5117014,0.1958263,4_S7
c3_p017_20230816_o06,p017_20230816,17,0,3,71,4_S7,0.00013038145,0.003589991,0.0039770473,0.7630394,0.22884038,0.00042273855,3_S6
c3_p017_20230921_o10,p017_20230921,17,0,3,74,4_S7,0.0020922944,0.012689655,0.030887505,0.50766087,0.44130045,0.0053692376,3_S6
c3_p017_20231005_o06,p017_20231005,17,0,3,72,4_S7,2.7389826e-05,0.0011426249,0.0005476978,0.00054633943,0.08386095,0.91387504,5_S8
c3_p025_20230828_o11,p025_20230828,25,0,3,16,0_S1,0.99889684,0.00024556142,0.00068219804,4.780261e-05,7.835691e-05,4.9237027e-05,0_S1
c3_p025_20230904_o03,p025_20230904,25,0,3,22,1_S2,0.2580513,0.15084283,0.34861255,0.1797197,0.05515314,0.007620467,2_S5
c3_p025_20230908_o12,p025_20230908,25,0,3,61,3_S6,0.0076471684,0.022305692,0.05235998,0.87774664,0.038985975,0.0009546348,3_S6
c3_p025_20230921_o07,p025_20230921,25,0,3,70,4_S7,5.124335e-05,0.0015553639,0.0020367652,0.033179756,0.9615664,0.0016104081,4_S7
c3_p025_20231006_o12,p025_20231006,25,0,3,72,4_S7,0.010721039,0.011575559,0.024817444,0.035483737,0.88000923,0.037393034,4_S7
c3_p025_20231017_o04,p025_20231017,25,0,3,75,4_S7,9.5641894e-08,7.716231e-06,6.213485e-06,1.4415681e-05,0.9986657,0.0013059309,4_S7
c3_p025_20231023_o02,p025_20231023,25,0,3,76,4_S7,0.0002329264,0.0141105745,0.012648745,0.04560506,0.90236044,0.02504232,4_S7
c3_p025_20231027_o12,p025_20231027,25,0,3,77,4_S7,0.00042064287,0.015391371,0.032461,0.22747843,0.7091191,0.015129517,4_S7
c3_p025_20231101_o07,p025_20231101,25,0,3,78,4_S7,0.0005532366,0.049743075,0.025974315,0.17830613,0.67289287,0.07253038,4_S7
c3_p025_20231106_o01,p025_20231106,25,0,3,79,4_S7,0.0012880589,0.029885814,0.035002433,0.13131419,0.7690688,0.033440683,4_S7
c3_p025_20231109_o12,p025_20231109,25,0,3,79,4_S7,0.00020222689,0.0076659448,0.006185567,0.010249744,0.92097473,0.054721706,4_S7
c3_p025_20231120_o02,p025_20231120,25,0,3,81,5_S8,0.0001205379,0.012102608,0.005763155,0.006492166,0.7886764,0.1868452,4_S7
c3_p025_20231124_o04,p025_20231124,25,0,3,81,5_S8,0.000184386,0.01187505,0.005344346,0.0017705453,0.15631664,0.8245089,5_S8
c3_p025_20231127_o09,p025_20231127,25,0,3,81,5_S8,9.6063646e-05,0.0010432828,0.00048837374,0.00085041433,0.038586974,0.958935,5_S8
c3_p025_20231130_o12,p025_20231130,25,0,3,81,5_S8,0.0043656845,0.03961113,0.056100525,0.018938959,0.2846726,0.59631103,5_S8
c3_p030_20230828_o03,p030_20230828,30,0,3,15,0_S1,0.97271436,0.007900614,0.016912762,0.0013502714,0.0006291022,0.0004929267,0_S1
c3_p030_20230904_o12,p030_20230904,30,0,3,53,2_S5,0.101629816,0.07821535,0.3492029,0.42057142,0.04740577,0.002974702,3_S6
c3_p030_20230908_o03,p030_20230908,30,0,3,62,3_S6,0.0024600837,0.015387838,0.029082432,0.89411956,0.05749144,0.0014587027,3_S6
c3_p030_20230921_o03,p030_20230921,30,0,3,70,4_S7,0.00015398432,0.003205562,0.004682912,0.2195372,0.76951545,0.0029048119,4_S7
c3_p030_20231006_o12,p030_20231006,30,0,3,73,4_S7,0.00021133773,0.007400778,0.0095406305,0.20887968,0.7711766,0.0027909582,4_S7
c3_p030_20231017_o02,p030_20231017,30,0,3,75,4_S7,1.280299e-06,0.00024556238,9.986834e-05,0.0009362524,0.99087584,0.007841291,4_S7
c3_p030_20231023_o04,p030_20231023,30,0,3,76,4_S7,8.897788e-06,0.0011661429,0.0018186758,0.01054509,0.9741218,0.012339369,4_S7
c3_p030_20231027_o04,p030_20231027,30,0,3,77,4_S7,3.628876e-05,0.0036554127,0.008131071,0.033962186,0.93017215,0.024042899,4_S7
c3_p030_20231101_o01,p030_20231101,30,0,3,78,4_S7,1.0101975e-05,0.0027049675,0.0018612362,0.024879506,0.9609053,0.009638931,4_S7
c3_p030_20231106_o08,p030_20231106,30,0,3,79,4_S7,8.151303e-05,0.0050948635,0.004122943,0.034733914,0.8915113,0.064455345,4_S7
c3_p030_20231109_o04,p030_20231109,30,0,3,79,4_S7,1.7276033e-06,0.00028003368,0.00024850245,0.0011522695,0.9886065,0.009710832,4_S7
c3_p030_20231120_o03,p030_20231120,30,0,3,81,5_S8,1.676389e-05,0.0010398084,0.0005439087,0.0014418587,0.798951,0.19800657,4_S7
c3_p030_20231124_o10,p030_20231124,30,0,3,82,5_S8,3.7829308e-05,0.0068432544,0.0025298696,0.00064053235,0.34259525,0.6473533,5_S8
c3_p030_20231127_o02,p030_20231127,30,0,3,85,5_S8,1.0192844e-05,9.066235e-05,7.9374266e-05,1.9848165e-05,0.00013997297,0.9996599,5_S8
c3_p030_20231130_o06,p030_20231130,30,0,3,87,5_S8,0.0005571142,0.0017780086,0.0032818997,0.00063403137,0.0013286935,0.99242026,5_S8
c3_p035_20230828_o11,p035_20230828,35,0,3,14,0_S1,0.9967625,0.0008825227,0.0019243741,0.00018244123,0.00012103609,0.00012710945,0_S1
c3_p035_20230904_o01,p035_20230904,35,0,3,16,0_S1,0.24817382,0.08424383,0.354223,0.22008274,0.08614947,0.0071271784,2_S5
c3_p035_20230908_o08,p035_20230908,35,0,3,52,2_S5,0.0035709424,0.009773727,0.025267286,0.924833,0.034802385,0.0017526352,3_S6
c3_p035_20230921_o06,p035_20230921,35,0,3,52,2_S5,0.18183438,0.043658894,0.2701814,0.27877986,0.21708542,0.008460053,3_S6
c3_p035_20231006_o07,p035_20231006,35,0,3,52,2_S5,0.06267098,0.12886739,0.21878779,0.33829463,0.24075474,0.010624466,3_S6
c3_p035_20231017_o05,p035_20231017,35,0,3,52,2_S5,0.020904094,0.094150715,0.21819995,0.20493741,0.45336446,0.008443369,4_S7
c3_p035_20231023_o05,p035_20231023,35,0,3,52,2_S5,0.0033365623,0.06518491,0.11621078,0.31469283,0.49366394,0.006910951,4_S7
c3_p035_20231027_o02,p035_20231027,35,0,3,52,2_S5,0.0016020946,0.09877238,0.05435792,0.17534319,0.6371104,0.032814015,4_S7
c3_p035_20231101_o11,p035_20231101,35,0,3,52,2_S5,0.0005541867,0.03177342,0.02772506,0.11610909,0.8155556,0.008282722,4_S7
c3_p035_20231106_o08,p035_20231106,35,0,3,52,2_S5,0.0061140824,0.06620273,0.08671355,0.22968642,0.6036098,0.007673375,4_S7
c3_p035_20231109_o09,p035_20231109,35,0,3,52,2_S5,0.0013252234,0.038246784,0.040699217,0.23229331,0.6783944,0.009041078,4_S7
c3_p035_20231120_o07,p035_20231120,35,0,3,52,2_S5,0.021495925,0.10949351,0.072112925,0.096499205,0.6446992,0.055699192,4_S7
c3_p035_20231124_o01,p035_20231124,35,0,3,52,2_S5,4.688593e-05,0.0015806912,0.00067111047,0.012089111,0.97038233,0.01522988,4_S7
c3_p035_20231127_o10,p035_20231127,35,0,3,52,2_S5,0.001468401,0.011362713,0.01283312,0.060675126,0.88729817,0.02636247,4_S7
c3_p035_20231130_o06,p035_20231130,35,0,3,52,2_S5,0.022883406,0.1303296,0.07950384,0.114615776,0.5764292,0.076238215,4_S7
c3_p036_20230828_o07,p036_20230828,36,0,3,51,2_S5,0.9801728,0.007784226,0.010867246,0.0006580822,0.0002945622,0.00022310084,0_S1
c3_p036_20230904_o04,p036_20230904,36,0,3,60,3_S6,0.4864872,0.079898335,0.30264115,0.09946261,0.028359856,0.0031508997,0_S1
c3_p036_20230908_o01,p036_20230908,36,0,3,63,3_S6,0.010597626,0.03220623,0.07162323,0.8084021,0.07549632,0.0016743988,3_S6
c3_p036_20230921_o03,p036_20230921,36,0,3,70,4_S7,6.3670273e-06,0.00033591484,0.00014831827,0.006779968,0.98897433,0.0037550582,4_S7
c3_p036_20231006_o01,p036_20231006,36,0,3,72,4_S7,0.020547995,0.048049413,0.20470257,0.33903465,0.38199434,0.0056709717,4_S7
c3_p036_20231017_o03,p036_20231017,36,0,3,73,4_S7,0.05148054,0.11665348,0.23318343,0.40275297,0.1871301,0.008799427,3_S6
c3_p036_20231023_o02,p036_20231023,36,0,3,74,4_S7,0.008757537,0.11127081,0.20826544,0.31200504,0.34325874,0.01644241,4_S7
c3_p036_20231027_o05,p036_20231027,36,0,3,75,4_S7,0.0029006426,0.050635558,0.17107232,0.58866584,0.18203205,0.004693593,3_S6
c3_p036_20231101_o09,p036_20231101,36,0,3,76,4_S7,0.015045098,0.08285389,0.11501378,0.1439309,0.5785281,0.06462822,4_S7
c3_p036_20231106_o06,p036_20231106,36,0,3,77,4_S7,0.00024113183,0.01569708,0.014722055,0.058130722,0.8814389,0.029770082,4_S7
c3_p036_20231109_o04,p036_20231109,36,0,3,78,4_S7,0.0062373546,0.014487206,0.07517837,0.3409314,0.555857,0.007308686,4_S7
c3_p036_20231120_o10,p036_20231120,36,0,3,81,5_S8,0.14286505,0.0699679,0.122118376,0.045665268,0.02029273,0.5990907,5_S8
c3_p036_20231124_o08,p036_20231124,36,0,3,82,5_S8,0.009947321,0.01662942,0.029766286,0.02796413,0.021326976,0.89436585,5_S8
c3_p036_20231127_o04,p036_20231127,36,0,3,83,5_S8,0.005800893,0.006151024,0.013786149,0.108832896,0.019496946,0.845932,5_S8
c3_p036_20231130_o05,p036_20231130,36,0,3,84,5_S8,0.014856318,0.010174823,0.029769706,0.037132405,0.005072555,0.90299416,5_S8
c3_p054_20230929_o02,p054_20230929,54,0,3,13,0_S1,0.9998665,4.2969405e-05,5.350562e-05,1.20367495e-05,1.14545455e-05,1.3524727e-05,0_S1
c3_p054_20231004_o11,p054_20231004,54,0,3,13,0_S1,0.9975835,0.0006985167,0.0015224763,0.00014400149,2.5627587e-05,2.5862899e-05,0_S1
c3_p054_20231011_o12,p054_20231011,54,0,3,14,0_S1,0.9978725,0.0007437822,0.0010979346,0.00024465963,2.4713778e-05,1.6322443e-05,0_S1
c3_p054_20231017_o04,p054_20231017,54,0,3,53,2_S5,0.94278896,0.019526754,0.03240353,0.004240099,0.00066130573,0.00037944166,0_S1
c3_p054_20231019_o06,p054_20231019,54,0,3,53,2_S5,0.71226054,0.044399098,0.18686843,0.04619292,0.00820134,0.002077645,0_S1
c3_p054_20231023_o06,p054_20231023,54,0,3,60,3_S6,0.40300658,0.094478995,0.34716654,0.13520098,0.017606415,0.002540479,0_S1
c3_p054_20231027_o07,p054_20231027,54,0,3,65,3_S6,0.011025678,0.03535617,0.18498194,0.712922,0.054282658,0.0014315131,3_S6
c3_p054_20231101_o11,p054_20231101,54,0,3,65,3_S6,0.0021986614,0.019079575,0.13603662,0.8058661,0.036568105,0.00025087467,3_S6
c3_p054_20231106_o02,p054_20231106,54,0,3,68,3_S6,0.00013366695,0.0035230776,0.023540318,0.9534544,0.019292774,5.5708613e-05,3_S6
c3_p054_20231109_o05,p054_20231109,54,0,3,70,4_S7,0.0006490281,0.008181423,0.056692224,0.88179857,0.05236822,0.00031042667,3_S6
c3_p054_20231120_o02,p054_20231120,54,0,3,71,4_S7,0.18544681,0.04388202,0.15241915,0.28975567,0.30508497,0.023411427,4_S7
c3_p054_20231127_o02,p054_20231127,54,0,3,73,4_S7,8.886922e-07,0.00016910605,0.00010395445,0.052463144,0.94689083,0.0003720612,4_S7
c3_p054_20231130_o04,p054_20231130,54,0,3,75,4_S7,0.00015050247,0.002858887,0.0036836716,0.07465349,0.9107395,0.0079140635,4_S7
c3_p054_20231204_o04,p054_20231204,54,0,3,78,4_S7,2.8574836e-05,0.0003159999,0.00026288934,0.007051116,0.9884467,0.003894737,4_S7
c3_p054_20231211_o04,p054_20231211,54,0,3,79,4_S7,1.155001e-06,3.7867758e-05,0.00012921725,0.018212618,0.9805875,0.0010317334,4_S7
c3_p054_20231214_o11,p054_20231214,54,0,3,79,4_S7,4.4945648e-07,2.5438167e-05,3.0015248e-05,0.0008822557,0.98474425,0.014317502,4_S7
c3_p054_20231218_o07,p054_20231218,54,0,3,79,4_S7,1.7225844e-05,0.00012463804,0.00036022245,0.009637263,0.9452304,0.044630203,4_S7
c3_p054_20231227_o03,p054_20231227,54,0,3,79,4_S7,4.2047588e-05,8.514244e-05,0.00036230718,0.0029017902,0.89044565,0.10616313,4_S7
c3_p054_20240104_o08,p054_20240104,54,0,3,82,5_S8,2.2937918e-05,9.888116e-05,0.00022469959,0.0016788072,0.895937,0.1020376,4_S7
c3_p057_20230929_o10,p057_20230929,57,0,3,13,0_S1,0.99983954,5.2676733e-05,6.689458e-05,1.676908e-05,1.2046543e-05,1.2041937e-05,0_S1
c3_p057_20231004_o08,p057_20231004,57,0,3,13,0_S1,0.9976053,0.0010731968,0.0011663637,0.00012035079,1.8191025e-05,1.6531887e-05,0_S1
c3_p057_20231011_o05,p057_20231011,57,0,3,21,1_S2,0.9662135,0.010870369,0.0165866,0.005866926,0.00031408784,0.0001484597,0_S1
c3_p057_20231017_o10,p057_20231017,57,0,3,60,3_S6,0.36255845,0.09929425,0.32193297,0.19674619,0.016739003,0.0027291386,0_S1
c3_p057_20231019_o01,p057_20231019,57,0,3,61,3_S6,0.05041545,0.071480684,0.40705338,0.4326321,0.036118746,0.002299669,3_S6
c3_p057_20231023_o09,p057_20231023,57,0,3,64,3_S6,0.01315748,0.05983534,0.21008667,0.6509411,0.06384837,0.0021310393,3_S6
c3_p057_20231027_o05,p057_20231027,57,0,3,65,3_S6,0.00070361205,0.025574027,0.04946341,0.7007878,0.21530007,0.008171128,3_S6
c3_p057_20231101_o02,p057_20231101,57,0,3,67,3_S6,0.0015287353,0.028591445,0.076171815,0.8393032,0.05326341,0.0011413809,3_S6
c3_p057_20231106_o11,p057_20231106,57,0,3,70,4_S7,5.5028167e-06,0.0029859324,0.006247748,0.74039364,0.24992946,0.0004377219,3_S6
c3_p057_20231109_o10,p057_20231109,57,0,3,71,4_S7,5.4094537e-05,0.0048126127,0.011695842,0.70077085,0.2803775,0.0022891946,3_S6
c3_p057_20231120_o05,p057_20231120,57,0,3,73,4_S7,0.0012003896,0.016641,0.024586393,0.3639913,0.5740332,0.01954773,4_S7
c3_p057_20231127_o04,p057_20231127,57,0,3,75,4_S7,2.6491828e-06,0.00012661496,0.0001653337,0.28553244,0.7136718,0.00050118903,4_S7
c3_p057_20231130_o12,p057_20231130,57,0,3,77,4_S7,8.566641e-05,0.008025856,0.0023624771,0.06201871,0.88197243,0.0455349,4_S7
c3_p057_20231204_o04,p057_20231204,57,0,3,78,4_S7,2.9273984e-05,0.00037985606,0.0006759743,0.08923373,0.9022597,0.0074215094,4_S7
c3_p057_20231211_o11,p057_20231211,57,0,3,79,4_S7,8.548577e-05,0.015814275,0.0030777522,0.0050942157,0.75519687,0.22073142,4_S7
c3_p057_20231214_o03,p057_20231214,57,0,3,79,4_S7,4.9253695e-06,1.1796658e-05,4.253925e-05,0.00021577989,0.88842833,0.11129655,4_S7
c3_p057_20231218_o08,p057_20231218,57,0,3,79,4_S7,2.425438e-06,4.135273e-05,6.2302286e-05,0.0001868957,0.83825946,0.16144764,4_S7
c3_p057_20231227_o02,p057_20231227,57,0,3,80,5_S8,1.1241135e-06,4.427552e-05,4.6289893e-05,0.00036044675,0.77452415,0.22502373,4_S7
c3_p057_20240104_o06,p057_20240104,57,0,3,83,5_S8,0.00015286794,0.00010918741,0.00020042917,0.0030833595,0.68163735,0.31481686,4_S7
c3_p066_20231006_o04,p066_20231006,66,0,3,13,0_S1,0.9999083,2.6436375e-05,5.0200157e-05,6.664405e-06,4.7441763e-06,3.6093616e-06,0_S1
c3_p066_20231011_o07,p066_20231011,66,0,3,13,0_S1,0.99989665,4.2015614e-05,4.543045e-05,9.234827e-06,3.8627404e-06,2.8790469e-06,0_S1
c3_p066_20231017_o07,p066_20231017,66,0,3,13,0_S1,0.9997601,8.43562e-05,0.00013146209,1.0539282e-05,6.53165e-06,6.9804178e-06,0_S1
c3_p066_20231019_o05,p066_20231019,66,0,3,13,0_S1,0.9961515,0.0009422359,0.0025386796,0.0002463261,8.1251266e-05,4.006972e-05,0_S1
c3_p066_20231023_o07,p066_20231023,66,0,3,13,0_S1,0.99715376,0.00060756126,0.0019782998,0.000163323,5.8727186e-05,3.821943e-05,0_S1
c3_p066_20231027_o12,p066_20231027,66,0,3,14,0_S1,0.4479075,0.052529123,0.41037303,0.0801152,0.0076338653,0.0014413117,0_S1
c3_p066_20231101_o05,p066_20231101,66,0,3,53,2_S5,0.16356945,0.07390563,0.52648765,0.22103561,0.013793641,0.0012080212,2_S5
c3_p066_20231106_o03,p066_20231106,66,0,3,60,3_S6,0.0012439898,0.012585102,0.12852953,0.83996916,0.017500576,0.00017162958,3_S6
c3_p066_20231109_o11,p066_20231109,66,0,3,65,3_S6,0.004083114,0.027066268,0.1648505,0.76715904,0.036005888,0.0008351908,3_S6
c3_p066_20231120_o02,p066_20231120,66,0,3,67,3_S6,0.000108385815,0.006876579,0.014726166,0.8356331,0.14193031,0.000725423,3_S6
c3_p066_20231127_o08,p066_20231127,66,0,3,70,4_S7,1.068017e-05,0.0037177266,0.0027766512,0.060639184,0.9272216,0.0056342115,4_S7
c3_p066_20231130_o08,p066_20231130,66,0,3,71,4_S7,5.0803323e-05,0.0042178733,0.005178854,0.3550296,0.6332352,0.0022876894,4_S7
c3_p066_20231204_o07,p066_20231204,66,0,3,73,4_S7,6.6197426e-06,0.00049258204,0.0007493951,0.047030404,0.9510497,0.000671398,4_S7
c3_p066_20231211_o01,p066_20231211,66,0,3,75,4_S7,1.4972079e-06,0.00010775565,0.00014904866,0.005576071,0.9927523,0.001413301,4_S7
c3_p066_20231214_o01,p066_20231214,66,0,3,78,4_S7,2.7962975e-07,5.0688645e-06,1.6814958e-05,0.00018647435,0.99810827,0.0016831411,4_S7
c3_p066_20231218_o11,p066_20231218,66,0,3,79,4_S7,2.7699227e-05,0.00045070678,0.00053143577,0.0022251566,0.9580859,0.03867906,4_S7
c3_p066_20231227_o10,p066_20231227,66,0,3,80,5_S8,0.00019656212,0.0012284823,0.002390558,0.014513455,0.40854955,0.57312137,5_S8
c3_p066_20240115_o04,p066_20240115,66,0,3,82,5_S8,2.9967885e-05,0.00011680161,0.00016090776,0.00011664076,0.0060794624,0.9934962,5_S8
c3_p066_20240119_o05,p066_20240119,66,0,3,82,5_S8,2.5781317e-05,1.8948826e-05,3.1602543e-05,9.474697e-06,0.0016757034,0.99823844,5_S8
c3_p066_20240126_o07,p066_20240126,66,0,3,84,5_S8,0.00012441922,0.00010905643,0.00021093311,0.00017764383,0.023537626,0.9758404,5_S8
c3_p069_20231006_o11,p069_20231006,69,0,3,13,0_S1,0.9999356,2.3730265e-05,3.0798903e-05,4.231097e-06,3.0317058e-06,2.6160346e-06,0_S1
c3_p069_20231011_o06,p069_20231011,69,0,3,13,0_S1,0.99988365,4.186735e-05,5.30359e-05,9.491526e-06,6.818519e-06,5.174399e-06,0_S1
c3_p069_20231017_o08,p069_20231017,69,0,3,13,0_S1,0.99956685,0.00017020351,0.00022588442,2.1436652e-05,8.449692e-06,7.083445e-06,0_S1
c3_p069_20231019_o12,p069_20231019,69,0,3,14,0_S1,0.96833515,0.0058796015,0.023249697,0.0018362753,0.0005228266,0.00017644154,0_S1
c3_p069_20231023_o09,p069_20231023,69,0,3,14,0_S1,0.93298656,0.018718598,0.0423988,0.0048627304,0.0007175956,0.0003157982,0_S1
c3_p069_20231027_o12,p069_20231027,69,0,3,15,0_S1,0.039591502,0.041311435,0.53606904,0.37127903,0.011354205,0.00039474567,2_S5
c3_p069_20231101_o08,p069_20231101,69,0,3,53,2_S5,0.03487078,0.040782347,0.44098753,0.45562556,0.026735742,0.000998085,3_S6
c3_p069_20231106_o12,p069_20231106,69,0,3,61,3_S6,0.0002325259,0.005285456,0.05976269,0.92361706,0.011022168,8.007552e-05,3_S6
c3_p069_20231109_o11,p069_20231109,69,0,3,66,3_S6,0.0004689315,0.0053288764,0.058566324,0.9113004,0.024209037,0.00012638392,3_S6
c3_p069_20231120_o06,p069_20231120,69,0,3,70,4_S7,0.023747694,0.08520169,0.20386559,0.33707002,0.33754894,0.012566117,4_S7
c3_p069_20231127_o09,p069_20231127,69,0,3,72,4_S7,1.3266247e-05,0.00088535575,0.0007557864,0.01796318,0.97642887,0.0039535635,4_S7
c3_p069_20231130_o07,p069_20231130,69,0,3,73,4_S7,0.00091711356,0.010761185,0.026398959,0.38323233,0.5574054,0.021285001,4_S7
c3_p069_20231204_o04,p069_20231204,69,0,3,74,4_S7,0.00029307767,0.0035000718,0.007381676,0.1311746,0.8498867,0.0077638603,4_S7
c3_p069_20231211_o05,p069_20231211,69,0,3,76,4_S7,1.3012131e-05,0.00012460857,0.0002045625,0.00079077994,0.98573697,0.013129966,4_S7
c3_p069_20231214_o05,p069_20231214,69,0,3,77,4_S7,4.396674e-05,1.32021905e-05,3.7952155e-05,0.00036915042,0.99392325,0.0056125526,4_S7
c3_p069_20231218_o05,p069_20231218,69,0,3,78,4_S7,1.7046761e-05,2.3391802e-05,3.9152004e-05,4.210817e-05,0.91945004,0.080428235,4_S7
c3_p069_20231227_o06,p069_20231227,69,0,3,79,4_S7,0.00011089167,6.0842423e-05,9.279715e-05,0.00013017315,0.7107668,0.28883857,4_S7
c3_p069_20240115_o04,p069_20240115,69,0,3,82,5_S8,0.00071138283,0.00022076243,0.001197282,0.00061053626,0.007915221,0.9893448,5_S8
c3_p069_20240119_o06,p069_20240119,69,0,3,82,5_S8,0.024597405,0.0056319055,0.011670364,0.001999644,0.0035928674,0.95250785,5_S8
c3_p069_20240126_o09,p069_20240126,69,0,3,84,5_S8,0.0017962728,0.0008766511,0.0014913959,0.0007226229,0.02223984,0.9728732,5_S8
c3_p070_20231006_o08,p070_20231006,70,0,3,13,0_S1,0.99988306,4.4785134e-05,5.1202547e-05,7.3673286e-06,6.608536e-06,6.9664316e-06,0_S1
c3_p070_20231011_o08,p070_20231011,70,0,3,13,0_S1,0.9999162,3.536482e-05,3.7916103e-05,4.9278697e-06,2.9835724e-06,2.6246903e-06,0_S1
c3_p070_20231017_o03,p070_20231017,70,0,3,13,0_S1,0.9997954,8.000642e-05,9.587395e-05,1.32409605e-05,6.6860466e-06,8.915854e-06,0_S1
c3_p070_20231019_o02,p070_20231019,70,0,3,14,0_S1,0.9885394,0.0026948901,0.007755461,0.0007573917,0.0001744068,7.8407866e-05,0_S1
c3_p070_20231023_o03,p070_20231023,70,0,3,14,0_S1,0.9647657,0.009074486,0.024481086,0.0012872168,0.00026941395,0.00012204669,0_S1
c3_p070_20231027_o01,p070_20231027,70,0,3,21,1_S2,0.076476745,0.04697195,0.56068075,0.30411908,0.011005121,0.0007463636,2_S5
c3_p070_20231101_o12,p070_20231101,70,0,3,60,3_S6,0.028192727,0.034341842,0.4001862,0.52373695,0.013214034,0.0003282446,3_S6
c3_p070_20231106_o08,p070_20231106,70,0,3,62,3_S6,9.9259065e-05,0.003318365,0.029287457,0.9566576,0.010602162,3.5128407e-05,3_S6
c3_p070_20231109_o07,p070_20231109,70,0,3,65,3_S6,0.0021682924,0.023664016,0.14141628,0.75507647,0.07684226,0.0008326583,3_S6
c3_p070_20231120_o03,p070_20231120,70,0,3,70,4_S7,0.00020434828,0.009120489,0.022777956,0.86130846,0.105978265,0.000610408,3_S6
c3_p070_20231127_o07,p070_20231127,70,0,3,71,4_S7,1.4078856e-07,6.8958e-05,9.0764064e-05,0.021759126,0.9779965,8.44018e-05,4_S7
c3_p070_20231130_o09,p070_20231130,70,0,3,73,4_S7,0.0004465483,0.005307127,0.0066977176,0.08677219,0.892791,0.00798546,4_S7
c3_p070_20231204_o04,p070_20231204,70,0,3,75,4_S7,1.12358e-05,0.0005244624,0.00048870256,0.12333047,0.8742574,0.0013877064,4_S7
c3_p070_20231211_o04,p070_20231211,70,0,3,76,4_S7,5.6369804e-06,0.0007093206,0.00034049447,0.001151984,0.95302033,0.04477222,4_S7
c3_p070_20231214_o02,p070_20231214,70,0,3,77,4_S7,3.6008637e-06,7.1269096e-06,1.1461466e-05,8.863364e-05,0.9780116,0.021877578,4_S7
c3_p070_20231218_o04,p070_20231218,70,0,3,78,4_S7,0.0005841112,0.0052730027,0.0066060647,0.0230815,0.6922357,0.2722197,4_S7
c3_p070_20231227_o05,p070_20231227,70,0,3,79,4_S7,5.738809e-05,0.0006553754,0.000907021,0.003024381,0.71308005,0.28227577,4_S7
c3_p070_20240115_o04,p070_20240115,70,0,3,83,5_S8,2.6128941e-06,1.3331804e-05,1.414639e-05,1.07628175e-05,0.026866598,0.9730925,5_S8
c3_p070_20240119_o04,p070_20240119,70,0,3,84,5_S8,5.0351453e-05,6.5429565e-05,0.00010556126,9.346988e-06,0.0013878354,0.9983814,5_S8
c3_p070_20240126_o01,p070_20240126,70,0,3,88,5_S8,0.00031515612,9.42764e-06,9.753853e-06,2.1746484e-06,0.002524934,0.9971386,5_S8
c3_p075_20231006_o05,p075_20231006,75,0,3,13,0_S1,0.99980205,5.9071517e-05,0.00010132084,1.2700634e-05,1.2837655e-05,1.195758e-05,0_S1
c3_p075_20231011_o01,p075_20231011,75,0,3,13,0_S1,0.99982905,5.418699e-05,8.4325424e-05,1.4114169e-05,8.702995e-06,9.6141375e-06,0_S1
c3_p075_20231017_o05,p075_20231017,75,0,3,13,0_S1,0.99932146,0.0002702945,0.0003450362,4.0603165e-05,1.328912e-05,9.313211e-06,0_S1
c3_p075_20231019_o07,p075_20231019,75,0,3,14,0_S1,0.9849198,0.0035439918,0.010453201,0.00075619866,0.00023489451,9.191437e-05,0_S1
c3_p075_20231023_o02,p075_20231023,75,0,3,14,0_S1,0.9431968,0.014955033,0.03853654,0.002882897,0.0002597577,0.00016910625,0_S1
c3_p075_20231027_o04,p075_20231027,75,0,3,53,2_S5,0.22853716,0.059899017,0.5755537,0.12284461,0.012043448,0.0011220387,2_S5
c3_p075_20231101_o01,p075_20231101,75,0,3,53,2_S5,0.006468252,0.014233473,0.28408447,0.6815261,0.013528195,0.00015940443,3_S6
c3_p075_20231106_o12,p075_20231106,75,0,3,54,2_S5,9.774118e-05,0.0016772844,0.019556543,0.97406006,0.004595452,1.2893317e-05,3_S6
c3_p075_20231109_o04,p075_20231109,75,0,3,60,3_S6,0.00014401008,0.005043677,0.047889814,0.914923,0.031850398,0.00014913424,3_S6
c3_p075_20231120_o06,p075_20231120,75,0,3,68,3_S6,0.00046073738,0.010292641,0.027147304,0.801503,0.15915127,0.0014450317,3_S6
c3_p075_20231127_o12,p075_20231127,75,0,3,73,4_S7,0.00013678875,0.016339518,0.00882514,0.052170224,0.8832529,0.03927539,4_S7
c3_p075_20231130_o09,p075_20231130,75,0,3,74,4_S7,0.00014682648,0.0020296527,0.002519596,0.03655404,0.93741614,0.021333694,4_S7
c3_p075_20231204_o11,p075_20231204,75,0,3,75,4_S7,0.00010212589,0.00094855286,0.00184776,0.64316887,0.35325143,0.00068124366,3_S6
c3_p075_20231211_o03,p075_20231211,75,0,3,76,4_S7,6.9472308e-06,9.079637e-05,0.00039192475,0.008227315,0.9866425,0.0046405885,4_S7
c3_p075_20231214_o09,p075_20231214,75,0,3,77,4_S7,1.7074517e-05,2.7253249e-05,7.608998e-05,0.00048732822,0.98815644,0.011235799,4_S7
c3_p075_20231218_o05,p075_20231218,75,0,3,78,4_S7,2.4545818e-05,7.5824864e-05,0.00017776879,0.00041704235,0.93643457,0.06287024,4_S7
c3_p075_20231227_o06,p075_20231227,75,0,3,80,5_S8,0.0004009236,0.00022010093,0.0009096073,0.00052382535,0.03280161,0.9651439,5_S8
c3_p075_20240115_o08,p075_20240115,75,0,3,83,5_S8,1.136908e-05,2.6170962e-06,7.924447e-06,3.1908994e-06,0.00016562507,0.9998092,5_S8
c3_p075_20240119_o11,p075_20240119,75,0,3,85,5_S8,0.0001257756,9.256911e-06,6.275213e-05,3.573923e-05,0.0010368213,0.99872965,5_S8
c3_p075_20240126_o03,p075_20240126,75,0,3,87,5_S8,0.0004768872,0.00022661225,0.0005312945,0.00016348643,0.00045687135,0.99814487,5_S8
c3_p079_20231006_o12,p079_20231006,79,0,3,13,0_S1,0.99974805,8.9334724e-05,0.000112336944,2.4634264e-05,1.2233425e-05,1.3332871e-05,0_S1
c3_p079_20231011_o01,p079_20231011,79,0,3,13,0_S1,0.99994683,2.0957823e-05,2.4146773e-05,2.862971e-06,1.9349932e-06,3.1929371e-06,0_S1
c3_p079_20231017_o11,p079_20231017,79,0,3,13,0_S1,0.99931765,0.0002736278,0.00033796823,4.1787865e-05,1.5865968e-05,1.31700435e-05,0_S1
c3_p079_20231019_o05,p079_20231019,79,0,3,14,0_S1,0.9929015,0.0016894116,0.004729657,0.0004953455,0.00012735982,5.6731795e-05,0_S1
c3_p079_20231023_o12,p079_20231023,79,0,3,14,0_S1,0.972224,0.011726219,0.014131866,0.0015728459,0.000183168,0.00016188092,0_S1
c3_p079_20231027_o09,p079_20231027,79,0,3,20,1_S2,0.22428183,0.062032536,0.45894843,0.23050322,0.0212978,0.0029361297,2_S5
c3_p079_20231101_o10,p079_20231101,79,0,3,52,2_S5,0.0843263,0.04668576,0.504402,0.35137737,0.012218553,0.0009901243,2_S5
c3_p079_20231106_o01,p079_20231106,79,0,3,65,3_S6,0.00017253772,0.0028714717,0.03978689,0.9433934,0.013730024,4.5668447e-05,3_S6
c3_p079_20231109_o11,p079_20231109,79,0,3,69,3_S6,0.00080542243,0.0131826,0.12987535,0.8034474,0.052309494,0.00037974882,3_S6
c3_p079_20231120_o05,p079_20231120,79,0,3,70,4_S7,0.0003110141,0.0087597575,0.014421203,0.11027849,0.8597832,0.006446341,4_S7
c3_p079_20231127_o10,p079_20231127,79,0,3,73,4_S7,3.454229e-06,0.0016407367,0.0013996775,0.27297926,0.7235799,0.00039693606,4_S7
c3_p079_20231130_o04,p079_20231130,79,0,3,74,4_S7,0.00010104565,0.001329427,0.0024130093,0.032795306,0.957037,0.00632428,4_S7
c3_p079_20231204_o12,p079_20231204,79,0,3,75,4_S7,4.321832e-05,0.0018502825,0.0018593827,0.12325534,0.8657859,0.0072057988,4_S7
c3_p079_20231211_o12,p079_20231211,79,0,3,76,4_S7,5.563666e-08,3.8318835e-06,6.4074243e-06,0.00023299248,0.99880147,0.00095532474,4_S7
c3_p079_20231214_o03,p079_20231214,79,0,3,77,4_S7,1.6908056e-05,2.6904883e-05,0.00015736725,0.00068383693,0.9940612,0.0050537405,4_S7
c3_p079_20231218_o08,p079_20231218,79,0,3,78,4_S7,2.1742177e-05,5.586354e-05,0.00016461758,0.00063986174,0.9319399,0.067177966,4_S7
c3_p079_20231227_o02,p079_20231227,79,0,3,79,4_S7,2.3601171e-05,8.076885e-05,0.000139084,0.00027689795,0.95158273,0.04789695,4_S7
c3_p079_20240115_o08,p079_20240115,79,0,3,81,5_S8,0.00010329014,0.000104377614,0.000100533405,0.00016682023,0.25744653,0.7420784,5_S8
c3_p079_20240119_o02,p079_20240119,79,0,3,82,5_S8,0.0009207077,0.00022769008,0.00061055826,0.00023629871,0.0030774095,0.9949274,5_S8
c3_p079_20240126_o01,p079_20240126,79,0,3,87,5_S8,0.00069607905,0.00036527938,0.0008273521,0.00026408804,0.0008161277,0.9970311,5_S8
c3_p086_20231128_o05,p086_20231128,86,0,3,68,3_S6,0.00018132455,0.00012004164,0.0010798428,0.9727066,0.025865981,4.6275014e-05,3_S6
c3_p086_20231130_o03,p086_20231130,86,0,3,69,3_S6,3.71871e-05,0.00011404642,0.00068712316,0.9710689,0.028036842,5.588411e-05,3_S6
c3_p086_20231204_o11,p086_20231204,86,0,3,78,4_S7,3.2408693e-06,1.2925121e-05,7.386328e-05,0.9562951,0.043609835,5.0964736e-06,3_S6
c3_p086_20231207_o03,p086_20231207,86,0,3,67,3_S6,0.00024016782,0.0014768342,0.004001202,0.6546173,0.33847025,0.0011942051,3_S6
c3_p086_20231211_o08,p086_20231211,86,0,3,71,4_S7,1.8163451e-05,3.0141018e-05,0.00017254877,0.04861225,0.949677,0.0014899586,4_S7
c3_p086_20231218_o10,p086_20231218,86,0,3,72,4_S7,6.795158e-05,0.00027689166,0.0014431153,0.06421325,0.91651,0.017488698,4_S7
c3_p086_20231227_o01,p086_20231227,86,0,3,73,4_S7,0.0012623387,0.012623566,0.031998694,0.16651672,0.72354335,0.06405536,4_S7
c3_p086_20240115_o09,p086_20240115,86,0,3,75,4_S7,0.00030357155,0.0016754618,0.001491023,0.002038084,0.85256934,0.14192256,4_S7
c3_p086_20240119_o04,p086_20240119,86,0,3,78,4_S7,0.064423956,0.022636335,0.06019231,0.10261225,0.6992973,0.05083788,4_S7
c3_p086_20240126_o02,p086_20240126,86,0,3,81,5_S8,0.0007132019,0.0012822364,0.0018041476,0.0017893944,0.024580019,0.96983105,5_S8
c3_p087_20231128_o09,p087_20231128,87,0,3,66,3_S6,0.001582593,0.0007441305,0.0062603895,0.97448254,0.016808942,0.000121378354,3_S6
c3_p087_20231130_o06,p087_20231130,87,0,3,68,3_S6,0.00013830644,0.00017841501,0.00039902458,0.96331435,0.035861656,0.00010821149,3_S6
c3_p087_20231204_o03,p087_20231204,87,0,3,69,3_S6,0.00012284702,0.0004972117,0.0012599813,0.86324126,0.13463777,0.0002409342,3_S6
c3_p087_20231207_o11,p087_20231207,87,0,3,70,4_S7,0.0003748281,0.0018195438,0.007790179,0.57258284,0.4165951,0.0008374285,3_S6
c3_p087_20231211_o07,p087_20231211,87,0,3,71,4_S7,4.3349606e-05,7.2436276e-05,0.0002946927,0.028975481,0.96435237,0.006261763,4_S7
c3_p087_20231218_o06,p087_20231218,87,0,3,73,4_S7,0.008521365,0.020749312,0.076303594,0.36596206,0.46633068,0.062132996,4_S7
c3_p087_20231227_o07,p087_20231227,87,0,3,75,4_S7,0.004923311,0.004721509,0.011717825,0.05791771,0.8800975,0.040622134,4_S7
c3_p087_20240115_o10,p087_20240115,87,0,3,78,4_S7,4.775279e-05,0.0015030197,0.00079993915,0.0022965586,0.81838304,0.17696972,4_S7
c3_p087_20240119_o03,p087_20240119,87,0,3,79,4_S7,9.51231e-05,0.00010192673,0.00018042898,0.000100076315,0.96356344,0.03595902,4_S7
c3_p087_20240126_o10,p087_20240126,87,0,3,81,5_S8,7.1465874e-05,0.0001423105,0.00020394256,0.00015456502,0.000720223,0.99870753,5_S8
c3_p091_20231128_o07,p091_20231128,91,0,3,68,3_S6,5.5562155e-05,6.6122986e-05,0.0011095239,0.99126995,0.0074892263,9.597894e-06,3_S6
c3_p091_20231130_o10,p091_20231130,91,0,3,69,3_S6,2.831242e-06,1.5391897e-05,8.847396e-05,0.99029654,0.009593799,2.9577338e-06,3_S6
c3_p091_20231204_o09,p091_20231204,91,0,3,67,3_S6,2.1994412e-05,0.00025083948,0.00062080025,0.86586434,0.1330402,0.00020183157,3_S6
c3_p091_20231207_o06,p091_20231207,91,0,3,70,4_S7,0.0027980716,0.0059095747,0.021128723,0.836718,0.13102417,0.0024214252,3_S6
c3_p091_20231211_o07,p091_20231211,91,0,3,71,4_S7,0.00010585133,0.00015932138,0.0008636966,0.57619685,0.42212024,0.0005539748,3_S6
c3_p091_20231218_o10,p091_20231218,91,0,3,72,4_S7,0.0008529268,0.0018159036,0.008419948,0.093991995,0.8648433,0.03007596,4_S7
c3_p091_20231227_o12,p091_20231227,91,0,3,74,4_S7,0.0066139153,0.0095804,0.014366461,0.07945929,0.7790147,0.11096524,4_S7
c3_p091_20240115_o12,p091_20240115,91,0,3,76,4_S7,0.0490504,0.03210893,0.032097865,0.046584975,0.5265474,0.3136105,4_S7
c3_p091_20240119_o06,p091_20240119,91,0,3,79,4_S7,1.0662046e-05,0.00013437078,0.000291153,0.0013542564,0.9620134,0.036196154,4_S7
c3_p091_20240126_o10,p091_20240126,91,0,3,82,5_S8,0.00019351653,0.00014971622,0.00067401154,0.0006707998,0.0038618578,0.9944502,5_S8
c3_p094_20231128_o02,p094_20231128,94,0,3,68,3_S6,6.11184e-05,8.271575e-05,0.0009860136,0.9775024,0.021346573,2.1240972e-05,3_S6
c3_p094_20231130_o09,p094_20231130,94,0,3,69,3_S6,9.736466e-06,5.3213447e-05,0.0003059528,0.94494486,0.05466164,2.4614508e-05,3_S6
c3_p094_20231204_o04,p094_20231204,94,0,3,70,4_S7,1.1396827e-05,5.2976895e-05,0.00016782896,0.98900944,0.010752281,6.0541597e-06,3_S6
c3_p094_20231207_o11,p094_20231207,94,0,3,71,4_S7,0.0014991828,0.0034897174,0.012772022,0.8855979,0.096096046,0.00054510456,3_S6
c3_p094_20231211_o08,p094_20231211,94,0,3,72,4_S7,5.786801e-05,7.3221534e-05,0.000545146,0.06764006,0.929563,0.002120688,4_S7
c3_p094_20231218_o10,p094_20231218,94,0,3,74,4_S7,0.0010739481,0.0047606416,0.0121026635,0.14394689,0.71807843,0.12003744,4_S7
c3_p094_20231227_o06,p094_20231227,94,0,3,76,4_S7,0.0032823326,0.0035429217,0.004434395,0.023900382,0.687368,0.277472,4_S7
c3_p094_20240115_o02,p094_20240115,94,0,3,77,4_S7,2.707368e-05,5.0531555e-05,0.00018035965,0.00039694153,0.9270902,0.07225489,4_S7
c3_p094_20240119_o07,p094_20240119,94,0,3,80,5_S8,0.0212895,0.0045730416,0.009441492,0.0024130626,0.0029196655,0.9593633,5_S8
c3_p094_20240126_o11,p094_20240126,94,0,3,83,5_S8,0.0001530871,0.0011606991,0.0013876145,0.0013722817,0.28775653,0.7081698,5_S8
c3_p101_20231128_o11,p101_20231128,101,0,3,65,3_S6,0.00016276479,0.0008646587,0.0064116134,0.83595943,0.15621774,0.00038380947,3_S6
c3_p101_20231130_o10,p101_20231130,101,0,3,69,3_S6,1.3340438e-05,0.00017546322,0.00095141993,0.9149076,0.08390448,4.7812646e-05,3_S6
c3_p101_20231204_o12,p101_20231204,101,0,3,69,3_S6,3.7449452e-05,0.00054330734,0.0015010813,0.7661007,0.23167945,0.00013803244,3_S6
c3_p101_20231207_o05,p101_20231207,101,0,3,69,3_S6,0.00058970466,0.003787734,0.0074190055,0.60135686,0.383235,0.0036117265,3_S6
c3_p101_20231211_o05,p101_20231211,101,0,3,70,4_S7,2.1189277e-05,9.5912495e-05,0.0003500239,0.15766583,0.8412729,0.0005942065,4_S7
c3_p101_20231218_o06,p101_20231218,101,0,3,71,4_S7,2.4150308e-05,0.00014689499,0.0007735151,0.015207295,0.9708204,0.013027656,4_S7
c3_p101_20231227_o05,p101_20231227,101,0,3,73,4_S7,4.0889674e-05,0.00030703397,0.0013104187,0.013133671,0.9501714,0.035036616,4_S7
c3_p101_20240115_o11,p101_20240115,101,0,3,75,4_S7,0.0012993577,0.004205024,0.004021284,0.019185068,0.6101103,0.36117893,4_S7
c3_p101_20240119_o06,p101_20240119,101,0,3,77,4_S7,7.89669e-05,0.00022416147,0.0006315374,0.00089041935,0.9621529,0.036022127,4_S7
c3_p101_20240126_o12,p101_20240126,101,0,3,79,4_S7,8.718446e-05,0.00070470636,0.0005827808,0.0033483303,0.64778566,0.34749126,4_S7
c3_p002_20230816_o10,p002_20230816,2,1,3,68,3_S6,0.00083042576,0.00056608947,0.010190598,0.0982027,0.8881136,0.0020966027,4_S7
c3_p002_20230921_o04,p002_20230921,2,1,3,77,4_S7,4.642868e-06,4.1722838e-06,0.00010790089,0.0009405948,0.9976318,0.0013109301,4_S7
c3_p002_20231005_o12,p002_20231005,2,1,3,79,4_S7,1.3900847e-12,4.3359934e-13,8.272055e-11,1.7929926e-10,0.99989915,0.00010083816,4_S7
c3_p026_20230828_o08,p026_20230828,26,1,3,16,0_S1,0.12935008,0.035968307,0.8132461,0.019697849,0.0016632825,7.440578e-05,2_S5
c3_p026_20230904_o02,p026_20230904,26,1,3,53,2_S5,0.16799472,0.05111135,0.539973,0.119240016,0.11979343,0.0018875122,2_S5
c3_p026_20230908_o09,p026_20230908,26,1,3,64,3_S6,0.0003421407,0.00061828195,0.017501239,0.92646605,0.055023972,4.8392263e-05,3_S6
c3_p026_20230921_o01,p026_20230921,26,1,3,70,4_S7,3.6048054e-06,3.960904e-05,0.0020809115,0.493938,0.50393397,3.9027154e-06,4_S7
c3_p026_20231006_o10,p026_20231006,26,1,3,71,4_S7,2.4746863e-05,8.25063e-05,0.002613381,0.009066005,0.98665607,0.0015573893,4_S7
c3_p026_20231017_o11,p026_20231017,26,1,3,74,4_S7,5.1349292e-05,0.00076116243,0.008626935,0.053971052,0.935584,0.0010054994,4_S7
c3_p026_20231023_o10,p026_20231023,26,1,3,75,4_S7,8.1444094e-05,0.0007946012,0.00091833377,0.018065901,0.96530014,0.01483962,4_S7
c3_p026_20231027_o04,p026_20231027,26,1,3,76,4_S7,1.2417246e-10,6.181052e-08,8.498178e-08,0.0050081,0.9949709,2.078422e-05,4_S7
c3_p026_20231101_o09,p026_20231101,26,1,3,77,4_S7,2.4247715e-10,8.3366274e-08,2.0292859e-07,0.00055007666,0.9994072,4.247982e-05,4_S7
c3_p026_20231106_o07,p026_20231106,26,1,3,78,4_S7,1.9960497e-10,1.6860007e-08,2.7314135e-08,3.1753925e-06,0.999666,0.0003308032,4_S7
c3_p026_20231109_o07,p026_20231109,26,1,3,79,4_S7,9.726959e-10,6.8043045e-07,4.6727806e-07,0.00023168424,0.99785113,0.0019161005,4_S7
c3_p026_20231120_o07,p026_20231120,26,1,3,84,5_S8,8.720619e-08,3.7738987e-06,3.6573174e-06,1.8546996e-05,0.0016708807,0.99830294,5_S8
c3_p026_20231124_o02,p026_20231124,26,1,3,85,5_S8,1.3626783e-06,2.9114459e-05,6.865012e-05,1.944983e-05,0.0928385,0.9070429,5_S8
c3_p026_20231127_o02,p026_20231127,26,1,3,86,5_S8,1.3008342e-07,1.2405552e-06,1.491872e-05,5.324125e-07,0.00014603966,0.99983716,5_S8
c3_p026_20231130_o12,p026_20231130,26,1,3,89,5_S8,1.6883452e-06,2.8113457e-06,8.1123235e-06,2.6760993e-06,2.3260809e-05,0.9999615,5_S8
c3_p027_20230828_o04,p027_20230828,27,1,3,20,1_S2,0.43889597,0.12959749,0.4224078,0.008611234,0.00040589977,8.157949e-05,0_S1
c3_p027_20230904_o07,p027_20230904,27,1,3,60,3_S6,0.00805292,0.0057530496,0.28517798,0.5646448,0.13616388,0.00020735456,3_S6
c3_p027_20230908_o02,p027_20230908,27,1,3,66,3_S6,0.00023161786,0.0001596406,0.0045743096,0.900766,0.09420368,6.467303e-05,3_S6
c3_p027_20230921_o09,p027_20230921,27,1,3,68,3_S6,4.6309296e-07,6.7398975e-07,7.774736e-05,0.004324782,0.99551034,8.6059874e-05,4_S7
c3_p027_20231006_o08,p027_20231006,27,1,3,70,4_S7,2.0362217e-05,8.585295e-06,0.0012170954,0.04227039,0.9563484,0.00013507203,4_S7
c3_p027_20231017_o07,p027_20231017,27,1,3,72,4_S7,6.525292e-07,1.6702708e-06,5.6670287e-05,0.0006178597,0.99784005,0.0014832099,4_S7
c3_p027_20231023_o07,p027_20231023,27,1,3,73,4_S7,1.7902563e-05,0.00034716577,0.0016830129,0.008878858,0.9859331,0.0031398588,4_S7
c3_p027_20231027_o08,p027_20231027,27,1,3,74,4_S7,4.1708928e-10,1.1453807e-07,7.175793e-07,0.0008342914,0.9989404,0.00022446467,4_S7
c3_p027_20231101_o07,p027_20231101,27,1,3,75,4_S7,7.428454e-08,2.6717862e-06,4.816419e-05,0.0026791424,0.9966756,0.0005943271,4_S7
c3_p027_20231106_o09,p027_20231106,27,1,3,76,4_S7,8.9539816e-07,5.0868664e-05,0.0006890822,0.0040715802,0.9831692,0.012018357,4_S7
c3_p027_20231109_o07,p027_20231109,27,1,3,77,4_S7,2.2984386e-07,3.2282533e-05,0.00024671148,0.0032989068,0.9838771,0.0125447735,4_S7
c3_p027_20231120_o11,p027_20231120,27,1,3,78,4_S7,1.4906941e-08,1.5549316e-06,7.715046e-06,0.000103414175,0.93896675,0.06092049,4_S7
c3_p027_20231124_o04,p027_20231124,27,1,3,79,4_S7,4.5761162e-08,5.9037126e-07,3.5746583e-05,3.6958274e-05,0.99654585,0.0033808122,4_S7
c3_p027_20231127_o07,p027_20231127,27,1,3,79,4_S7,8.205326e-06,0.00010156697,0.0018437932,0.0010554059,0.9093073,0.08768377,4_S7
c3_p027_20231130_o01,p027_20231130,27,1,3,79,4_S7,6.280817e-08,2.9916096e-06,2.979857e-05,2.3397095e-06,0.10112507,0.8988398,5_S8
c3_p032_20230828_o10,p032_20230828,32,1,3,15,0_S1,0.5453242,0.061687842,0.38697502,0.005290297,0.00061063014,0.00011203538,0_S1
c3_p032_20230904_o08,p032_20230904,32,1,3,60,3_S6,0.07463886,0.014311369,0.8893999,0.014116005,0.0073820315,0.00015176208,2_S5
c3_p032_20230908_o03,p032_20230908,32,1,3,64,3_S6,0.00023675694,0.00013038015,0.02229202,0.8418659,0.13545716,1.7763665e-05,3_S6
c3_p032_20230921_o05,p032_20230921,32,1,3,72,4_S7,2.4044339e-05,3.9715065e-05,0.0008678958,0.032588195,0.96580595,0.0006742454,4_S7
c3_p032_20231006_o03,p032_20231006,32,1,3,74,4_S7,1.3522982e-06,1.0871126e-05,9.098967e-05,8.514965e-05,0.99351054,0.006301132,4_S7
c3_p032_20231017_o05,p032_20231017,32,1,3,75,4_S7,4.4459378e-07,3.997538e-06,3.1610238e-05,0.0067124567,0.9927182,0.0005332461,4_S7
c3_p032_20231023_o01,p032_20231023,32,1,3,76,4_S7,6.583673e-07,0.00015223643,0.00073020684,0.29298458,0.70583224,0.0003000761,4_S7
c3_p032_20231027_o05,p032_20231027,32,1,3,77,4_S7,1.5653562e-08,3.5323805e-07,1.9424574e-06,1.38482055e-05,0.97509754,0.024886277,4_S7
c3_p032_20231101_o07,p032_20231101,32,1,3,78,4_S7,1.3052803e-06,2.1261352e-05,0.0001090352,0.00018984421,0.9681594,0.031519152,4_S7
c3_p032_20231106_o12,p032_20231106,32,1,3,79,4_S7,3.320788e-08,4.419849e-07,3.8437447e-06,2.5160592e-05,0.9888166,0.011153852,4_S7
c3_p032_20231109_o09,p032_20231109,32,1,3,80,5_S8,7.969581e-07,1.1567977e-05,5.465037e-05,2.5048168e-05,0.4903453,0.5095627,5_S8
c3_p032_20231120_o03,p032_20231120,32,1,3,81,5_S8,2.4133884e-08,4.8390183e-07,2.220963e-06,3.0441808e-07,0.0022136944,0.99778324,5_S8
c3_p032_20231124_o08,p032_20231124,32,1,3,83,5_S8,9.6018624e-08,2.7022413e-06,4.8179576e-05,6.95751e-07,0.10494454,0.89500374,5_S8
c3_p032_20231127_o06,p032_20231127,32,1,3,85,5_S8,1.2508589e-09,1.7781826e-08,2.1611318e-07,1.0621011e-08,0.14058572,0.85941404,5_S8
c3_p032_20231130_o12,p032_20231130,32,1,3,87,5_S8,8.7199456e-11,8.8030544e-10,8.646535e-09,9.71216e-10,4.1548915e-06,0.9999958,5_S8
c3_p041_20230828_o08,p041_20230828,41,1,3,14,0_S1,0.92141783,0.023714198,0.053888224,0.00050898746,0.00033847237,0.00013229952,0_S1
c3_p041_20230904_o09,p041_20230904,41,1,3,53,2_S5,0.1391177,0.05227838,0.75697964,0.045937892,0.005396464,0.00028988576,2_S5
c3_p041_20230908_o07,p041_20230908,41,1,3,60,3_S6,0.005129946,0.002705765,0.2821276,0.5941332,0.115683414,0.00022005413,3_S6
c3_p041_20230921_o02,p041_20230921,41,1,3,66,3_S6,8.296707e-06,1.963695e-05,0.00028929455,0.29861274,0.70105803,1.2033937e-05,4_S7
c3_p041_20231006_o11,p041_20231006,41,1,3,72,4_S7,0.00021271655,0.00071151747,0.15201277,0.38865143,0.45818877,0.00022282418,4_S7
c3_p041_20231017_o04,p041_20231017,41,1,3,73,4_S7,0.0025157924,0.001918345,0.08801732,0.16833383,0.7364219,0.0027928145,4_S7
c3_p041_20231023_o01,p041_20231023,41,1,3,74,4_S7,4.826927e-06,0.00011445807,0.019607257,0.8183633,0.16186056,4.951275e-05,3_S6
c3_p041_20231027_o02,p041_20231027,41,1,3,75,4_S7,3.2017443e-08,2.3705895e-06,5.6861823e-05,0.008959947,0.99070096,0.00027987087,4_S7
c3_p041_20231101_o04,p041_20231101,41,1,3,76,4_S7,9.011339e-08,8.256303e-07,0.0005136,0.00036333798,0.9959488,0.003173247,4_S7
c3_p041_20231106_o10,p041_20231106,41,1,3,77,4_S7,0.00019567755,1.0965324e-05,0.008627718,0.00013966531,0.98825073,0.0027752502,4_S7
c3_p041_20231109_o11,p041_20231109,41,1,3,78,4_S7,8.4018275e-06,1.2259179e-05,0.00198319,0.0014757991,0.99102634,0.0054940158,4_S7
c3_p041_20231120_o03,p041_20231120,41,1,3,80,5_S8,2.3948243e-07,5.948846e-07,2.5540956e-05,1.6714591e-06,0.054290608,0.9456814,5_S8
c3_p041_20231124_o04,p041_20231124,41,1,3,85,5_S8,0.00018151967,9.1127695e-05,0.0010530404,0.0010836512,0.0013062862,0.99628437,5_S8
c3_p041_20231127_o12,p041_20231127,41,1,3,85,5_S8,0.0002444896,5.2469968e-05,0.0004976702,0.0043722307,0.0015702038,0.99326295,5_S8
c3_p041_20231130_o10,p041_20231130,41,1,3,85,5_S8,0.00015252492,5.3909105e-05,0.0005712266,0.00010957277,0.00022069683,0.9988921,5_S8
c3_p042_20230929_o04,p042_20230929,42,1,3,13,0_S1,0.99994755,8.984409e-06,6.2075865e-06,1.2703481e-06,1.41913215e-05,2.1818158e-05,0_S1
c3_p042_20231004_o03,p042_20231004,42,1,3,14,0_S1,0.99961627,0.0001407867,0.00023037098,2.326825e-06,4.261981e-06,5.950466e-06,0_S1
c3_p042_20231011_o08,p042_20231011,42,1,3,14,0_S1,0.9997558,0.000148869,7.68235e-05,3.7492532e-06,8.133776e-06,6.593161e-06,0_S1
c3_p042_20231017_o05,p042_20231017,42,1,3,15,0_S1,0.47969154,0.013927499,0.5050414,0.0010823911,0.0002209008,3.6235462e-05,2_S5
c3_p042_20231019_o03,p042_20231019,42,1,3,15,0_S1,0.08826776,0.06108542,0.80626416,0.041013677,0.003196899,0.00017201334,2_S5
c3_p042_20231023_o04,p042_20231023,42,1,3,53,2_S5,0.13316827,0.09771199,0.7548294,0.0133639965,0.000760615,0.00016569662,2_S5
c3_p042_20231027_o06,p042_20231027,42,1,3,54,2_S5,8.9054236e-05,0.007223162,0.00972495,0.86476403,0.11807797,0.000120813704,3_S6
c3_p042_20231101_o01,p042_20231101,42,1,3,55,2_S5,0.001897643,0.044164233,0.09254658,0.8359498,0.025347106,9.463196e-05,3_S6
c3_p042_20231106_o09,p042_20231106,42,1,3,62,3_S6,5.484277e-08,1.303597e-06,2.9147855e-05,0.11827691,0.8816845,8.079806e-06,4_S7
c3_p042_20231109_o01,p042_20231109,42,1,3,68,3_S6,1.0389602e-06,0.00014090714,0.00066770584,0.8381348,0.16104946,6.0580787e-06,3_S6
c3_p042_20231120_o09,p042_20231120,42,1,3,70,4_S7,2.0288047e-07,5.945933e-06,0.00011762617,0.082738824,0.91686124,0.00027617955,4_S7
c3_p042_20231127_o06,p042_20231127,42,1,3,72,4_S7,1.9771445e-08,1.324828e-07,1.2307078e-05,5.7831356e-05,0.9996929,0.00023688884,4_S7
c3_p042_20231130_o09,p042_20231130,42,1,3,74,4_S7,3.526538e-08,1.6643658e-06,2.0675721e-05,6.3746105e-05,0.9936308,0.0062830755,4_S7
c3_p042_20231204_o05,p042_20231204,42,1,3,76,4_S7,8.2493884e-08,8.8958154e-07,2.9101835e-05,8.623477e-05,0.98318046,0.016703214,4_S7
c3_p042_20231211_o09,p042_20231211,42,1,3,80,5_S8,7.641076e-07,1.0220565e-05,0.0001167561,0.00014981559,0.9763817,0.023340663,4_S7
c3_p042_20231214_o04,p042_20231214,42,1,3,82,5_S8,2.6534306e-05,1.8323633e-05,9.567507e-05,5.7074543e-05,0.015507747,0.98429465,5_S8
c3_p042_20231218_o06,p042_20231218,42,1,3,82,5_S8,2.8962519e-05,0.0002657203,0.0015504212,0.00044311257,0.4845691,0.51314265,5_S8
c3_p042_20231227_o05,p042_20231227,42,1,3,83,5_S8,7.827417e-06,7.0716604e-05,0.00012636979,2.722533e-05,0.19126336,0.8085045,5_S8
c3_p042_20240104_o10,p042_20240104,42,1,3,84,5_S8,4.686287e-06,1.6020997e-05,5.9622314e-05,7.714946e-06,0.012600227,0.9873117,5_S8
c3_p044_20230929_o03,p044_20230929,44,1,3,13,0_S1,0.9999355,1.5627798e-05,1.2884459e-05,9.4955897e-07,1.4105781e-05,2.0954367e-05,0_S1
c3_p044_20231004_o09,p044_20231004,44,1,3,13,0_S1,0.9975781,0.0006140925,0.0016311391,2.7509815e-05,8.092141e-05,6.829907e-05,0_S1
c3_p044_20231011_o05,p044_20231011,44,1,3,15,0_S1,0.5479063,0.08524194,0.35566717,0.008794003,0.0021454515,0.0002450858,0_S1
c3_p044_20231017_o06,p044_20231017,44,1,3,20,1_S2,0.2867748,0.04015741,0.6628279,0.009101277,0.0010676819,7.088584e-05,2_S5
c3_p044_20231019_o11,p044_20231019,44,1,3,51,2_S5,0.02377882,0.029999921,0.74858695,0.1960123,0.0015733588,4.8578615e-05,2_S5
c3_p044_20231023_o10,p044_20231023,44,1,3,54,2_S5,0.1699984,0.31531787,0.38644528,0.12186629,0.0054018525,0.00097031717,2_S5
c3_p044_20231027_o10,p044_20231027,44,1,3,55,2_S5,1.8480707e-05,0.0031985918,0.004499946,0.9893337,0.0029477768,1.4889606e-06,3_S6
c3_p044_20231101_o04,p044_20231101,44,1,3,59,2_S5,7.827875e-07,0.0001675153,0.00091937685,0.9607072,0.03820425,8.0082134e-07,3_S6
c3_p044_20231106_o08,p044_20231106,44,1,3,61,3_S6,1.9456874e-07,1.882062e-06,0.0001484168,0.36829716,0.6315498,2.5174108e-06,4_S7
c3_p044_20231109_o10,p044_20231109,44,1,3,68,3_S6,4.2830592e-07,2.6410455e-05,0.00027408142,0.19153248,0.80810523,6.142078e-05,4_S7
c3_p044_20231120_o09,p044_20231120,44,1,3,70,4_S7,3.2321805e-05,0.0007741175,0.0023204763,0.044259347,0.9440049,0.0086088795,4_S7
c3_p044_20231127_o09,p044_20231127,44,1,3,71,4_S7,7.44807e-09,8.064478e-08,5.6158024e-07,0.010037502,0.98995155,1.0234737e-05,4_S7
c3_p044_20231130_o02,p044_20231130,44,1,3,72,4_S7,9.028243e-10,5.963305e-08,1.2034593e-06,2.1605038e-06,0.99073505,0.009261609,4_S7
c3_p044_20231204_o12,p044_20231204,44,1,3,72,4_S7,3.43924e-08,2.8400234e-07,5.355564e-06,6.6208464e-05,0.99819946,0.0017286143,4_S7
c3_p044_20231211_o04,p044_20231211,44,1,3,73,4_S7,9.027652e-08,6.775849e-07,4.9127593e-06,0.0003817696,0.9967874,0.002825179,4_S7
c3_p044_20231214_o08,p044_20231214,44,1,3,74,4_S7,3.6980863e-11,2.2621154e-09,7.2444735e-09,2.2439961e-05,0.9996623,0.00031527318,4_S7
c3_p044_20231218_o02,p044_20231218,44,1,3,76,4_S7,5.2653368e-12,2.7662768e-09,8.275638e-09,1.12148555e-05,0.9995073,0.00048142625,4_S7
c3_p044_20231227_o01,p044_20231227,44,1,3,79,4_S7,5.602247e-09,7.4590055e-08,1.7777666e-07,2.514116e-07,0.5700987,0.42990074,4_S7
c3_p044_20240104_o10,p044_20240104,44,1,3,81,5_S8,5.0975682e-08,1.9873325e-07,1.087938e-06,1.9378999e-07,0.0009109773,0.99908745,5_S8
c3_p047_20230929_o09,p047_20230929,47,1,3,13,0_S1,0.99995506,4.527037e-06,7.0197543e-06,9.160608e-07,1.1529365e-05,2.0922787e-05,0_S1
c3_p047_20231004_o08,p047_20231004,47,1,3,13,0_S1,0.9994894,0.000104430495,0.00034479322,1.1491721e-05,3.1926014e-05,1.7912456e-05,0_S1
c3_p047_20231011_o11,p047_20231011,47,1,3,14,0_S1,0.99933237,0.00019799767,0.00045236162,9.946785e-06,4.917047e-06,2.3879386e-06,0_S1
c3_p047_20231017_o03,p047_20231017,47,1,3,15,0_S1,0.39663145,0.015291625,0.58629173,0.0016620692,0.0001135151,9.627652e-06,2_S5
c3_p047_20231019_o10,p047_20231019,47,1,3,15,0_S1,0.05054962,0.028296458,0.9043272,0.016639069,0.00015954736,2.804597e-05,2_S5
c3_p047_20231023_o08,p047_20231023,47,1,3,16,0_S1,0.030372128,0.14471044,0.67158616,0.14162771,0.010657309,0.001046301,2_S5
c3_p047_20231027_o06,p047_20231027,47,1,3,17,0_S1,7.324229e-05,0.016307592,0.015699774,0.9011329,0.066538826,0.00024763375,3_S6
c3_p047_20231101_o01,p047_20231101,47,1,3,55,2_S5,0.001369344,0.025385585,0.045006517,0.78012645,0.14758106,0.0005309997,3_S6
c3_p047_20231106_o02,p047_20231106,47,1,3,61,3_S6,0.0035403143,0.0032245645,0.12584603,0.83357906,0.033603217,0.00020680724,3_S6
c3_p047_20231109_o06,p047_20231109,47,1,3,65,3_S6,5.070587e-09,1.6462125e-06,5.1758456e-05,0.6259251,0.37401924,2.2624654e-06,3_S6
c3_p047_20231120_o12,p047_20231120,47,1,3,70,4_S7,2.0319177e-07,3.7890493e-06,0.000102988546,0.0034946215,0.9956656,0.000732786,4_S7
c3_p047_20231127_o10,p047_20231127,47,1,3,71,4_S7,3.1146262e-06,8.985222e-06,1.7304643e-05,0.92688054,0.07305677,3.3305634e-05,3_S6
c3_p047_20231130_o09,p047_20231130,47,1,3,72,4_S7,0.00010981729,0.00052632386,0.0030407214,0.342778,0.6518758,0.0016693963,4_S7
c3_p047_20231204_o10,p047_20231204,47,1,3,74,4_S7,8.110232e-05,0.0001839232,0.000791962,0.38976395,0.60708034,0.0020987396,4_S7
c3_p047_20231211_o12,p047_20231211,47,1,3,76,4_S7,2.1685368e-08,1.3119437e-07,3.3943259e-06,1.070273e-05,0.997384,0.002601669,4_S7
c3_p047_20231214_o02,p047_20231214,47,1,3,78,4_S7,2.988478e-06,5.7712627e-06,7.610592e-05,0.0002214326,0.98740804,0.012285667,4_S7
c3_p047_20231218_o04,p047_20231218,47,1,3,79,4_S7,6.386264e-10,5.837323e-08,3.033147e-06,0.00017739549,0.9996929,0.00012668288,4_S7
c3_p047_20231227_o05,p047_20231227,47,1,3,81,5_S8,2.1493607e-08,5.472792e-07,2.2423922e-06,6.664924e-06,0.7237679,0.27622265,4_S7
c3_p047_20240104_o11,p047_20240104,47,1,3,82,5_S8,1.4690158e-07,3.0409294e-07,1.0890163e-06,7.06558e-07,9.838144e-05,0.99989927,5_S8
c3_p049_20230929_o05,p049_20230929,49,1,3,13,0_S1,0.9999083,1.8580598e-05,2.7572027e-05,2.318665e-06,1.6023556e-05,2.730718e-05,0_S1
c3_p049_20231004_o04,p049_20231004,49,1,3,13,0_S1,0.99832577,0.00018211134,0.0014847805,3.5894457e-06,2.348997e-06,1.4144578e-06,0_S1
c3_p049_20231011_o12,p049_20231011,49,1,3,15,0_S1,0.99838126,0.0008863068,0.0006415005,4.7533103e-05,3.161204e-05,1.1794195e-05,0_S1
c3_p049_20231017_o12,p049_20231017,49,1,3,15,0_S1,0.36288255,0.06265045,0.5626036,0.011512523,0.0003089634,4.1931893e-05,2_S5
c3_p049_20231019_o06,p049_20231019,49,1,3,16,0_S1,0.06748442,0.0096182255,0.6495409,0.27054927,0.0027657924,4.138687e-05,2_S5
c3_p049_20231023_o11,p049_20231023,49,1,3,20,1_S2,0.11385984,0.06498407,0.5692309,0.24616437,0.0055775004,0.00018334141,2_S5
c3_p049_20231027_o11,p049_20231027,49,1,3,55,2_S5,5.0889124e-05,0.010401807,0.007393194,0.97775877,0.0043628477,3.2468964e-05,3_S6
c3_p049_20231101_o07,p049_20231101,49,1,3,60,3_S6,6.207838e-06,0.00033900695,0.0010632941,0.044578683,0.95325035,0.0007624028,4_S7
c3_p049_20231106_o02,p049_20231106,49,1,3,62,3_S6,6.330872e-05,0.00017308112,0.007611544,0.8435365,0.14858891,2.6618338e-05,3_S6
c3_p049_20231109_o07,p049_20231109,49,1,3,64,3_S6,1.847709e-05,0.00076361845,0.003680597,0.1260033,0.8684773,0.0010567541,4_S7
c3_p049_20231120_o05,p049_20231120,49,1,3,71,4_S7,4.2092925e-05,0.00044330437,0.0010753147,0.018328622,0.9733732,0.0067374925,4_S7
c3_p049_20231127_o07,p049_20231127,49,1,3,72,4_S7,0.00025558518,0.00048508254,0.023482732,0.0048295506,0.84784824,0.12309878,4_S7
c3_p049_20231130_o11,p049_20231130,49,1,3,73,4_S7,4.2417664e-08,1.4928719e-06,1.7169688e-05,0.000191138,0.99611217,0.0036780238,4_S7
c3_p049_20231204_o12,p049_20231204,49,1,3,74,4_S7,6.1603593e-09,1.2584408e-07,1.5147129e-05,8.652838e-05,0.99957246,0.00032580007,4_S7
c3_p049_20231211_o03,p049_20231211,49,1,3,75,4_S7,1.317974e-08,4.049824e-08,1.9292274e-07,3.8396884e-05,0.9998394,0.00012190106,4_S7
c3_p049_20231214_o11,p049_20231214,49,1,3,77,4_S7,1.7178077e-07,1.5015851e-06,2.6618363e-05,0.000111328656,0.9855971,0.014263291,4_S7
c3_p049_20231218_o12,p049_20231218,49,1,3,78,4_S7,4.622422e-06,2.0231135e-05,4.1293795e-05,3.0396957e-05,0.98570156,0.014202023,4_S7
c3_p049_20231227_o12,p049_20231227,49,1,3,79,4_S7,3.5531193e-07,6.1487526e-06,1.0854348e-05,4.687321e-06,0.74903506,0.25094283,4_S7
c3_p049_20240104_o08,p049_20240104,49,1,3,82,5_S8,1.1381564e-07,3.8497643e-07,2.7784574e-06,2.3109172e-07,5.0219922e-05,0.99994624,5_S8
c3_p059_20230929_o08,p059_20230929,59,1,3,13,0_S1,0.99995565,4.527709e-06,1.0056539e-05,9.849775e-07,1.2942996e-05,1.5787591e-05,0_S1
c3_p059_20231004_o06,p059_20231004,59,1,3,13,0_S1,0.9980154,0.0014090885,0.000539647,1.5559517e-05,1.0005059e-05,1.0230295e-05,0_S1
c3_p059_20231011_o03,p059_20231011,59,1,3,15,0_S1,0.95892406,0.0070293304,0.033470005,0.00044506558,0.00010509505,2.6443568e-05,0_S1
c3_p059_20231017_o11,p059_20231017,59,1,3,53,2_S5,0.023903333,0.02593956,0.9158908,0.03406538,0.00018835848,1.2526951e-05,2_S5
c3_p059_20231019_o12,p059_20231019,59,1,3,60,3_S6,0.15651534,0.051959883,0.70126164,0.08756475,0.0025229543,0.00017534774,2_S5
c3_p059_20231023_o05,p059_20231023,59,1,3,64,3_S6,0.021804921,0.242679,0.40386793,0.3284796,0.0030409181,0.00012755263,2_S5
c3_p059_20231027_o02,p059_20231027,59,1,3,62,3_S6,0.00019075551,0.04205499,0.016504437,0.87082994,0.070088945,0.00033098538,3_S6
c3_p059_20231101_o08,p059_20231101,59,1,3,65,3_S6,2.8875838e-05,0.0014591971,0.0030292007,0.64404076,0.3513166,0.00012539193,3_S6
c3_p059_20231106_o10,p059_20231106,59,1,3,70,4_S7,1.7577038e-10,2.1718256e-07,1.337465e-06,0.12013568,0.87986064,2.106523e-06,4_S7
c3_p059_20231109_o01,p059_20231109,59,1,3,71,4_S7,1.5565108e-06,0.0004819074,0.0007003572,0.90703076,0.09176867,1.6729584e-05,3_S6
c3_p059_20231120_o11,p059_20231120,59,1,3,72,4_S7,6.5770533e-10,8.031867e-08,7.768433e-07,0.0023968236,0.99758184,2.0360556e-05,4_S7
c3_p059_20231127_o04,p059_20231127,59,1,3,74,4_S7,6.71215e-08,4.282284e-07,4.4081576e-06,0.0017120001,0.99798065,0.00030242006,4_S7
c3_p059_20231130_o08,p059_20231130,59,1,3,75,4_S7,7.088324e-07,6.491502e-06,0.00013408947,0.0019147095,0.99329376,0.0046503576,4_S7
c3_p059_20231204_o04,p059_20231204,59,1,3,76,4_S7,1.0740811e-06,1.0653607e-06,4.3590466e-05,0.0020384227,0.9965842,0.001331621,4_S7
c3_p059_20231211_o04,p059_20231211,59,1,3,77,4_S7,1.2230126e-07,5.1318284e-07,1.54645e-05,4.632796e-05,0.9961584,0.003779235,4_S7
c3_p059_20231214_o04,p059_20231214,59,1,3,78,4_S7,1.721021e-05,2.1064401e-05,7.594007e-05,0.0012851752,0.97605383,0.022546656,4_S7
c3_p059_20231218_o10,p059_20231218,59,1,3,79,4_S7,1.0427813e-07,2.345568e-06,8.3115665e-06,1.5351741e-05,0.62596196,0.374012,4_S7
c3_p059_20231227_o01,p059_20231227,59,1,3,81,5_S8,1.6046481e-08,4.835193e-07,1.5828274e-06,2.1095995e-05,0.9014321,0.09854467,4_S7
c3_p059_20240104_o01,p059_20240104,59,1,3,83,5_S8,2.0731812e-07,6.8597e-06,3.2012926e-05,2.3006203e-05,0.49836496,0.5015729,5_S8
c3_p073_20231006_o05,p073_20231006,73,1,3,13,0_S1,0.999982,1.596897e-06,1.2947942e-05,6.3445884e-07,1.2376315e-06,1.5446689e-06,0_S1
c3_p073_20231011_o09,p073_20231011,73,1,3,13,0_S1,0.9999393,9.579612e-06,4.0393028e-05,2.3589182e-06,3.993887e-06,4.245114e-06,0_S1
c3_p073_20231017_o10,p073_20231017,73,1,3,13,0_S1,0.99945515,0.00014049618,0.0003845055,6.846515e-06,5.9972335e-06,7.0782376e-06,0_S1
c3_p073_20231019_o10,p073_20231019,73,1,3,13,0_S1,0.9908669,0.0039849076,0.004749885,7.722915e-05,0.00010891659,0.00021216043,0_S1
c3_p073_20231023_o10,p073_20231023,73,1,3,14,0_S1,0.9956286,0.0024444798,0.0018507354,3.2370524e-05,1.582559e-05,2.8017079e-05,0_S1
c3_p073_20231027_o09,p073_20231027,73,1,3,51,2_S5,0.033639863,0.13282776,0.7751858,0.05405746,0.003888988,0.0004002165,2_S5
c3_p073_20231101_o05,p073_20231101,73,1,3,53,2_S5,0.0062228404,0.033244915,0.50355303,0.45595297,0.0010090556,1.7201715e-05,2_S5
c3_p073_20231106_o05,p073_20231106,73,1,3,69,3_S6,6.9368855e-07,0.00028320486,0.0016913186,0.98637515,0.011645461,4.122815e-06,3_S6
c3_p073_20231109_o08,p073_20231109,73,1,3,70,4_S7,0.0004756799,0.0038740644,0.11695315,0.8534871,0.025154926,5.5055672e-05,3_S6
c3_p073_20231120_o05,p073_20231120,73,1,3,71,4_S7,1.0314064e-06,2.3894116e-05,0.00013550912,0.006993517,0.99237096,0.0004750997,4_S7
c3_p073_20231127_o01,p073_20231127,73,1,3,72,4_S7,1.1490563e-08,1.7519798e-06,3.250558e-06,0.00019254274,0.99913114,0.0006713432,4_S7
c3_p073_20231130_o08,p073_20231130,73,1,3,75,4_S7,0.0005395517,0.0004879379,0.0044461014,0.0042753313,0.9463584,0.043892536,4_S7
c3_p073_20231204_o07,p073_20231204,73,1,3,76,4_S7,8.021803e-06,8.159396e-06,0.00033079216,0.00758313,0.9905601,0.0015098094,4_S7
c3_p073_20231211_o03,p073_20231211,73,1,3,77,4_S7,8.0808626e-05,1.6504e-05,0.00019981508,0.0025463442,0.9916945,0.0054620313,4_S7
c3_p073_20231214_o01,p073_20231214,73,1,3,78,4_S7,0.0023857725,0.00023827674,0.0030484623,0.0039690454,0.9840388,0.006319706,4_S7
c3_p073_20231218_o10,p073_20231218,73,1,3,79,4_S7,0.00093331473,0.0017440739,0.021560833,0.0001439185,0.8793142,0.096303694,4_S7
c3_p073_20231227_o06,p073_20231227,73,1,3,79,4_S7,2.784556e-07,2.8194597e-07,3.8627986e-06,2.5400801e-08,0.9816784,0.018317128,4_S7
c3_p073_20240115_o08,p073_20240115,73,1,3,84,5_S8,0.00014803237,5.7828514e-05,0.0002053974,6.570385e-06,0.00050154346,0.99908054,5_S8
c3_p073_20240119_o05,p073_20240119,73,1,3,85,5_S8,1.4518865e-05,1.927432e-06,7.52775e-06,2.5668437e-06,6.330426e-05,0.9999101,5_S8
c3_p073_20240126_o11,p073_20240126,73,1,3,86,5_S8,1.2265479e-05,1.5378014e-06,5.4704633e-06,7.78718e-07,7.7389035e-05,0.9999025,5_S8
c3_p077_20231006_o11,p077_20231006,77,1,3,13,0_S1,0.9999752,2.996724e-06,1.3335531e-05,4.4659208e-07,3.0477268e-06,4.9099726e-06,0_S1
c3_p077_20231011_o02,p077_20231011,77,1,3,13,0_S1,0.99997985,2.1043604e-06,1.3079604e-05,4.7622834e-07,1.7402806e-06,2.6181049e-06,0_S1
c3_p077_20231017_o10,p077_20231017,77,1,3,13,0_S1,0.9999231,2.0694722e-05,4.8080758e-05,4.793654e-07,2.0746882e-06,5.6918257e-06,0_S1
c3_p077_20231019_o08,p077_20231019,77,1,3,14,0_S1,0.98024863,0.003004744,0.016372265,6.53921e-05,0.0001516479,0.00015723087,0_S1
c3_p077_20231023_o12,p077_20231023,77,1,3,20,1_S2,0.99776864,0.0005172812,0.0016542377,3.2894222e-05,1.1937175e-05,1.5069023e-05,0_S1
c3_p077_20231027_o07,p077_20231027,77,1,3,53,2_S5,0.29841274,0.16512963,0.53379875,0.0019091369,0.00048393937,0.0002658137,2_S5
c3_p077_20231101_o04,p077_20231101,77,1,3,55,2_S5,0.018309327,0.02985292,0.91810983,0.03333923,0.00037233622,1.6332062e-05,2_S5
c3_p077_20231106_o05,p077_20231106,77,1,3,60,3_S6,6.9710137e-07,0.00014992381,0.0026878885,0.9945592,0.0026020994,1.4534503e-07,3_S6
c3_p077_20231109_o04,p077_20231109,77,1,3,69,3_S6,5.653214e-07,6.974326e-05,0.00057934196,0.9959716,0.0033782844,4.120283e-07,3_S6
c3_p077_20231120_o05,p077_20231120,77,1,3,70,4_S7,6.491995e-05,0.00020418533,0.0020606106,0.08998111,0.9058433,0.0018459255,4_S7
c3_p077_20231127_o12,p077_20231127,77,1,3,73,4_S7,1.8687499e-10,2.5314788e-09,1.4057107e-07,0.0001595084,0.9998093,3.101275e-05,4_S7
c3_p077_20231130_o11,p077_20231130,77,1,3,75,4_S7,0.000681109,0.0032726487,0.4453566,0.050531223,0.44425756,0.055900846,2_S5
c3_p077_20231204_o03,p077_20231204,77,1,3,76,4_S7,0.00020732798,0.0004303487,0.0064452104,0.15199165,0.83424485,0.006680527,4_S7
c3_p077_20231211_o12,p077_20231211,77,1,3,77,4_S7,1.9244877e-05,5.6722773e-05,0.0034779632,0.00025284363,0.9693657,0.026827449,4_S7
c3_p077_20231214_o09,p077_20231214,77,1,3,78,4_S7,1.717993e-06,1.2021568e-06,3.6690264e-05,0.00044342162,0.9989784,0.0005387257,4_S7
c3_p077_20231218_o07,p077_20231218,77,1,3,79,4_S7,1.8768473e-08,2.3702336e-07,8.831671e-06,8.973381e-07,0.999017,0.0009729995,4_S7
c3_p077_20231227_o07,p077_20231227,77,1,3,79,4_S7,1.596696e-10,3.5751508e-09,1.8250876e-07,2.3121961e-08,0.9991824,0.0008173343,4_S7
c3_p077_20240115_o09,p077_20240115,77,1,3,81,5_S8,2.995129e-06,6.268544e-06,5.03076e-05,5.6906983e-06,0.0005623054,0.9993724,5_S8
c3_p077_20240119_o08,p077_20240119,77,1,3,84,5_S8,8.209166e-08,1.3415435e-07,1.543391e-06,3.406949e-07,1.6782382e-05,0.99998116,5_S8
c3_p077_20240126_o01,p077_20240126,77,1,3,88,5_S8,2.665244e-07,3.2299687e-07,7.919815e-07,3.9223622e-07,0.00011432238,0.9998839,5_S8
c3_p078_20231006_o07,p078_20231006,78,1,3,13,0_S1,0.9999279,6.016785e-06,5.348304e-05,2.0908126e-06,5.4676657e-06,5.051852e-06,0_S1
c3_p078_20231011_o06,p078_20231011,78,1,3,13,0_S1,0.9999839,1.1165715e-06,1.1531238e-05,2.8924052e-07,1.1980056e-06,1.8819957e-06,0_S1
c3_p078_20231017_o03,p078_20231017,78,1,3,13,0_S1,0.99994004,8.911584e-06,4.232938e-05,3.9041456e-07,3.7228278e-06,4.680159e-06,0_S1
c3_p078_20231019_o05,p078_20231019,78,1,3,14,0_S1,0.9985909,0.00039818708,0.00093420886,7.780404e-06,1.8447285e-05,5.0411858e-05,0_S1
c3_p078_20231023_o06,p078_20231023,78,1,3,51,2_S5,0.9797673,0.013024726,0.007121137,5.233145e-05,1.7726146e-05,1.6689788e-05,0_S1
c3_p078_20231027_o12,p078_20231027,78,1,3,53,2_S5,0.16206087,0.26191485,0.5203266,0.04891204,0.004918811,0.0018668721,2_S5
c3_p078_20231101_o05,p078_20231101,78,1,3,60,3_S6,0.013242736,0.048693173,0.78378356,0.15098669,0.003220573,7.328183e-05,2_S5
c3_p078_20231106_o09,p078_20231106,78,1,3,63,3_S6,5.0691688e-06,0.0019991922,0.006255146,0.9905894,0.0011470339,4.117622e-06,3_S6
c3_p078_20231109_o05,p078_20231109,78,1,3,70,4_S7,0.00014225222,0.009758716,0.0088265715,0.95400417,0.027220372,4.8034333e-05,3_S6
c3_p078_20231120_o11,p078_20231120,78,1,3,71,4_S7,9.692185e-06,0.00024846525,0.00027330112,0.15472552,0.8440298,0.0007132312,4_S7
c3_p078_20231127_o10,p078_20231127,78,1,3,72,4_S7,1.42691245e-08,3.9785616e-07,3.1034265e-06,1.055443e-05,0.9931444,0.0068415883,4_S7
c3_p078_20231130_o12,p078_20231130,78,1,3,74,4_S7,0.00015948928,0.00039477853,0.009241392,0.05273538,0.92779607,0.009672943,4_S7
c3_p078_20231204_o03,p078_20231204,78,1,3,76,4_S7,1.807147e-08,2.7035034e-07,4.19783e-06,0.00019520457,0.9996438,0.00015656,4_S7
c3_p078_20231211_o08,p078_20231211,78,1,3,78,4_S7,6.601645e-10,1.508275e-09,1.2871177e-08,3.2315316e-07,0.99991083,8.888506e-05,4_S7
c3_p078_20231214_o03,p078_20231214,78,1,3,79,4_S7,4.013141e-06,1.931507e-06,6.076995e-06,0.000120966,0.99212086,0.007746255,4_S7
c3_p078_20231218_o05,p078_20231218,78,1,3,79,4_S7,2.2305903e-06,1.1496115e-05,1.863864e-05,3.1484622e-05,0.99186254,0.00807358,4_S7
c3_p078_20231227_o04,p078_20231227,78,1,3,79,4_S7,1.9181482e-06,3.182908e-05,5.5823108e-05,0.00027058096,0.9768983,0.022741629,4_S7
c3_p078_20240115_o06,p078_20240115,78,1,3,83,5_S8,5.9396652e-06,2.6645004e-05,0.00031302377,5.4600273e-06,0.16918008,0.8304689,5_S8
c3_p078_20240119_o01,p078_20240119,78,1,3,84,5_S8,4.3784734e-08,2.102494e-08,3.2224688e-07,1.4925247e-08,1.10457e-06,0.99999857,5_S8
c3_p078_20240126_o09,p078_20240126,78,1,3,89,5_S8,7.4804895e-08,2.4331135e-07,1.4999724e-06,1.3883164e-07,2.0112911e-06,0.99999607,5_S8
c3_p083_20231128_o06,p083_20231128,83,1,3,68,3_S6,0.00023775872,0.00010062529,0.00010468994,0.99721473,0.002316454,2.5755933e-05,3_S6
c3_p083_20231130_o04,p083_20231130,83,1,3,69,3_S6,9.112711e-05,0.00011496467,0.00017024981,0.9982048,0.0014164854,2.3915127e-06,3_S6
c3_p083_20231204_o09,p083_20231204,83,1,3,70,4_S7,0.00029347258,0.00023599112,0.0007000166,0.98202527,0.016398912,0.0003462687,3_S6
c3_p083_20231207_o03,p083_20231207,83,1,3,71,4_S7,0.00032095608,0.0010560683,0.006694516,0.23610713,0.75160164,0.004219673,4_S7
c3_p083_20231211_o05,p083_20231211,83,1,3,73,4_S7,1.384436e-05,1.3247599e-05,0.000121409066,0.033917353,0.9641912,0.0017430331,4_S7
c3_p083_20231218_o06,p083_20231218,83,1,3,75,4_S7,3.7348995e-09,1.4393115e-07,4.1642733e-07,8.095676e-05,0.99939096,0.00052751484,4_S7
c3_p083_20231227_o02,p083_20231227,83,1,3,77,4_S7,2.724582e-08,4.3787313e-07,2.7658655e-06,0.000116504554,0.9997671,0.00011315693,4_S7
c3_p083_20240115_o01,p083_20240115,83,1,3,78,4_S7,2.2426885e-11,2.1550095e-10,4.7653135e-09,8.867371e-10,0.9997243,0.00027560396,4_S7
c3_p083_20240119_o03,p083_20240119,83,1,3,79,4_S7,1.990305e-08,2.7366932e-08,1.3943591e-06,5.814461e-07,0.9996209,0.00037700083,4_S7
c3_p083_20240126_o04,p083_20240126,83,1,3,83,5_S8,6.213538e-06,2.1799708e-05,4.242313e-05,1.5264595e-05,0.00024905865,0.99966526,5_S8
c3_p085_20231128_o03,p085_20231128,85,1,3,65,3_S6,0.004869508,0.0008254812,0.0010669875,0.9861733,0.006967493,9.724945e-05,3_S6
c3_p085_20231130_o01,p085_20231130,85,1,3,68,3_S6,0.00045669082,0.00017169307,0.00012530416,0.9961009,0.003126623,1.8779776e-05,3_S6
c3_p085_20231204_o03,p085_20231204,85,1,3,69,3_S6,2.7363689e-05,3.763275e-05,9.694879e-05,0.97738445,0.022421625,3.201645e-05,3_S6
c3_p085_20231207_o03,p085_20231207,85,1,3,70,4_S7,0.0007837643,0.0015991324,0.005514763,0.68647456,0.30209562,0.003532231,3_S6
c3_p085_20231211_o11,p085_20231211,85,1,3,71,4_S7,6.817278e-08,3.0281043e-08,3.0276465e-07,0.00028707355,0.9996531,5.930316e-05,4_S7
c3_p085_20231218_o12,p085_20231218,85,1,3,72,4_S7,1.2321349e-05,2.2302209e-05,0.00052059104,0.018294554,0.97975725,0.0013930856,4_S7
c3_p085_20231227_o07,p085_20231227,85,1,3,74,4_S7,1.3013042e-06,3.171195e-06,4.1150865e-06,9.2846545e-05,0.9979532,0.0019453361,4_S7
c3_p085_20240115_o05,p085_20240115,85,1,3,77,4_S7,8.260046e-09,2.4612564e-07,9.697145e-07,5.67735e-05,0.9973368,0.0026051968,4_S7
c3_p085_20240119_o04,p085_20240119,85,1,3,79,4_S7,3.2241058e-13,2.0408946e-12,1.9887468e-10,8.370985e-11,0.99995255,4.7423626e-05,4_S7
c3_p085_20240126_o02,p085_20240126,85,1,3,81,5_S8,6.064492e-07,3.674831e-06,1.1535992e-05,2.8078788e-05,0.0007850661,0.999171,5_S8
c3_p089_20231128_o06,p089_20231128,89,1,3,64,3_S6,0.00612283,0.0035608788,0.009268962,0.9199744,0.058741093,0.0023319207,3_S6
c3_p089_20231130_o04,p089_20231130,89,1,3,67,3_S6,4.3526583e-05,5.3586013e-05,1.4390921e-05,0.99827945,0.0016028172,6.299225e-06,3_S6
c3_p089_20231204_o06,p089_20231204,89,1,3,68,3_S6,0.00028658228,0.0002889049,0.0002457349,0.98713374,0.011893332,0.0001517544,3_S6
c3_p089_20231207_o04,p089_20231207,89,1,3,70,4_S7,0.00054902746,0.0015222956,0.00509762,0.14467864,0.8408813,0.0072711674,4_S7
c3_p089_20231211_o02,p089_20231211,89,1,3,71,4_S7,0.00091617013,0.00083307415,0.0023445275,0.09001518,0.8901323,0.015758716,4_S7
c3_p089_20231218_o03,p089_20231218,89,1,3,73,4_S7,1.2931972e-05,2.7410844e-05,7.201177e-05,0.0013959567,0.99718493,0.0013067445,4_S7
c3_p089_20231227_o04,p089_20231227,89,1,3,74,4_S7,1.9379027e-09,7.044453e-09,2.0247366e-08,1.7472191e-06,0.99960655,0.00039177027,4_S7
c3_p089_20240115_o10,p089_20240115,89,1,3,77,4_S7,1.3471396e-07,1.1450337e-06,2.2230859e-05,9.3676e-06,0.99330306,0.006664124,4_S7
c3_p089_20240119_o08,p089_20240119,89,1,3,78,4_S7,1.0082092e-10,1.486406e-10,8.131632e-09,4.4163295e-09,0.99990857,9.14257e-05,4_S7
c3_p089_20240126_o03,p089_20240126,89,1,3,81,5_S8,6.9490884e-06,2.169987e-05,2.6223437e-05,0.00012012806,0.005459081,0.99436605,5_S8
c3_p097_20231128_o06,p097_20231128,97,1,3,64,3_S6,0.0004890457,0.00012390048,0.00060900726,0.99420124,0.004562846,1.3980128e-05,3_S6
c3_p097_20231130_o01,p097_20231130,97,1,3,67,3_S6,4.2193224e-05,2.1953863e-05,2.3579309e-05,0.9987513,0.0011571941,3.7890084e-06,3_S6
c3_p097_20231204_o03,p097_20231204,97,1,3,69,3_S6,2.9315386e-05,0.00011816579,0.00024162554,0.9587217,0.040822253,6.6884124e-05,3_S6
c3_p097_20231207_o08,p097_20231207,97,1,3,68,3_S6,1.0488248e-05,3.3739445e-05,0.0002637989,0.052334677,0.9466867,0.00067055784,4_S7
c3_p097_20231211_o06,p097_20231211,97,1,3,69,3_S6,0.00019423733,7.535937e-05,0.0020139373,0.17725353,0.8178646,0.0025983949,4_S7
c3_p097_20231218_o06,p097_20231218,97,1,3,71,4_S7,2.5929941e-05,5.4065677e-05,0.00015859085,0.0010570892,0.98643875,0.012265498,4_S7
c3_p097_20231227_o08,p097_20231227,97,1,3,72,4_S7,5.874281e-07,2.0988994e-06,1.22130405e-05,3.34641e-05,0.9933628,0.0065888413,4_S7
c3_p097_20240115_o08,p097_20240115,97,1,3,75,4_S7,5.4035877e-07,2.260665e-06,2.2102045e-05,2.8907056e-05,0.99624455,0.003701649,4_S7
c3_p097_20240119_o09,p097_20240119,97,1,3,79,4_S7,1.5252462e-08,3.412119e-08,6.164977e-06,3.7517927e-06,0.99942493,0.00056516315,4_S7
c3_p097_20240126_o08,p097_20240126,97,1,3,80,5_S8,9.936389e-08,3.3955965e-07,4.057663e-06,6.075806e-06,0.98509777,0.014891594,4_S7
c3_p099_20231128_o03,p099_20231128,99,1,3,65,3_S6,0.0018671781,0.0008957144,0.008586783,0.97153664,0.016944917,0.00016874718,3_S6
c3_p099_20231130_o08,p099_20231130,99,1,3,66,3_S6,0.0036070133,0.004857833,0.00040375025,0.98314387,0.007739052,0.00024862378,3_S6
c3_p099_20231204_o05,p099_20231204,99,1,3,68,3_S6,2.2311171e-05,2.9886809e-05,3.0023448e-05,0.9935695,0.006303994,4.425189e-05,3_S6
c3_p099_20231207_o08,p099_20231207,99,1,3,70,4_S7,0.0005464644,0.0016573715,0.005683242,0.29438537,0.69265777,0.0050697774,4_S7
c3_p099_20231211_o05,p099_20231211,99,1,3,71,4_S7,0.00016913509,0.00033874364,0.00068722904,0.39882234,0.5984766,0.0015059013,4_S7
c3_p099_20231218_o12,p099_20231218,99,1,3,72,4_S7,1.6473605e-05,4.5744175e-05,0.00028902828,0.0013342157,0.9904017,0.007912868,4_S7
c3_p099_20231227_o05,p099_20231227,99,1,3,74,4_S7,4.7623885e-08,1.8932464e-07,1.0804655e-06,1.2553195e-05,0.9988148,0.0011713711,4_S7
c3_p099_20240115_o12,p099_20240115,99,1,3,78,4_S7,5.6658873e-06,1.8041494e-05,0.00012590435,0.00010460957,0.9908922,0.0088536,4_S7
c3_p099_20240119_o05,p099_20240119,99,1,3,79,4_S7,6.9964794e-06,2.5825257e-06,7.778746e-05,1.7679524e-05,0.9961569,0.0037380948,4_S7
c3_p099_20240126_o09,p099_20240126,99,1,3,80,5_S8,3.5792825e-06,3.4485518e-05,0.00016981557,2.1706684e-05,0.31007814,0.6896923,5_S8
c3_p003_20230816_o02,p003_20230816,3,2,3,64,3_S6,0.00043843378,0.045131657,0.35844237,0.5886494,0.007317607,2.0517184e-05,3_S6
c3_p003_20230921_o08,p003_20230921,3,2,3,77,4_S7,7.1425326e-05,0.00019893606,0.00010085523,0.13134538,0.8682085,7.493966e-05,4_S7
c3_p003_20231005_o08,p003_20231005,3,2,3,79,4_S7,1.9718293e-07,7.0822045e-07,4.177216e-06,6.2648294e-05,0.9998109,0.000121395475,4_S7
c3_p004_20230816_o11,p004_20230816,4,2,3,61,3_S6,0.009191957,0.069779515,0.14942299,0.7375176,0.03391828,0.00016957315,3_S6
c3_p004_20230921_o02,p004_20230921,4,2,3,79,4_S7,1.2496044e-05,5.453506e-05,3.3725068e-05,5.750445e-05,0.9994382,0.00040344574,4_S7
c3_p004_20231005_o12,p004_20231005,4,2,3,82,5_S8,1.45003005e-05,1.925308e-05,4.9583865e-05,4.656542e-07,0.0025247962,0.99739134,5_S8
c3_p009_20230816_o11,p009_20230816,9,2,3,64,3_S6,1.3348238e-05,0.00023297321,0.008268043,0.98875195,0.0027279102,5.8253545e-06,3_S6
c3_p009_20230921_o10,p009_20230921,9,2,3,75,4_S7,6.6672695e-10,6.1199144e-09,7.41007e-09,4.3231815e-08,0.99983084,0.00016912975,4_S7
c3_p009_20231005_o01,p009_20231005,9,2,3,84,5_S8,7.850522e-06,3.2622127e-05,9.28081e-06,7.4205104e-07,0.0028635701,0.997086,5_S8
c3_p014_20230816_o08,p014_20230816,14,2,3,69,3_S6,3.7102889e-06,4.3061107e-05,0.0029140674,0.97424996,0.022782965,6.190273e-06,3_S6
c3_p014_20230921_o02,p014_20230921,14,2,3,76,4_S7,3.2972855e-06,2.332533e-06,3.6084318e-06,0.015798705,0.98414606,4.5979697e-05,4_S7
c3_p014_20231005_o06,p014_20231005,14,2,3,79,4_S7,5.3924296e-06,0.00037497267,4.7499516e-06,6.5208837e-06,0.9324293,0.06717891,4_S7
c3_p015_20230816_o01,p015_20230816,15,2,3,66,3_S6,4.4035374e-07,5.779499e-05,0.00020113804,0.9788431,0.0208966,8.6789925e-07,3_S6
c3_p015_20230921_o12,p015_20230921,15,2,3,73,4_S7,2.2717636e-06,4.002783e-05,0.00010026651,0.060396828,0.9394031,5.7571127e-05,4_S7
c3_p015_20231005_o06,p015_20231005,15,2,3,77,4_S7,1.3758267e-05,0.00019323005,7.495043e-06,3.1844167e-05,0.9874018,0.012351908,4_S7
c3_p018_20230816_o11,p018_20230816,18,2,3,68,3_S6,1.1577917e-05,3.4721088e-05,0.00019674173,0.9996494,0.00010748569,6.461479e-08,3_S6
c3_p018_20230921_o10,p018_20230921,18,2,3,78,4_S7,0.0031971694,0.0028201295,0.005263497,0.006191343,0.04403078,0.93849707,5_S8
c3_p018_20231005_o05,p018_20231005,18,2,3,89,5_S8,0.00050494855,0.004567231,0.00014652901,8.481359e-06,0.08324159,0.91153127,5_S8
c3_p019_20230816_o03,p019_20230816,19,2,3,70,4_S7,0.0005748939,0.0053501753,0.039997894,0.8655076,0.0873238,0.0012456089,3_S6
c3_p019_20230921_o01,p019_20230921,19,2,3,78,4_S7,1.5520426e-08,1.3713009e-07,2.0700831e-07,0.00078147376,0.99921525,2.8348254e-06,4_S7
c3_p019_20231005_o07,p019_20231005,19,2,3,85,5_S8,3.856551e-05,9.800874e-05,0.0001334967,9.207573e-06,0.005688476,0.9940322,5_S8
c3_p020_20230816_o03,p020_20230816,20,2,3,70,4_S7,0.0003273625,0.011137451,0.0030393784,0.97559524,0.009713715,0.00018677172,3_S6
c3_p020_20230921_o01,p020_20230921,20,2,3,72,4_S7,3.5509172e-05,6.3751104e-05,7.353427e-05,0.009383818,0.9900254,0.00041802818,4_S7
c3_p020_20231005_o10,p020_20231005,20,2,3,78,4_S7,3.0519265e-09,5.84896e-07,1.0766412e-08,1.0112362e-06,0.9998528,0.00014555681,4_S7
c3_p022_20230828_o11,p022_20230828,22,2,3,19,0_S1,0.54956365,0.050853007,0.39538237,0.0039650835,0.00016330589,7.254565e-05,0_S1
c3_p022_20230904_o01,p022_20230904,22,2,3,53,2_S5,0.0011106934,0.99854845,5.3492095e-05,1.0397285e-05,0.0002465715,3.0452524e-05,1_S2
c3_p022_20230908_o03,p022_20230908,22,2,3,63,3_S6,9.359888e-08,8.485926e-08,4.875877e-05,0.9999491,1.91823e-06,1.359459e-09,3_S6
c3_p022_20230921_o11,p022_20230921,22,2,3,70,4_S7,2.0873103e-06,4.5279635e-06,0.0004400421,0.99225336,0.0072994046,5.891899e-07,3_S6
c3_p022_20231006_o06,p022_20231006,22,2,3,72,4_S7,3.06055e-08,1.102213e-06,0.00010369532,0.00087409077,0.99892443,9.661836e-05,4_S7
c3_p022_20231017_o03,p022_20231017,22,2,3,75,4_S7,6.591397e-10,3.3229114e-08,1.18520084e-07,1.3103036e-05,0.9999634,2.3353097e-05,4_S7
c3_p022_20231023_o02,p022_20231023,22,2,3,77,4_S7,2.2858717e-11,5.092438e-09,4.4811617e-09,9.5880566e-08,0.9999975,2.3917282e-06,4_S7
c3_p022_20231027_o12,p022_20231027,22,2,3,78,4_S7,1.6557027e-10,5.639983e-08,2.4511904e-08,2.0626965e-06,0.9999924,5.513517e-06,4_S7
c3_p022_20231101_o10,p022_20231101,22,2,3,79,4_S7,2.3823904e-10,3.199666e-08,2.5122993e-08,1.6394903e-06,0.9999378,6.0598522e-05,4_S7
c3_p022_20231106_o07,p022_20231106,22,2,3,80,5_S8,1.3981003e-08,2.574047e-06,2.4379743e-08,5.2236445e-08,0.9994748,0.0005226206,4_S7
c3_p022_20231109_o10,p022_20231109,22,2,3,80,5_S8,2.7750406e-07,4.3810545e-05,7.972978e-06,5.729431e-05,0.998719,0.0011717513,4_S7
c3_p022_20231120_o03,p022_20231120,22,2,3,84,5_S8,1.142559e-08,6.435525e-07,1.7389974e-08,2.8303484e-08,0.98368984,0.01630952,4_S7
c3_p022_20231124_o02,p022_20231124,22,2,3,86,5_S8,8.941318e-06,2.5344427e-05,6.2341574e-06,1.43144125e-05,0.014448431,0.9854967,5_S8
c3_p022_20231127_o03,p022_20231127,22,2,3,88,5_S8,5.8244e-06,1.2889589e-05,1.8484363e-05,8.931538e-07,0.0011020479,0.9988599,5_S8
c3_p022_20231130_o04,p022_20231130,22,2,3,89,5_S8,5.5447394e-08,6.344517e-07,2.9389773e-07,1.579443e-08,0.00074141653,0.9992576,5_S8
c3_p024_20230828_o03,p024_20230828,24,2,3,15,0_S1,0.9567308,0.0066539505,0.034091424,0.0019293353,0.00048792502,0.00010665634,0_S1
c3_p024_20230904_o03,p024_20230904,24,2,3,17,0_S1,0.009350242,0.9873489,0.0028235232,0.00027977454,0.00013172203,6.5768785e-05,1_S2
c3_p024_20230908_o11,p024_20230908,24,2,3,23,1_S2,0.021509713,0.20162293,0.0057099056,0.76827973,0.0028374968,4.0244016e-05,3_S6
c3_p024_20230921_o04,p024_20230921,24,2,3,28,1_S2,1.406625e-07,6.607502e-07,9.543561e-06,0.84668314,0.15330529,1.2363193e-06,3_S6
c3_p024_20231006_o08,p024_20231006,24,2,3,29,1_S2,5.977869e-06,3.4209825e-05,0.15847482,0.31936613,0.5221159,2.943346e-06,4_S7
c3_p024_20231017_o08,p024_20231017,24,2,3,29,1_S2,2.4978083e-06,1.31274e-06,0.0022049432,0.45399264,0.54379636,2.2399242e-06,4_S7
c3_p024_20231023_o12,p024_20231023,24,2,3,29,1_S2,2.3650497e-08,2.7743698e-07,1.6082062e-05,0.0009913022,0.99893767,5.468774e-05,4_S7
c3_p024_20231027_o10,p024_20231027,24,2,3,29,1_S2,7.822423e-09,2.4349887e-07,7.40555e-07,1.1430006e-06,0.99935526,0.0006426937,4_S7
c3_p024_20231101_o07,p024_20231101,24,2,3,29,1_S2,8.2962174e-08,1.2254264e-06,0.00011258848,0.00014140276,0.9994861,0.00025855214,4_S7
c3_p024_20231106_o04,p024_20231106,24,2,3,29,1_S2,2.0914538e-07,3.2878422e-06,0.00022543821,3.6076428e-06,0.9786901,0.02107739,4_S7
c3_p024_20231109_o02,p024_20231109,24,2,3,29,1_S2,3.0679084e-07,2.207363e-06,1.4342514e-05,1.9322264e-05,0.9839054,0.01605849,4_S7
c3_p024_20231120_o03,p024_20231120,24,2,3,29,1_S2,3.1607676e-06,1.1230746e-05,1.7198461e-05,3.0812374e-05,0.11989722,0.88004035,5_S8
c3_p024_20231124_o02,p024_20231124,24,2,3,29,1_S2,1.6928028e-05,0.000119650984,0.0047381907,0.00021130663,0.9570993,0.037814707,4_S7
c3_p024_20231127_o07,p024_20231127,24,2,3,51,2_S5,1.537711e-05,0.00012941993,0.003610041,0.00051426335,0.7141416,0.28158924,4_S7
c3_p024_20231130_o09,p024_20231130,24,2,3,51,2_S5,2.7465412e-05,0.0002168191,0.0014513131,0.00028826293,0.61595666,0.38205943,4_S7
c3_p028_20230828_o02,p028_20230828,28,2,3,15,0_S1,0.9662163,0.026945243,0.0054495847,0.0012066945,0.000107810905,7.4346506e-05,0_S1
c3_p028_20230904_o08,p028_20230904,28,2,3,51,2_S5,0.38398302,0.26672778,0.074819915,0.27096823,0.003445259,5.577741e-05,0_S1
c3_p028_20230908_o06,p028_20230908,28,2,3,61,3_S6,0.0003214558,0.00037416414,0.009742218,0.98860955,0.0009258466,2.6797528e-05,3_S6
c3_p028_20230921_o11,p028_20230921,28,2,3,70,4_S7,4.2015982e-10,7.365376e-10,9.257796e-06,0.013415627,0.98657495,8.3514394e-08,4_S7
c3_p028_20231006_o03,p028_20231006,28,2,3,73,4_S7,8.327609e-06,2.7182055e-05,0.0062149065,0.96844524,0.025300497,3.8578683e-06,3_S6
c3_p028_20231017_o02,p028_20231017,28,2,3,74,4_S7,9.51441e-07,2.8521476e-06,0.00016955804,0.5130193,0.4868067,5.425166e-07,3_S6
c3_p028_20231023_o10,p028_20231023,28,2,3,75,4_S7,4.872246e-08,2.7793726e-06,1.4661161e-06,4.6030735e-05,0.9999409,8.942497e-06,4_S7
c3_p028_20231027_o04,p028_20231027,28,2,3,76,4_S7,0.0008609545,0.09058779,0.00041205646,0.0013644127,0.90282047,0.0039542257,4_S7
c3_p028_20231101_o04,p028_20231101,28,2,3,77,4_S7,1.5000444e-07,8.031334e-06,1.2656711e-05,0.0004233599,0.99948967,6.6232235e-05,4_S7
c3_p028_20231106_o12,p028_20231106,28,2,3,78,4_S7,4.007919e-10,9.376941e-10,5.3329265e-09,1.4046881e-06,0.9999964,2.1217115e-06,4_S7
c3_p028_20231109_o10,p028_20231109,28,2,3,79,4_S7,3.348583e-10,1.1208404e-08,2.7308622e-09,2.7688785e-08,0.99998903,1.0910483e-05,4_S7
c3_p028_20231120_o10,p028_20231120,28,2,3,81,5_S8,2.589746e-06,6.0462035e-06,1.8036476e-06,5.266789e-07,0.002102183,0.99788684,5_S8
c3_p028_20231124_o08,p028_20231124,28,2,3,84,5_S8,0.00012224478,6.902358e-05,0.00039097964,0.00012929316,0.040312313,0.9589761,5_S8
c3_p028_20231127_o07,p028_20231127,28,2,3,86,5_S8,3.2654573e-06,3.3899569e-06,2.7382894e-06,1.4207386e-06,0.008254764,0.9917344,5_S8
c3_p028_20231130_o06,p028_20231130,28,2,3,89,5_S8,6.3858715e-05,4.709832e-05,3.455165e-05,9.346698e-06,0.0056486786,0.9941964,5_S8
c3_p033_20230828_o06,p033_20230828,33,2,3,16,0_S1,0.53635,0.242325,0.21756011,0.003547186,0.00018066991,3.7045913e-05,0_S1
c3_p033_20230904_o10,p033_20230904,33,2,3,52,2_S5,0.018058807,0.01664803,0.06349977,0.89899737,0.0027891872,6.8555387e-06,3_S6
c3_p033_20230908_o11,p033_20230908,33,2,3,61,3_S6,3.0460885e-08,1.1436301e-07,1.4659588e-06,0.9984938,0.0015046089,1.874548e-08,3_S6
c3_p033_20230921_o04,p033_20230921,33,2,3,70,4_S7,1.9939944e-07,1.5694424e-06,0.0010183501,0.993604,0.0053757406,1.594286e-07,3_S6
c3_p033_20231006_o08,p033_20231006,33,2,3,72,4_S7,2.8735003e-05,0.0010687009,0.0009434266,0.018632725,0.97922933,9.712104e-05,4_S7
c3_p033_20231017_o11,p033_20231017,33,2,3,73,4_S7,3.2920074e-05,4.1224997e-05,0.0033079856,0.30410314,0.692464,5.070911e-05,4_S7
c3_p033_20231023_o03,p033_20231023,33,2,3,74,4_S7,9.4354365e-11,2.6805451e-09,4.273086e-09,9.879091e-07,0.99997115,2.7815238e-05,4_S7
c3_p033_20231027_o06,p033_20231027,33,2,3,75,4_S7,2.669042e-07,9.632113e-06,8.335214e-06,0.00084376836,0.99880993,0.00032813678,4_S7
c3_p033_20231101_o02,p033_20231101,33,2,3,76,4_S7,4.082521e-05,0.0026224668,0.00020546016,0.0030034059,0.9939879,0.00013991445,4_S7
c3_p033_20231106_o01,p033_20231106,33,2,3,77,4_S7,8.820311e-10,9.866089e-08,1.533777e-08,0.00014806101,0.9998505,1.2987982e-06,4_S7
c3_p033_20231109_o06,p033_20231109,33,2,3,78,4_S7,1.3124211e-08,3.8447075e-07,8.18662e-08,0.00044045062,0.99896336,0.0005957143,4_S7
c3_p033_20231120_o10,p033_20231120,33,2,3,83,5_S8,9.5991275e-08,7.996615e-07,2.427323e-07,1.1733716e-07,0.010385703,0.989613,5_S8
c3_p033_20231124_o09,p033_20231124,33,2,3,85,5_S8,2.114793e-07,5.0039654e-07,3.010707e-07,7.7315896e-08,0.00012862976,0.9998703,5_S8
c3_p033_20231127_o07,p033_20231127,33,2,3,87,5_S8,2.9399687e-06,6.693555e-06,6.712144e-06,7.368341e-06,0.0064682676,0.993508,5_S8
c3_p033_20231130_o02,p033_20231130,33,2,3,89,5_S8,1.5441663e-05,3.815635e-05,1.6385056e-05,3.6230542e-06,0.0003218296,0.99960464,5_S8
c3_p040_20230828_o08,p040_20230828,40,2,3,14,0_S1,0.698106,0.18691641,0.09898044,0.00895651,0.005771815,0.0012687945,0_S1
c3_p040_20230904_o01,p040_20230904,40,2,3,54,2_S5,3.0226258e-05,9.973129e-05,0.22061963,0.7787991,0.00045102907,2.2314815e-07,3_S6
c3_p040_20230908_o05,p040_20230908,40,2,3,62,3_S6,0.0016579374,0.014493101,0.08463283,0.89720815,0.0019806868,2.731814e-05,3_S6
c3_p040_20230921_o04,p040_20230921,40,2,3,65,3_S6,4.6155918e-05,1.3397365e-05,0.03698065,0.96011144,0.0028469863,1.3899092e-06,3_S6
c3_p040_20231006_o03,p040_20231006,40,2,3,71,4_S7,3.5029785e-07,1.1134147e-05,0.0002739845,0.19267875,0.8070221,1.3673205e-05,4_S7
c3_p040_20231017_o12,p040_20231017,40,2,3,72,4_S7,1.1107859e-16,1.6426608e-14,9.863501e-15,2.5981282e-09,1.0,4.320495e-10,4_S7
c3_p040_20231023_o04,p040_20231023,40,2,3,73,4_S7,3.4951478e-07,1.46685e-05,1.2500758e-05,0.0008011961,0.9990984,7.285951e-05,4_S7
c3_p040_20231027_o07,p040_20231027,40,2,3,74,4_S7,1.6039648e-08,4.7111573e-07,4.5941764e-08,9.801979e-07,0.99967194,0.00032659032,4_S7
c3_p040_20231101_o10,p040_20231101,40,2,3,75,4_S7,1.13353445e-10,2.5456086e-09,6.349875e-11,3.103398e-05,0.99996805,9.225543e-07,4_S7
c3_p040_20231106_o09,p040_20231106,40,2,3,76,4_S7,1.4568237e-10,2.7382225e-09,1.3139595e-08,3.2620774e-06,0.9999932,3.554393e-06,4_S7
c3_p040_20231109_o12,p040_20231109,40,2,3,77,4_S7,1.4706346e-09,1.006138e-07,7.282047e-09,1.3774178e-06,0.9999621,3.6475667e-05,4_S7
c3_p040_20231120_o10,p040_20231120,40,2,3,81,5_S8,1.4283915e-08,1.5532906e-07,5.0751016e-08,2.0421776e-08,0.00092340214,0.99907637,5_S8
c3_p040_20231124_o11,p040_20231124,40,2,3,82,5_S8,5.9984086e-07,3.718054e-06,2.1621647e-06,1.7036906e-07,0.0015090186,0.99848443,5_S8
c3_p040_20231127_o01,p040_20231127,40,2,3,84,5_S8,2.177225e-06,5.4149305e-06,1.48080935e-05,6.1009075e-07,0.0008417109,0.9991353,5_S8
c3_p040_20231130_o10,p040_20231130,40,2,3,87,5_S8,6.265624e-07,3.7247546e-06,1.938725e-06,1.413045e-07,0.0012434465,0.9987502,5_S8
c3_p052_20230929_o06,p052_20230929,52,2,3,13,0_S1,0.9998872,2.6519738e-06,2.2088361e-06,4.2917236e-06,2.6287838e-05,7.726455e-05,0_S1
c3_p052_20231004_o08,p052_20231004,52,2,3,13,0_S1,0.9999509,7.560585e-06,1.1322075e-05,7.147163e-07,3.5800801e-06,2.5918636e-05,0_S1
c3_p052_20231011_o09,p052_20231011,52,2,3,14,0_S1,0.99701464,0.0016671036,4.5215125e-05,0.00075272424,0.00039811153,0.00012221737,0_S1
c3_p052_20231017_o12,p052_20231017,52,2,3,52,2_S5,0.17002836,0.077209614,0.27823114,0.47151476,0.0029030251,0.00011305269,3_S6
c3_p052_20231019_o07,p052_20231019,52,2,3,53,2_S5,0.6732989,0.1285494,0.066633016,0.13110782,0.00035993836,5.101182e-05,0_S1
c3_p052_20231023_o08,p052_20231023,52,2,3,61,3_S6,0.020586047,0.25422716,0.056205347,0.666396,0.0025738252,1.1564974e-05,3_S6
c3_p052_20231027_o05,p052_20231027,52,2,3,68,3_S6,0.014905295,0.01510123,0.1957833,0.7705822,0.0035832992,4.4687404e-05,3_S6
c3_p052_20231101_o08,p052_20231101,52,2,3,67,3_S6,0.00038419603,0.0014375915,0.13621865,0.8560057,0.0059404825,1.3367201e-05,3_S6
c3_p052_20231106_o11,p052_20231106,52,2,3,68,3_S6,2.5822455e-06,8.489925e-06,0.00022278953,0.9982474,0.0015187341,2.5287164e-08,3_S6
c3_p052_20231109_o12,p052_20231109,52,2,3,70,4_S7,0.00058099907,0.006693597,0.019131757,0.80895925,0.16456954,6.48928e-05,3_S6
c3_p052_20231120_o10,p052_20231120,52,2,3,72,4_S7,1.8823655e-10,1.0130699e-08,1.0174391e-07,0.0002410459,0.99975616,2.7177068e-06,4_S7
c3_p052_20231127_o06,p052_20231127,52,2,3,73,4_S7,5.72664e-09,1.0812504e-08,9.990501e-08,1.3805171e-06,0.99905545,0.0009430147,4_S7
c3_p052_20231130_o11,p052_20231130,52,2,3,75,4_S7,7.964347e-06,4.9166712e-05,2.1991e-05,0.0002725841,0.99926406,0.00038419373,4_S7
c3_p052_20231204_o07,p052_20231204,52,2,3,76,4_S7,2.9736566e-10,2.2151354e-09,2.0131191e-08,2.9693409e-08,0.99969816,0.0003017917,4_S7
c3_p052_20231211_o03,p052_20231211,52,2,3,77,4_S7,1.43087145e-05,8.617952e-05,0.00010667203,8.740401e-05,0.9647232,0.03498217,4_S7
c3_p052_20231214_o10,p052_20231214,52,2,3,78,4_S7,1.8225503e-11,9.416755e-11,7.685819e-11,3.650498e-07,0.99991953,8.008996e-05,4_S7
c3_p052_20231218_o12,p052_20231218,52,2,3,79,4_S7,2.9944874e-07,7.45496e-07,2.3790517e-07,5.138833e-06,0.98889333,0.01110022,4_S7
c3_p052_20231227_o07,p052_20231227,52,2,3,79,4_S7,2.5063819e-05,0.00029428778,0.00010783541,0.00014925716,0.30663985,0.6927838,5_S8
c3_p052_20240104_o09,p052_20240104,52,2,3,84,5_S8,8.803456e-07,3.1519808e-06,2.285175e-06,5.4647078e-08,0.001621231,0.9983725,5_S8
c3_p058_20230929_o02,p058_20230929,58,2,3,13,0_S1,0.9997875,3.3934352e-06,7.4641264e-07,1.5880597e-06,3.091348e-05,0.00017590109,0_S1
c3_p058_20231004_o04,p058_20231004,58,2,3,13,0_S1,0.9963977,0.0017306458,0.00045267347,1.2874497e-06,3.219011e-05,0.0013855059,0_S1
c3_p058_20231011_o04,p058_20231011,58,2,3,14,0_S1,0.99899346,0.000303167,0.00059734593,8.149196e-06,3.4398447e-05,6.347748e-05,0_S1
c3_p058_20231017_o11,p058_20231017,58,2,3,52,2_S5,0.15196458,0.0050009415,0.83657736,0.0047714263,0.0016486056,3.7009177e-05,2_S5
c3_p058_20231019_o06,p058_20231019,58,2,3,53,2_S5,0.8424029,0.024836104,0.09951563,0.028766705,0.0020121664,0.0024665524,0_S1
c3_p058_20231023_o05,p058_20231023,58,2,3,54,2_S5,0.029717261,0.1124897,0.2063936,0.6507011,0.00066204893,3.62397e-05,3_S6
c3_p058_20231027_o04,p058_20231027,58,2,3,55,2_S5,4.4873204e-06,7.555297e-06,0.0039691944,0.99586856,0.00015019679,1.9898883e-08,3_S6
c3_p058_20231101_o11,p058_20231101,58,2,3,59,2_S5,0.000114410126,0.00015843078,0.013841712,0.98260707,0.0032776846,6.184637e-07,3_S6
c3_p058_20231106_o06,p058_20231106,58,2,3,63,3_S6,0.00010096618,0.0001341742,0.0003107084,0.9967006,0.0027524151,1.1828313e-06,3_S6
c3_p058_20231109_o03,p058_20231109,58,2,3,64,3_S6,9.286187e-05,0.00018219865,0.0019081448,0.878508,0.1192823,2.6477597e-05,3_S6
c3_p058_20231120_o02,p058_20231120,58,2,3,67,3_S6,4.685723e-08,2.7278196e-08,2.2218754e-07,0.082986124,0.91701037,3.3074682e-06,4_S7
c3_p058_20231127_o04,p058_20231127,58,2,3,71,4_S7,7.581113e-09,2.355173e-08,5.01194e-06,2.7338041e-05,0.999923,4.465637e-05,4_S7
c3_p058_20231130_o06,p058_20231130,58,2,3,73,4_S7,4.7498397e-06,5.345945e-07,3.5951544e-07,0.0033268316,0.99652123,0.0001463113,4_S7
c3_p058_20231204_o05,p058_20231204,58,2,3,74,4_S7,4.9599505e-05,2.4890727e-05,0.00037599486,0.09943763,0.89996934,0.00014258218,4_S7
c3_p058_20231211_o10,p058_20231211,58,2,3,75,4_S7,2.08909e-08,1.3528829e-07,6.479235e-08,6.403106e-05,0.9997559,0.00017979344,4_S7
c3_p058_20231214_o07,p058_20231214,58,2,3,76,4_S7,1.3457043e-09,1.0718582e-09,2.972246e-09,0.00023154293,0.99976486,3.65675e-06,4_S7
c3_p058_20231218_o02,p058_20231218,58,2,3,78,4_S7,0.0001691236,0.0015296197,0.00029460312,0.0068826484,0.8000324,0.19109169,4_S7
c3_p058_20231227_o11,p058_20231227,58,2,3,79,4_S7,7.71972e-06,1.7574568e-05,1.5531645e-05,0.015418386,0.97525716,0.009283688,4_S7
c3_p058_20240104_o09,p058_20240104,58,2,3,81,5_S8,9.7228636e-08,4.710747e-07,5.6416087e-07,0.00021346206,0.9987054,0.0010799378,4_S7
c3_p060_20230929_o11,p060_20230929,60,2,3,13,0_S1,0.99980634,3.1681698e-06,1.4686896e-06,1.4704498e-06,4.1455103e-05,0.00014613853,0_S1
c3_p060_20231004_o12,p060_20231004,60,2,3,13,0_S1,0.99739945,0.00057083357,0.0018275736,7.953667e-05,4.644561e-05,7.6123266e-05,0_S1
c3_p060_20231011_o10,p060_20231011,60,2,3,53,2_S5,0.8452496,0.005059363,0.036743715,0.11057274,0.0022807019,9.3844224e-05,0_S1
c3_p060_20231017_o06,p060_20231017,60,2,3,60,3_S6,0.026584612,0.26568353,0.28099957,0.4222186,0.0044748625,3.8795497e-05,3_S6
c3_p060_20231019_o10,p060_20231019,60,2,3,67,3_S6,0.012952296,0.0016818536,0.030587627,0.95309806,0.0016387787,4.1373947e-05,3_S6
c3_p060_20231023_o02,p060_20231023,60,2,3,67,3_S6,0.0014939271,0.0008468671,0.03428472,0.96335495,1.9441597e-05,3.926787e-08,3_S6
c3_p060_20231027_o01,p060_20231027,60,2,3,67,3_S6,1.1066961e-05,1.3534653e-05,0.00020287087,0.99914134,0.00063115614,5.003697e-08,3_S6
c3_p060_20231101_o12,p060_20231101,60,2,3,70,4_S7,4.7534853e-05,0.000108267624,0.006786163,0.9876946,0.00536319,2.1818796e-07,3_S6
c3_p060_20231106_o05,p060_20231106,60,2,3,70,4_S7,1.8530347e-05,6.770361e-05,0.0012605463,0.9815455,0.017105645,2.0609648e-06,3_S6
c3_p060_20231109_o03,p060_20231109,60,2,3,70,4_S7,1.3545609e-05,2.8748373e-05,5.313096e-05,0.701854,0.29803672,1.3807992e-05,3_S6
c3_p060_20231120_o12,p060_20231120,60,2,3,71,4_S7,2.082853e-05,3.530683e-05,4.2095708e-06,0.00022950646,0.99813557,0.0015746492,4_S7
c3_p060_20231127_o10,p060_20231127,60,2,3,72,4_S7,1.9032473e-07,5.297988e-07,8.2523394e-07,0.00036021764,0.999485,0.0001531748,4_S7
c3_p060_20231130_o11,p060_20231130,60,2,3,73,4_S7,1.2741917e-06,4.3277237e-06,2.0003672e-07,2.0800391e-05,0.99698883,0.0029845298,4_S7
c3_p060_20231204_o03,p060_20231204,60,2,3,74,4_S7,1.4617751e-07,1.5678474e-07,1.8782886e-07,0.0007324475,0.9992575,9.483918e-06,4_S7
c3_p060_20231211_o10,p060_20231211,60,2,3,75,4_S7,5.6712435e-09,5.2539367e-08,1.363957e-07,9.0636966e-08,0.99892896,0.0010707937,4_S7
c3_p060_20231214_o05,p060_20231214,60,2,3,77,4_S7,2.6310738e-09,6.896481e-09,3.900682e-08,2.3881545e-05,0.99921346,0.0007626572,4_S7
c3_p060_20231218_o11,p060_20231218,60,2,3,78,4_S7,1.4502475e-09,5.9414212e-08,8.727087e-08,6.206082e-07,0.99332047,0.006678779,4_S7
c3_p060_20231227_o04,p060_20231227,60,2,3,79,4_S7,7.335271e-10,2.1764336e-08,2.5452744e-09,4.166365e-07,0.99828184,0.001717774,4_S7
c3_p060_20240104_o06,p060_20240104,60,2,3,84,5_S8,2.8867686e-07,3.9744324e-07,2.475451e-07,4.0176765e-08,0.0003415949,0.9996575,5_S8
c3_p063_20231006_o02,p063_20231006,63,2,3,13,0_S1,0.9998627,7.030166e-06,7.835619e-05,2.6414186e-06,2.0606429e-05,2.8693736e-05,0_S1
c3_p063_20231011_o08,p063_20231011,63,2,3,13,0_S1,0.99992454,4.8546667e-06,9.620751e-06,1.2742732e-06,1.9314482e-05,4.037437e-05,0_S1
c3_p063_20231017_o02,p063_20231017,63,2,3,13,0_S1,0.9999472,1.377993e-05,4.4078433e-06,5.4147404e-07,1.13990845e-05,2.2580847e-05,0_S1
c3_p063_20231019_o11,p063_20231019,63,2,3,14,0_S1,0.99669844,0.0025354824,6.169077e-05,0.0001122234,0.00013866532,0.00045356218,0_S1
c3_p063_20231023_o07,p063_20231023,63,2,3,14,0_S1,0.99764353,0.00011705041,0.0021164247,3.7322076e-05,2.355174e-05,6.2045896e-05,0_S1
c3_p063_20231027_o11,p063_20231027,63,2,3,14,0_S1,0.019565986,0.9794119,0.00077883195,0.0001997737,1.5500122e-05,2.7981758e-05,1_S2
c3_p063_20231101_o11,p063_20231101,63,2,3,53,2_S5,0.01208387,0.9732998,0.013680685,0.0007888808,0.00010501581,4.180337e-05,1_S2
c3_p063_20231106_o09,p063_20231106,63,2,3,60,3_S6,0.00013186279,0.000511243,0.027047269,0.9719793,0.0003301612,2.5480722e-07,3_S6
c3_p063_20231109_o01,p063_20231109,63,2,3,64,3_S6,4.37701e-06,0.00040502587,0.01920826,0.9803376,4.4632012e-05,3.432015e-08,3_S6
c3_p063_20231120_o10,p063_20231120,63,2,3,70,4_S7,8.938101e-06,1.2231554e-05,8.75371e-06,0.02518535,0.97462547,0.0001592961,4_S7
c3_p063_20231127_o03,p063_20231127,63,2,3,71,4_S7,1.4178168e-09,5.6468064e-08,1.19103646e-07,0.004143834,0.99585426,1.7792798e-06,4_S7
c3_p063_20231130_o03,p063_20231130,63,2,3,72,4_S7,9.549385e-08,1.0926691e-06,4.378917e-06,0.006762046,0.99305636,0.00017597617,4_S7
c3_p063_20231204_o02,p063_20231204,63,2,3,75,4_S7,1.8401357e-05,4.8012633e-05,0.001558699,0.057987146,0.9400759,0.00031184056,4_S7
c3_p063_20231211_o06,p063_20231211,63,2,3,78,4_S7,4.5629784e-09,6.5644885e-09,7.90392e-09,9.512624e-05,0.9999043,5.4662246e-07,4_S7
c3_p063_20231214_o04,p063_20231214,63,2,3,79,4_S7,6.7502847e-06,5.3803537e-06,4.434804e-06,0.28040835,0.7195286,4.641799e-05,4_S7
c3_p063_20231218_o01,p063_20231218,63,2,3,79,4_S7,2.965802e-07,1.27427575e-05,2.1491987e-06,0.00013471101,0.9990415,0.0008086554,4_S7
c3_p063_20231227_o09,p063_20231227,63,2,3,79,4_S7,1.6255902e-07,4.5823067e-06,7.8825843e-07,2.8026286e-06,0.9959174,0.0040742885,4_S7
c3_p063_20240115_o10,p063_20240115,63,2,3,83,5_S8,4.991489e-06,0.0001231967,2.5764173e-05,7.4438394e-06,0.66652286,0.33331576,4_S7
c3_p063_20240119_o04,p063_20240119,63,2,3,84,5_S8,2.058705e-05,3.736874e-05,1.149913e-05,4.8945526e-07,0.007222438,0.99270767,5_S8
c3_p063_20240126_o04,p063_20240126,63,2,3,85,5_S8,3.4859233e-05,6.739448e-06,2.5546453e-05,1.6257427e-06,0.0004620766,0.9994691,5_S8
c3_p064_20231006_o06,p064_20231006,64,2,3,13,0_S1,0.9999485,2.5122138e-06,1.1417813e-05,5.4944445e-07,1.5563035e-05,2.1410015e-05,0_S1
c3_p064_20231011_o05,p064_20231011,64,2,3,13,0_S1,0.999721,3.1185496e-05,6.2815343e-06,6.4626993e-06,0.00014285966,9.219237e-05,0_S1
c3_p064_20231017_o07,p064_20231017,64,2,3,13,0_S1,0.99989784,4.912396e-05,2.5892952e-05,7.806927e-06,6.6994785e-06,1.2660249e-05,0_S1
c3_p064_20231019_o12,p064_20231019,64,2,3,13,0_S1,0.9815201,0.016862366,0.0010164992,0.00027483943,0.000109667024,0.00021651931,0_S1
c3_p064_20231023_o03,p064_20231023,64,2,3,13,0_S1,0.99417555,0.00027431536,0.0009961652,5.509395e-06,0.0006678226,0.00388069,0_S1
c3_p064_20231027_o03,p064_20231027,64,2,3,14,0_S1,0.6164903,0.007459199,0.37490794,0.00091871375,6.987376e-05,0.00015388706,0_S1
c3_p064_20231101_o07,p064_20231101,64,2,3,52,2_S5,0.17970306,0.65649205,0.12607232,0.03744514,0.00023206926,5.5416876e-05,1_S2
c3_p064_20231106_o03,p064_20231106,64,2,3,61,3_S6,0.00036352576,4.594662e-05,0.00031748944,0.9992594,1.3596906e-05,8.88743e-08,3_S6
c3_p064_20231109_o05,p064_20231109,64,2,3,65,3_S6,1.7460463e-06,1.2672035e-06,0.00070864696,0.9991842,0.00010407999,2.323252e-08,3_S6
c3_p064_20231120_o05,p064_20231120,64,2,3,69,3_S6,9.1888666e-08,1.0154889e-06,2.7169958e-06,0.002497893,0.9974113,8.697999e-05,4_S7
c3_p064_20231127_o01,p064_20231127,64,2,3,69,3_S6,5.2500223e-08,2.7574237e-07,1.4984569e-06,0.02303199,0.9769607,5.45171e-06,4_S7
c3_p064_20231130_o05,p064_20231130,64,2,3,71,4_S7,2.921427e-09,1.5563228e-07,4.5515264e-08,4.1339e-05,0.9999256,3.288768e-05,4_S7
c3_p064_20231204_o02,p064_20231204,64,2,3,73,4_S7,1.32668e-08,3.2055745e-08,8.880569e-08,0.001593606,0.9984042,1.9947079e-06,4_S7
c3_p064_20231211_o05,p064_20231211,64,2,3,75,4_S7,4.235813e-08,4.947921e-07,8.082171e-07,0.00029325907,0.99964595,5.947537e-05,4_S7
c3_p064_20231214_o05,p064_20231214,64,2,3,77,4_S7,5.7975332e-05,0.0001261321,0.00050562667,0.06916588,0.92575526,0.004389192,4_S7
c3_p064_20231218_o04,p064_20231218,64,2,3,78,4_S7,1.1644825e-08,8.932374e-07,2.7087e-07,6.158436e-05,0.999876,6.1226434e-05,4_S7
c3_p064_20231227_o06,p064_20231227,64,2,3,79,4_S7,6.182711e-09,3.4133834e-08,9.112079e-09,1.7021318e-06,0.9998772,0.000121071585,4_S7
c3_p064_20240115_o06,p064_20240115,64,2,3,79,4_S7,1.17280216e-07,4.7159068e-07,2.6864956e-08,2.9519317e-06,0.9949227,0.0050737686,4_S7
c3_p064_20240119_o04,p064_20240119,64,2,3,81,5_S8,2.521587e-07,4.4582794e-06,8.7858575e-07,7.850453e-08,0.28873184,0.71126246,5_S8
c3_p064_20240126_o08,p064_20240126,64,2,3,82,5_S8,4.696525e-05,8.10833e-05,1.6495002e-05,5.247993e-07,0.0006548338,0.99920017,5_S8
c3_p065_20231006_o07,p065_20231006,65,2,3,13,0_S1,0.99993956,3.9205106e-06,1.5157172e-05,1.3744304e-06,1.6132157e-05,2.3926561e-05,0_S1
c3_p065_20231011_o03,p065_20231011,65,2,3,13,0_S1,0.9996711,5.786976e-05,9.6965705e-06,1.7815937e-05,0.0001739818,6.9600785e-05,0_S1
c3_p065_20231017_o12,p065_20231017,65,2,3,13,0_S1,0.9998202,0.00010478614,3.134537e-05,7.940391e-06,1.5084489e-05,2.0617857e-05,0_S1
c3_p065_20231019_o08,p065_20231019,65,2,3,13,0_S1,0.99950504,0.00023949453,0.00015444757,5.251177e-05,1.4417303e-05,3.41e-05,0_S1
c3_p065_20231023_o07,p065_20231023,65,2,3,13,0_S1,0.95161843,0.0042317733,0.04345752,0.0002633508,0.00013023092,0.00029865047,0_S1
c3_p065_20231027_o10,p065_20231027,65,2,3,51,2_S5,0.0066680056,0.9853951,0.00758051,0.00021844979,6.123722e-05,7.6711025e-05,1_S2
c3_p065_20231101_o02,p065_20231101,65,2,3,52,2_S5,0.00499506,0.0016584797,0.044055067,0.94898534,0.00030442802,1.6174203e-06,3_S6
c3_p065_20231106_o10,p065_20231106,65,2,3,60,3_S6,0.00026200077,0.006639119,0.047446817,0.9447702,0.0008764598,5.4397165e-06,3_S6
c3_p065_20231109_o10,p065_20231109,65,2,3,68,3_S6,0.0026514132,0.00035685473,0.00045626357,0.83381516,0.1625346,0.00018572071,3_S6
c3_p065_20231120_o12,p065_20231120,65,2,3,70,4_S7,8.885159e-06,0.0001805827,4.1219842e-05,0.001513252,0.9973525,0.00090352347,4_S7
c3_p065_20231127_o07,p065_20231127,65,2,3,73,4_S7,4.1119364e-07,7.713521e-07,3.9186166e-06,0.32096472,0.67902696,3.245331e-06,4_S7
c3_p065_20231130_o04,p065_20231130,65,2,3,74,4_S7,6.836783e-09,2.8086882e-07,4.4943874e-07,0.0013240433,0.99865484,2.0343443e-05,4_S7
c3_p065_20231204_o03,p065_20231204,65,2,3,75,4_S7,1.1077158e-06,1.2682655e-06,5.6429617e-06,0.0066948943,0.99325424,4.290109e-05,4_S7
c3_p065_20231211_o04,p065_20231211,65,2,3,76,4_S7,7.360268e-09,8.776351e-09,5.8973124e-09,2.0619354e-05,0.99997663,2.6773598e-06,4_S7
c3_p065_20231214_o09,p065_20231214,65,2,3,78,4_S7,1.7778964e-06,4.7019705e-07,8.7940003e-07,0.014585014,0.9853908,2.1113858e-05,4_S7
c3_p065_20231218_o10,p065_20231218,65,2,3,79,4_S7,2.449846e-07,1.995892e-07,4.8500915e-08,2.5676272e-05,0.99936813,0.00060573994,4_S7
c3_p065_20231227_o06,p065_20231227,65,2,3,79,4_S7,1.8696736e-06,0.00010230205,3.6038457e-06,9.4181405e-06,0.9625304,0.037352547,4_S7
c3_p065_20240115_o10,p065_20240115,65,2,3,79,4_S7,8.877191e-08,2.531356e-06,1.6279236e-07,4.1192024e-07,0.47082278,0.529174,5_S8
c3_p065_20240119_o12,p065_20240119,65,2,3,80,5_S8,1.2390343e-07,4.2031215e-06,9.82148e-08,1.2751211e-08,0.50928473,0.49071082,4_S7
c3_p065_20240126_o08,p065_20240126,65,2,3,88,5_S8,1.359781e-06,6.2359413e-07,1.0812208e-06,7.850454e-09,3.0970292e-05,0.999966,5_S8
c3_p068_20231006_o01,p068_20231006,68,2,3,13,0_S1,0.99992275,4.925186e-06,7.891198e-06,7.959611e-07,2.2004091e-05,4.1607476e-05,0_S1
c3_p068_20231011_o11,p068_20231011,68,2,3,13,0_S1,0.99993706,8.892499e-06,3.1417858e-06,2.1033716e-06,2.1974312e-05,2.695694e-05,0_S1
c3_p068_20231017_o11,p068_20231017,68,2,3,13,0_S1,0.99983716,8.4623614e-05,1.4667843e-05,6.5435015e-06,1.8371367e-05,3.864926e-05,0_S1
c3_p068_20231019_o07,p068_20231019,68,2,3,14,0_S1,0.9997869,0.00015306303,2.6812759e-05,6.0123803e-06,7.52195e-06,1.9742321e-05,0_S1
c3_p068_20231023_o06,p068_20231023,68,2,3,14,0_S1,0.8236965,0.17106698,0.0042887563,0.00014236757,0.00022660413,0.00057879963,0_S1
c3_p068_20231027_o01,p068_20231027,68,2,3,52,2_S5,0.0194268,0.39387804,0.57541174,0.010313943,0.0007681249,0.00020129574,2_S5
c3_p068_20231101_o04,p068_20231101,68,2,3,52,2_S5,0.028686905,0.23031236,0.7300174,0.008795253,0.0018667913,0.00032120044,2_S5
c3_p068_20231106_o10,p068_20231106,68,2,3,64,3_S6,0.0012768029,0.0003922538,0.0010243815,0.9961259,0.0011798894,8.411337e-07,3_S6
c3_p068_20231109_o05,p068_20231109,68,2,3,65,3_S6,0.00090950367,0.0080619035,0.0054963795,0.20306824,0.78174275,0.0007211717,4_S7
c3_p068_20231120_o02,p068_20231120,68,2,3,67,3_S6,1.0036252e-05,0.000266916,0.0003553367,0.41704735,0.58218837,0.00013194827,4_S7
c3_p068_20231127_o08,p068_20231127,68,2,3,68,3_S6,7.396171e-08,1.6129644e-07,1.0986237e-06,0.03782817,0.96216893,1.4935184e-06,4_S7
c3_p068_20231130_o09,p068_20231130,68,2,3,69,3_S6,1.0876996e-07,1.2404122e-06,9.3459755e-07,0.011072572,0.98891556,9.541672e-06,4_S7
c3_p068_20231204_o06,p068_20231204,68,2,3,70,4_S7,1.2889615e-06,5.0718006e-07,6.864909e-07,0.04637506,0.95361936,3.1776367e-06,4_S7
c3_p068_20231211_o09,p068_20231211,68,2,3,71,4_S7,1.4107726e-08,2.7103047e-08,1.1390689e-08,0.00062428485,0.99937516,5.941532e-07,4_S7
c3_p068_20231214_o02,p068_20231214,68,2,3,73,4_S7,6.809977e-06,9.384388e-06,6.9518987e-06,0.040404294,0.95726883,0.0023036615,4_S7
c3_p068_20231218_o03,p068_20231218,68,2,3,75,4_S7,5.9390304e-06,5.2337517e-05,3.3312514e-05,0.014904732,0.98425376,0.0007498469,4_S7
c3_p068_20231227_o02,p068_20231227,68,2,3,78,4_S7,4.5949537e-06,0.00021743288,1.8846533e-05,0.00020979269,0.849836,0.14971337,4_S7
c3_p068_20240115_o09,p068_20240115,68,2,3,79,4_S7,5.5418063e-06,0.000107091786,2.3295592e-05,3.855422e-05,0.76833063,0.23149481,4_S7
c3_p068_20240119_o02,p068_20240119,68,2,3,80,5_S8,4.836015e-07,4.685078e-05,1.3240123e-07,5.580001e-07,0.9767429,0.023209138,4_S7
c3_p068_20240126_o07,p068_20240126,68,2,3,81,5_S8,4.127584e-06,1.8788663e-06,1.067241e-06,1.4474728e-07,0.0004912826,0.99950147,5_S8
c3_p082_20231128_o11,p082_20231128,82,2,3,67,3_S6,1.725448e-05,2.741952e-05,0.0001942781,0.9992601,0.0004997451,1.1435515e-06,3_S6
c3_p082_20231130_o12,p082_20231130,82,2,3,68,3_S6,1.3088016e-06,2.3993177e-06,1.17961e-05,0.999948,3.634075e-05,5.0782603e-08,3_S6
c3_p082_20231204_o10,p082_20231204,82,2,3,69,3_S6,0.0008977057,0.00028779355,0.00016586861,0.9706972,0.027867118,8.431456e-05,3_S6
c3_p082_20231207_o01,p082_20231207,82,2,3,70,4_S7,2.5593963e-05,8.903564e-05,4.7168916e-05,0.007881486,0.98614776,0.0058088717,4_S7
c3_p082_20231211_o01,p082_20231211,82,2,3,72,4_S7,5.618939e-05,5.7296038e-05,4.463354e-06,0.04122225,0.95850843,0.0001513293,4_S7
c3_p082_20231218_o08,p082_20231218,82,2,3,73,4_S7,3.7970278e-07,4.30067e-06,3.382865e-07,0.00017997774,0.9987375,0.0010775573,4_S7
c3_p082_20231227_o08,p082_20231227,82,2,3,74,4_S7,8.339726e-10,1.7237555e-07,5.001133e-10,5.1333627e-06,0.999936,5.8713504e-05,4_S7
c3_p082_20240115_o01,p082_20240115,82,2,3,76,4_S7,3.611742e-09,2.9235648e-07,1.1516162e-08,2.5470422e-07,0.99781835,0.0021810615,4_S7
c3_p082_20240119_o10,p082_20240119,82,2,3,78,4_S7,2.501246e-07,1.9926658e-05,1.8953932e-07,1.6594063e-06,0.9988513,0.0011266215,4_S7
c3_p082_20240126_o02,p082_20240126,82,2,3,84,5_S8,1.2884644e-06,1.3922424e-05,4.6965556e-07,8.2265814e-07,0.06485388,0.9351297,5_S8
c3_p088_20231128_o06,p088_20231128,88,2,3,67,3_S6,9.960348e-07,3.2593105e-06,1.1567458e-06,0.9998542,0.00014014993,2.2157751e-07,3_S6
c3_p088_20231130_o05,p088_20231130,88,2,3,68,3_S6,7.3659635e-06,6.9517955e-06,2.1690423e-05,0.9956398,0.0043220683,2.0805048e-06,3_S6
c3_p088_20231204_o12,p088_20231204,88,2,3,69,3_S6,9.203119e-05,8.522979e-05,1.3062849e-05,0.8921485,0.10762912,3.2108983e-05,3_S6
c3_p088_20231207_o09,p088_20231207,88,2,3,71,4_S7,7.4026593e-06,0.00012475131,2.771473e-05,0.02705648,0.9698342,0.0029494513,4_S7
c3_p088_20231211_o09,p088_20231211,88,2,3,73,4_S7,0.0004982821,0.0016812179,0.0016118856,0.5750245,0.4186195,0.0025645634,3_S6
c3_p088_20231218_o08,p088_20231218,88,2,3,75,4_S7,7.1955477e-09,3.3394534e-07,1.6293791e-08,6.112423e-05,0.99969697,0.00024163161,4_S7
c3_p088_20231227_o06,p088_20231227,88,2,3,77,4_S7,1.9822407e-07,0.00012300593,2.3542939e-06,0.00011393311,0.99883026,0.0009301707,4_S7
c3_p088_20240115_o06,p088_20240115,88,2,3,78,4_S7,1.0173954e-08,2.8878142e-06,7.5565076e-08,7.48028e-07,0.9954195,0.004576812,4_S7
c3_p088_20240119_o05,p088_20240119,88,2,3,79,4_S7,1.08303425e-07,1.4154274e-05,1.1879704e-07,7.69289e-06,0.9992669,0.0007110046,4_S7
c3_p088_20240126_o12,p088_20240126,88,2,3,80,5_S8,1.0725868e-07,6.0533634e-06,8.4924415e-07,6.7968074e-08,0.10165858,0.8983342,5_S8
c3_p095_20231128_o10,p095_20231128,95,2,3,66,3_S6,9.460521e-06,0.00013166068,7.1693685e-05,0.9995567,0.00022897104,1.3869835e-06,3_S6
c3_p095_20231130_o12,p095_20231130,95,2,3,68,3_S6,9.158704e-06,2.2392387e-05,9.112789e-06,0.9979188,0.0020384823,2.0546006e-06,3_S6
c3_p095_20231204_o04,p095_20231204,95,2,3,70,4_S7,1.1275388e-05,1.0983659e-05,8.235086e-06,0.99624276,0.0037251925,1.6363366e-06,3_S6
c3_p095_20231207_o01,p095_20231207,95,2,3,70,4_S7,0.0003232888,0.00029037296,3.649069e-05,0.43211392,0.56700474,0.00023116279,4_S7
c3_p095_20231211_o05,p095_20231211,95,2,3,71,4_S7,0.00015689274,0.0006691572,0.0012672857,0.7592918,0.23850271,0.00011215826,3_S6
c3_p095_20231218_o04,p095_20231218,95,2,3,73,4_S7,2.5908179e-08,1.6660761e-06,4.0726397e-07,8.852624e-05,0.9980268,0.0018825834,4_S7
c3_p095_20231227_o01,p095_20231227,95,2,3,75,4_S7,2.8999947e-09,1.2779511e-06,5.2728833e-08,7.865675e-06,0.99939644,0.000594423,4_S7
c3_p095_20240115_o10,p095_20240115,95,2,3,78,4_S7,1.1206188e-10,3.0285953e-08,2.0123825e-09,1.8012141e-08,0.9999335,6.645377e-05,4_S7
c3_p095_20240119_o08,p095_20240119,95,2,3,79,4_S7,2.2272053e-08,1.8691117e-06,1.2256291e-07,1.1788227e-06,0.9979583,0.0020384758,4_S7
c3_p095_20240126_o04,p095_20240126,95,2,3,80,5_S8,5.2166746e-09,1.3407652e-07,1.1452942e-08,4.607898e-09,0.0031385017,0.99686134,5_S8
c3_p098_20231128_o06,p098_20231128,98,2,3,66,3_S6,4.921934e-06,2.670618e-05,3.176315e-06,0.9997991,0.00016530148,8.45794e-07,3_S6
c3_p098_20231130_o01,p098_20231130,98,2,3,68,3_S6,4.7640225e-07,2.0343864e-06,1.5224408e-05,0.99990153,8.078435e-05,4.347791e-08,3_S6
c3_p098_20231204_o01,p098_20231204,98,2,3,69,3_S6,1.1442063e-06,7.8463205e-07,7.726026e-06,0.99975604,0.00023428898,3.8176964e-08,3_S6
c3_p098_20231207_o07,p098_20231207,98,2,3,70,4_S7,0.00044724697,0.0020598904,0.00013112673,0.0805689,0.91458666,0.0022061367,4_S7
c3_p098_20231211_o06,p098_20231211,98,2,3,71,4_S7,2.946057e-05,2.4203831e-05,3.7872484e-05,0.67903477,0.32086146,1.2223445e-05,3_S6
c3_p098_20231218_o03,p098_20231218,98,2,3,72,4_S7,2.2470688e-08,8.7875094e-08,7.189564e-08,5.5329656e-06,0.9996275,0.00036679057,4_S7
c3_p098_20231227_o06,p098_20231227,98,2,3,73,4_S7,9.580258e-12,5.7464504e-09,5.9413e-10,7.2357705e-07,0.9999831,1.6248416e-05,4_S7
c3_p098_20240115_o06,p098_20240115,98,2,3,77,4_S7,3.563663e-11,1.2080565e-08,5.098214e-10,1.3512552e-07,0.9999205,7.9306265e-05,4_S7
c3_p098_20240119_o11,p098_20240119,98,2,3,79,4_S7,7.650517e-10,8.0181096e-08,4.1000956e-08,8.16186e-07,0.99999595,3.1185546e-06,4_S7
c3_p098_20240126_o01,p098_20240126,98,2,3,81,5_S8,4.5734293e-08,4.2668094e-06,3.7610604e-08,7.8348995e-07,0.9857778,0.014217215,4_S7
c3_p011_20230816_o10,p011_20230816,11,3,3,27,1_S2,2.0447027e-07,2.5185593e-06,0.00010286644,0.9968941,0.0030003036,1.7896392e-08,3_S6
c3_p011_20230921_o03,p011_20230921,11,3,3,51,2_S5,0.0029219415,0.069722235,0.010426898,0.29941678,0.61471313,0.0027990297,4_S7
c3_p011_20231005_o04,p011_20231005,11,3,3,52,2_S5,0.013976435,0.009931294,0.0057118307,0.0035041214,0.31988603,0.6469903,5_S8
c3_p012_20230816_o02,p012_20230816,12,3,3,65,3_S6,8.116753e-05,0.0017899687,0.006441144,0.9628052,0.028877834,4.6908135e-06,3_S6
c3_p012_20230921_o07,p012_20230921,12,3,3,79,4_S7,9.4557545e-06,8.500534e-05,6.6290577e-06,3.0279454e-05,0.9982645,0.0016041733,4_S7
c3_p012_20231005_o12,p012_20231005,12,3,3,82,5_S8,0.0004064316,0.00055282755,0.00021723616,3.627754e-05,0.20119679,0.79759043,5_S8
c3_p021_20230816_o03,p021_20230816,21,3,3,64,3_S6,0.0038779322,0.1584344,0.062835425,0.22436656,0.54766786,0.0028178433,4_S7
c3_p021_20230921_o05,p021_20230921,21,3,3,83,5_S8,0.00077985297,0.00577797,0.00020069045,0.0014251763,0.96792465,0.023891615,4_S7
c3_p021_20231005_o06,p021_20231005,21,3,3,83,5_S8,0.0012223313,0.004056669,0.002212204,0.002219632,0.070385024,0.91990405,5_S8
c3_p029_20230828_o07,p029_20230828,29,3,3,20,1_S2,0.94545627,0.023458762,0.029646426,0.0004295299,0.00067039876,0.00033869132,0_S1
c3_p029_20230904_o12,p029_20230904,29,3,3,52,2_S5,0.8555481,0.0033079844,0.12047383,0.014238798,0.0062982445,0.0001330266,0_S1
c3_p029_20230908_o12,p029_20230908,29,3,3,60,3_S6,0.003104175,0.07828219,0.0018224815,0.69378245,0.22277257,0.00023619257,3_S6
c3_p029_20230921_o12,p029_20230921,29,3,3,65,3_S6,0.0053012692,0.013296788,0.008988369,0.4640443,0.507465,0.0009042544,4_S7
c3_p029_20231006_o05,p029_20231006,29,3,3,71,4_S7,0.0076937173,0.14357741,0.5217552,0.07436325,0.2431138,0.009496673,2_S5
c3_p029_20231017_o07,p029_20231017,29,3,3,72,4_S7,5.0576942e-05,0.025721284,0.013316421,0.008069942,0.9513768,0.0014650027,4_S7
c3_p029_20231023_o03,p029_20231023,29,3,3,73,4_S7,0.0066196383,0.19515112,0.11182854,0.05071036,0.5885231,0.047167253,4_S7
c3_p029_20231027_o12,p029_20231027,29,3,3,74,4_S7,0.00015874143,0.006898857,0.0101422975,0.020779865,0.95520085,0.0068194005,4_S7
c3_p029_20231101_o01,p029_20231101,29,3,3,75,4_S7,4.6939596e-07,5.0141414e-05,1.7831748e-05,0.0013483518,0.9879483,0.010634946,4_S7
c3_p029_20231106_o10,p029_20231106,29,3,3,76,4_S7,0.00049564574,0.0010454825,0.009139978,0.21412428,0.7594048,0.01578978,4_S7
c3_p029_20231109_o06,p029_20231109,29,3,3,79,4_S7,0.00024195157,0.0028076808,0.008522769,0.15804528,0.8086036,0.021778729,4_S7
c3_p029_20231120_o06,p029_20231120,29,3,3,81,5_S8,0.0004856491,0.0026168618,0.0026138488,0.008528302,0.063444704,0.92231065,5_S8
c3_p029_20231124_o02,p029_20231124,29,3,3,83,5_S8,0.0002930451,0.019593578,0.026518743,0.0041186917,0.7047855,0.24469037,4_S7
c3_p029_20231127_o01,p029_20231127,29,3,3,87,5_S8,6.6686356e-05,0.00023086586,0.00022507645,0.00278962,0.32940167,0.6672861,5_S8
c3_p029_20231130_o11,p029_20231130,29,3,3,89,5_S8,2.7048684e-06,1.5593836e-05,1.1913116e-05,3.8768108e-06,0.001619051,0.9983468,5_S8
c3_p031_20230828_o09,p031_20230828,31,3,3,14,0_S1,0.9935076,0.005228611,0.0010414213,1.5925176e-05,0.00016686473,3.9529703e-05,0_S1
c3_p031_20230904_o07,p031_20230904,31,3,3,22,1_S2,0.78762996,0.17837203,0.028135482,0.005273562,0.0005665932,2.2485501e-05,0_S1
c3_p031_20230908_o05,p031_20230908,31,3,3,61,3_S6,0.076246865,0.3791276,0.061040107,0.426706,0.056735512,0.00014389768,3_S6
c3_p031_20230921_o05,p031_20230921,31,3,3,63,3_S6,0.046815135,0.07827219,0.020189315,0.08549199,0.7548154,0.014415961,4_S7
c3_p031_20231006_o09,p031_20231006,31,3,3,71,4_S7,0.0018076239,0.007862994,0.026711155,0.24778661,0.7106924,0.005139195,4_S7
c3_p031_20231017_o11,p031_20231017,31,3,3,73,4_S7,0.024587063,0.0038667726,0.01771933,0.24287951,0.70620966,0.004737746,4_S7
c3_p031_20231023_o06,p031_20231023,31,3,3,74,4_S7,0.0643954,0.15866007,0.32481566,0.10481332,0.28779647,0.059519056,2_S5
c3_p031_20231027_o08,p031_20231027,31,3,3,75,4_S7,0.006136806,0.013038369,0.054106906,0.05027331,0.81668437,0.059760343,4_S7
c3_p031_20231101_o08,p031_20231101,31,3,3,76,4_S7,0.0010223469,0.007069367,0.018218458,0.07398163,0.88249356,0.017214647,4_S7
c3_p031_20231106_o02,p031_20231106,31,3,3,77,4_S7,5.714885e-06,0.00033986196,8.4046595e-05,0.00054781337,0.98914635,0.009876288,4_S7
c3_p031_20231109_o08,p031_20231109,31,3,3,79,4_S7,2.9287294e-05,0.00044610436,0.0049816137,0.005150773,0.9726858,0.016706362,4_S7
c3_p031_20231120_o08,p031_20231120,31,3,3,80,5_S8,3.9825558e-05,0.00028136635,0.0021979597,0.0010186046,0.61974436,0.37671787,4_S7
c3_p031_20231124_o01,p031_20231124,31,3,3,81,5_S8,0.0001341432,0.00016491747,0.0007896243,0.00037257027,0.0317893,0.9667495,5_S8
c3_p031_20231127_o12,p031_20231127,31,3,3,84,5_S8,6.513331e-05,0.00022975278,0.00052337657,0.000119411474,0.02157411,0.97748816,5_S8
c3_p031_20231130_o04,p031_20231130,31,3,3,85,5_S8,0.00011055596,0.002402068,0.002671888,0.00089719624,0.15159431,0.842324,5_S8
c3_p037_20230828_o10,p037_20230828,37,3,3,14,0_S1,0.7365905,0.11500814,0.131708,0.01587742,0.000772379,4.3590084e-05,0_S1
c3_p037_20230904_o12,p037_20230904,37,3,3,54,2_S5,0.02817559,0.0050944537,0.9516613,0.0137049155,0.0013521822,1.1623043e-05,2_S5
c3_p037_20230908_o09,p037_20230908,37,3,3,60,3_S6,0.0010964874,0.56108046,0.0071176705,0.37246165,0.058228496,1.5262403e-05,1_S2
c3_p037_20230921_o03,p037_20230921,37,3,3,70,4_S7,0.18526925,0.34243035,0.049150538,0.10682936,0.31140214,0.004918396,1_S2
c3_p037_20231006_o12,p037_20231006,37,3,3,71,4_S7,1.3982338e-05,1.3501527e-05,0.00022652879,2.6543077e-05,0.96810406,0.03161543,4_S7
c3_p037_20231017_o03,p037_20231017,37,3,3,73,4_S7,0.0014069353,0.0112169,0.0014652377,0.0024915547,0.9820442,0.0013751541,4_S7
c3_p037_20231023_o08,p037_20231023,37,3,3,75,4_S7,4.707529e-05,0.0051995963,0.00057534606,0.0005585072,0.990586,0.0030335207,4_S7
c3_p037_20231027_o06,p037_20231027,37,3,3,76,4_S7,7.594103e-05,0.001041713,0.0019213328,0.0052391742,0.98475397,0.0069678435,4_S7
c3_p037_20231101_o03,p037_20231101,37,3,3,77,4_S7,0.003375104,0.11423642,0.28493443,0.022715893,0.56341,0.011328131,4_S7
c3_p037_20231106_o04,p037_20231106,37,3,3,78,4_S7,7.035898e-05,0.0010894114,0.00033777446,0.00040408832,0.9922833,0.005815116,4_S7
c3_p037_20231109_o01,p037_20231109,37,3,3,79,4_S7,2.0970741e-05,0.0007397773,0.00035639532,0.00043387976,0.9973793,0.0010697255,4_S7
c3_p037_20231120_o07,p037_20231120,37,3,3,80,5_S8,2.988622e-05,0.00024251593,8.725954e-05,1.9165855e-05,0.0046868525,0.99493426,5_S8
c3_p037_20231124_o06,p037_20231124,37,3,3,85,5_S8,0.00033667253,0.0016438204,0.0029401598,0.00077257317,0.03295172,0.96135503,5_S8
c3_p037_20231127_o03,p037_20231127,37,3,3,87,5_S8,6.527157e-05,0.00090204005,0.0010768509,5.186552e-05,0.0020370313,0.995867,5_S8
c3_p037_20231130_o12,p037_20231130,37,3,3,89,5_S8,0.0009469961,0.0015699754,0.029033417,0.0003537373,0.018481106,0.94961476,5_S8
c3_p038_20230828_o11,p038_20230828,38,3,3,14,0_S1,0.9960502,0.0021440575,0.0016850438,1.2097709e-05,7.256978e-05,3.614714e-05,0_S1
c3_p038_20230904_o08,p038_20230904,38,3,3,60,3_S6,0.6968082,0.03309763,0.23985115,0.012377994,0.016929578,0.0009354451,0_S1
c3_p038_20230908_o03,p038_20230908,38,3,3,62,3_S6,0.0014252438,0.037989452,0.0038231474,0.22254232,0.733897,0.00032291372,4_S7
c3_p038_20230921_o04,p038_20230921,38,3,3,71,4_S7,0.022631265,0.016300786,0.0008834318,0.012139794,0.9440895,0.003955147,4_S7
c3_p038_20231006_o09,p038_20231006,38,3,3,72,4_S7,3.105742e-05,0.0007138958,0.00096262805,0.0012891033,0.9956742,0.0013290793,4_S7
c3_p038_20231017_o11,p038_20231017,38,3,3,73,4_S7,0.00044577025,0.0038296953,0.0008225261,0.0019630021,0.9909375,0.0020014124,4_S7
c3_p038_20231023_o09,p038_20231023,38,3,3,74,4_S7,0.01326601,0.10591762,0.01814361,0.039036904,0.81163555,0.012000338,4_S7
c3_p038_20231027_o07,p038_20231027,38,3,3,75,4_S7,0.0011214479,0.05022495,0.0060130022,0.005280871,0.91534764,0.022012146,4_S7
c3_p038_20231101_o06,p038_20231101,38,3,3,76,4_S7,0.00031186515,0.08082003,0.022313466,0.006601902,0.80739456,0.08255816,4_S7
c3_p038_20231106_o03,p038_20231106,38,3,3,77,4_S7,8.52544e-05,0.0072587216,0.0062260805,0.004598843,0.97006947,0.01176163,4_S7
c3_p038_20231109_o06,p038_20231109,38,3,3,78,4_S7,0.00024103008,0.0022038782,0.015723875,0.0039450917,0.9088398,0.06904627,4_S7
c3_p038_20231120_o10,p038_20231120,38,3,3,79,4_S7,0.0005456036,0.0056050834,0.110024124,0.004370381,0.52206224,0.3573926,4_S7
c3_p038_20231124_o08,p038_20231124,38,3,3,79,4_S7,0.00021486175,0.0020491695,0.012185756,0.0002290426,0.21376686,0.7715544,5_S8
c3_p038_20231127_o12,p038_20231127,38,3,3,79,4_S7,0.0041356985,0.17660883,0.109309755,0.009188197,0.19878095,0.50197655,5_S8
c3_p038_20231130_o10,p038_20231130,38,3,3,80,5_S8,0.0004973739,0.00620974,0.102058575,0.000104070765,0.1186051,0.77252513,5_S8
c3_p039_20230828_o07,p039_20230828,39,3,3,14,0_S1,0.999158,0.00022603248,0.0005416591,2.3319972e-06,6.4177155e-05,7.694619e-06,0_S1
c3_p039_20230904_o03,p039_20230904,39,3,3,17,0_S1,0.9950197,0.0001920315,0.0024101047,0.0020406197,0.0003342226,3.2962919e-06,0_S1
c3_p039_20230908_o09,p039_20230908,39,3,3,53,2_S5,0.0035460268,0.20617092,0.010472099,0.16783482,0.6089082,0.0030678913,4_S7
c3_p039_20230921_o12,p039_20230921,39,3,3,70,4_S7,0.057664037,0.1542075,0.09112355,0.38457638,0.30983353,0.0025949338,3_S6
c3_p039_20231006_o11,p039_20231006,39,3,3,73,4_S7,0.2488315,0.012515724,0.003605288,0.014540684,0.71704197,0.003464848,4_S7
c3_p039_20231017_o08,p039_20231017,39,3,3,74,4_S7,1.1198337e-05,0.0001679343,5.170935e-06,0.00029390893,0.99921227,0.000309565,4_S7
c3_p039_20231023_o03,p039_20231023,39,3,3,75,4_S7,0.001406504,0.16082825,0.028715523,0.061926544,0.7444856,0.0026374613,4_S7
c3_p039_20231027_o05,p039_20231027,39,3,3,76,4_S7,0.00034180947,0.044919252,0.11335752,0.0003283512,0.6699562,0.17109685,4_S7
c3_p039_20231101_o01,p039_20231101,39,3,3,77,4_S7,3.62014e-05,0.0009687748,0.0046397718,0.0009607542,0.99069667,0.002697718,4_S7
c3_p039_20231106_o03,p039_20231106,39,3,3,78,4_S7,2.6722741e-06,0.007121517,0.001173829,0.0003776723,0.9909355,0.00038869554,4_S7
c3_p039_20231109_o08,p039_20231109,39,3,3,79,4_S7,6.067434e-07,4.408201e-06,1.4222874e-05,3.7920217e-05,0.994942,0.005000755,4_S7
c3_p039_20231120_o10,p039_20231120,39,3,3,80,5_S8,0.0016416709,0.058575887,0.50890994,0.0012684234,0.1715618,0.25804228,2_S5
c3_p039_20231124_o03,p039_20231124,39,3,3,81,5_S8,0.0007277138,0.010496343,0.030695869,0.0012927118,0.34299755,0.6137899,5_S8
c3_p039_20231127_o10,p039_20231127,39,3,3,81,5_S8,0.0034039153,0.026612792,0.5959468,0.010031224,0.20011796,0.1638874,2_S5
c3_p039_20231130_o08,p039_20231130,39,3,3,82,5_S8,0.0009932651,0.00051738013,0.013038033,0.00010151192,0.008661784,0.97668797,5_S8
c3_p045_20230929_o10,p045_20230929,45,3,3,13,0_S1,0.9999442,4.7544723e-05,1.8779068e-06,1.3349159e-06,3.776165e-06,1.1392709e-06,0_S1
c3_p045_20231004_o07,p045_20231004,45,3,3,13,0_S1,0.97943753,0.018967994,0.0011421903,0.0001567066,0.00012471611,0.00017083532,0_S1
c3_p045_20231011_o05,p045_20231011,45,3,3,14,0_S1,0.6070503,0.38889462,0.0006345323,0.003073812,0.0002862344,6.062414e-05,0_S1
c3_p045_20231017_o08,p045_20231017,45,3,3,15,0_S1,0.2345164,0.56459767,0.0722498,0.117189296,0.011177542,0.0002693732,1_S2
c3_p045_20231019_o12,p045_20231019,45,3,3,51,2_S5,0.57272255,0.00060619734,0.17413175,0.25111103,0.0014196034,8.7974695e-06,0_S1
c3_p045_20231023_o12,p045_20231023,45,3,3,53,2_S5,0.14723234,0.008534459,0.14152819,0.69485486,0.0077313483,0.000118752185,3_S6
c3_p045_20231027_o06,p045_20231027,45,3,3,60,3_S6,0.0038460928,0.007671406,0.08340875,0.8786588,0.02625245,0.00016251994,3_S6
c3_p045_20231101_o03,p045_20231101,45,3,3,61,3_S6,3.054558e-05,7.841048e-05,0.01498096,0.9776628,0.0072459807,1.3115088e-06,3_S6
c3_p045_20231106_o08,p045_20231106,45,3,3,66,3_S6,1.4468141e-05,9.89099e-05,0.00034228846,0.6301791,0.3692641,0.00010103459,3_S6
c3_p045_20231109_o10,p045_20231109,45,3,3,70,4_S7,0.00049078214,0.00028492272,0.00097292394,0.038490746,0.9553433,0.00441729,4_S7
c3_p045_20231120_o10,p045_20231120,45,3,3,72,4_S7,4.9616323e-05,3.834177e-05,0.00012273285,0.0147423325,0.9732135,0.011833383,4_S7
c3_p045_20231127_o06,p045_20231127,45,3,3,73,4_S7,1.0679435e-06,1.2585465e-06,2.809784e-06,0.016735833,0.9832345,2.4563215e-05,4_S7
c3_p045_20231130_o04,p045_20231130,45,3,3,76,4_S7,8.229944e-08,2.211446e-08,1.627791e-07,0.0026116353,0.997378,1.00973675e-05,4_S7
c3_p045_20231204_o10,p045_20231204,45,3,3,77,4_S7,3.7622936e-05,3.162759e-05,0.00012633494,0.008866714,0.97450703,0.016430689,4_S7
c3_p045_20231211_o03,p045_20231211,45,3,3,78,4_S7,7.0998254e-08,1.9536294e-06,1.5544485e-06,0.0031381983,0.99658304,0.00027522125,4_S7
c3_p045_20231214_o02,p045_20231214,45,3,3,78,4_S7,8.8770236e-10,1.2633898e-08,1.2581421e-09,6.713132e-06,0.99892455,0.0010687354,4_S7
c3_p045_20231218_o04,p045_20231218,45,3,3,79,4_S7,6.993745e-09,4.343694e-08,2.3186216e-08,3.3938966e-05,0.9997694,0.00019669256,4_S7
c3_p045_20231227_o02,p045_20231227,45,3,3,79,4_S7,4.5585122e-07,5.1857896e-06,3.8726645e-07,3.540341e-05,0.98620355,0.013755012,4_S7
c3_p045_20240104_o02,p045_20240104,45,3,3,80,5_S8,8.637543e-06,5.9638355e-06,4.6612473e-05,0.00014504111,0.33160973,0.66818404,5_S8
c3_p046_20230929_o04,p046_20230929,46,3,3,13,0_S1,0.99990714,8.0001715e-05,2.811099e-06,3.01769e-06,5.8412706e-06,1.1564143e-06,0_S1
c3_p046_20231004_o06,p046_20231004,46,3,3,13,0_S1,0.98461086,0.012626664,0.0023515893,0.000119252494,0.00018162308,0.000109971865,0_S1
c3_p046_20231011_o05,p046_20231011,46,3,3,14,0_S1,0.7434542,0.25252813,0.00037252856,0.0035325894,9.871416e-05,1.3895984e-05,0_S1
c3_p046_20231017_o09,p046_20231017,46,3,3,52,2_S5,0.33613515,0.16368374,0.3365986,0.1091918,0.0515226,0.0028681022,2_S5
c3_p046_20231019_o01,p046_20231019,46,3,3,54,2_S5,0.62638396,0.0075015547,0.34726912,0.018639976,0.00019257895,1.28243955e-05,0_S1
c3_p046_20231023_o06,p046_20231023,46,3,3,60,3_S6,0.011812941,0.006635433,0.06381522,0.90376157,0.013951759,2.3178329e-05,3_S6
c3_p046_20231027_o09,p046_20231027,46,3,3,61,3_S6,0.037404414,0.0027747066,0.85464454,0.10273618,0.002384143,5.60132e-05,2_S5
c3_p046_20231101_o11,p046_20231101,46,3,3,61,3_S6,0.00012164861,0.00072602794,0.0020390714,0.9152288,0.08187597,8.453715e-06,3_S6
c3_p046_20231106_o12,p046_20231106,46,3,3,65,3_S6,0.00012260012,0.0023199315,0.005842414,0.7025518,0.28897738,0.00018589414,3_S6
c3_p046_20231109_o02,p046_20231109,46,3,3,66,3_S6,0.0009641663,0.0033831578,0.017434783,0.49410602,0.48289594,0.0012159678,3_S6
c3_p046_20231120_o12,p046_20231120,46,3,3,71,4_S7,9.476723e-06,0.00011122833,4.368886e-05,0.06213799,0.937575,0.00012262427,4_S7
c3_p046_20231127_o10,p046_20231127,46,3,3,71,4_S7,6.711501e-08,1.6523131e-06,1.689926e-06,0.03981046,0.960185,1.0809349e-06,4_S7
c3_p046_20231130_o02,p046_20231130,46,3,3,72,4_S7,1.8503642e-06,2.0853984e-06,7.821039e-06,0.0015698083,0.9981255,0.0002928027,4_S7
c3_p046_20231204_o12,p046_20231204,46,3,3,73,4_S7,5.4066046e-10,4.7122717e-10,6.294112e-09,0.0020229896,0.99797696,2.7818107e-08,4_S7
c3_p046_20231211_o04,p046_20231211,46,3,3,76,4_S7,5.527036e-06,0.00010472145,1.739256e-05,0.0057896026,0.9860495,0.008033224,4_S7
c3_p046_20231214_o07,p046_20231214,46,3,3,78,4_S7,1.7697419e-08,3.445144e-08,2.4436579e-08,1.0068095e-05,0.99950874,0.00048114193,4_S7
c3_p046_20231218_o07,p046_20231218,46,3,3,79,4_S7,6.2616743e-07,2.719356e-06,4.3928026e-06,0.00013362379,0.9929444,0.006914214,4_S7
c3_p046_20231227_o02,p046_20231227,46,3,3,79,4_S7,3.6644983e-06,0.00018421897,3.713956e-05,0.0007615672,0.92557395,0.07343942,4_S7
c3_p046_20240104_o03,p046_20240104,46,3,3,81,5_S8,7.117672e-05,0.0002195942,0.00031082725,0.0010744417,0.8700735,0.1282505,4_S7
c3_p048_20230929_o03,p048_20230929,48,3,3,13,0_S1,0.9999622,2.7426646e-05,1.2088504e-06,3.1820713e-07,5.1152397e-06,3.739988e-06,0_S1
c3_p048_20231004_o10,p048_20231004,48,3,3,13,0_S1,0.99910396,0.00078920956,5.166513e-05,4.35312e-06,3.391628e-05,1.6761267e-05,0_S1
c3_p048_20231011_o06,p048_20231011,48,3,3,14,0_S1,0.8802232,0.11810894,0.0008258847,0.00054022734,0.00026741353,3.4327786e-05,0_S1
c3_p048_20231017_o09,p048_20231017,48,3,3,15,0_S1,0.5036353,0.14769049,0.057106182,0.28465444,0.0068315645,8.209479e-05,0_S1
c3_p048_20231019_o04,p048_20231019,48,3,3,16,0_S1,0.3761763,0.21374622,0.24636607,0.11756367,0.043316964,0.0028307997,0_S1
c3_p048_20231023_o03,p048_20231023,48,3,3,54,2_S5,0.2987178,0.0077028517,0.2714251,0.4196812,0.0024505374,2.2507917e-05,3_S6
c3_p048_20231027_o11,p048_20231027,48,3,3,60,3_S6,0.070998326,0.015104301,0.037362833,0.78462386,0.09145701,0.0004537662,3_S6
c3_p048_20231101_o08,p048_20231101,48,3,3,62,3_S6,0.0002688291,0.0018082247,0.047773756,0.9132628,0.036829155,5.72069e-05,3_S6
c3_p048_20231106_o11,p048_20231106,48,3,3,65,3_S6,4.753637e-05,0.00029779674,0.00049756136,0.9158054,0.083333075,1.8566698e-05,3_S6
c3_p048_20231109_o01,p048_20231109,48,3,3,67,3_S6,0.0023232244,0.0061056525,0.31196496,0.39009157,0.28852016,0.0009944512,3_S6
c3_p048_20231120_o10,p048_20231120,48,3,3,70,4_S7,7.377857e-06,2.708552e-05,9.433853e-05,0.038457762,0.96076715,0.0006462344,4_S7
c3_p048_20231127_o07,p048_20231127,48,3,3,72,4_S7,6.629198e-09,1.8603183e-08,3.1292636e-08,0.0008427391,0.9991548,2.4581675e-06,4_S7
c3_p048_20231130_o12,p048_20231130,48,3,3,73,4_S7,2.5290221e-05,2.3470158e-05,8.7541855e-05,0.00093666813,0.9782331,0.020693863,4_S7
c3_p048_20231204_o06,p048_20231204,48,3,3,74,4_S7,1.029088e-07,2.7578588e-07,2.3864388e-07,0.00030484432,0.9996505,4.4030803e-05,4_S7
c3_p048_20231211_o11,p048_20231211,48,3,3,76,4_S7,9.269222e-06,4.192964e-05,0.000749317,0.0028783076,0.9902146,0.006106507,4_S7
c3_p048_20231214_o07,p048_20231214,48,3,3,77,4_S7,2.1653368e-10,1.0466796e-09,2.8965683e-10,2.373199e-07,0.99949455,0.0005052477,4_S7
c3_p048_20231218_o10,p048_20231218,48,3,3,78,4_S7,2.3480834e-07,3.2874428e-07,8.229435e-07,4.9071195e-06,0.9798053,0.020188434,4_S7
c3_p048_20231227_o07,p048_20231227,48,3,3,79,4_S7,6.033268e-08,1.3982196e-07,2.5124353e-07,1.1116187e-05,0.98888713,0.011101288,4_S7
c3_p048_20240104_o10,p048_20240104,48,3,3,80,5_S8,1.2996921e-05,0.0005346868,9.951471e-05,0.0015892568,0.7712773,0.22648625,4_S7
c3_p053_20230929_o12,p053_20230929,53,3,3,13,0_S1,0.9999589,3.0379715e-05,1.7193136e-06,3.61513e-07,6.1925844e-06,2.4598571e-06,0_S1
c3_p053_20231004_o05,p053_20231004,53,3,3,13,0_S1,0.99793845,0.00095868885,0.00089046574,0.00014176573,4.6926085e-05,2.3740713e-05,0_S1
c3_p053_20231011_o08,p053_20231011,53,3,3,15,0_S1,0.79857224,0.20089358,0.00022263179,0.00021427633,6.9986694e-05,2.7284143e-05,0_S1
c3_p053_20231017_o09,p053_20231017,53,3,3,53,2_S5,0.97650266,0.018179847,0.004215268,0.0005924202,0.00042251725,8.731218e-05,0_S1
c3_p053_20231019_o12,p053_20231019,53,3,3,54,2_S5,0.23064868,0.0076289135,0.7047277,0.047750443,0.0087872725,0.00045698285,2_S5
c3_p053_20231023_o03,p053_20231023,53,3,3,60,3_S6,0.09459128,0.03918177,0.5155223,0.34496137,0.005625783,0.00011751905,2_S5
c3_p053_20231027_o06,p053_20231027,53,3,3,63,3_S6,0.00025314392,8.530293e-05,0.04116918,0.95180094,0.006688615,2.8407176e-06,3_S6
c3_p053_20231101_o01,p053_20231101,53,3,3,65,3_S6,4.8916527e-06,1.110607e-05,3.1575793e-05,0.87242126,0.12753068,4.24998e-07,3_S6
c3_p053_20231106_o02,p053_20231106,53,3,3,67,3_S6,1.9474148e-06,4.5188463e-06,0.00050879567,0.99556667,0.0039179726,1.04535104e-07,3_S6
c3_p053_20231109_o08,p053_20231109,53,3,3,70,4_S7,3.8285475e-06,2.5459738e-06,0.00011726337,0.7000855,0.29978216,8.699639e-06,3_S6
c3_p053_20231120_o09,p053_20231120,53,3,3,72,4_S7,1.8613451e-05,2.6566697e-05,0.000107534914,0.035453983,0.9597595,0.00463375,4_S7
c3_p053_20231127_o07,p053_20231127,53,3,3,74,4_S7,1.5283962e-05,1.3375429e-05,7.467241e-05,0.010595746,0.9887565,0.000544324,4_S7
c3_p053_20231130_o10,p053_20231130,53,3,3,75,4_S7,4.5529094e-05,4.6320358e-05,0.00026375672,0.003711307,0.9820686,0.01386453,4_S7
c3_p053_20231204_o09,p053_20231204,53,3,3,76,4_S7,4.9211067e-06,1.1511548e-05,5.0539453e-05,0.003074855,0.99571973,0.0011384756,4_S7
c3_p053_20231211_o11,p053_20231211,53,3,3,78,4_S7,6.1425194e-09,9.225686e-07,8.066328e-08,5.6077508e-05,0.99982893,0.000113925926,4_S7
c3_p053_20231214_o06,p053_20231214,53,3,3,80,5_S8,8.593212e-06,1.0946262e-05,4.411106e-06,0.0012721292,0.79174095,0.20696287,4_S7
c3_p053_20231218_o01,p053_20231218,53,3,3,81,5_S8,1.005378e-08,6.894114e-08,2.0207532e-08,2.0702746e-06,0.96964777,0.03035008,4_S7
c3_p053_20231227_o11,p053_20231227,53,3,3,79,4_S7,6.065157e-08,8.495786e-07,1.7138481e-07,1.0897342e-05,0.96171796,0.038270004,4_S7
c3_p053_20240104_o12,p053_20240104,53,3,3,79,4_S7,1.7019183e-07,1.8876435e-06,1.7747997e-06,6.827177e-07,0.075798966,0.9241966,5_S8
c3_p061_20230929_o12,p061_20230929,61,3,3,13,0_S1,0.9999738,2.2442244e-05,7.8383573e-07,1.8024251e-07,1.836271e-06,1.036262e-06,0_S1
c3_p061_20231004_o04,p061_20231004,61,3,3,13,0_S1,0.99900025,0.00060167373,0.00020575513,2.0328143e-06,1.030552e-05,0.00017994492,0_S1
c3_p061_20231011_o10,p061_20231011,61,3,3,14,0_S1,0.9911186,0.008489347,0.00017180479,0.00014266444,6.881061e-05,8.864892e-06,0_S1
c3_p061_20231017_o08,p061_20231017,61,3,3,53,2_S5,0.5507687,0.13382716,0.20384355,0.108067855,0.0034675573,2.522473e-05,0_S1
c3_p061_20231019_o05,p061_20231019,61,3,3,53,2_S5,0.57402736,0.0040807747,0.41495678,0.0052438728,0.0015209361,0.00017028334,0_S1
c3_p061_20231023_o09,p061_20231023,61,3,3,60,3_S6,0.0001878658,0.0028297852,0.009572162,0.9635172,0.02388907,3.8922835e-06,3_S6
c3_p061_20231027_o04,p061_20231027,61,3,3,61,3_S6,1.4228166e-07,1.4216123e-07,4.7345296e-05,0.99844295,0.0015094775,6.7701578e-09,3_S6
c3_p061_20231101_o09,p061_20231101,61,3,3,62,3_S6,2.138042e-05,0.000111887006,0.004479911,0.98889416,0.006491906,7.875244e-07,3_S6
c3_p061_20231106_o12,p061_20231106,61,3,3,63,3_S6,7.4076092e-06,5.7317175e-06,0.00016162753,0.57739985,0.42240757,1.7812792e-05,3_S6
c3_p061_20231109_o08,p061_20231109,61,3,3,63,3_S6,7.06968e-06,1.2244505e-05,0.0009565423,0.8844576,0.11455802,8.513766e-06,3_S6
c3_p061_20231120_o01,p061_20231120,61,3,3,71,4_S7,8.348882e-06,2.6273041e-05,3.8844893e-05,0.04011057,0.9573361,0.002479915,4_S7
c3_p061_20231127_o09,p061_20231127,61,3,3,72,4_S7,5.530226e-05,4.9278122e-05,0.00026205817,0.028791152,0.9695026,0.0013395323,4_S7
c3_p061_20231130_o11,p061_20231130,61,3,3,73,4_S7,0.00012493451,0.00023867752,0.0014062627,0.0038698737,0.928733,0.065627344,4_S7
c3_p061_20231204_o10,p061_20231204,61,3,3,74,4_S7,3.9701213e-06,2.0348527e-06,1.9761492e-05,0.0005193227,0.9980585,0.0013964571,4_S7
c3_p061_20231211_o04,p061_20231211,61,3,3,75,4_S7,1.2034591e-09,3.8508286e-08,5.154125e-09,6.6727465e-05,0.9999285,4.747503e-06,4_S7
c3_p061_20231214_o02,p061_20231214,61,3,3,76,4_S7,2.032989e-05,3.1253821e-06,1.7864091e-06,0.00023682017,0.9944981,0.005239989,4_S7
c3_p061_20231218_o07,p061_20231218,61,3,3,79,4_S7,1.0010292e-07,1.4530641e-08,1.4003685e-07,4.910897e-06,0.9927389,0.007255957,4_S7
c3_p061_20231227_o07,p061_20231227,61,3,3,80,5_S8,0.00033537985,0.0014327756,0.0005735045,0.0009828544,0.23270336,0.7639721,5_S8
c3_p061_20240104_o08,p061_20240104,61,3,3,82,5_S8,4.889494e-05,5.5916116e-06,1.31511015e-05,1.5186405e-05,0.4338153,0.56610185,5_S8
c3_p067_20231006_o09,p067_20231006,67,3,3,13,0_S1,0.9998354,0.0001273601,1.531371e-05,4.649912e-06,1.3553591e-05,3.7468067e-06,0_S1
c3_p067_20231011_o04,p067_20231011,67,3,3,13,0_S1,0.99971455,0.0002717972,5.2432665e-06,3.2213861e-06,3.8648486e-06,1.3372414e-06,0_S1
c3_p067_20231017_o06,p067_20231017,67,3,3,13,0_S1,0.99921,0.00075383944,1.4140786e-05,1.1435951e-05,8.804538e-06,1.7071371e-06,0_S1
c3_p067_20231019_o08,p067_20231019,67,3,3,14,0_S1,0.99943644,0.0001579851,9.6729396e-05,0.00020444243,0.00010224467,2.1560006e-06,0_S1
c3_p067_20231023_o08,p067_20231023,67,3,3,14,0_S1,0.94314784,0.05362432,0.0028793598,0.00013965911,0.0001338373,7.496924e-05,0_S1
c3_p067_20231027_o09,p067_20231027,67,3,3,54,2_S5,0.13168247,0.00361778,0.08509588,0.76537883,0.01417082,5.415131e-05,3_S6
c3_p067_20231101_o12,p067_20231101,67,3,3,60,3_S6,0.11327184,0.29341817,0.46080902,0.12983885,0.0026031127,5.898841e-05,2_S5
c3_p067_20231106_o01,p067_20231106,67,3,3,63,3_S6,1.8765209e-06,1.3588416e-07,0.00011048586,0.99882704,0.0010604544,1.3099564e-08,3_S6
c3_p067_20231109_o12,p067_20231109,67,3,3,69,3_S6,3.534337e-08,6.661352e-08,1.2367748e-05,0.9969438,0.0030436993,4.9450373e-09,3_S6
c3_p067_20231120_o09,p067_20231120,67,3,3,70,4_S7,2.9651183e-06,4.4103517e-06,4.6654644e-05,0.16928405,0.830536,0.00012593126,4_S7
c3_p067_20231127_o11,p067_20231127,67,3,3,71,4_S7,2.5318843e-06,5.3470805e-05,1.6436563e-05,0.019034903,0.98084944,4.3092332e-05,4_S7
c3_p067_20231130_o07,p067_20231130,67,3,3,72,4_S7,1.8924023e-07,6.012912e-07,7.0373635e-06,0.034742605,0.96523166,1.7907954e-05,4_S7
c3_p067_20231204_o04,p067_20231204,67,3,3,75,4_S7,2.7541648e-06,7.8801395e-06,1.4060413e-05,0.024648132,0.9752586,6.85041e-05,4_S7
c3_p067_20231211_o07,p067_20231211,67,3,3,76,4_S7,8.044636e-07,2.0125337e-06,3.213541e-05,0.0028377732,0.99701226,0.00011496724,4_S7
c3_p067_20231214_o08,p067_20231214,67,3,3,77,4_S7,3.8703576e-10,3.047559e-10,3.1321482e-10,2.0961466e-05,0.9999776,1.4110685e-06,4_S7
c3_p067_20231218_o03,p067_20231218,67,3,3,78,4_S7,9.2364845e-09,3.6815834e-08,1.118831e-07,4.7498193e-06,0.9999527,4.236974e-05,4_S7
c3_p067_20231227_o09,p067_20231227,67,3,3,79,4_S7,1.5565764e-05,3.2893124e-05,9.842265e-05,0.0013592421,0.9452253,0.053268693,4_S7
c3_p067_20240115_o07,p067_20240115,67,3,3,79,4_S7,7.500033e-05,5.2060124e-05,7.889903e-05,0.00070985965,0.86028093,0.13880327,4_S7
c3_p067_20240119_o07,p067_20240119,67,3,3,82,5_S8,1.840072e-05,3.9618444e-05,3.640742e-05,1.9555987e-06,0.0028714961,0.99703217,5_S8
c3_p067_20240126_o04,p067_20240126,67,3,3,86,5_S8,1.7763077e-05,1.7627719e-05,2.188364e-05,5.133522e-06,0.0028713893,0.9970663,5_S8
c3_p072_20231006_o01,p072_20231006,72,3,3,13,0_S1,0.999933,5.096779e-05,2.9335674e-06,6.161183e-07,7.577608e-06,4.8575607e-06,0_S1
c3_p072_20231011_o06,p072_20231011,72,3,3,13,0_S1,0.9985026,0.0014550678,2.2958438e-05,6.09123e-06,5.845623e-06,7.397287e-06,0_S1
c3_p072_20231017_o06,p072_20231017,72,3,3,13,0_S1,0.9997869,0.00019809925,7.6245065e-06,2.406504e-06,3.8098674e-06,1.2015955e-06,0_S1
c3_p072_20231019_o10,p072_20231019,72,3,3,14,0_S1,0.9998466,9.392169e-05,3.142786e-05,1.7055281e-05,1.0279647e-05,6.517011e-07,0_S1
c3_p072_20231023_o11,p072_20231023,72,3,3,15,0_S1,0.9852937,0.012647855,0.0019528953,3.511196e-05,2.1007862e-05,4.9390732e-05,0_S1
c3_p072_20231027_o04,p072_20231027,72,3,3,53,2_S5,0.039816335,0.0045944154,0.84874827,0.101256594,0.005521346,6.29936e-05,2_S5
c3_p072_20231101_o07,p072_20231101,72,3,3,55,2_S5,0.00092668005,0.0014664145,0.19093995,0.80334693,0.0033152695,4.710746e-06,3_S6
c3_p072_20231106_o02,p072_20231106,72,3,3,63,3_S6,9.024036e-06,5.591645e-07,0.00086254295,0.9958001,0.0033276104,2.0841394e-07,3_S6
c3_p072_20231109_o03,p072_20231109,72,3,3,65,3_S6,0.00052501215,2.9696786e-05,0.006668069,0.8089294,0.18379657,5.1335668e-05,3_S6
c3_p072_20231120_o08,p072_20231120,72,3,3,70,4_S7,0.00015041516,0.00027923653,0.0013659963,0.28437546,0.71349865,0.00033027097,4_S7
c3_p072_20231127_o07,p072_20231127,72,3,3,72,4_S7,2.548991e-05,5.723204e-05,0.00010848776,0.34356424,0.65614176,0.000102845006,4_S7
c3_p072_20231130_o08,p072_20231130,72,3,3,75,4_S7,6.398954e-07,5.1608095e-05,4.264005e-05,0.018022511,0.9815732,0.0003094517,4_S7
c3_p072_20231204_o12,p072_20231204,72,3,3,76,4_S7,9.723057e-07,2.602608e-06,9.431579e-07,0.0023961836,0.9975605,3.878975e-05,4_S7
c3_p072_20231211_o11,p072_20231211,72,3,3,77,4_S7,5.8120015e-09,1.17636716e-07,5.621725e-08,0.0006112708,0.99938214,6.494497e-06,4_S7
c3_p072_20231214_o03,p072_20231214,72,3,3,78,4_S7,1.6765919e-06,9.068921e-08,1.5153816e-07,7.070303e-06,0.99988794,0.00010304723,4_S7
c3_p072_20231218_o04,p072_20231218,72,3,3,79,4_S7,2.1286132e-06,4.9632285e-07,4.2730962e-06,1.9911211e-05,0.9904931,0.009480162,4_S7
c3_p072_20231227_o04,p072_20231227,72,3,3,79,4_S7,2.0379614e-06,7.8790794e-07,7.310725e-06,1.2634427e-05,0.96529984,0.034677334,4_S7
c3_p072_20240115_o06,p072_20240115,72,3,3,82,5_S8,1.0902277e-06,4.7835897e-06,5.9473377e-06,1.5000535e-07,0.0006210243,0.99936706,5_S8
c3_p072_20240119_o01,p072_20240119,72,3,3,83,5_S8,1.3977697e-06,6.945894e-07,2.8736207e-07,5.2698024e-08,9.866393e-05,0.9998989,5_S8
c3_p072_20240126_o05,p072_20240126,72,3,3,86,5_S8,1.41183245e-05,2.5606125e-05,2.7164571e-05,3.788012e-07,6.190471e-05,0.9998708,5_S8
c3_p076_20231006_o03,p076_20231006,76,3,3,13,0_S1,0.9999378,3.9788127e-05,3.0197e-06,3.5455278e-07,9.573095e-06,9.611736e-06,0_S1
c3_p076_20231011_o12,p076_20231011,76,3,3,13,0_S1,0.9998099,0.00014757205,1.2178317e-05,2.3993089e-06,2.0087002e-05,7.820816e-06,0_S1
c3_p076_20231017_o04,p076_20231017,76,3,3,13,0_S1,0.99988866,7.7134944e-05,1.253954e-05,1.5629369e-06,1.279762e-05,7.3685505e-06,0_S1
c3_p076_20231019_o05,p076_20231019,76,3,3,14,0_S1,0.99935025,0.0002180185,0.00031793254,5.6637316e-05,4.902608e-05,8.072838e-06,0_S1
c3_p076_20231023_o05,p076_20231023,76,3,3,15,0_S1,0.9544089,0.0007311403,0.04436145,0.00048333057,1.1959151e-05,3.2273686e-06,0_S1
c3_p076_20231027_o10,p076_20231027,76,3,3,20,1_S2,0.017880395,0.011466373,0.2210795,0.705772,0.043595802,0.00020591666,3_S6
c3_p076_20231101_o04,p076_20231101,76,3,3,53,2_S5,0.00041124542,1.6357353e-05,0.0043343212,0.9934006,0.0018366573,8.712169e-07,3_S6
c3_p076_20231106_o03,p076_20231106,76,3,3,60,3_S6,0.00011493754,7.3118654e-06,0.0030789217,0.9885811,0.008215741,2.0050777e-06,3_S6
c3_p076_20231109_o07,p076_20231109,76,3,3,64,3_S6,5.627305e-05,0.00011009304,0.00050446566,0.29798383,0.70129853,4.6842357e-05,4_S7
c3_p076_20231120_o04,p076_20231120,76,3,3,68,3_S6,0.000815899,0.0018759118,0.016235627,0.121208504,0.8424197,0.017444374,4_S7
c3_p076_20231127_o09,p076_20231127,76,3,3,72,4_S7,6.498371e-07,1.7901044e-06,8.603391e-06,0.047146406,0.9528333,9.179571e-06,4_S7
c3_p076_20231130_o12,p076_20231130,76,3,3,73,4_S7,6.892057e-06,4.2087413e-06,3.4224544e-05,0.026732236,0.9725948,0.0006276856,4_S7
c3_p076_20231204_o11,p076_20231204,76,3,3,74,4_S7,0.0006144464,0.0036731164,0.0033395009,0.061037455,0.927227,0.0041084746,4_S7
c3_p076_20231211_o04,p076_20231211,76,3,3,75,4_S7,3.8484296e-07,1.291212e-07,1.8138079e-06,3.735216e-05,0.99978846,0.00017187206,4_S7
c3_p076_20231214_o03,p076_20231214,76,3,3,75,4_S7,1.3128518e-07,1.1157344e-08,1.8451576e-08,6.3274626e-07,0.9999093,9.0006375e-05,4_S7
c3_p076_20231218_o03,p076_20231218,76,3,3,76,4_S7,5.083056e-07,3.6533058e-07,1.0703943e-06,4.0396316e-07,0.98794705,0.012050669,4_S7
c3_p076_20231227_o11,p076_20231227,76,3,3,78,4_S7,1.4122378e-09,1.3758294e-08,5.4786247e-09,6.762931e-08,0.98971117,0.010288757,4_S7
c3_p076_20240115_o10,p076_20240115,76,3,3,80,5_S8,7.6275704e-05,0.0019274524,0.0015259448,0.00011833997,0.1771866,0.81916535,5_S8
c3_p076_20240119_o12,p076_20240119,76,3,3,84,5_S8,1.04762e-07,2.1638675e-07,1.06259854e-07,1.6255836e-08,0.00012298879,0.9998765,5_S8
c3_p076_20240126_o12,p076_20240126,76,3,3,86,5_S8,2.6450339e-06,8.806368e-06,2.9563423e-06,2.271544e-07,0.00012438616,0.9998609,5_S8
c3_p093_20231128_o08,p093_20231128,93,3,3,66,3_S6,1.5342003e-08,4.429627e-09,6.131402e-08,0.8149726,0.18502736,2.3734843e-08,3_S6
c3_p093_20231130_o02,p093_20231130,93,3,3,68,3_S6,5.525531e-07,2.2675889e-07,6.4140236e-06,0.9845094,0.015483396,1.8812466e-08,3_S6
c3_p093_20231204_o07,p093_20231204,93,3,3,69,3_S6,7.5838776e-05,0.0001381562,0.00033750656,0.17706147,0.8218212,0.00056579633,4_S7
c3_p093_20231207_o01,p093_20231207,93,3,3,70,4_S7,8.982818e-09,1.4172474e-08,3.0654832e-07,0.042402916,0.9575943,2.4619135e-06,4_S7
c3_p093_20231211_o03,p093_20231211,93,3,3,71,4_S7,2.3964802e-08,4.7656674e-09,1.7736711e-07,0.016519576,0.98348,2.5536383e-07,4_S7
c3_p093_20231218_o05,p093_20231218,93,3,3,73,4_S7,3.085319e-10,2.7495062e-09,4.6531788e-08,1.7220194e-06,0.9999932,5.1202105e-06,4_S7
c3_p093_20231227_o12,p093_20231227,93,3,3,75,4_S7,3.887475e-09,5.0986426e-07,1.3718801e-06,4.502964e-06,0.9988764,0.0011171963,4_S7
c3_p093_20240115_o05,p093_20240115,93,3,3,76,4_S7,3.0612453e-06,1.0471254e-06,9.185852e-06,5.904898e-06,0.9914431,0.008537673,4_S7
c3_p093_20240119_o05,p093_20240119,93,3,3,79,4_S7,4.74371e-08,2.2380353e-09,4.52287e-09,1.6668058e-09,0.9960747,0.0039253826,4_S7
c3_p093_20240126_o07,p093_20240126,93,3,3,83,5_S8,0.000102865604,9.107266e-06,8.049777e-06,2.3112568e-07,0.00019860377,0.99968123,5_S8
c3_p096_20231128_o07,p096_20231128,96,3,3,66,3_S6,1.5760727e-06,2.401795e-07,6.0906e-06,0.9753701,0.024621937,9.4035656e-08,3_S6
c3_p096_20231130_o01,p096_20231130,96,3,3,68,3_S6,6.664377e-06,5.88589e-07,0.0001246786,0.99798834,0.001879741,5.726858e-08,3_S6
c3_p096_20231204_o10,p096_20231204,96,3,3,69,3_S6,0.00010490745,2.1493272e-05,0.00012569531,0.2647346,0.73469603,0.0003173089,4_S7
c3_p096_20231207_o09,p096_20231207,96,3,3,70,4_S7,6.7348687e-06,1.6778617e-06,5.2863877e-05,0.09163795,0.9081104,0.00019038684,4_S7
c3_p096_20231211_o07,p096_20231211,96,3,3,71,4_S7,1.5135234e-08,4.3882937e-09,1.1127782e-07,0.0024167348,0.9975828,2.9999202e-07,4_S7
c3_p096_20231218_o04,p096_20231218,96,3,3,73,4_S7,7.2250868e-09,4.232182e-09,7.620715e-08,4.2900738e-05,0.9999428,1.4155501e-05,4_S7
c3_p096_20231227_o10,p096_20231227,96,3,3,76,4_S7,2.4712088e-07,2.2521029e-07,4.047101e-06,1.5673371e-06,0.98949766,0.010496246,4_S7
c3_p096_20240115_o03,p096_20240115,96,3,3,77,4_S7,2.7099136e-07,1.3003164e-07,7.0286393e-07,2.2845194e-07,0.9780457,0.021952987,4_S7
c3_p096_20240119_o11,p096_20240119,96,3,3,83,5_S8,1.2253574e-05,2.3530914e-05,7.079119e-05,6.781868e-06,0.68537706,0.3145096,4_S7
c3_p096_20240126_o01,p096_20240126,96,3,3,89,5_S8,7.155141e-06,3.5410028e-07,3.4203794e-07,1.492942e-08,5.7331134e-05,0.9999348,5_S8
c3_p001_20230816_o02,p001_20230816,1,4,3,70,4_S7,0.0006200303,0.018747995,0.008635415,0.9114443,0.060161423,0.00039081596,3_S6
c3_p001_20230921_o12,p001_20230921,1,4,3,79,4_S7,0.00020641439,0.0030526966,0.0020672812,0.0545415,0.92898715,0.011144996,4_S7
c3_p001_20231005_o07,p001_20231005,1,4,3,87,5_S8,0.018623251,0.0085431365,0.028449092,0.00085481396,0.015106246,0.9284234,5_S8
c3_p007_20230816_o09,p007_20230816,7,4,3,67,3_S6,0.00015643184,0.0041130316,0.01620939,0.88117206,0.09763233,0.0007168019,3_S6
c3_p007_20230921_o04,p007_20230921,7,4,3,80,5_S8,0.00068689446,0.001206332,0.008575562,0.005847786,0.58584255,0.3978409,4_S7
c3_p007_20231005_o11,p007_20231005,7,4,3,83,5_S8,0.0008968508,0.0011928437,0.005304748,0.0068192906,0.07922254,0.9065637,5_S8
c3_p013_20230816_o01,p013_20230816,13,4,3,59,2_S5,0.0036387024,0.008864966,0.010596123,0.8826608,0.09312847,0.0011109943,3_S6
c3_p013_20230921_o12,p013_20230921,13,4,3,75,4_S7,0.009171871,0.0040056156,0.0047710785,0.004471324,0.9168998,0.06068038,4_S7
c3_p013_20231005_o08,p013_20231005,13,4,3,88,5_S8,0.000120951176,9.188494e-05,0.00088035077,5.1544892e-05,0.0021049539,0.99675035,5_S8
c3_p023_20230828_o05,p023_20230828,23,4,3,14,0_S1,0.9917361,0.0049585244,0.001681222,0.0009971156,0.00043946411,0.00018746953,0_S1
c3_p023_20230904_o12,p023_20230904,23,4,3,22,1_S2,0.50662374,0.10080657,0.31677705,0.06639167,0.00772313,0.0016778,0_S1
c3_p023_20230908_o04,p023_20230908,23,4,3,63,3_S6,0.00087620533,0.0065903054,0.01792034,0.96433574,0.010129928,0.00014749306,3_S6
c3_p023_20230921_o02,p023_20230921,23,4,3,70,4_S7,0.0014182375,0.010794369,0.010872906,0.1147354,0.84149814,0.020681005,4_S7
c3_p023_20231006_o10,p023_20231006,23,4,3,71,4_S7,0.0014638236,0.004939679,0.016013935,0.014931165,0.9485763,0.014075151,4_S7
c3_p023_20231017_o05,p023_20231017,23,4,3,73,4_S7,3.1393208e-06,0.0034676914,0.00012316182,0.0011762808,0.99119544,0.004034229,4_S7
c3_p023_20231023_o06,p023_20231023,23,4,3,77,4_S7,0.0020361603,0.11472379,0.056055468,0.03223214,0.74905515,0.045897223,4_S7
c3_p023_20231027_o05,p023_20231027,23,4,3,78,4_S7,0.0005376749,0.061641913,0.01407642,0.0050738025,0.8076065,0.11106366,4_S7
c3_p023_20231101_o08,p023_20231101,23,4,3,79,4_S7,0.0008630755,0.089729786,0.015964821,0.005870484,0.8369385,0.050633226,4_S7
c3_p023_20231106_o03,p023_20231106,23,4,3,78,4_S7,0.0017142327,0.22697961,0.062341854,0.031553447,0.61826897,0.05914179,4_S7
c3_p023_20231109_o09,p023_20231109,23,4,3,79,4_S7,0.028656075,0.11811455,0.13683303,0.03050579,0.5643472,0.12154328,4_S7
c3_p023_20231120_o08,p023_20231120,23,4,3,81,5_S8,0.00014469546,0.00036266865,0.0017754895,8.633143e-05,0.018973714,0.97865707,5_S8
c3_p023_20231124_o02,p023_20231124,23,4,3,83,5_S8,0.0004948234,0.018239029,0.00981013,0.00091183395,0.011155235,0.9593889,5_S8
c3_p023_20231127_o12,p023_20231127,23,4,3,84,5_S8,0.0017263793,0.002908256,0.015198261,0.0037050657,0.0602148,0.9162473,5_S8
c3_p023_20231130_o02,p023_20231130,23,4,3,85,5_S8,0.00020005596,0.00020252171,0.00159049,8.429593e-05,0.0030269509,0.99489564,5_S8
c3_p034_20230828_o01,p034_20230828,34,4,3,15,0_S1,0.8347441,0.07186694,0.05591602,0.033784058,0.0024810832,0.0012077958,0_S1
c3_p034_20230904_o07,p034_20230904,34,4,3,53,2_S5,0.051976006,0.09862188,0.32592192,0.46260637,0.0543722,0.006501563,3_S6
c3_p034_20230908_o03,p034_20230908,34,4,3,61,3_S6,0.0014524481,0.013369463,0.08388388,0.89653194,0.0045889476,0.00017331442,3_S6
c3_p034_20230921_o01,p034_20230921,34,4,3,70,4_S7,4.096654e-06,5.958127e-05,0.00029026446,0.20002292,0.7990752,0.0005479684,4_S7
c3_p034_20231006_o01,p034_20231006,34,4,3,72,4_S7,6.4985333e-09,2.239559e-06,1.1733739e-06,0.00013579727,0.99952996,0.00033086358,4_S7
c3_p034_20231017_o03,p034_20231017,34,4,3,73,4_S7,2.4340404e-06,0.0003344477,3.3748747e-05,0.001717618,0.99687743,0.0010343842,4_S7
c3_p034_20231023_o12,p034_20231023,34,4,3,74,4_S7,0.00030312384,0.0077769253,0.01134884,0.015490907,0.95941406,0.0056662248,4_S7
c3_p034_20231027_o11,p034_20231027,34,4,3,76,4_S7,0.017340876,0.049536083,0.13851863,0.07270221,0.6792947,0.04260755,4_S7
c3_p034_20231101_o01,p034_20231101,34,4,3,77,4_S7,4.0083218e-05,0.00029105914,0.0028643878,0.015005049,0.978966,0.0028335343,4_S7
c3_p034_20231106_o01,p034_20231106,34,4,3,78,4_S7,8.8982546e-05,0.001651872,0.0011292291,0.0019259911,0.97595596,0.019247903,4_S7
c3_p034_20231109_o06,p034_20231109,34,4,3,79,4_S7,2.2739048e-06,0.00019041362,0.0003388517,0.00025537203,0.942144,0.05706915,4_S7
c3_p034_20231120_o07,p034_20231120,34,4,3,82,5_S8,2.5760375e-05,0.00022894639,0.00051462336,1.6003569e-05,0.0015968818,0.9976178,5_S8
c3_p034_20231124_o06,p034_20231124,34,4,3,86,5_S8,2.1676294e-06,8.732323e-06,3.905834e-05,3.890549e-06,7.075291e-05,0.9998754,5_S8
c3_p034_20231127_o09,p034_20231127,34,4,3,88,5_S8,7.5699456e-05,0.0002754354,0.00082590483,8.629885e-05,0.00377704,0.9949596,5_S8
c3_p034_20231130_o04,p034_20231130,34,4,3,89,5_S8,0.0024862625,0.0030365218,0.008384056,0.0039281948,0.0130295195,0.96913546,5_S8
c3_p043_20230929_o05,p043_20230929,43,4,3,13,0_S1,0.9999341,1.4891408e-05,1.6660179e-05,1.6775103e-06,2.2231447e-05,1.0321393e-05,0_S1
c3_p043_20231004_o04,p043_20231004,43,4,3,13,0_S1,0.9970181,0.0007645995,0.0017003161,0.00018509875,0.00015548781,0.00017638714,0_S1
c3_p043_20231011_o05,p043_20231011,43,4,3,14,0_S1,0.98673356,0.0024999094,0.007924866,0.0010677096,0.001269063,0.00050489395,0_S1
c3_p043_20231017_o04,p043_20231017,43,4,3,52,2_S5,0.8060724,0.027981717,0.121940665,0.041420206,0.0017482033,0.00083679816,0_S1
c3_p043_20231019_o11,p043_20231019,43,4,3,53,2_S5,0.21916853,0.0024634548,0.75124365,0.02609518,0.0009163627,0.00011282858,2_S5
c3_p043_20231023_o06,p043_20231023,43,4,3,60,3_S6,0.01288737,0.02329256,0.5614404,0.3919224,0.0094089275,0.0010482722,2_S5
c3_p043_20231027_o06,p043_20231027,43,4,3,61,3_S6,0.009300643,0.031935208,0.4829018,0.4422574,0.029947747,0.003657157,2_S5
c3_p043_20231101_o09,p043_20231101,43,4,3,64,3_S6,0.0023659496,0.01183148,0.16893399,0.8028383,0.013800205,0.00022998905,3_S6
c3_p043_20231106_o12,p043_20231106,43,4,3,70,4_S7,0.0017293458,0.0072472366,0.09376234,0.82679856,0.0692956,0.0011669206,3_S6
c3_p043_20231109_o08,p043_20231109,43,4,3,70,4_S7,0.009782022,0.030323522,0.31831166,0.61649483,0.0238932,0.0011947947,3_S6
c3_p043_20231120_o02,p043_20231120,43,4,3,70,4_S7,0.009879624,0.07934456,0.14586957,0.15821424,0.59422356,0.012468465,4_S7
c3_p043_20231127_o04,p043_20231127,43,4,3,71,4_S7,5.2792122e-05,0.000596427,0.0033295178,0.03766054,0.9294751,0.02888568,4_S7
c3_p043_20231130_o10,p043_20231130,43,4,3,71,4_S7,0.0049056276,0.79074234,0.058405563,0.035417713,0.101141,0.009387718,1_S2
c3_p043_20231204_o03,p043_20231204,43,4,3,72,4_S7,0.00056290947,0.005062973,0.010650427,0.008979963,0.9233793,0.05136442,4_S7
c3_p043_20231211_o08,p043_20231211,43,4,3,74,4_S7,0.002474253,0.008465451,0.043421853,0.049643014,0.7823531,0.113642365,4_S7
c3_p043_20231214_o05,p043_20231214,43,4,3,76,4_S7,5.3739248e-05,0.000943383,0.002177998,0.0016861461,0.7054231,0.28971562,4_S7
c3_p043_20231218_o05,p043_20231218,43,4,3,77,4_S7,6.578155e-05,0.0037457293,0.002236854,0.0012473577,0.9497238,0.042980623,4_S7
c3_p043_20231227_o04,p043_20231227,43,4,3,78,4_S7,0.00015127707,0.0061582318,0.006230092,0.00051687664,0.6813464,0.30559716,4_S7
c3_p043_20240104_o11,p043_20240104,43,4,3,79,4_S7,6.462586e-05,0.0018051218,0.0017082443,0.00022294848,0.5958737,0.4003254,4_S7
c3_p050_20230929_o08,p050_20230929,50,4,3,13,0_S1,0.9997002,5.262852e-05,8.122832e-05,7.10611e-06,9.801734e-05,6.083418e-05,0_S1
c3_p050_20231004_o06,p050_20231004,50,4,3,13,0_S1,0.99753964,0.000498888,0.0014971537,0.0001347496,0.00018093138,0.00014864968,0_S1
c3_p050_20231011_o09,p050_20231011,50,4,3,14,0_S1,0.890311,0.015327458,0.037484698,0.05360181,0.0026897616,0.000585258,0_S1
c3_p050_20231017_o01,p050_20231017,50,4,3,15,0_S1,0.7193725,0.03333125,0.20309334,0.039632283,0.0036374934,0.0009331063,0_S1
c3_p050_20231019_o04,p050_20231019,50,4,3,16,0_S1,0.20907219,0.029495781,0.61460567,0.13987175,0.0047507724,0.0022038438,2_S5
c3_p050_20231023_o12,p050_20231023,50,4,3,20,1_S2,0.011970417,0.0144623825,0.63314533,0.3227323,0.016887892,0.000801649,2_S5
c3_p050_20231027_o02,p050_20231027,50,4,3,21,1_S2,0.0021292341,0.003731365,0.4593134,0.5307496,0.003928324,0.00014802495,3_S6
c3_p050_20231101_o02,p050_20231101,50,4,3,54,2_S5,0.001203694,0.011152891,0.15408841,0.7862737,0.04694271,0.00033858704,3_S6
c3_p050_20231106_o03,p050_20231106,50,4,3,67,3_S6,0.001121875,0.008495561,0.076691926,0.65300274,0.2577685,0.0029194148,3_S6
c3_p050_20231109_o10,p050_20231109,50,4,3,69,3_S6,0.00017740972,0.00423589,0.041151393,0.80340695,0.14987263,0.0011557392,3_S6
c3_p050_20231120_o05,p050_20231120,50,4,3,70,4_S7,0.0015854824,0.008905353,0.07345002,0.11714693,0.7829252,0.01598704,4_S7
c3_p050_20231127_o04,p050_20231127,50,4,3,72,4_S7,1.8300404e-06,1.9001654e-05,2.456791e-05,0.00033560794,0.99257904,0.0070399563,4_S7
c3_p050_20231130_o08,p050_20231130,50,4,3,74,4_S7,0.00033165357,0.0026154916,0.012674696,0.058561232,0.9180596,0.0077573135,4_S7
c3_p050_20231204_o03,p050_20231204,50,4,3,75,4_S7,2.6409248e-06,1.0257095e-06,2.226391e-05,0.0002206449,0.99822766,0.0015258235,4_S7
c3_p050_20231211_o06,p050_20231211,50,4,3,76,4_S7,4.2050806e-06,5.7356145e-05,0.00013708559,2.0129042e-05,0.9688395,0.030941749,4_S7
c3_p050_20231214_o10,p050_20231214,50,4,3,78,4_S7,2.8450737e-07,6.1483693e-06,1.5412958e-05,7.946196e-05,0.9893372,0.010561533,4_S7
c3_p050_20231218_o11,p050_20231218,50,4,3,79,4_S7,7.365962e-06,0.000117561176,0.0003397874,0.00067235064,0.9565809,0.042281944,4_S7
c3_p050_20231227_o12,p050_20231227,50,4,3,81,5_S8,2.1230906e-05,0.00047772846,0.0011960989,0.0009776884,0.7588535,0.23847367,4_S7
c3_p050_20240104_o12,p050_20240104,50,4,3,79,4_S7,0.0006408879,0.0033324442,0.011875223,0.0015719966,0.56533545,0.41724396,4_S7
c3_p051_20230929_o07,p051_20230929,51,4,3,13,0_S1,0.99969435,7.1846e-05,0.0001011652,1.4046407e-05,7.6763405e-05,4.1833686e-05,0_S1
c3_p051_20231004_o08,p051_20231004,51,4,3,13,0_S1,0.99734193,0.0003184738,0.002109189,4.7530604e-05,0.00013180087,5.111598e-05,0_S1
c3_p051_20231011_o01,p051_20231011,51,4,3,15,0_S1,0.90088785,0.012129639,0.045828555,0.028108977,0.011591604,0.0014534629,0_S1
c3_p051_20231017_o06,p051_20231017,51,4,3,52,2_S5,0.4920777,0.033641104,0.3356438,0.01855134,0.11105658,0.009029463,0_S1
c3_p051_20231019_o09,p051_20231019,51,4,3,60,3_S6,0.08740015,0.0061393385,0.79251367,0.100506015,0.012939662,0.00050123857,2_S5
c3_p051_20231023_o10,p051_20231023,51,4,3,65,3_S6,0.0330379,0.017895576,0.84107745,0.10426821,0.0031126575,0.0006082184,2_S5
c3_p051_20231027_o11,p051_20231027,51,4,3,66,3_S6,0.004311596,0.008690163,0.7301364,0.25460446,0.0020934802,0.00016387228,2_S5
c3_p051_20231101_o03,p051_20231101,51,4,3,69,3_S6,0.010558811,0.0469124,0.26637188,0.49613863,0.17393543,0.006082807,3_S6
c3_p051_20231106_o01,p051_20231106,51,4,3,70,4_S7,0.003093516,0.025544314,0.2890198,0.6294844,0.051376354,0.0014816052,3_S6
c3_p051_20231109_o08,p051_20231109,51,4,3,71,4_S7,0.0055055437,0.035088304,0.17385773,0.75946516,0.024704326,0.0013789177,3_S6
c3_p051_20231120_o04,p051_20231120,51,4,3,72,4_S7,0.009718076,0.048111465,0.32099542,0.22820944,0.37471518,0.018250346,4_S7
c3_p051_20231127_o06,p051_20231127,51,4,3,75,4_S7,0.00045238464,0.0031436146,0.012558604,0.034214366,0.88486296,0.06476806,4_S7
c3_p051_20231130_o10,p051_20231130,51,4,3,76,4_S7,0.0040937434,0.25689882,0.15242831,0.11472515,0.43326887,0.0385851,4_S7
c3_p051_20231204_o12,p051_20231204,51,4,3,77,4_S7,2.8301658e-05,0.0009826141,0.0005720891,0.017115142,0.98012656,0.0011754144,4_S7
c3_p051_20231211_o09,p051_20231211,51,4,3,78,4_S7,0.00030603044,0.003764499,0.0070286314,0.0018943526,0.8672591,0.11974741,4_S7
c3_p051_20231214_o05,p051_20231214,51,4,3,79,4_S7,0.0009161336,0.0020870042,0.008263137,0.0018311491,0.698004,0.28889865,4_S7
c3_p051_20231218_o11,p051_20231218,51,4,3,79,4_S7,0.0001951974,0.010468766,0.006757,0.004011228,0.67353386,0.30503392,4_S7
c3_p051_20231227_o05,p051_20231227,51,4,3,81,5_S8,4.7576836e-05,0.00010685795,0.00068181904,4.5784313e-05,0.010921514,0.98819643,5_S8
c3_p051_20240104_o02,p051_20240104,51,4,3,82,5_S8,0.00013401544,0.00033969796,0.00088990777,3.2882293e-05,0.005130698,0.99347275,5_S8
c3_p055_20230929_o05,p055_20230929,55,4,3,13,0_S1,0.99979407,2.940056e-05,5.7718793e-05,3.6818317e-06,7.483784e-05,4.0343315e-05,0_S1
c3_p055_20231004_o05,p055_20231004,55,4,3,13,0_S1,0.9988906,0.0002008313,0.00053960877,5.005016e-05,0.00017417286,0.00014465432,0_S1
c3_p055_20231011_o09,p055_20231011,55,4,3,14,0_S1,0.9568349,0.009225361,0.0056360574,0.026306732,0.0013347763,0.0006621559,0_S1
c3_p055_20231017_o12,p055_20231017,55,4,3,20,1_S2,0.88699704,0.015170497,0.08530022,0.00949859,0.0020388772,0.0009947828,0_S1
c3_p055_20231019_o02,p055_20231019,55,4,3,54,2_S5,0.29151487,0.011274892,0.6447969,0.04809401,0.003153501,0.0011658123,2_S5
c3_p055_20231023_o03,p055_20231023,55,4,3,55,2_S5,0.07478156,0.0712553,0.66380453,0.1806192,0.0077925846,0.0017468173,2_S5
c3_p055_20231027_o04,p055_20231027,55,4,3,60,3_S6,0.011462585,0.043409944,0.61581415,0.32404438,0.0043558227,0.0009131324,2_S5
c3_p055_20231101_o04,p055_20231101,55,4,3,63,3_S6,0.016804473,0.16796395,0.2089823,0.5435993,0.057465293,0.0051846914,3_S6
c3_p055_20231106_o05,p055_20231106,55,4,3,67,3_S6,0.00078828767,0.018050564,0.057550658,0.89321375,0.03011096,0.00028577057,3_S6
c3_p055_20231109_o04,p055_20231109,55,4,3,69,3_S6,0.00034566282,0.021764334,0.041718397,0.6455317,0.28954738,0.0010925434,3_S6
c3_p055_20231120_o04,p055_20231120,55,4,3,71,4_S7,0.0018876842,0.07796398,0.13180585,0.3729919,0.40459627,0.010754216,4_S7
c3_p055_20231127_o09,p055_20231127,55,4,3,72,4_S7,5.0599403e-05,0.001897551,0.00093813386,0.011795525,0.96048194,0.024836315,4_S7
c3_p055_20231130_o08,p055_20231130,55,4,3,75,4_S7,0.0002699861,0.0050638635,0.006310297,0.0017454464,0.9666442,0.019966183,4_S7
c3_p055_20231204_o11,p055_20231204,55,4,3,76,4_S7,0.004302662,0.0427635,0.045807168,0.012347935,0.6602995,0.2344792,4_S7
c3_p055_20231211_o04,p055_20231211,55,4,3,77,4_S7,4.3645963e-05,0.0039918344,0.0029148094,0.0019943027,0.9545037,0.036551595,4_S7
c3_p055_20231214_o05,p055_20231214,55,4,3,78,4_S7,0.00029976797,0.0012883419,0.0036110277,0.005080459,0.72393024,0.2657902,4_S7
c3_p055_20231218_o07,p055_20231218,55,4,3,79,4_S7,0.00013784869,0.0014267974,0.0027763734,0.0004682015,0.68635124,0.30883956,4_S7
c3_p055_20231227_o04,p055_20231227,55,4,3,79,4_S7,1.9521174e-05,0.0008884514,0.0017548596,0.00048446385,0.81388986,0.18296288,4_S7
c3_p055_20240104_o11,p055_20240104,55,4,3,80,5_S8,0.0004963074,0.0047866832,0.0061378293,0.00026973177,0.18725443,0.801055,5_S8
c3_p056_20230929_o09,p056_20230929,56,4,3,13,0_S1,0.99972016,5.9249018e-05,0.0001013974,1.3359787e-05,7.329721e-05,3.253208e-05,0_S1
c3_p056_20231004_o08,p056_20231004,56,4,3,13,0_S1,0.99869686,0.00027146382,0.0008092708,7.991814e-05,8.263394e-05,5.9888065e-05,0_S1
c3_p056_20231011_o07,p056_20231011,56,4,3,14,0_S1,0.94116116,0.011832345,0.011034751,0.032548077,0.0024717872,0.0009519324,0_S1
c3_p056_20231017_o09,p056_20231017,56,4,3,15,0_S1,0.58239174,0.09320217,0.2052407,0.116096415,0.0023124367,0.0007565221,0_S1
c3_p056_20231019_o11,p056_20231019,56,4,3,16,0_S1,0.09893605,0.009870666,0.833856,0.044675596,0.010303471,0.0023582517,2_S5
c3_p056_20231023_o12,p056_20231023,56,4,3,20,1_S2,0.048517715,0.052878883,0.65851074,0.21735191,0.02055164,0.0021891247,2_S5
c3_p056_20231027_o11,p056_20231027,56,4,3,55,2_S5,0.014488764,0.04753187,0.41364,0.4624442,0.058642264,0.0032528848,3_S6
c3_p056_20231101_o09,p056_20231101,56,4,3,56,2_S5,7.024153e-05,0.003630966,0.027379522,0.9317124,0.03713927,6.7620036e-05,3_S6
c3_p056_20231106_o08,p056_20231106,56,4,3,65,3_S6,0.002022462,0.1156646,0.17613746,0.6437867,0.06107207,0.0013166624,3_S6
c3_p056_20231109_o05,p056_20231109,56,4,3,67,3_S6,0.00518245,0.05999676,0.12492496,0.56335336,0.23931776,0.0072247167,3_S6
c3_p056_20231120_o07,p056_20231120,56,4,3,70,4_S7,6.779103e-05,0.006405744,0.0034970758,0.05991794,0.92663777,0.0034736292,4_S7
c3_p056_20231127_o07,p056_20231127,56,4,3,72,4_S7,4.4389394e-06,0.0002727344,0.00017813077,0.001907731,0.98929185,0.00834512,4_S7
c3_p056_20231130_o06,p056_20231130,56,4,3,73,4_S7,0.0035969678,0.12779193,0.08276103,0.046741102,0.6916612,0.047447745,4_S7
c3_p056_20231204_o10,p056_20231204,56,4,3,74,4_S7,0.00049578527,0.13376997,0.020732503,0.0049693156,0.8233382,0.016694184,4_S7
c3_p056_20231211_o02,p056_20231211,56,4,3,76,4_S7,2.5526816e-07,4.6246e-06,8.024989e-06,1.6275498e-06,0.9975758,0.0024097457,4_S7
c3_p056_20231214_o04,p056_20231214,56,4,3,78,4_S7,1.3720426e-05,0.00016044606,0.00026989542,0.00027676707,0.8898544,0.10942488,4_S7
c3_p056_20231218_o05,p056_20231218,56,4,3,80,5_S8,1.6695394e-05,0.0003128955,0.0005687529,9.419418e-05,0.80216503,0.19684233,4_S7
c3_p056_20231227_o02,p056_20231227,56,4,3,82,5_S8,1.922052e-06,4.7894946e-06,1.1959808e-05,4.3049988e-07,6.789646e-05,0.999913,5_S8
c3_p056_20240104_o07,p056_20240104,56,4,3,83,5_S8,1.4873021e-05,0.0009002377,0.0004944706,3.7491325e-05,0.0018951299,0.9966577,5_S8
c3_p062_20231006_o05,p062_20231006,62,4,3,13,0_S1,0.9997695,1.5978289e-05,8.416269e-05,2.8751142e-06,9.4873256e-05,3.269028e-05,0_S1
c3_p062_20231011_o05,p062_20231011,62,4,3,13,0_S1,0.9989434,0.0002132321,0.0003133517,5.0596616e-05,0.00029836933,0.000181014,0_S1
c3_p062_20231017_o08,p062_20231017,62,4,3,13,0_S1,0.998466,0.00017783798,0.0012115366,2.6815485e-05,6.5383145e-05,5.2477095e-05,0_S1
c3_p062_20231019_o01,p062_20231019,62,4,3,14,0_S1,0.9857567,0.00030712422,0.013500938,0.00011714881,0.00020107784,0.000117000985,0_S1
c3_p062_20231023_o07,p062_20231023,62,4,3,14,0_S1,0.9947246,0.0008783928,0.0034451408,0.0006914018,0.00016851361,9.199671e-05,0_S1
c3_p062_20231027_o07,p062_20231027,62,4,3,14,0_S1,0.07174725,0.002491768,0.87996614,0.04283808,0.00267445,0.00028231915,2_S5
c3_p062_20231101_o04,p062_20231101,62,4,3,51,2_S5,0.19817312,0.026278824,0.62082505,0.13283283,0.019416582,0.0024736424,2_S5
c3_p062_20231106_o01,p062_20231106,62,4,3,53,2_S5,0.008509556,0.017062364,0.28159094,0.6055035,0.08358779,0.0037458974,3_S6
c3_p062_20231109_o06,p062_20231109,62,4,3,60,3_S6,0.016268522,0.0054377695,0.6244195,0.32593524,0.026734522,0.001204421,2_S5
c3_p062_20231120_o05,p062_20231120,62,4,3,70,4_S7,0.022693634,0.015929947,0.28041044,0.36391369,0.31040245,0.006649781,3_S6
c3_p062_20231127_o06,p062_20231127,62,4,3,72,4_S7,0.0017374036,0.0067646075,0.006534463,0.19576748,0.75956976,0.029626224,4_S7
c3_p062_20231130_o08,p062_20231130,62,4,3,73,4_S7,0.0010121462,0.02658649,0.055696227,0.15662783,0.74440885,0.015668381,4_S7
c3_p062_20231204_o08,p062_20231204,62,4,3,75,4_S7,6.6034e-05,0.0011190965,0.0012254161,0.043565784,0.94262105,0.011402647,4_S7
c3_p062_20231211_o06,p062_20231211,62,4,3,77,4_S7,2.8194696e-05,0.0014543736,0.0008098496,0.0027143164,0.98581254,0.009180738,4_S7
c3_p062_20231214_o08,p062_20231214,62,4,3,78,4_S7,0.0033540076,0.0065466124,0.01855974,0.253538,0.6965743,0.02142735,4_S7
c3_p062_20231218_o11,p062_20231218,62,4,3,79,4_S7,0.0004498879,0.013027235,0.00872417,0.005340221,0.86019075,0.112267755,4_S7
c3_p062_20231227_o04,p062_20231227,62,4,3,79,4_S7,1.3890063e-05,0.000104304214,0.00096950243,0.0008558192,0.9801952,0.017861214,4_S7
c3_p062_20240115_o04,p062_20240115,62,4,3,82,5_S8,0.00010683644,0.0007881631,0.0017274722,0.0002998017,0.05315723,0.94392055,5_S8
c3_p062_20240119_o12,p062_20240119,62,4,3,83,5_S8,1.6409509e-06,4.2630095e-06,1.5704101e-05,3.015416e-07,2.886964e-05,0.9999491,5_S8
c3_p062_20240126_o06,p062_20240126,62,4,3,86,5_S8,5.278597e-05,0.0001888178,0.00022224974,1.4640154e-05,0.0010567625,0.9984648,5_S8
c3_p071_20231006_o01,p071_20231006,71,4,3,13,0_S1,0.9990408,2.6461192e-05,0.00024582015,3.9609367e-06,0.0005151355,0.00016791045,0_S1
c3_p071_20231011_o09,p071_20231011,71,4,3,13,0_S1,0.9997559,4.0978983e-05,0.00011685131,8.357252e-06,5.725788e-05,2.0748646e-05,0_S1
c3_p071_20231017_o07,p071_20231017,71,4,3,13,0_S1,0.99960154,6.22569e-05,0.00023285577,6.713333e-06,6.08251e-05,3.5909234e-05,0_S1
c3_p071_20231019_o06,p071_20231019,71,4,3,13,0_S1,0.9503221,0.0007618809,0.04769955,0.00050469005,0.00044952732,0.00026219693,0_S1
c3_p071_20231023_o08,p071_20231023,71,4,3,14,0_S1,0.88397115,0.008986879,0.08487309,0.020377569,0.0013368988,0.0004543297,0_S1
c3_p071_20231027_o07,p071_20231027,71,4,3,51,2_S5,0.06580514,0.008794841,0.79830205,0.11937932,0.007017893,0.0007007964,2_S5
c3_p071_20231101_o06,p071_20231101,71,4,3,60,3_S6,0.019389963,0.0055736126,0.8573791,0.11633492,0.0011723727,0.0001500405,2_S5
c3_p071_20231106_o08,p071_20231106,71,4,3,68,3_S6,0.010127924,0.02856444,0.2385433,0.6590489,0.05871779,0.0049976585,3_S6
c3_p071_20231109_o07,p071_20231109,71,4,3,69,3_S6,0.0022711079,0.004834654,0.14570363,0.8221797,0.02461147,0.0003994669,3_S6
c3_p071_20231120_o09,p071_20231120,71,4,3,70,4_S7,3.1820364e-05,0.0005587296,0.0035596783,0.103803836,0.8862651,0.005780838,4_S7
c3_p071_20231127_o12,p071_20231127,71,4,3,72,4_S7,0.0011746538,0.02634027,0.030738179,0.08923842,0.7543103,0.09819822,4_S7
c3_p071_20231130_o10,p071_20231130,71,4,3,73,4_S7,0.0053730872,0.008129133,0.14161693,0.32370988,0.4906323,0.03053869,4_S7
c3_p071_20231204_o04,p071_20231204,71,4,3,74,4_S7,0.0022456995,0.012347781,0.009936458,0.11903292,0.84103346,0.015403697,4_S7
c3_p071_20231211_o09,p071_20231211,71,4,3,75,4_S7,2.337389e-05,0.0001829294,0.00025777606,0.0047383234,0.98449624,0.010301406,4_S7
c3_p071_20231214_o09,p071_20231214,71,4,3,76,4_S7,1.3664774e-05,0.000116090116,7.9036596e-05,0.011205072,0.98233473,0.0062513473,4_S7
c3_p071_20231218_o05,p071_20231218,71,4,3,77,4_S7,9.356335e-05,0.0008177774,0.0044348976,0.0005782597,0.9515521,0.042523436,4_S7
c3_p071_20231227_o04,p071_20231227,71,4,3,78,4_S7,0.00025754565,0.004162372,0.0126068145,0.0014642372,0.9502067,0.031302314,4_S7
c3_p071_20240115_o07,p071_20240115,71,4,3,79,4_S7,2.942947e-05,0.000365567,0.00085148547,0.00010632063,0.715112,0.28353524,4_S7
c3_p071_20240119_o07,p071_20240119,71,4,3,82,5_S8,5.64929e-07,8.506558e-07,6.6133525e-06,4.4491946e-07,0.0007098909,0.9992816,5_S8
c3_p071_20240126_o10,p071_20240126,71,4,3,85,5_S8,7.6070364e-06,1.0739976e-05,2.0474658e-05,2.040087e-06,0.00048061492,0.99947864,5_S8
c3_p074_20231006_o10,p074_20231006,74,4,3,13,0_S1,0.99931407,3.26284e-05,0.0002599891,8.105401e-06,0.0003038728,8.1399456e-05,0_S1
c3_p074_20231011_o05,p074_20231011,74,4,3,13,0_S1,0.99982315,1.6459215e-05,7.408643e-05,1.6807222e-06,6.17613e-05,2.2810033e-05,0_S1
c3_p074_20231017_o02,p074_20231017,74,4,3,13,0_S1,0.99995494,5.8053843e-06,2.1512282e-05,3.788742e-07,1.3059076e-05,4.3206715e-06,0_S1
c3_p074_20231019_o11,p074_20231019,74,4,3,13,0_S1,0.9749829,0.00039289784,0.023309264,0.00029563112,0.00078242284,0.00023691486,0_S1
c3_p074_20231023_o07,p074_20231023,74,4,3,13,0_S1,0.9736155,0.0057330434,0.016142529,0.0034939973,0.00068273715,0.00033220364,0_S1
c3_p074_20231027_o05,p074_20231027,74,4,3,20,1_S2,0.32195327,0.0025068473,0.6626828,0.009289525,0.0029867087,0.0005808269,2_S5
c3_p074_20231101_o03,p074_20231101,74,4,3,53,2_S5,0.023104578,0.0035702677,0.9054439,0.05730453,0.009497394,0.0010794366,2_S5
c3_p074_20231106_o11,p074_20231106,74,4,3,60,3_S6,0.008201202,0.007816922,0.1493118,0.7129679,0.115526326,0.0061758584,3_S6
c3_p074_20231109_o08,p074_20231109,74,4,3,70,4_S7,0.0054919366,0.007416604,0.19173546,0.6772314,0.116241746,0.0018828639,3_S6
c3_p074_20231120_o05,p074_20231120,74,4,3,72,4_S7,0.0057592704,0.009532831,0.23466639,0.5482416,0.1949287,0.00687121,3_S6
c3_p074_20231127_o09,p074_20231127,74,4,3,73,4_S7,0.00015986996,0.00079972006,0.007177277,0.2640087,0.706986,0.020868333,4_S7
c3_p074_20231130_o10,p074_20231130,74,4,3,74,4_S7,0.0013363378,0.010338342,0.030608833,0.08378948,0.82347804,0.050448917,4_S7
c3_p074_20231204_o05,p074_20231204,74,4,3,75,4_S7,0.00024082718,0.0015480792,0.0018325265,0.031585287,0.93122596,0.033567335,4_S7
c3_p074_20231211_o12,p074_20231211,74,4,3,78,4_S7,6.5991167e-06,3.8005117e-05,9.142839e-05,0.00057950796,0.99677974,0.0025047031,4_S7
c3_p074_20231214_o08,p074_20231214,74,4,3,79,4_S7,3.2813125e-05,7.7837314e-05,0.00014236687,0.0008647815,0.92797303,0.07090914,4_S7
c3_p074_20231218_o04,p074_20231218,74,4,3,79,4_S7,3.578601e-05,0.00036080033,0.0008933011,0.0003911615,0.8175829,0.18073611,4_S7
c3_p074_20231227_o03,p074_20231227,74,4,3,81,5_S8,0.0002059778,0.00069379684,0.001898696,0.00014943119,0.12182249,0.87522954,5_S8
c3_p074_20240115_o10,p074_20240115,74,4,3,82,5_S8,6.051145e-06,2.0352192e-05,4.844493e-05,2.0576108e-06,0.000393671,0.9995295,5_S8
c3_p074_20240119_o11,p074_20240119,74,4,3,83,5_S8,0.00013434349,0.00014452732,0.00070466317,7.6761615e-05,0.0149051985,0.98403454,5_S8
c3_p074_20240126_o08,p074_20240126,74,4,3,88,5_S8,0.0004882175,0.0001687027,0.00021903178,8.349721e-06,0.00023026842,0.99888545,5_S8
c3_p080_20231006_o02,p080_20231006,80,4,3,13,0_S1,0.99941266,1.8708726e-05,0.00011012395,4.1518983e-06,0.00035720808,9.720536e-05,0_S1
c3_p080_20231011_o09,p080_20231011,80,4,3,13,0_S1,0.9997702,2.512256e-05,0.00012526647,2.810245e-06,5.253617e-05,2.4083089e-05,0_S1
c3_p080_20231017_o09,p080_20231017,80,4,3,13,0_S1,0.99917954,0.00013581326,0.00050209876,2.7935119e-05,0.00012978402,2.4754787e-05,0_S1
c3_p080_20231019_o08,p080_20231019,80,4,3,13,0_S1,0.91152436,0.0011874381,0.084076606,0.0012038209,0.0015795537,0.00042835312,0_S1
c3_p080_20231023_o06,p080_20231023,80,4,3,14,0_S1,0.60828155,0.019791078,0.34862265,0.018443834,0.0036017362,0.0012591914,0_S1
c3_p080_20231027_o05,p080_20231027,80,4,3,52,2_S5,0.035726484,0.0050870148,0.57012415,0.35319835,0.033813074,0.0020509234,2_S5
c3_p080_20231101_o06,p080_20231101,80,4,3,53,2_S5,0.01547918,0.0037675747,0.5902408,0.38547295,0.0045865877,0.00045290968,2_S5
c3_p080_20231106_o06,p080_20231106,80,4,3,62,3_S6,0.0039063394,0.004067238,0.06848286,0.7175703,0.19941872,0.006554521,3_S6
c3_p080_20231109_o01,p080_20231109,80,4,3,69,3_S6,0.0056504286,0.0075253267,0.2443237,0.709346,0.03225371,0.0009009115,3_S6
c3_p080_20231120_o11,p080_20231120,80,4,3,70,4_S7,0.020656984,0.06301225,0.1886506,0.46528065,0.24962732,0.012772194,3_S6
c3_p080_20231127_o05,p080_20231127,80,4,3,73,4_S7,0.00052420225,0.0031120973,0.017561963,0.2122094,0.72912526,0.0374671,4_S7
c3_p080_20231130_o11,p080_20231130,80,4,3,74,4_S7,0.0009319044,0.020721225,0.015240745,0.13801123,0.80908495,0.01601,4_S7
c3_p080_20231204_o05,p080_20231204,80,4,3,76,4_S7,0.0012141021,0.0017689324,0.0030614806,0.09947553,0.8600625,0.034417477,4_S7
c3_p080_20231211_o10,p080_20231211,80,4,3,77,4_S7,0.00017749077,0.0013698046,0.0022149268,0.006860247,0.9285235,0.06085408,4_S7
c3_p080_20231214_o03,p080_20231214,80,4,3,78,4_S7,0.0005218646,0.00053818425,0.0041836416,0.029726045,0.94581157,0.019218566,4_S7
c3_p080_20231218_o06,p080_20231218,80,4,3,79,4_S7,0.000116228635,0.00068642065,0.0016091897,0.00038762967,0.8116366,0.18556388,4_S7
c3_p080_20231227_o03,p080_20231227,80,4,3,81,5_S8,0.00041682905,0.0015634676,0.0046987934,0.0010282418,0.70117825,0.2911144,4_S7
c3_p080_20240115_o06,p080_20240115,80,4,3,85,5_S8,3.2146476e-05,5.4997006e-05,0.000118973905,6.959427e-06,0.0007492379,0.99903774,5_S8
c3_p080_20240119_o03,p080_20240119,80,4,3,88,5_S8,2.3059602e-07,8.4932886e-08,5.9696714e-07,2.6541223e-08,6.7116553e-06,0.9999924,5_S8
c3_p080_20240126_o10,p080_20240126,80,4,3,89,5_S8,1.5277682e-07,3.210493e-07,1.2171308e-06,8.1409034e-08,3.3441092e-06,0.99999475,5_S8
c3_p081_20231006_o05,p081_20231006,81,4,3,13,0_S1,0.9997999,7.814713e-06,3.8821217e-05,8.41122e-07,0.000118202675,3.433143e-05,0_S1
c3_p081_20231011_o08,p081_20231011,81,4,3,13,0_S1,0.9998895,1.1572275e-05,4.294352e-05,1.010591e-06,3.464352e-05,2.0273495e-05,0_S1
c3_p081_20231017_o10,p081_20231017,81,4,3,13,0_S1,0.99953485,7.688647e-05,0.00027644265,1.7696691e-05,7.22746e-05,2.1819034e-05,0_S1
c3_p081_20231019_o12,p081_20231019,81,4,3,13,0_S1,0.98623836,0.00012017471,0.0129300635,7.745474e-05,0.0005455487,8.844951e-05,0_S1
c3_p081_20231023_o01,p081_20231023,81,4,3,14,0_S1,0.9460584,0.010946257,0.027003808,0.007039915,0.005098985,0.0038526892,0_S1
c3_p081_20231027_o01,p081_20231027,81,4,3,53,2_S5,0.029221565,0.004024832,0.7596442,0.19170292,0.014039118,0.0013672916,2_S5
c3_p081_20231101_o04,p081_20231101,81,4,3,54,2_S5,0.010534676,0.007707491,0.6760584,0.30281702,0.002639262,0.0002431257,2_S5
c3_p081_20231106_o12,p081_20231106,81,4,3,60,3_S6,0.0017958423,0.0051920284,0.34641188,0.5806229,0.06347953,0.0024977615,3_S6
c3_p081_20231109_o01,p081_20231109,81,4,3,64,3_S6,0.0008747643,0.0018133752,0.17717074,0.78511703,0.03420195,0.0008220852,3_S6
c3_p081_20231120_o04,p081_20231120,81,4,3,67,3_S6,0.0024998176,0.011074698,0.10994482,0.38500828,0.48468667,0.0067857737,4_S7
c3_p081_20231127_o06,p081_20231127,81,4,3,72,4_S7,0.00010536391,0.0014830288,0.006754274,0.3429184,0.6362411,0.012497833,4_S7
c3_p081_20231130_o09,p081_20231130,81,4,3,73,4_S7,0.00015647206,0.006149047,0.0029850432,0.007493256,0.95326,0.029956164,4_S7
c3_p081_20231204_o12,p081_20231204,81,4,3,75,4_S7,0.0004927429,0.022008885,0.008396746,0.014882784,0.8879462,0.066272594,4_S7
c3_p081_20231211_o11,p081_20231211,81,4,3,77,4_S7,0.0007517876,0.023957444,0.015630579,0.0059005423,0.8846991,0.069060646,4_S7
c3_p081_20231214_o05,p081_20231214,81,4,3,78,4_S7,0.0068008453,0.0002987835,0.002370909,0.0009798312,0.94903547,0.040514115,4_S7
c3_p081_20231218_o09,p081_20231218,81,4,3,79,4_S7,0.0004857225,0.006064422,0.008054095,0.0015534494,0.8119235,0.1719188,4_S7
c3_p081_20231227_o04,p081_20231227,81,4,3,79,4_S7,5.082751e-05,0.00014370267,0.00064221246,5.1903447e-05,0.96095055,0.03816078,4_S7
c3_p081_20240115_o02,p081_20240115,81,4,3,83,5_S8,0.00044983253,0.00010664191,0.0002879826,6.11338e-05,0.009809063,0.9892854,5_S8
c3_p081_20240119_o07,p081_20240119,81,4,3,85,5_S8,8.5550055e-06,1.4710566e-05,5.9791182e-05,1.2829676e-06,0.00031146055,0.9996043,5_S8
c3_p081_20240126_o04,p081_20240126,81,4,3,89,5_S8,9.95841e-07,5.980675e-07,5.608841e-06,1.8657447e-07,6.0304345e-05,0.9999323,5_S8
c3_p084_20231128_o12,p084_20231128,84,4,3,66,3_S6,0.0006488432,0.0004999419,0.006676793,0.9562784,0.034822874,0.0010730707,3_S6
c3_p084_20231130_o05,p084_20231130,84,4,3,68,3_S6,9.931101e-05,0.00013176186,0.002157403,0.9835407,0.013969849,0.000100997866,3_S6
c3_p084_20231204_o01,p084_20231204,84,4,3,69,3_S6,0.00039132402,0.00046969566,0.0008673813,0.6107952,0.38587168,0.0016047474,3_S6
c3_p084_20231207_o12,p084_20231207,84,4,3,70,4_S7,0.0006166596,0.0003218065,0.0062510814,0.06662383,0.9109038,0.01528274,4_S7
c3_p084_20231211_o05,p084_20231211,84,4,3,71,4_S7,0.0012311969,0.0054513467,0.020901237,0.21228664,0.7514097,0.00871986,4_S7
c3_p084_20231218_o01,p084_20231218,84,4,3,73,4_S7,6.2722693e-06,2.9187835e-05,0.00027845506,0.00080904545,0.99214,0.006737161,4_S7
c3_p084_20231227_o02,p084_20231227,84,4,3,75,4_S7,2.2419768e-05,0.00026729726,0.0009281134,0.0010885264,0.99018645,0.007507144,4_S7
c3_p084_20240115_o07,p084_20240115,84,4,3,76,4_S7,3.2735716e-05,0.0006462294,0.00043578868,0.00031266222,0.40615788,0.5924147,5_S8
c3_p084_20240119_o10,p084_20240119,84,4,3,78,4_S7,1.7743118e-06,2.9784676e-05,2.274676e-05,0.000108079366,0.99401736,0.0058202418,4_S7
c3_p084_20240126_o09,p084_20240126,84,4,3,80,5_S8,0.00013164271,0.0058173263,0.0054469607,0.00029613255,0.06640023,0.9219076,5_S8
c3_p090_20231128_o07,p090_20231128,90,4,3,65,3_S6,0.00027898618,0.00018166238,0.004734267,0.8981173,0.09630663,0.00038115814,3_S6
c3_p090_20231130_o09,p090_20231130,90,4,3,67,3_S6,0.0001825942,0.00014401283,0.00067929405,0.9634398,0.035227135,0.00032712414,3_S6
c3_p090_20231204_o06,p090_20231204,90,4,3,65,3_S6,0.0016438172,0.00057123,0.001030833,0.44809175,0.5448465,0.0038158926,4_S7
c3_p090_20231207_o05,p090_20231207,90,4,3,67,3_S6,0.0005176954,9.535302e-05,0.0020325554,0.007310928,0.9607368,0.029306697,4_S7
c3_p090_20231211_o10,p090_20231211,90,4,3,69,3_S6,0.00027101662,0.0007541375,0.0023158279,0.11600112,0.876661,0.0039969273,4_S7
c3_p090_20231218_o03,p090_20231218,90,4,3,71,4_S7,8.163035e-05,0.00011164028,0.0022387377,0.0037444343,0.9842755,0.0095479665,4_S7
c3_p090_20231227_o11,p090_20231227,90,4,3,73,4_S7,0.00014264656,0.00041480028,0.0049099126,0.007193737,0.9459633,0.041375626,4_S7
c3_p090_20240115_o03,p090_20240115,90,4,3,76,4_S7,6.01134e-06,2.0745758e-05,0.0005260674,0.000544099,0.9933863,0.0055167577,4_S7
c3_p090_20240119_o02,p090_20240119,90,4,3,78,4_S7,7.887905e-07,1.062527e-05,1.25637625e-05,3.4483473e-05,0.9978393,0.0021021923,4_S7
c3_p090_20240126_o01,p090_20240126,90,4,3,80,5_S8,4.099764e-05,0.0005252724,0.0021259196,0.0005377815,0.7838118,0.21295819,4_S7
c3_p092_20231128_o01,p092_20231128,92,4,3,68,3_S6,0.0037651835,0.0018207778,0.01684523,0.8746003,0.09146735,0.01150119,3_S6
c3_p092_20231130_o06,p092_20231130,92,4,3,69,3_S6,2.180949e-05,3.3199223e-05,0.00019210545,0.98620516,0.013498942,4.8697093e-05,3_S6
c3_p092_20231204_o09,p092_20231204,92,4,3,70,4_S7,0.0003357488,0.0006165303,0.0010837918,0.942804,0.05418523,0.00097471947,3_S6
c3_p092_20231207_o10,p092_20231207,92,4,3,71,4_S7,0.017166441,0.030983627,0.113926455,0.15039381,0.59802866,0.08950101,4_S7
c3_p092_20231211_o06,p092_20231211,92,4,3,72,4_S7,0.002717768,0.0009925393,0.0025495845,0.05163468,0.9234746,0.01863077,4_S7
c3_p092_20231218_o07,p092_20231218,92,4,3,74,4_S7,5.4757398e-05,0.0005360144,0.001840458,0.0011480665,0.9511287,0.045292035,4_S7
c3_p092_20231227_o02,p092_20231227,92,4,3,75,4_S7,7.902824e-06,0.00011256129,0.0003374783,0.0005947318,0.97840387,0.020543402,4_S7
c3_p092_20240115_o09,p092_20240115,92,4,3,76,4_S7,5.099705e-05,0.0005065327,0.00074514805,0.00016288782,0.84190816,0.15662618,4_S7
c3_p092_20240119_o10,p092_20240119,92,4,3,78,4_S7,3.0703555e-05,0.00028168058,0.0002116003,0.0002275728,0.8858835,0.11336488,4_S7
c3_p092_20240126_o07,p092_20240126,92,4,3,83,5_S8,2.0355445e-05,4.9379396e-05,0.0002839318,9.515927e-06,0.0018829383,0.9977539,5_S8
c3_p100_20231128_o09,p100_20231128,100,4,3,66,3_S6,0.0002540339,0.0004139026,0.009036176,0.9028519,0.084689155,0.0027548599,3_S6
c3_p100_20231130_o12,p100_20231130,100,4,3,68,3_S6,0.00021094743,0.00013160113,0.00045017552,0.98332626,0.015734661,0.00014632833,3_S6
c3_p100_20231204_o03,p100_20231204,100,4,3,69,3_S6,2.5883015e-05,7.71989e-05,0.00029547187,0.8339459,0.16514482,0.00051075575,3_S6
c3_p100_20231207_o12,p100_20231207,100,4,3,68,3_S6,0.009672672,0.034205746,0.07746268,0.21739142,0.63454956,0.026717914,4_S7
c3_p100_20231211_o07,p100_20231211,100,4,3,69,3_S6,0.0011927418,0.008024757,0.016298188,0.67034775,0.300308,0.0038285227,3_S6
c3_p100_20231218_o11,p100_20231218,100,4,3,70,4_S7,1.0707887e-06,1.709534e-05,0.000109208006,0.00208253,0.99126935,0.0065207225,4_S7
c3_p100_20231227_o01,p100_20231227,100,4,3,72,4_S7,2.1185247e-06,7.052465e-05,0.000334234,0.001862142,0.9954775,0.0022535142,4_S7
c3_p100_20240115_o08,p100_20240115,100,4,3,75,4_S7,0.00065247633,0.018743943,0.010003006,0.008440608,0.8166443,0.14551574,4_S7
c3_p100_20240119_o04,p100_20240119,100,4,3,77,4_S7,1.0011206e-05,0.00010889599,0.00017814942,0.0005030291,0.9746659,0.024534037,4_S7
c3_p100_20240126_o12,p100_20240126,100,4,3,79,4_S7,5.647865e-06,9.684748e-05,0.00032681087,0.00012534419,0.94739366,0.052051704,4_S7
