session,plant,fold,bbch,cls,p_0_S1,p_1_S2,p_2_S5,p_3_S6,p_4_S7,p_5_S8,pred,camera
p005_20230816,5,0,65,3_S6,0.0251447706671365,0.2499827022523,0.090859008176,0.0328309769625,0.600812547085,0.00037003717466,4_S7,fusion
p005_20230921,5,0,77,4_S7,0.015097806012500001,0.016398418850000002,0.018866675325,0.028204590325,0.86415645,0.0572760991,4_S7,fusion
p005_20231005,5,0,79,4_S7,0.00304009827,0.002670988125,0.088123162475,0.030043825974999997,0.7844022750000001,0.09171966855000001,4_S7,fusion
p006_20230816,6,0,65,3_S6,0.0002063633417,0.0134257314135,0.006766049299999999,0.8931613,0.08634580725,9.4743156005e-05,3_S6,fusion
p006_20230921,6,0,78,4_S7,0.00019834838968,0.000397693438625,0.00037840344716,0.003373901320985,0.9873312575000001,0.00832037769,4_S7,fusion
p006_20231005,6,0,79,4_S7,3.56780588625e-06,6.6590708835e-07,6.35767559466e-05,1.9793149701e-05,0.6995380024,0.30037441524749997,4_S7,fusion
p008_20230816,8,0,63,3_S6,0.010007041244625,0.2153297692485,0.010431964725,0.7127530774999999,0.05143597232375,4.21825744275e-05,3_S6,fusion
p008_20230921,8,0,73,4_S7,0.00015725197600000002,0.0009329285905000001,0.032289729775,0.009543733983250001,0.934670645,0.022405703342500003,4_S7,fusion
p008_20231005,8,0,76,4_S7,0.00076000064875,0.00236528729525,0.0034353685350000003,0.116249914907975,0.36214584325,0.5150435965000001,5_S8,fusion
p010_20230816,10,0,64,3_S6,0.00044537889324999997,0.0053681309,0.003926535425,0.9812126999999999,0.009035371374999998,1.1861212364999999e-05,3_S6,fusion
p010_20230921,10,0,72,4_S7,9.326557979000001e-05,0.0283259201000525,0.00463310678125,0.00303221226225,0.94943205,0.01448340912275,4_S7,fusion
p010_20231005,10,0,85,5_S8,0.0023101965047499996,0.00445927557,0.0121779516325,0.0090379565085,0.317106140875,0.65490848,5_S8,fusion
p016_20230816,16,0,70,4_S7,0.0001914359559265,0.011908398173175,0.0025300597265,0.877104695,0.10810052285,0.0001648969554125,3_S6,fusion
p016_20230921,16,0,75,4_S7,8.386296525e-06,0.0006429583517499999,0.001283432414,0.15826399318374998,0.838434565,0.00136668122,4_S7,fusion
p016_20231005,16,0,77,4_S7,0.00045347795572,0.001961146988875,0.027590985675,0.00074583954665,0.8099062224999999,0.1593423473925,4_S7,fusion
p017_20230816,17,0,71,4_S7,0.00526441497119875,0.0628889110463815,0.026504991844345,0.8130376825,0.09200557875,0.0002984815738601,3_S6,fusion
p017_20230921,17,0,74,4_S7,4.2151045575e-06,2.039306575e-05,0.0002318406824125,0.0010942187742,0.9961512,0.0024981926297875,4_S7,fusion
p017_20231005,17,0,72,4_S7,0.000218369649985,0.000486697416025,0.0008658957188,7.141806468e-05,0.435638553075,0.56271906828,5_S8,fusion
p025_20230828,25,0,16,0_S1,0.9976448625000001,0.0013572236975,0.0008921863508599999,7.584008706385e-05,1.4062274418875e-05,1.58337930725e-05,0_S1,fusion
p025_20230904,25,0,22,1_S2,0.36781638549999995,0.11478583875,0.42120820125,0.08761042975,0.0084921173875,8.7029654e-05,2_S5,fusion
p025_20230908,25,0,61,3_S6,0.00100026705,0.07988822590000001,0.023887178642499996,0.8084950774999999,0.08639817075,0.000331111011325,3_S6,fusion
p025_20230921,25,0,70,4_S7,0.00059420277322575,0.00466928783425,0.00962212536925,0.1147009715,0.8696154,0.000798022492125,4_S7,fusion
p025_20231006,25,0,72,4_S7,0.06898229395774999,0.0209457202,0.2079816585525,0.13974635792499998,0.5514879745,0.0108560411925,4_S7,fusion
p025_20231017,25,0,75,4_S7,2.2815656628945003e-06,5.44410586164075e-05,0.00025976881488440747,0.0033052802546249998,0.996027625,0.0003505994749825,4_S7,fusion
p025_20231023,25,0,76,4_S7,2.47485877582125e-07,2.9229247625e-05,4.223758343375e-06,0.00034033090774999997,0.999512085,0.00011388927584365,4_S7,fusion
p025_20231027,25,0,77,4_S7,1.4718667794999999e-06,0.000208516713875,9.443873987500001e-06,0.0006626788835749999,0.99782886,0.0012890368050000002,4_S7,fusion
p025_20231101,25,0,78,4_S7,2.4897189075e-07,0.0384129714245,1.6527524225e-05,0.0026427530796749995,0.9582985525,0.0006289600475,4_S7,fusion
p025_20231106,25,0,79,4_S7,1.034361506735e-06,8.6844636325e-05,2.3320866645e-05,4.40966858882e-05,0.9889192,0.0109255028975,4_S7,fusion
p025_20231109,25,0,79,4_S7,2.29872232535e-06,0.025925416992495003,0.00020287478822549998,0.000411000694195,0.9645794349999999,0.008879003375000001,4_S7,fusion
p025_20231120,25,0,81,5_S8,1.1357759905999999e-05,0.015771089018225,0.000374609145975,1.3982539655625e-05,0.31798465981375,0.665844305,5_S8,fusion
p025_20231124,25,0,81,5_S8,0.000390880862225,0.0771574826571,0.00878371886165,0.004511873211499999,0.39258303175,0.5165730146749999,5_S8,fusion
p025_20231127,25,0,81,5_S8,7.03084711175e-05,0.0112514596271,0.0048354848925,0.00183244474966,0.046788559555,0.9352217349999999,5_S8,fusion
p025_20231130,25,0,81,5_S8,2.3440181425e-05,0.000334584186875,0.0014511951939999998,1.897744095e-05,0.20176336604500003,0.7964084575,5_S8,fusion
p030_20230828,30,0,15,0_S1,0.9061482399999999,0.08870291115999998,0.0049667252145,0.000124827323975,3.3554047259999995e-05,2.3697511275000002e-05,0_S1,fusion
p030_20230904,30,0,53,2_S5,0.21448741162499999,0.170016626175,0.49410304549999995,0.11843233675,0.0029418292610000002,1.87632733e-05,2_S5,fusion
p030_20230908,30,0,62,3_S6,5.2159312279e-05,0.0033097237605,0.0015039393925,0.9774499925,0.017663460863075,2.07148979153075e-05,3_S6,fusion
p030_20230921,30,0,70,4_S7,0.0001122068963795,0.004495943683245,0.00183848205175,0.13132057265000002,0.8614090175,0.0008238408805,4_S7,fusion
p030_20231006,30,0,73,4_S7,1.24588397e-07,1.1522922349999999e-05,1.3247957675e-05,0.0022855205125,0.9976799999999999,9.5792290175e-06,4_S7,fusion
p030_20231017,30,0,75,4_S7,1.142608669e-06,0.0005888221462705,3.6922154475e-05,0.0009066247587749999,0.9978599349999999,0.00060659545085,4_S7,fusion
p030_20231023,30,0,76,4_S7,1.97326579e-09,4.43887894075e-06,6.3560213635e-07,4.30805580675e-05,0.9999285600000001,2.3328389000000002e-05,4_S7,fusion
p030_20231027,30,0,77,4_S7,2.1741581490000001e-07,0.0003336982895,2.3255568287499998e-05,0.00016088784339999998,0.99877829,0.00070363047125,4_S7,fusion
p030_20231101,30,0,78,4_S7,0.0002838160877025,0.0006440832076675,0.000244576499025,0.00295572415615,0.79456589,0.20130589789250003,4_S7,fusion
p030_20231106,30,0,79,4_S7,0.00015510097559325001,8.63881382425e-05,0.0003302923512375,0.001645515230325,0.9438798899999999,0.053902832715,4_S7,fusion
p030_20231109,30,0,79,4_S7,7.759222788999999e-07,0.0026315365462,1.7808467e-06,1.1804855575000001e-05,0.9925719125,0.004782144827,4_S7,fusion
p030_20231120,30,0,81,5_S8,7.980782530000002e-06,0.001108727643775,0.00019215653904000002,4.288603543625e-05,0.48005947574999996,0.518588795,5_S8,fusion
p030_20231124,30,0,82,5_S8,6.24692221e-05,0.0011754273075,0.07658881332499999,1.7006048325e-05,0.040738187575,0.88141809,5_S8,fusion
p030_20231127,30,0,85,5_S8,1.875675772125e-05,0.00035708412956575,0.0003999162138125,0.000203267425576,0.0990974241661,0.8999235575,5_S8,fusion
p030_20231130,30,0,87,5_S8,0.00031023198436749995,0.00039569381154,0.004014204506250001,4.42907509942125e-05,0.0015062838421999998,0.99372931,5_S8,fusion
p035_20230828,35,0,14,0_S1,0.994892165,0.0005996994935,0.00392871637929025,0.0005267053179380001,2.6604955709999998e-05,2.6064845455e-05,0_S1,fusion
p035_20230904,35,0,16,0_S1,0.10755882118250001,0.1377061821514,0.7234497675,0.0219550552425,0.0088162263275,0.000513919881035,2_S5,fusion
p035_20230908,35,0,52,2_S5,0.027096252192749998,0.013278379208575001,0.126405515,0.8209815599999999,0.01126347473,0.0009748158264544999,3_S6,fusion
p035_20230921,35,0,52,2_S5,0.16175008147,0.061558802375000006,0.066439679025,0.6183350365,0.09140570652249999,0.000510673762475,3_S6,fusion
p035_20231006,35,0,52,2_S5,0.00355183854535,0.04445025425,0.006628588449999999,0.20056934213299998,0.7430196000000001,0.00178038765,4_S7,fusion
p035_20231017,35,0,52,2_S5,0.027942497301999998,0.00999330915,0.007848368925,0.0128266047,0.939458685,0.0019305519595,4_S7,fusion
p035_20231023,35,0,52,2_S5,0.000650021239673375,0.0127346337245,0.005652138631575,0.002323358619135,0.9720882675,0.006551591953800001,4_S7,fusion
p035_20231027,35,0,52,2_S5,7.895584435e-05,0.38571827574999995,0.0066770228475,0.00665240425,0.5942690214999999,0.006604346425,4_S7,fusion
p035_20231101,35,0,52,2_S5,0.00023043266363820004,0.08132498063835,0.001099993424865,0.021436650047500002,0.8857545124999999,0.01015345142075,4_S7,fusion
p035_20231106,35,0,52,2_S5,1.426546945525e-06,0.00040206522025,0.00019505549021,0.00269769508875,0.99623316,0.00047063605663999995,4_S7,fusion
p035_20231109,35,0,52,2_S5,1.2083533032500001e-05,0.18846143685675,0.000166925504225,0.0182103512925,0.7577140525,0.035435196925,4_S7,fusion
p035_20231120,35,0,52,2_S5,9.293506131e-06,0.024515458283999998,0.00022140590667,0.01635327680435,0.8970439400000001,0.06185663795,4_S7,fusion
p035_20231124,35,0,52,2_S5,0.0007861916976675,0.07566786590874999,0.1400860356162,0.01604742734175,0.6312188599999999,0.13619362675000002,4_S7,fusion
p035_20231127,35,0,52,2_S5,0.00010218925951499999,0.141320643675,0.08940870274124998,0.0139055860475,0.46559019695000003,0.2896726925,4_S7,fusion
p035_20231130,35,0,52,2_S5,9.71943975e-05,0.026351234,0.027083725935,0.00026238185575,0.5210894625,0.42511599325000005,4_S7,fusion
p036_20230828,36,0,51,2_S5,0.9382599275000001,0.043497907375,0.00845294975575,0.009653204754675,6.84188393155e-05,6.75899534e-05,0_S1,fusion
p036_20230904,36,0,60,3_S6,0.174193828625,0.47088880099999997,0.248707935775,0.1036706493,0.0024056614394999997,0.00013307571867499999,1_S2,fusion
p036_20230908,36,0,63,3_S6,0.0007751848042382499,0.002667855367104,0.00140762606025,0.9870391875,0.008102998761000001,7.122217002005e-06,3_S6,fusion
p036_20230921,36,0,70,4_S7,0.00020686704777600002,0.00025106585575,0.00148387420475,0.12255120555,0.875387895,0.00011907643160125,4_S7,fusion
p036_20231006,36,0,72,4_S7,0.0030338516635295,0.0119312924525,0.074490959446125,0.141275351667,0.7685207175,0.00074782570975,4_S7,fusion
p036_20231017,36,0,73,4_S7,5.06831771285e-05,0.00246330730775,0.00107835942375,0.10128503678749999,0.8947731074999999,0.0003494899377575,4_S7,fusion
p036_20231023,36,0,74,4_S7,3.1513592830999997e-06,0.0040962177296855,0.0001414501952575,0.0091536207345,0.9864549425,0.00015057015825,4_S7,fusion
p036_20231027,36,0,75,4_S7,5.9753684725e-06,0.0150270582136,0.0008854862632,0.018491988925,0.96446622,0.00112327052575,4_S7,fusion
p036_20231101,36,0,76,4_S7,2.805800741045e-05,0.000116490553975,0.00050190603525175,0.00438194896,0.9914123225,0.0035593037673432503,4_S7,fusion
p036_20231106,36,0,77,4_S7,7.108775651593999e-05,0.012853563497965001,0.00107379156482375,0.167778452013395,0.7885006649999999,0.029722402755499998,4_S7,fusion
p036_20231109,36,0,78,4_S7,1.44874442237625e-05,0.10263455027298074,0.000602504828295935,0.00624505964674,0.8680211074999999,0.0224823170325,4_S7,fusion
p036_20231120,36,0,81,5_S8,0.000215410592625,0.0031969163849999995,0.00024776090750000003,0.000180929102875,0.12782521252499998,0.8683338,5_S8,fusion
p036_20231124,36,0,82,5_S8,0.00013272260275,0.0065146566025,0.005121922335000001,0.00055019264575,0.05557515044,0.93210533,5_S8,fusion
p036_20231127,36,0,83,5_S8,0.00044429923765000004,0.0003904008477499999,0.016047200095000002,0.0005923102075,0.0193994557625,0.9631263250000001,5_S8,fusion
p036_20231130,36,0,84,5_S8,0.000114463285925,8.839800007500001e-05,0.00652933935525,6.325898025e-05,0.0030890437375,0.990115515,5_S8,fusion
p054_20230929,54,0,13,0_S1,0.9999063075000001,3.7474991224999996e-05,2.0042758049999998e-05,3.702100175e-06,1.2475892275e-05,2.00386885e-05,0_S1,fusion
p054_20231004,54,0,13,0_S1,0.98745075,0.0027691250173749998,0.00100944077725,0.000121774831825,0.0020464884991550003,0.006602435956325,0_S1,fusion
p054_20231011,54,0,14,0_S1,0.91633399,0.0008465801155,0.0754586508075,0.00242410431525,0.004152653524000001,0.000783943202175,0_S1,fusion
p054_20231017,54,0,53,2_S5,0.4072464612,0.0847902565,0.39997480474999997,0.061952496224999994,0.041181662810000005,0.004854345685,0_S1,fusion
p054_20231019,54,0,53,2_S5,0.539500702075,0.027987944924999997,0.42668309675,0.0042668822,0.0012999170775000002,0.00026144114125000004,0_S1,fusion
p054_20231023,54,0,60,3_S6,0.251629828175,0.03763455595,0.43387339675000003,0.0874264885,0.187728655225,0.0017070428607500001,2_S5,fusion
p054_20231027,54,0,65,3_S6,0.004467890589,0.01397487561,0.182312954725,0.6704569075,0.12743025797500002,0.0013571064385,3_S6,fusion
p054_20231101,54,0,65,3_S6,0.016135939613452503,0.0021654575800000003,0.06723534582500001,0.68015572,0.23163669791424998,0.00267085292129,3_S6,fusion
p054_20231106,54,0,68,3_S6,0.00169799316525,0.007778830107499999,0.1449082055,0.42794649125,0.41704628825,0.00062214011,3_S6,fusion
p054_20231109,54,0,70,4_S7,0.000209689933,0.0003042587765,0.0027093051025,0.10502744675,0.8907147,0.001034529248,4_S7,fusion
p054_20231120,54,0,71,4_S7,0.03321585509125,0.00148333636585,0.0027162079715,0.009825158885000001,0.92168651,0.031072926,4_S7,fusion
p054_20231127,54,0,73,4_S7,3.110602124e-06,1.7793228246750002e-05,3.609950215e-06,0.0026630937812499996,0.9970337524999999,0.000278655936,4_S7,fusion
p054_20231130,54,0,75,4_S7,4.5592813000000004e-05,0.00054800078475,0.00801652928375,0.00913831156,0.88665757,0.09559400899,4_S7,fusion
p054_20231204,54,0,78,4_S7,8.230851615e-05,0.00030744506995,0.001820369383975,0.018009291433250002,0.9774032100000001,0.002377366355,4_S7,fusion
p054_20231211,54,0,79,4_S7,5.10939523117725e-06,0.0001126964145669125,5.11584138202e-05,0.0132417579037375,0.97484624,0.011743005739625,4_S7,fusion
p054_20231214,54,0,79,4_S7,2.0082779475e-07,1.706343041536125e-05,1.517301736135e-06,9.995558503785e-05,0.9884524325,0.011428839400000002,4_S7,fusion
p054_20231218,54,0,79,4_S7,4.171318995e-07,2.138883884e-05,5.6516352775e-06,0.00153579911075,0.9971994500000001,0.0012372799925,4_S7,fusion
p054_20231227,54,0,79,4_S7,1.1566399550000001e-05,0.012438344140407002,0.0001663336723525,7.701606526749999e-05,0.7367333699999999,0.2505734085,4_S7,fusion
p054_20240104,54,0,82,5_S8,6.4625508122e-06,0.00022650515183774997,3.6055909903797503e-05,1.6790307757499996e-05,0.6867758037975,0.312938402925,4_S7,fusion
p057_20230929,57,0,13,0_S1,0.9999081000000001,4.1193254700000006e-05,2.7484724749999997e-05,9.20885511e-06,2.9104898225e-06,1.1132805100000002e-05,0_S1,fusion
p057_20231004,57,0,13,0_S1,0.8772083850000001,0.00623112431,0.11081475001625,0.00119314776995,0.002013928185675,0.0025386631064,0_S1,fusion
p057_20231011,57,0,21,1_S2,0.9247585125,0.0031442147575,0.07073617074724999,0.0012441934062375,0.00010889067218750001,8.042785725e-06,0_S1,fusion
p057_20231017,57,0,60,3_S6,0.051965105706000006,0.0938106849985,0.7583486374999999,0.09247829654249999,0.0032554477999999997,0.0001418509173425,2_S5,fusion
p057_20231019,57,0,61,3_S6,0.00316146581,0.013446355425,0.36376132075,0.61629369,0.0032720130000000003,6.51276885125e-05,3_S6,fusion
p057_20231023,57,0,64,3_S6,0.0001718384104076,0.011224939054025,0.031225533970000004,0.9245554524999999,0.0327851594925,3.7102174709000005e-05,3_S6,fusion
p057_20231027,57,0,65,3_S6,2.275402811875e-05,0.00261785525,0.00221704858125,0.6299485475,0.36484248999999996,0.000351293729804,3_S6,fusion
p057_20231101,57,0,67,3_S6,0.004205074610414425,0.06469334132215,0.07026631685300001,0.579987291,0.28011275925,0.000735193573845,3_S6,fusion
p057_20231106,57,0,70,4_S7,8.651018385e-07,0.00010256335157500002,6.9727694625e-05,0.5987164675000001,0.40028968649999996,0.0008206858581249999,3_S6,fusion
p057_20231109,57,0,71,4_S7,5.6281361342500005e-06,2.132167565e-05,3.356659780000001e-05,0.24560410624999998,0.74065971675,0.01367568184575,4_S7,fusion
p057_20231120,57,0,73,4_S7,7.6618988925e-08,5.53507725e-06,1.3462173325e-06,0.00062035777125,0.99687879,0.0024938897199999997,4_S7,fusion
p057_20231127,57,0,75,4_S7,5.308387379249999e-07,2.145991365e-06,6.635011401e-06,0.012106651954609998,0.98778195,0.0001021075875,4_S7,fusion
p057_20231130,57,0,77,4_S7,2.44040305e-07,1.09480654e-06,7.2917299635000005e-06,0.0022387370051,0.7638870509999999,0.233865605675,4_S7,fusion
p057_20231204,57,0,78,4_S7,6.782192105125e-06,4.18475880575e-06,3.6707556267500005e-05,6.0072051325e-05,0.999140365,0.0007518892404,4_S7,fusion
p057_20231211,57,0,79,4_S7,2.596491165e-07,1.2153538675e-06,2.567090525e-06,0.00032084303745,0.9934984225,0.00617674966,4_S7,fusion
p057_20231214,57,0,79,4_S7,3.3460267699999996e-07,1.4031446253e-06,3.6831986300000004e-07,3.54770332e-06,0.964475065,0.035519282175,4_S7,fusion
p057_20231218,57,0,79,4_S7,1.4715261845999999e-05,5.2012614857175e-05,4.6110630567e-05,0.00023746041581750003,0.7976474225000001,0.2020023206875,4_S7,fusion
p057_20231227,57,0,80,5_S8,0.0001315679775865,0.00288485941284375,0.00257749107608125,0.00020246105820125002,0.37207707525,0.62212655575,5_S8,fusion
p057_20240104,57,0,83,5_S8,0.000125099137535,0.000246418919575,0.00027296247627500004,2.1961401135e-05,0.1540957032625,0.8452378425,5_S8,fusion
p066_20231006,66,0,13,0_S1,0.9997726625000001,2.18589568e-05,4.587399625e-05,6.1599573e-06,2.777819e-05,0.0001256429855,0_S1,fusion
p066_20231011,66,0,13,0_S1,0.9996437675000001,2.1198560625e-05,3.090232725e-05,1.507248185e-05,8.127895561e-05,0.00020776778975,0_S1,fusion
p066_20231017,66,0,13,0_S1,0.9986946824999999,0.000119909562785,0.00015370854475,3.8831765330000005e-05,0.0006079577080075001,0.0003849289256,0_S1,fusion
p066_20231019,66,0,13,0_S1,0.9976342650000001,0.00190919147935,0.000387044138625,1.286341498e-05,9.07157105e-06,4.7545623615000005e-05,0_S1,fusion
p066_20231023,66,0,13,0_S1,0.9688537525,0.008384362878,0.015397927165,0.00231234358375,0.0038836589354125,0.0011679604021,0_S1,fusion
p066_20231027,66,0,14,0_S1,0.6519501,0.0137029336,0.33315680150000004,0.001126251766925,3.89979355e-05,2.496314625e-05,0_S1,fusion
p066_20231101,66,0,53,2_S5,0.2806864830175,0.03152301163625,0.6842954367499999,0.0034397583575000003,4.0369679082499996e-05,1.4988812228375e-05,2_S5,fusion
p066_20231106,66,0,60,3_S6,0.000842933612375,0.037061815955,0.44239517859999994,0.5174122015,0.00220789179,7.997038240749999e-05,3_S6,fusion
p066_20231109,66,0,65,3_S6,1.74400182575e-05,0.000219984042575,0.0044836470475,0.97569955,0.0195374386925,4.19004402685e-05,3_S6,fusion
p066_20231120,66,0,67,3_S6,4.4351745555e-07,0.000103340633195,5.1277472694999995e-05,0.49219861225,0.5076435767499999,2.6924623075e-06,4_S7,fusion
p066_20231127,66,0,70,4_S7,2.2447720825e-07,1.5979049e-05,3.9612057905e-05,0.014854417175,0.9850717075000001,1.8042625625e-05,4_S7,fusion
p066_20231130,66,0,71,4_S7,7.8464856499375e-07,1.61841216989e-05,1.21707580271e-05,0.002390142125,0.9973864575,0.00019420546062499998,4_S7,fusion
p066_20231204,66,0,73,4_S7,2.2605034882500007e-06,2.4754901772500003e-05,1.301655702e-05,0.00569585752,0.9942205550000001,4.35691264e-05,4_S7,fusion
p066_20231211,66,0,75,4_S7,1.927505027e-06,6.5681494345e-05,5.362628009e-05,0.00550930905075,0.9939795524999999,0.00038991153375,4_S7,fusion
p066_20231214,66,0,78,4_S7,1.0659984725e-07,2.2236329375000003e-06,1.2016243512499999e-06,0.00015133445168100001,0.9994828,0.00036232875004999995,4_S7,fusion
p066_20231218,66,0,79,4_S7,6.88496103e-07,0.00012345546045,9.858520725e-05,0.0015546267175,0.9884808025,0.009741810396500001,4_S7,fusion
p066_20231227,66,0,80,5_S8,2.081531385e-06,0.00010144529880000002,3.0648351274999996e-05,6.670634025e-05,0.967125035,0.032674132499999994,4_S7,fusion
p066_20240115,66,0,82,5_S8,4.350927306950001e-07,3.43481487881e-05,5.93706647175e-06,4.57093367431e-06,0.03193308283875,0.9680215725000001,5_S8,fusion
p066_20240119,66,0,82,5_S8,9.4678155686e-07,2.0895459067985e-05,3.8753021596175e-06,3.6421495774e-06,0.00016765012475,0.999803035,5_S8,fusion
p066_20240126,66,0,84,5_S8,1.63391026865e-05,0.00022981051298,7.73792301765e-05,7.3204707765e-05,0.0014531046849999998,0.9981501500000001,5_S8,fusion
p069_20231006,69,0,13,0_S1,0.9998428175,2.80299542e-05,4.551148395e-05,5.288075675e-06,1.202438e-05,6.628494225e-05,0_S1,fusion
p069_20231011,69,0,13,0_S1,0.9998016224999999,4.467453111e-05,2.7645755475e-05,1.4072522045e-05,3.176110863125e-05,8.024152605e-05,0_S1,fusion
p069_20231017,69,0,13,0_S1,0.99957159,9.5307813e-05,0.0002593426275,1.60548615e-05,1.820859585e-05,3.9466187725e-05,0_S1,fusion
p069_20231019,69,0,14,0_S1,0.9993759600000001,0.00039001799475,0.00015519019749999998,8.8213215275e-06,1.8400930801e-05,5.1624090174999994e-05,0_S1,fusion
p069_20231023,69,0,14,0_S1,0.95723235,0.02548294159945,0.016084574825,0.0005401851238,0.00035618178667899995,0.000303763145245,0_S1,fusion
p069_20231027,69,0,15,0_S1,0.4231416866,0.032179231207675005,0.5337660375,0.0091403628625,0.001360297651175,0.000412351474303775,2_S5,fusion
p069_20231101,69,0,53,2_S5,0.09187667358925,0.041924996900000004,0.7783313425,0.06019000715,0.026356956266175,0.001320017098737375,2_S5,fusion
p069_20231106,69,0,61,3_S6,1.2938678566545e-05,0.0001459253338425,7.213581336e-05,0.9665246975,0.033200032799425,4.425064784417415e-05,3_S6,fusion
p069_20231109,69,0,66,3_S6,2.3810353217381247e-06,0.00016338285276250002,0.000228525451229,0.7210229375,0.277631011325,0.0009517585882202374,3_S6,fusion
p069_20231120,69,0,70,4_S7,0.00028630258559999997,0.0009936441711000002,0.0018680754640000002,0.5431933800000001,0.4529548485,0.0007037540890000001,3_S6,fusion
p069_20231127,69,0,72,4_S7,1.9458163748e-06,8.950070035e-06,8.88505139e-06,0.22769994375,0.7721634774999999,0.00011680596635000001,4_S7,fusion
p069_20231130,69,0,73,4_S7,5.33149367325e-05,0.001073112248075,0.009901403868445,0.00307688719,0.9305336175000001,0.05536168215,4_S7,fusion
p069_20231204,69,0,74,4_S7,0.00019604077250000003,0.0005897075925,0.0009088661084999999,0.09533446274999999,0.9010248949999999,0.0019459891875,4_S7,fusion
p069_20231211,69,0,76,4_S7,5.159756413025e-05,0.00031449602175,7.07436151925e-05,0.0035025219545,0.9744499600000001,0.02161071659,4_S7,fusion
p069_20231214,69,0,77,4_S7,1.3590145200000002e-06,5.6976601193499995e-06,4.0063053755e-06,1.1345506070000002e-05,0.9992491024999999,0.000728465472425,4_S7,fusion
p069_20231218,69,0,78,4_S7,3.1453544317499998e-06,9.21313542875e-06,3.061432615e-05,8.5234825005e-05,0.8559627825,0.143909036467775,4_S7,fusion
p069_20231227,69,0,79,4_S7,2.89923128315e-06,3.7291313856385e-06,2.75451399955e-06,3.6321238344e-06,0.902545025,0.097441969200375,4_S7,fusion
p069_20240115,69,0,82,5_S8,6.9605531125e-06,2.72134208125e-05,2.22045943275e-05,1.3668833155875e-05,0.28978837449,0.71014155,5_S8,fusion
p069_20240119,69,0,82,5_S8,3.0567044875e-05,3.9907215369250004e-05,1.9199795019999998e-05,9.480015775e-06,0.00137576819,0.9985250975,5_S8,fusion
p069_20240126,69,0,84,5_S8,1.3349802299999999e-05,9.464467825e-06,1.2645071175e-05,2.095770473e-05,0.138353107791,0.86159045,5_S8,fusion
p070_20231006,70,0,13,0_S1,0.9998417900000001,2.8870849992500003e-05,8.1880923e-05,1.19618973775e-05,7.55453633e-06,2.80072104e-05,0_S1,fusion
p070_20231011,70,0,13,0_S1,0.9996903125,4.2964707300000006e-05,3.3577323749999994e-05,1.2699672875e-05,4.115491355e-05,0.00017926970072500002,0_S1,fusion
p070_20231017,70,0,13,0_S1,0.9981396925,0.0007476031375,0.000874545945,2.8308639300000004e-05,7.22147253e-05,0.000137632939325,0_S1,fusion
p070_20231019,70,0,14,0_S1,0.99724118,0.000660600624,0.002023434225,2.2627560175e-05,1.3364553174999999e-05,3.8852641125e-05,0_S1,fusion
p070_20231023,70,0,14,0_S1,0.9062962075,0.0027239014394999997,0.09061991315205,0.00029765669069,2.98552407475e-05,3.248032339e-05,0_S1,fusion
p070_20231027,70,0,21,1_S2,0.297428709555,0.0335034048265,0.6083469149999999,0.060273157845,0.00042047300524999996,2.73956584075e-05,2_S5,fusion
p070_20231101,70,0,60,3_S6,0.049984638748,0.1005137545375,0.58445345425,0.2645816730325,0.00041260556021999997,5.387209283308749e-05,2_S5,fusion
p070_20231106,70,0,62,3_S6,1.8503549850000002e-06,0.0007481576800500001,0.00087080218475,0.9973574575,0.0006849836587500001,0.0003367751493245,3_S6,fusion
p070_20231109,70,0,65,3_S6,2.1406811e-05,0.0018837888499999998,0.004145784275,0.82697057,0.16661088455,0.00036753822462499996,3_S6,fusion
p070_20231120,70,0,70,4_S7,4.03102352225e-05,0.001297986110575,0.0006427765106499999,0.66151635762,0.336233656,0.00026890831749999997,3_S6,fusion
p070_20231127,70,0,71,4_S7,1.3249954899999999e-05,0.00010209587775,0.0002476307302,0.16138133095,0.8381989400000001,5.6756317524999996e-05,4_S7,fusion
p070_20231130,70,0,73,4_S7,9.916120659e-05,0.000710054825,0.0049902650695,0.013961259524999999,0.9621132800000001,0.0181259754325,4_S7,fusion
p070_20231204,70,0,75,4_S7,2.0612518075e-06,1.9142520175e-05,9.589993275e-06,0.008290659488825,0.991613495,6.506488375e-05,4_S7,fusion
p070_20231211,70,0,76,4_S7,9.028109257459351e-06,0.0004967815904035,7.906252153315001e-05,0.00068738049653225,0.9438188949999999,0.054908830164800006,4_S7,fusion
p070_20231214,70,0,77,4_S7,3.721087525e-08,2.6531226837499997e-07,8.013575310000001e-08,2.814569066e-05,0.9998018900000001,0.00016961481365,4_S7,fusion
p070_20231218,70,0,78,4_S7,3.6343441170825e-06,0.00053184435330115,1.757783770955e-05,0.001086163353895,0.8539314025,0.1444293734125,4_S7,fusion
p070_20231227,70,0,79,4_S7,9.623914937239999e-06,0.0018062934296754248,0.000317098807565275,0.0005533133564864999,0.76962264,0.22769109660499998,4_S7,fusion
p070_20240115,70,0,83,5_S8,1.8075971087499998e-06,4.26604709e-06,4.815461335e-06,2.21366273925e-06,0.0251901217325,0.9747968100000001,5_S8,fusion
p070_20240119,70,0,84,5_S8,1.2271323485e-05,8.588688230000001e-06,2.399796945e-05,0.00011423722183249998,0.2127231596875,0.7871177225,5_S8,fusion
p070_20240126,70,0,88,5_S8,3.27203636325e-05,5.81298751125e-06,0.0007018861938025,5.8679806183175e-05,0.2011893444675,0.798011585,5_S8,fusion
p075_20231006,75,0,13,0_S1,0.9998108499999999,2.2915014475000002e-05,5.8378514949999995e-05,1.20053815e-05,1.29965915725e-05,8.2859151225e-05,0_S1,fusion
p075_20231011,75,0,13,0_S1,0.9997723624999999,4.0920257271e-05,5.155229998249999e-05,1.476888193e-05,2.14459473375e-05,9.895555416e-05,0_S1,fusion
p075_20231017,75,0,13,0_S1,0.999445775,0.0003692428775,0.00013927324000000002,8.217605975e-06,1.1139084175e-05,2.63373375e-05,0_S1,fusion
p075_20231019,75,0,14,0_S1,0.99540446,0.0009216865484999999,0.0032093359444999997,4.7906942075e-05,7.331395925e-05,0.00034325903725,0_S1,fusion
p075_20231023,75,0,14,0_S1,0.9145454175000001,0.026697850728999998,0.05564381058,0.001766710905,0.000759974223025,0.000586237577125,0_S1,fusion
p075_20231027,75,0,53,2_S5,0.3380237325,0.030849708750000003,0.60725579075,0.02105263870275,0.0020644590652,0.0007536428377249999,2_S5,fusion
p075_20231101,75,0,53,2_S5,0.003893313263025,0.02248567878115,0.7098486245,0.2624618868625,0.00123961836302,7.090925671617499e-05,2_S5,fusion
p075_20231106,75,0,54,2_S5,0.0001341815649984713,0.11190325879958637,0.0015465326444332498,0.8797966899999999,0.0064250287921805,0.0001943098980110938,3_S6,fusion
p075_20231109,75,0,60,3_S6,6.187142624999999e-07,0.00028884832935000004,0.00027309779324999995,0.993178165,0.0061104505235,0.00014885356749625,3_S6,fusion
p075_20231120,75,0,68,3_S6,5.888885849199999e-06,0.00016169093964999999,0.000102105049982,0.30203154937175,0.6975448575000001,0.0001539138509925,4_S7,fusion
p075_20231127,75,0,73,4_S7,8.515479225e-06,0.0011518928124999999,0.0003610097605,0.10123360940000001,0.8736953125,0.023549690164999998,4_S7,fusion
p075_20231130,75,0,74,4_S7,0.000257359515975,0.00033555452275000003,0.0010561523975,0.116487867,0.8788317925000001,0.003031291079,4_S7,fusion
p075_20231204,75,0,75,4_S7,0.00010364267733,0.00099552164845,0.00015731698925000001,0.08840134625,0.9094808425,0.000861347536425,4_S7,fusion
p075_20231211,75,0,76,4_S7,2.1159729792875e-05,5.7718729325e-05,8.42239236e-05,0.00453627154725,0.9776030625,0.01769754500789,4_S7,fusion
p075_20231214,75,0,77,4_S7,1.095223893e-06,2.1632465770999998e-05,4.3237171225e-06,0.000122520694375,0.998588475,0.00126193236225,4_S7,fusion
p075_20231218,75,0,78,4_S7,5.4785658658125e-05,0.00015835101282200002,0.005392054683393075,0.000223292244092875,0.9262325650000001,0.06793890228499999,4_S7,fusion
p075_20231227,75,0,80,5_S8,1.5473894975e-05,0.000108221737625,0.00010991354612500002,3.8043924819999995e-05,0.509305268475,0.490423078925,4_S7,fusion
p075_20240115,75,0,83,5_S8,1.38728093e-05,0.0001861642630175,9.0334624e-05,2.64961327775e-05,0.02213963055375,0.9775435125,5_S8,fusion
p075_20240119,75,0,85,5_S8,4.78152253575e-06,1.5325930049999999e-06,5.57880945e-06,3.5713250575000003e-07,0.00018653672325000001,0.9998012199999999,5_S8,fusion
p075_20240126,75,0,87,5_S8,5.11524670175e-06,5.490975073175e-06,7.980182681375001e-06,2.724433548608e-06,6.45740802225e-05,0.9999141125000001,5_S8,fusion
p079_20231006,79,0,13,0_S1,0.9998219975,1.9388093410000002e-05,2.2017534625e-05,7.9409864475e-06,1.531691791e-05,0.000113322736375,0_S1,fusion
p079_20231011,79,0,13,0_S1,0.9998877349999999,1.9752799689999997e-05,5.4713828775e-05,1.56783924025e-05,4.53101039e-06,1.7600108425e-05,0_S1,fusion
p079_20231017,79,0,13,0_S1,0.9995789100000001,0.000191788255085,0.0001616866055,2.37414205e-05,1.105908775e-05,3.281750465e-05,0_S1,fusion
p079_20231019,79,0,14,0_S1,0.9861987249999999,0.002880766,0.00334058470925,0.00012492759315,0.0063748844787750005,0.0010800605632999998,0_S1,fusion
p079_20231023,79,0,14,0_S1,0.7491814825,0.012304940088999999,0.22816831532499998,0.0027597984799999998,0.0059044971424999995,0.0016809380999899999,0_S1,fusion
p079_20231027,79,0,20,1_S2,0.30468068075,0.068250961815,0.6154285275,0.00601443685,0.004112130895,0.00151324854,2_S5,fusion
p079_20231101,79,0,52,2_S5,0.012998671235500001,0.024291198574,0.9343754975,0.026037523299999997,0.00221379103475,8.33388997875e-05,2_S5,fusion
p079_20231106,79,0,65,3_S6,7.643506968274999e-06,7.0626675095e-05,0.000261932661375,0.9928797775,0.00651513231625,0.00026490364886865003,3_S6,fusion
p079_20231109,79,0,69,3_S6,4.6782222625e-07,2.3679461075e-05,0.00022832777274999999,0.99674175,0.002755730409,0.00024999343345025003,3_S6,fusion
p079_20231120,79,0,70,4_S7,7.3654741075e-07,0.000151730461625,4.3010520500000004e-05,0.21106306425,0.78856551,0.000175934241325,4_S7,fusion
p079_20231127,79,0,73,4_S7,1.50079384641e-07,4.2955837500000006e-06,1.75441262175e-05,0.019389383575000002,0.980561775,2.68805294925e-05,4_S7,fusion
p079_20231130,79,0,74,4_S7,0.00012242565023395,0.0002531926079175,0.0003457877367,0.023672789921750002,0.972432615,0.0031732063624999997,4_S7,fusion
p079_20231204,79,0,75,4_S7,8.70767989738e-05,0.0008281182156424999,5.357267427375e-05,0.16759441884825,0.8306048174999999,0.0008319901240175,4_S7,fusion
p079_20231211,79,0,76,4_S7,1.8424556843e-08,1.0771940538499999e-07,2.36813448675e-07,0.00034355589945,0.9996369975,1.909222249e-05,4_S7,fusion
p079_20231214,79,0,77,4_S7,1.852291825e-05,1.9185680224999998e-05,2.352644125e-05,0.0001630224925,0.993323475,0.006452223633249999,4_S7,fusion
p079_20231218,79,0,78,4_S7,1.1554568124999999e-07,1.54325188825e-05,6.083676155e-06,0.00026491706906125003,0.9982433575,0.0014700804531499999,4_S7,fusion
p079_20231227,79,0,79,4_S7,3.3340319185e-07,4.76534493825e-07,1.7919428102499999e-06,3.17676319225e-06,0.9778392199999999,0.022155044488249998,4_S7,fusion
p079_20240115,79,0,81,5_S8,1.495249576325e-05,7.739914931750001e-05,0.0002974487109175,5.566368346655e-05,0.35079978324500005,0.64875473975,5_S8,fusion
p079_20240119,79,0,82,5_S8,3.093860226e-06,7.5182062909999995e-06,1.4436569955999999e-05,1.13368383075e-06,0.000249509381,0.9997243,5_S8,fusion
p079_20240126,79,0,87,5_S8,3.608367055e-07,7.350095882500001e-07,1.8491360939e-06,2.4459700075e-07,0.000119480924625,0.9998772900000001,5_S8,fusion
p086_20231128,86,0,68,3_S6,0.0001370460917865,2.00777215675e-05,6.041353275e-05,0.9233232524999999,0.0764479547675,1.125707119675e-05,3_S6,fusion
p086_20231130,86,0,69,3_S6,3.1284918175000002e-06,8.176360435e-06,1.5711198175e-05,0.998926165,0.00104674762575,9.663471389999999e-08,3_S6,fusion
p086_20231204,86,0,78,4_S7,2.814955084025e-05,7.60615291765e-05,5.25087954175e-05,0.822029135,0.177780043375,3.4090374439999996e-05,3_S6,fusion
p086_20231207,86,0,67,3_S6,0.00014056217717065,0.00012965370003999998,0.000600226346675,0.20252151798,0.7946224875000001,0.00198555301599,4_S7,fusion
p086_20231211,86,0,71,4_S7,7.68065922275e-06,0.0001222781564475,9.8053820325e-06,0.01047952540175,0.98808081,0.00129990793475,4_S7,fusion
p086_20231218,86,0,72,4_S7,3.5704226019039996e-08,1.6521425133535e-06,4.6201069156075e-07,3.59730420485e-05,0.9996237399999999,0.00033810617825,4_S7,fusion
p086_20231227,86,0,73,4_S7,8.496781484999999e-09,2.7405601101e-07,1.8605971875000003e-07,4.3553680299999996e-05,0.999858385,9.7612639625e-05,4_S7,fusion
p086_20240115,86,0,75,4_S7,7.567520376e-07,2.8862109875e-06,1.6718299125e-06,2.15173189625e-05,0.9692564474999998,0.030716742713675,4_S7,fusion
p086_20240119,86,0,78,4_S7,2.0779002850000002e-08,7.23996527e-07,1.6506088474999998e-07,7.790856350000001e-07,0.895589985,0.1044083420461,4_S7,fusion
p086_20240126,86,0,81,5_S8,1.277736069925e-08,7.409131442525001e-07,8.984771060195e-07,6.219405859105e-07,0.4428892075,0.557108534,5_S8,fusion
p087_20231128,87,0,66,3_S6,6.3673519505e-05,6.1625973875e-06,6.0673994375e-05,0.9407788675,0.05908604146,4.593054025e-06,3_S6,fusion
p087_20231130,87,0,68,3_S6,1.48946952825e-05,7.211798065e-05,1.331633825e-05,0.9203216575000001,0.07957243239350001,5.5691010408749996e-06,3_S6,fusion
p087_20231204,87,0,69,3_S6,2.2389658559500002e-05,0.0004058908094675,4.0081040615e-05,0.6999615432499999,0.29944167325,0.000128363430599,3_S6,fusion
p087_20231207,87,0,70,4_S7,8.903580456250001e-05,0.0011263167710500001,0.0023929160966000003,0.05031924174999999,0.9431066875,0.0029658286950000005,4_S7,fusion
p087_20231211,87,0,71,4_S7,7.6272072026e-05,4.37939929025e-05,0.00012286501582250002,0.0919974808825,0.903426185,0.0043334086375,4_S7,fusion
p087_20231218,87,0,73,4_S7,5.299819225117501e-07,4.938308222625e-06,4.9437924355e-06,0.005968268152725001,0.9928298125,0.0011914658658965,4_S7,fusion
p087_20231227,87,0,75,4_S7,2.514023141355e-07,1.18109593375e-07,2.836978207925e-06,3.9126429289999996e-05,0.9994193575,0.0005383251400804,4_S7,fusion
p087_20240115,87,0,78,4_S7,1.437811345e-06,0.000344233619,3.191160875e-05,1.90103072375e-05,0.921460915,0.07814252722500001,4_S7,fusion
p087_20240119,87,0,79,4_S7,2.294977607175e-07,5.226587224e-07,4.421222201457501e-06,1.6697437037250003e-05,0.99669259,0.003285528849,4_S7,fusion
p087_20240126,87,0,81,5_S8,1.7544957825e-05,0.003923031392000001,0.0001918306535,1.7396913381000002e-05,0.059407042375,0.9364431474999999,5_S8,fusion
p091_20231128,91,0,68,3_S6,3.8820460717499996e-05,4.9612366199999996e-05,7.1743347875e-05,0.9665482525,0.033288152460000005,3.40025555e-06,3_S6,fusion
p091_20231130,91,0,69,3_S6,3.5644510334175e-05,0.00029968419178125,4.552963927799999e-05,0.8299356225000001,0.16967448844650002,9.04612793185e-06,3_S6,fusion
p091_20231204,91,0,67,3_S6,5.70587498125e-06,2.98027377e-05,1.432530944e-05,0.82723978,0.17270517824999998,5.2006834150000005e-06,3_S6,fusion
p091_20231207,91,0,70,4_S7,0.000244885273941625,0.00020443032317500002,7.562106480499999e-05,0.055591276726499994,0.9424368525,0.0014469692323875,4_S7,fusion
p091_20231211,91,0,71,4_S7,2.04308363575e-05,7.429230065e-05,3.5362038625e-05,0.1596377688,0.8401602225,7.18926955e-05,4_S7,fusion
p091_20231218,91,0,72,4_S7,1.38779870276e-06,5.1216945525e-07,8.0318267445e-07,6.40716145e-05,0.964281485,0.0356517105809,4_S7,fusion
p091_20231227,91,0,74,4_S7,2.7032210025e-08,4.0000526175e-08,6.74974095e-08,4.32931042925e-06,0.8990712925000001,0.1009242279071625,4_S7,fusion
p091_20240115,91,0,76,4_S7,0.00019732798058225,0.0006804584708,0.0060144326465175,9.41137164875e-05,0.9825045825000001,0.0105090504185,4_S7,fusion
p091_20240119,91,0,79,4_S7,2.344736893e-06,5.7835369e-07,9.674293762499998e-06,2.0187828e-06,0.965346415,0.034639010680749996,4_S7,fusion
p091_20240126,91,0,82,5_S8,3.06199712e-06,1.3170870485e-05,2.45106507475e-05,8.971551265e-06,0.005740991963500001,0.9942093025,5_S8,fusion
p094_20231128,94,0,68,3_S6,0.000170900471993125,5.1762157299999994e-05,0.00011189254315000001,0.7925068125,0.2071132421775,4.5364876821925e-05,3_S6,fusion
p094_20231130,94,0,69,3_S6,2.31485918685e-06,4.7611677444250004e-05,8.426106215e-06,0.9859226349999999,0.014018706620749999,3.4907095238500003e-07,3_S6,fusion
p094_20231204,94,0,70,4_S7,1.0628388072000001e-05,3.906334862925e-05,7.34938783475e-06,0.7468395532500001,0.253091810576,1.15889327035e-05,3_S6,fusion
p094_20231207,94,0,71,4_S7,2.7980833458e-05,6.99905121175e-05,0.000120228623125,0.236513259075,0.7491037775,0.014164819386250001,4_S7,fusion
p094_20231211,94,0,72,4_S7,3.08500425e-06,1.8668145525e-05,0.00010932960732000002,0.16021670145,0.83906711,0.00058514285175,4_S7,fusion
p094_20231218,94,0,74,4_S7,8.315354675e-08,2.3699327575e-06,4.779783207500001e-07,0.0001136885308375,0.8102941225,0.189589292491625,4_S7,fusion
p094_20231227,94,0,76,4_S7,4.36742213229275e-06,7.337237147877499e-05,2.7833791919344997e-05,1.4138914642374999e-05,0.7723785440000001,0.22750177039425,4_S7,fusion
p094_20240115,94,0,77,4_S7,8.138249305650001e-06,1.2382820318425002e-05,5.2997542644074993e-05,3.2039973602500004e-06,0.979325235,0.02059802136075,4_S7,fusion
p094_20240119,94,0,80,5_S8,0.00017167686325,6.42630893e-05,4.4831787e-05,0.00018876705398749997,0.5332608141999999,0.466269649,4_S7,fusion
p094_20240126,94,0,83,5_S8,2.4879789875e-06,9.4366721375e-05,5.179467215e-05,1.89815885675e-06,0.231289289070125,0.7685601775,5_S8,fusion
p101_20231128,101,0,65,3_S6,0.000161837428850975,4.74857006035e-05,0.000200195957,0.9509541475000001,0.0485456335875,9.069912890450001e-05,3_S6,fusion
p101_20231130,101,0,69,3_S6,2.7187464075000004e-06,1.6976558507499998e-05,2.2462710750000002e-05,0.9923186075,0.007637962999999999,1.3083990125e-06,3_S6,fusion
p101_20231204,101,0,69,3_S6,1.090795141775e-05,5.2345442292499996e-05,3.3534751722500004e-05,0.792495705,0.2073917851175,1.57433749365e-05,3_S6,fusion
p101_20231207,101,0,69,3_S6,3.9060489812499996e-05,0.0001263622415,0.00026614177765,0.223609961125,0.7751523925,0.000806072148,4_S7,fusion
p101_20231211,101,0,70,4_S7,7.6617708625e-06,0.00015088666985000002,1.10771625e-05,0.228209816675,0.771507215,0.000113341328625,4_S7,fusion
p101_20231218,101,0,71,4_S7,2.1093368125e-07,3.863129307690749e-05,2.59286437425e-07,4.51175098977e-05,0.9980773875,0.0018383727075,4_S7,fusion
p101_20231227,101,0,73,4_S7,2.129717199525e-08,8.115416766535e-05,2.46355317e-07,0.0002087917097175,0.9979558749999999,0.0017539496761,4_S7,fusion
p101_20240115,101,0,75,4_S7,2.7101175825e-09,1.756798115e-07,9.84330163e-08,7.7723329e-07,0.9952595,0.00473949285,4_S7,fusion
p101_20240119,101,0,77,4_S7,4.22224914496e-05,2.53861505275e-05,4.1572732824675e-05,5.99682486e-05,0.93155316,0.0682777426625,4_S7,fusion
p101_20240126,101,0,79,4_S7,3.7802622700000003e-07,0.0003475289728215,8.0694567671e-06,1.642908155e-06,0.54959993,0.45004251422499997,4_S7,fusion
p002_20230816,2,1,68,3_S6,0.00167204897875,0.0113174589825,0.20662147775,0.662619185,0.11703777022,0.00073208498568225,3_S6,fusion
p002_20230921,2,1,77,4_S7,7.325620822499999e-05,4.731449267600001e-05,0.007354926544325,0.0075474421196750005,0.9774248799999999,0.00755215549,4_S7,fusion
p002_20231005,2,1,79,4_S7,0.00037862372040999996,3.49969997425e-05,0.013904579252015,0.00012458761054,0.9012045175,0.08435270149999999,4_S7,fusion
p026_20230828,26,1,16,0_S1,0.7508974025,0.197785059725,0.04465474638249999,0.004897877695,0.001373668883925,0.00039123236946750004,0_S1,fusion
p026_20230904,26,1,53,2_S5,0.0901015025,0.27197441225,0.5835993724999999,0.04184393625,0.0117323705925,0.000748414825925,2_S5,fusion
p026_20230908,26,1,64,3_S6,0.00252539899924,0.007322592154249999,0.07438178349999999,0.7687387475,0.1462181291,0.0008133319834999999,3_S6,fusion
p026_20230921,26,1,70,4_S7,0.00018361950684,0.00083578393385,0.0198645825125,0.333364989425,0.6442220425,0.001528965694875,4_S7,fusion
p026_20231006,26,1,71,4_S7,7.858107505e-06,3.27318315e-05,0.005126755361749999,0.09964262457499999,0.8942253425,0.0009646328175,4_S7,fusion
p026_20231017,26,1,74,4_S7,6.068801081475e-05,0.0002165889252825,0.0353123870845,0.0606151979625,0.9011400799999999,0.0026550593575,4_S7,fusion
p026_20231023,26,1,75,4_S7,4.2023420582499994e-05,0.00034832898325,0.022355151258725,0.02359142715,0.951717715,0.001945302333,4_S7,fusion
p026_20231027,26,1,76,4_S7,7.992702858999999e-07,2.62137992e-06,8.85772650675e-05,0.0018345103112499999,0.9138251,0.08424837606260001,4_S7,fusion
p026_20231101,26,1,77,4_S7,8.315892983825001e-07,3.3524580253365e-05,0.00065678274346,0.04652920500999525,0.948183275,0.004596370290275,4_S7,fusion
p026_20231106,26,1,78,4_S7,3.64508699457325e-06,5.7644291504975004e-05,0.0174738206424975,0.0013722951844975,0.9757498025,0.0053427435,4_S7,fusion
p026_20231109,26,1,79,4_S7,4.3370299609249996e-07,1.001726326225e-05,0.000572520099704,0.00041119555042499995,0.9942523375000001,0.0047535474,4_S7,fusion
p026_20231120,26,1,84,5_S8,9.47759797634345e-08,2.2727866119610999e-07,6.29399577158e-06,1.84858717087703e-06,0.006691456914965,0.9933000725000001,5_S8,fusion
p026_20231124,26,1,85,5_S8,2.1283076224999997e-06,5.37154196e-06,6.767130575e-06,5.402857662425e-05,0.6615292703,0.33840244662499996,4_S7,fusion
p026_20231127,26,1,86,5_S8,2.85450032521e-06,6.850544358200001e-06,9.551076334999999e-05,7.0277368313875e-05,0.1401536085325,0.859670915,5_S8,fusion
p026_20231130,26,1,89,5_S8,8.325088658775e-07,2.960019469175e-07,0.00015047393146149998,2.2608827520131e-06,0.00015520884413,0.9996910075000001,5_S8,fusion
p027_20230828,27,1,20,1_S2,0.753040185,0.084239790875,0.131241557525,0.03073933024225,0.0006982991922500001,4.08264562175e-05,0_S1,fusion
p027_20230904,27,1,60,3_S6,0.05764546679,0.136053818253,0.49019009,0.117563937375,0.19752341321150002,0.001023257796875,2_S5,fusion
p027_20230908,27,1,66,3_S6,2.0537218219e-05,0.000176582477005,0.0194713660466575,0.8890054999999999,0.091312440575,1.36001913556865e-05,3_S6,fusion
p027_20230921,27,1,68,3_S6,0.00024831889175,0.000142841167625,0.00211975080425,0.0335371833525,0.9582681975,0.0056837167461250004,4_S7,fusion
p027_20231006,27,1,70,4_S7,0.0010339544120729998,0.0015287287465639999,0.1038639693532638,0.0590696952125,0.8300148725,0.004488761108725,4_S7,fusion
p027_20231017,27,1,72,4_S7,7.142306318675e-06,4.2797493527e-05,0.11919393739025001,0.0041271139739999995,0.8756516124999999,0.0009774238425000002,4_S7,fusion
p027_20231023,27,1,73,4_S7,0.000401710002,0.00022566506875,0.007660313750000001,0.147644105075,0.8432194749999999,0.0008487683470000001,4_S7,fusion
p027_20231027,27,1,74,4_S7,5.345227628300751e-06,6.7690829025975e-05,0.00734921373575,0.00899404661005,0.982942865,0.00064092022735,4_S7,fusion
p027_20231101,27,1,75,4_S7,1.67839747977275e-06,1.82194835929825e-05,0.0045021781498499995,0.00104698612970825,0.9935553225,0.0008755801225000001,4_S7,fusion
p027_20231106,27,1,76,4_S7,1.08810296299115e-05,6.9017859785425e-05,0.013842893047575,0.00055947928568425,0.9794124424999999,0.0061053323809999996,4_S7,fusion
p027_20231109,27,1,77,4_S7,6.5479591554049995e-06,6.20437018304625e-05,0.0010803361194875003,0.0005391883321800001,0.98623546,0.01207647373,4_S7,fusion
p027_20231120,27,1,78,4_S7,1.0211834145889249e-05,2.61436052818125e-05,0.0052265064672075,3.6147124037499996e-05,0.8698900175,0.1248109406325,4_S7,fusion
p027_20231124,27,1,79,4_S7,7.200121749999999e-06,4.071737999999999e-05,0.020417603192890002,0.00031510453325,0.8774286475,0.1017907097325,4_S7,fusion
p027_20231127,27,1,79,4_S7,1.6162927446500002e-05,3.353664059e-05,0.00436712049,0.00027062457775,0.6587796899999999,0.33653285825,4_S7,fusion
p027_20231130,27,1,79,4_S7,7.093364187499999e-07,3.357516086e-06,0.00027338901525,3.6259167761000005e-06,0.39619520512499995,0.60352372575,5_S8,fusion
p032_20230828,32,1,15,0_S1,0.72126931675,0.0112018756,0.26568904512749997,0.0014530148775,0.00031247876385,7.42532329825e-05,0_S1,fusion
p032_20230904,32,1,60,3_S6,0.3304965062,0.03805719025,0.5243714925,0.08509413669999999,0.021107381865,0.000873277358375,2_S5,fusion
p032_20230908,32,1,64,3_S6,0.001262397965875,0.002322366345,0.1196249453195,0.66947755,0.2068717322075,0.00044097790461500004,3_S6,fusion
p032_20230921,32,1,72,4_S7,5.58613972775e-06,1.81050908125e-05,0.018864732182649998,0.00527079638,0.9754473575,0.00039343219374999997,4_S7,fusion
p032_20231006,32,1,74,4_S7,3.55553403965275e-06,0.00019031338662789003,0.0011317704713200002,0.24954916968706461,0.7486808042499999,0.0004444119437,4_S7,fusion
p032_20231017,32,1,75,4_S7,3.634738718211875e-06,4.2046997000810005e-05,0.00095630461815,0.0164763809898425,0.9822040875,0.000317589303525,4_S7,fusion
p032_20231023,32,1,76,4_S7,0.001103837189199,0.0005697401930000001,0.06337112689,0.069697645,0.8629683324999999,0.0022893218400000005,4_S7,fusion
p032_20231027,32,1,77,4_S7,1.5765073829475249e-06,2.7090948491656052e-05,0.0009043480327942501,0.0017220474350700002,0.9954768249999999,0.0018680722607265,4_S7,fusion
p032_20231101,32,1,78,4_S7,3.4262778967500006e-05,6.473727319999999e-05,0.03007622423125,0.000735767845,0.8417529425000001,0.1273360298625,4_S7,fusion
p032_20231106,32,1,79,4_S7,8.608538512124999e-07,1.024881835075e-06,0.0010090452026375002,7.3866567625e-06,0.979958325,0.0190233358,4_S7,fusion
p032_20231109,32,1,80,5_S8,1.4743467484999998e-07,4.2569469495e-07,1.179310269475e-05,1.2908306285e-05,0.6655193675,0.33445529,4_S7,fusion
p032_20231120,32,1,81,5_S8,8.178489857525e-08,9.0814628563825e-08,5.5660240755e-05,1.3959201740966375e-06,0.023892909784875002,0.976049865,5_S8,fusion
p032_20231124,32,1,83,5_S8,2.7936864375e-09,9.153261850000001e-09,1.5856285875e-06,9.429232875e-09,0.0020932983525,0.997905125,5_S8,fusion
p032_20231127,32,1,85,5_S8,2.6274686775165e-06,6.6139548771425e-06,0.000606398004386785,3.28444738575e-06,0.1099408160685,0.8894402800000001,5_S8,fusion
p032_20231130,32,1,87,5_S8,7.633576577265e-08,1.0125112405249999e-08,3.673920668e-07,3.54008800928e-08,6.159760144e-05,0.999937935,5_S8,fusion
p041_20230828,41,1,14,0_S1,0.90361498,0.0087111469125,0.060693262229999996,0.0266585032875,0.0002700689075,5.204956575e-05,0_S1,fusion
p041_20230904,41,1,53,2_S5,0.11502609,0.06192427355,0.6501865975000001,0.16333293625000003,0.009432354675,9.771571674999999e-05,2_S5,fusion
p041_20230908,41,1,60,3_S6,0.003887830179,0.00557536377,0.058058679625000005,0.9267278375,0.00556958033375,0.0001806855270954525,3_S6,fusion
p041_20230921,41,1,66,3_S6,0.00011855309362500001,5.993354475e-05,0.03192044493575,0.006853307500000001,0.9607784575,0.00026928809515,4_S7,fusion
p041_20231006,41,1,72,4_S7,0.0037271330435,0.00122644299675,0.034148608,0.11817648055499999,0.8347549624999999,0.00796635541375,4_S7,fusion
p041_20231017,41,1,73,4_S7,0.0006210338295874999,0.000451693014824575,0.0031818261019999996,0.047184980292500005,0.9476312474999999,0.000929182140425,4_S7,fusion
p041_20231023,41,1,74,4_S7,1.4674530822225e-05,0.000350176046465,0.29223085426075,0.11901009188175,0.588314672,7.949408038075e-05,4_S7,fusion
p041_20231027,41,1,75,4_S7,1.080775274585e-05,4.42295744125e-05,0.2611707234695,0.021149049088,0.7142572294999999,0.00336795517975,4_S7,fusion
p041_20231101,41,1,76,4_S7,0.00010678351968249999,0.00086414874125,0.0833149362675,0.014737453420000001,0.898828325,0.00214836204625,4_S7,fusion
p041_20231106,41,1,77,4_S7,0.0029574764847614997,0.00069441060277575,0.022511579257859994,0.013161746374061499,0.95091939,0.00975536549175,4_S7,fusion
p041_20231109,41,1,78,4_S7,0.0123373634712325,0.000647738792325,0.0307332995475,0.0017948890124,0.90620111,0.0482856641675,4_S7,fusion
p041_20231120,41,1,80,5_S8,4.603731725e-05,3.161313575e-05,0.0619436433475,3.669445025e-05,0.009748873225,0.92819314,5_S8,fusion
p041_20231124,41,1,85,5_S8,2.741330455e-06,1.4689695075e-06,0.00010141758074999999,9.51381675e-06,0.0039084846735,0.9959763974999999,5_S8,fusion
p041_20231127,41,1,85,5_S8,7.140327575825e-06,2.3110637456924997e-06,0.112105132307925,0.00013596427506806753,0.0088592043345,0.8788902475,5_S8,fusion
p041_20231130,41,1,85,5_S8,3.6867637725e-06,1.43567212e-06,0.000112786128075,6.21394272875e-06,0.002423681581675,0.9974522325,5_S8,fusion
p042_20230929,42,1,13,0_S1,0.9996163924999999,7.4600827794999996e-06,5.005919185e-05,4.1147401337875e-05,0.00010689373657499999,0.00017806881524,0_S1,fusion
p042_20231004,42,1,14,0_S1,0.9997070875,4.722199685e-05,0.00019926024350000002,1.19112989865e-05,1.3166135835e-05,2.1335445410000002e-05,0_S1,fusion
p042_20231011,42,1,14,0_S1,0.9120033200000001,0.08301380664250001,0.0028038650475,0.0006502542055,0.0014259182,0.00010282119965,0_S1,fusion
p042_20231017,42,1,15,0_S1,0.34139266525,0.024110496575,0.44647571249999995,0.1803210195,0.007378493200000001,0.00032160229755,2_S5,fusion
p042_20231019,42,1,15,0_S1,0.35252910935,0.12931845575,0.49879221149999997,0.0176534396,0.0016081314407500001,9.8660039715e-05,2_S5,fusion
p042_20231023,42,1,53,2_S5,0.00523561002625,0.117485595325,0.2323136475,0.63653325,0.008349338205,8.254828268750002e-05,3_S6,fusion
p042_20231027,42,1,54,2_S5,0.01374281169104535,0.0108236329096825,0.1641978653,0.6298731225,0.18079649317375002,0.000566104580507025,3_S6,fusion
p042_20231101,42,1,55,2_S5,5.76684701675e-05,0.0026699471169999997,0.1228240707905,0.7043519650000001,0.169986531425,0.00010983822966749998,3_S6,fusion
p042_20231106,42,1,62,3_S6,4.0007220426e-06,0.0005235544823525,0.0014116364963,0.71184558,0.28595467125,0.00026055765385,3_S6,fusion
p042_20231109,42,1,68,3_S6,2.99303063375e-06,0.00043833962850000003,0.00784539373,0.77786166,0.21379611650000002,5.55128358925e-05,3_S6,fusion
p042_20231120,42,1,70,4_S7,1.1889250660749612e-05,0.00023755232406177498,0.0034797766993542503,0.193057072903,0.7999067725,0.0033069763774350005,4_S7,fusion
p042_20231127,42,1,72,4_S7,4.3581112364985495e-05,0.00012920357196652502,0.013405860145805148,0.00031741151305,0.9464341900000001,0.03966975443075,4_S7,fusion
p042_20231130,42,1,74,4_S7,2.0911734447076746e-06,2.0208644873428746e-05,0.003895031884904175,8.5644742409e-05,0.992756665,0.0032403223976650002,4_S7,fusion
p042_20231204,42,1,76,4_S7,1.7609627287500003e-05,7.40147516075e-05,0.004962685739575,0.0005266783917499999,0.814925155,0.1794938373325,4_S7,fusion
p042_20231211,42,1,80,5_S8,1.3780149664225e-07,8.217255129800001e-07,6.050220179375e-05,3.456957105655e-05,0.9984739025,0.00143006328915,4_S7,fusion
p042_20231214,42,1,82,5_S8,4.21095134125e-05,0.000220306325225,0.0036837595318500002,0.00044769521025,0.6919291425,0.303676963975,4_S7,fusion
p042_20231218,42,1,82,5_S8,1.1003707388e-05,2.1347102465e-05,0.0005181136393100001,4.633687185e-05,0.9567623000000001,0.042640878055,4_S7,fusion
p042_20231227,42,1,83,5_S8,1.1381926073000001e-05,2.1399502420000002e-05,0.0005224142966749999,1.79874165e-05,0.697157115375,0.30226970825,4_S7,fusion
p042_20240104,42,1,84,5_S8,7.6782568e-06,7.499121375e-06,0.000337660813675,2.2255293687500005e-05,0.4595893385,0.540035585,5_S8,fusion
p044_20230929,44,1,13,0_S1,0.998852065,2.140524640125e-05,0.0003876571564,0.0004989659367937501,0.00011152618319250002,0.00012837608065,0_S1,fusion
p044_20231004,44,1,13,0_S1,0.995656415,0.000304185198325,0.0039834002275,2.8713681562e-05,1.9339043709999998e-05,7.97034725e-06,0_S1,fusion
p044_20231011,44,1,15,0_S1,0.94697865,0.0083224811225,0.04045086822474999,0.00239341912125,0.0017816429882625002,7.296218818500001e-05,0_S1,fusion
p044_20231017,44,1,20,1_S2,0.350922425,0.09622641795,0.45927702332500003,0.09174656748250001,0.00176598596875,6.155853578500001e-05,2_S5,fusion
p044_20231019,44,1,51,2_S5,0.31098182757500004,0.1145843045,0.26747558,0.29885781,0.00791288186,0.000187582188425,0_S1,fusion
p044_20231023,44,1,54,2_S5,0.01402822860375,0.083958177575,0.16428819125000002,0.7288239300000001,0.008784729235,0.000116710219675,3_S6,fusion
p044_20231027,44,1,55,2_S5,4.262905830325e-05,0.0035014178666749997,0.035679142701499994,0.8474677850000001,0.113224070315,8.49310508875e-05,3_S6,fusion
p044_20231101,44,1,59,2_S5,0.00032834238816865,0.0061243181521247496,0.08094060123824999,0.61922781,0.2918932971625,0.0014855999969000525,3_S6,fusion
p044_20231106,44,1,61,3_S6,7.611666508324999e-05,7.678649212499999e-05,0.013622091309999999,0.49229831575000005,0.49299541007500003,0.0009312674138025001,4_S7,fusion
p044_20231109,44,1,68,3_S6,1.6970523525e-06,0.0002150498075,0.00357871966,0.6715511255,0.32462333007500005,3.0100748099999998e-05,3_S6,fusion
p044_20231120,44,1,70,4_S7,0.00017771647782750002,0.0006520538969,0.19677714729451248,0.0248964403125,0.7770984999999999,0.00039818440075,4_S7,fusion
p044_20231127,44,1,71,4_S7,1.4038317944999999e-06,6.1258429025e-06,6.39293933375e-05,0.024778064961675002,0.9747837425,0.00036671851575,4_S7,fusion
p044_20231130,44,1,72,4_S7,7.189690261656814e-05,0.00019606931203799247,0.008223584362607499,9.913032401749999e-05,0.9609307775,0.030478532554,4_S7,fusion
p044_20231204,44,1,72,4_S7,1.1607055610000001e-06,9.438254409e-06,0.00023146182900000002,0.003013277528475,0.9935806125,0.0031640932635,4_S7,fusion
p044_20231211,44,1,73,4_S7,2.6640822710375e-05,0.00012253590375925,0.0067956272662825,0.000425457685225,0.76130559,0.231324134075,4_S7,fusion
p044_20231214,44,1,74,4_S7,4.1857612697575e-07,3.586343167025e-06,0.00014125701023,1.9129363485e-05,0.988899565,0.01093601382,4_S7,fusion
p044_20231218,44,1,76,4_S7,3.6654152682300006e-07,8.528967798999999e-07,0.00012208348575275,5.2735823750000004e-05,0.9970791950000001,0.002744787126,4_S7,fusion
p044_20231227,44,1,79,4_S7,1.373968991575e-06,8.202258569250001e-06,0.00017799975717499997,8.7753675125e-05,0.845273195,0.15445149663000002,4_S7,fusion
p044_20240104,44,1,81,5_S8,4.278357343375e-07,7.633041787500001e-07,4.1424445927875004e-05,3.1646672475e-06,0.8053571525000001,0.1945970275,4_S7,fusion
p047_20230929,47,1,13,0_S1,0.999685505,1.0974734929749999e-05,0.0001230143094875,4.73748672272e-05,7.175037057999999e-05,6.1347320675e-05,0_S1,fusion
p047_20231004,47,1,13,0_S1,0.9997612725,3.69013739525e-05,8.770150315e-05,6.5381479605e-06,8.990303825e-06,9.859883865e-05,0_S1,fusion
p047_20231011,47,1,14,0_S1,0.9974037775,0.000134894352155,0.0023284105130999995,7.986574169100001e-05,4.4850192330625004e-05,8.20093926e-06,0_S1,fusion
p047_20231017,47,1,15,0_S1,0.7673012425,0.01833687643975,0.210934109435,0.0027515439707500003,0.00065460294215,2.16398447535e-05,0_S1,fusion
p047_20231019,47,1,15,0_S1,0.5933598525,0.0189983160025,0.38145734621250005,0.005802381865,0.0003602044389825,2.1944164605e-05,0_S1,fusion
p047_20231023,47,1,16,0_S1,0.01331589719575,0.033243249732999997,0.3315216275,0.6050197675,0.01681481444,8.4652994075e-05,3_S6,fusion
p047_20231027,47,1,17,0_S1,1.19609967108e-05,0.000480704529798515,0.00856804182815,0.79953973,0.19123648708249524,0.0001630700456168995,3_S6,fusion
p047_20231101,47,1,55,2_S5,0.0006501256104000001,0.0160371744025,0.25626856782499996,0.7168706575,0.010144579675,2.8875103075e-05,3_S6,fusion
p047_20231106,47,1,61,3_S6,0.0025931471832700004,0.020431861530174997,0.093057001295,0.86961654,0.0140205688925,0.00028090002895,3_S6,fusion
p047_20231109,47,1,65,3_S6,7.775038648250001e-05,0.0007743935020075,0.0647398134175,0.5321680225,0.40139728445,0.0008426978751469999,3_S6,fusion
p047_20231120,47,1,70,4_S7,1.286022947045e-05,3.626761590925e-05,0.008729810459557499,0.0072685532465,0.97910345,0.00484901372712125,4_S7,fusion
p047_20231127,47,1,71,4_S7,3.1106169513594504e-06,1.2585404735168649e-05,0.008338081265669582,0.10088873849816962,0.8889066425000001,0.0018507950571575002,4_S7,fusion
p047_20231130,47,1,72,4_S7,1.2294563592249998e-05,6.069433460815e-05,0.02398673381849042,0.127606770525232,0.8439070049999999,0.0044265049255,4_S7,fusion
p047_20231204,47,1,74,4_S7,5.12203029746e-07,4.256833258025e-06,0.0003437266952654265,0.015058402293832499,0.98384015,0.000752912075385,4_S7,fusion
p047_20231211,47,1,76,4_S7,1.0803067724229998e-05,7.2331752559525e-05,0.0063897125558024,0.00016163738300249998,0.89129455,0.1020710013028,4_S7,fusion
p047_20231214,47,1,78,4_S7,1.4741410201569999e-05,2.6044602233924998e-05,0.0013753130834600002,0.00050158465575,0.9904614399999999,0.00762087917125,4_S7,fusion
p047_20231218,47,1,79,4_S7,2.0180696809935734e-05,8.102336559012615e-05,0.010363269504655942,0.0001690067399975,0.9811124149999999,0.008254103429065,4_S7,fusion
p047_20231227,47,1,81,5_S8,8.920525124700001e-06,1.9873921419249996e-05,0.0056469465167475,1.849524532375e-05,0.4855648362455,0.5087409254999999,5_S8,fusion
p047_20240104,47,1,82,5_S8,1.761021305225e-06,3.1537492071e-06,7.990952567025e-06,2.6895475135000003e-06,0.0095130833325,0.99047131,5_S8,fusion
p049_20230929,49,1,13,0_S1,0.99968819,1.0601947065874999e-05,0.000148412705,8.48079176759e-05,3.0150435767375002e-05,3.785415369735e-05,0_S1,fusion
p049_20231004,49,1,13,0_S1,0.9999141275000001,7.037686812575e-06,6.979414702499999e-05,2.527753408125e-06,4.3636772605e-06,2.16840161025e-06,0_S1,fusion
p049_20231011,49,1,15,0_S1,0.99523944,0.000917525308375,0.003341552555575,0.00030121192435,0.00018835713808749998,1.1887612188999999e-05,0_S1,fusion
p049_20231017,49,1,15,0_S1,0.505162335,0.08693705211,0.37506520500000007,0.032037997,0.000685809795,0.00011163632234999999,0_S1,fusion
p049_20231019,49,1,16,0_S1,0.0878894715,0.05414399055,0.7501539625,0.0888657579,0.018744055487499998,0.00020277796537500003,2_S5,fusion
p049_20231023,49,1,20,1_S2,0.11879782974875,0.21572870269852498,0.09881501379999999,0.56546774525,0.001157329109,3.337656122245e-05,3_S6,fusion
p049_20231027,49,1,55,2_S5,2.23296845625e-06,0.00024879530099324997,0.0009543750758499999,0.734284965,0.26447591478300103,3.3754071247849e-05,3_S6,fusion
p049_20231101,49,1,60,3_S6,0.0002617799965,0.014922145224999999,0.096590754,0.6902060125,0.19769799249999997,0.000321291079,3_S6,fusion
p049_20231106,49,1,62,3_S6,0.00127098574304875,0.000834926368,0.005280370335,0.6853212824999999,0.30610572005000003,0.001186758252815,3_S6,fusion
p049_20231109,49,1,64,3_S6,0.00046561189312499995,0.00649471545,0.08222836821250001,0.42367855600000004,0.4862468125,0.00088590159275,4_S7,fusion
p049_20231120,49,1,71,4_S7,8.4512664575e-05,0.000371502522,0.013670765275,0.130807765025,0.8543833275,0.000682101,4_S7,fusion
p049_20231127,49,1,72,4_S7,3.565036003097088e-05,8.867106371765228e-05,0.007468538644068113,0.00010430738144365,0.9246198500000001,0.067682920122295,4_S7,fusion
p049_20231130,49,1,73,4_S7,0.00020339184023715874,3.239779072195e-05,0.00012195510027,0.000604383555,0.980527535,0.0185103175756,4_S7,fusion
p049_20231204,49,1,74,4_S7,7.297657315341e-07,1.70560699527e-06,0.000114987884805,0.0002629420185,0.9984262725,0.0011933182988999999,4_S7,fusion
p049_20231211,49,1,75,4_S7,1.7033353421425e-05,3.446154779425e-05,0.0005976798876435,0.01918300822526,0.9771099125,0.003057853198325,4_S7,fusion
p049_20231214,49,1,77,4_S7,1.59984885425e-06,4.619066972500001e-06,0.00022352421645999997,3.327709105e-05,0.97846065,0.02127631,4_S7,fusion
p049_20231218,49,1,78,4_S7,1.1768152484431076e-05,1.0484961559739499e-05,4.9585552465e-05,2.3140586011250002e-05,0.9897564775,0.0101485116873,4_S7,fusion
p049_20231227,49,1,79,4_S7,1.1926983076000002e-06,2.55166349e-06,0.000136814516355,3.01523555e-06,0.74315594,0.256700468,4_S7,fusion
p049_20240104,49,1,82,5_S8,1.70977303816775e-06,2.17748076917625e-06,4.9449448175199996e-05,1.321743663819806e-05,0.44483734728394,0.5550961325,5_S8,fusion
p059_20230929,59,1,13,0_S1,0.99987007,3.139764615125e-06,9.662016820000001e-05,1.88085806655e-05,7.407926774e-06,3.959070947500001e-06,0_S1,fusion
p059_20231004,59,1,13,0_S1,0.9995545325,4.285962383825e-05,0.00038535732299,7.34690176565e-06,5.286419434615e-06,4.650309692725e-06,0_S1,fusion
p059_20231011,59,1,15,0_S1,0.9853080000000001,0.003317281325,0.0109279544825,0.0004179130415,2.00911367e-05,8.753407365e-06,0_S1,fusion
p059_20231017,59,1,53,2_S5,0.1914154275,0.035372308,0.540736175,0.1510246139,0.08122163109,0.000229825160485,2_S5,fusion
p059_20231019,59,1,60,3_S6,0.03530542565825,0.03686232925,0.5302861475,0.39212776725000004,0.005409279685000001,9.053531431e-06,2_S5,fusion
p059_20231023,59,1,64,3_S6,0.007406652085,0.10538714499999999,0.39185563199999995,0.49179545,0.0035516130795,3.514341675e-06,3_S6,fusion
p059_20231027,59,1,62,3_S6,8.95916228437625e-06,0.00052514040348875,0.009465399731999998,0.9786220225,0.0113773952105925,1.0621947280190001e-06,3_S6,fusion
p059_20231101,59,1,65,3_S6,0.0007081332357499999,0.015486697232499999,0.1730389715,0.7123103375000001,0.09804417812499999,0.000411659036265,3_S6,fusion
p059_20231106,59,1,70,4_S7,6.14796879175e-06,0.00052765030963,0.007882080398045,0.530636063675,0.46086174425000004,8.631039747500001e-05,3_S6,fusion
p059_20231109,59,1,71,4_S7,9.98797827825e-05,0.00024609672075,0.034561354909999994,0.6809078125,0.28413265125,5.2224411000000004e-05,3_S6,fusion
p059_20231120,59,1,72,4_S7,2.1502718135e-06,7.9440557335e-05,0.000524322008525,0.020281458392,0.9778922625,0.001220383742,4_S7,fusion
p059_20231127,59,1,74,4_S7,7.0210618925e-06,4.5436392975e-05,0.0025691339856750003,0.01054158502,0.982444675,0.0043921117870000005,4_S7,fusion
p059_20231130,59,1,75,4_S7,1.629472345675e-05,0.00015153074670150004,0.01307054505845,0.000922201239,0.9784162125,0.007423194435000001,4_S7,fusion
p059_20231204,59,1,76,4_S7,1.65042407155e-05,4.3896057490000005e-05,0.02270959573045,0.00043271904,0.972950725,0.0038465789962500003,4_S7,fusion
p059_20231211,59,1,77,4_S7,2.7619746265450004e-05,0.00010613460896125001,0.0037741286337449995,0.0034958320197,0.987282675,0.005313649062499999,4_S7,fusion
p059_20231214,59,1,78,4_S7,3.3602617375e-06,6.782425555e-06,9.755398358999998e-05,2.1443707575e-05,0.9873464475,0.0125243733,4_S7,fusion
p059_20231218,59,1,79,4_S7,9.95545976825e-06,2.4097110537500004e-05,0.004092866015675,6.14816914675e-05,0.7599994925000001,0.23581212175,4_S7,fusion
p059_20231227,59,1,81,5_S8,3.5458914081e-06,1.2722077575e-05,0.000124008123,3.087487325e-05,0.53908518,0.46074367365,4_S7,fusion
p059_20240104,59,1,83,5_S8,2.5778306785e-06,4.585615985e-06,7.0421798875e-05,9.627879325e-06,0.43193213,0.567980685,5_S8,fusion
p073_20231006,73,1,13,0_S1,0.9982073924999999,0.0002504088064346,0.00034057021742500004,0.0010885432353229,5.7870736205e-05,5.52234140125e-05,0_S1,fusion
p073_20231011,73,1,13,0_S1,0.9996615,3.89065286125e-05,0.00019369871274999999,2.160529491175e-05,5.7015993785e-05,2.724600824e-05,0_S1,fusion
p073_20231017,73,1,13,0_S1,0.9997690875,2.5589134285000002e-05,0.00019394924525,7.525518345e-06,2.7174304001499996e-06,1.1199189074999999e-06,0_S1,fusion
p073_20231019,73,1,13,0_S1,0.9956348625,0.003056066335668,0.00118574499796,5.6629538170125e-05,4.467820655403e-05,2.206459886575e-05,0_S1,fusion
p073_20231023,73,1,14,0_S1,0.984643435,0.0008645512762500001,0.0144378583415,4.6023248075e-05,4.946808875e-06,3.2642305325e-06,0_S1,fusion
p073_20231027,73,1,51,2_S5,0.2487969425,0.33547717825,0.38978151875,0.023114837425,0.0023242153549999996,0.0005053185735,2_S5,fusion
p073_20231101,73,1,53,2_S5,0.0046401354,0.0321363586825,0.922060215,0.035806525655,0.0053264517315,3.0373971540000002e-05,2_S5,fusion
p073_20231106,73,1,69,3_S6,2.4717638765e-05,0.0008656178739249999,0.0765465501275,0.903828315,0.018579125125,0.00015571452600999998,3_S6,fusion
p073_20231109,73,1,70,4_S7,0.0001664233446325,0.0020838893915425,0.10094195476175,0.55880018465,0.33669711365,0.0013103959480499998,3_S6,fusion
p073_20231120,73,1,71,4_S7,5.380210331875e-07,1.0659513944575e-05,0.0004971961953475,0.0424935459,0.9567977,0.00020037822548175002,4_S7,fusion
p073_20231127,73,1,72,4_S7,7.531607862499999e-06,3.3510431875e-05,0.00069373778875,0.01623368441,0.981331745,0.0016998259675000001,4_S7,fusion
p073_20231130,73,1,75,4_S7,0.0014900162275,0.0007704590350000001,0.0490098631675,0.009184646625,0.5842855875,0.3552594,4_S7,fusion
p073_20231204,73,1,76,4_S7,0.000227814035,0.0007611828202500001,0.0022169120524999997,0.060200703999999994,0.914042985,0.022550365425,4_S7,fusion
p073_20231211,73,1,77,4_S7,3.4429789641425e-05,1.02526160945e-05,9.21019614575e-05,0.0131985807621125,0.9862357,0.0004289512575,4_S7,fusion
p073_20231214,73,1,78,4_S7,0.0003486733978875,9.690034175750001e-05,0.00016112265947499998,0.00108327937535,0.9836330000000001,0.0146770608235,4_S7,fusion
p073_20231218,73,1,79,4_S7,8.894427066800001e-06,5.2737728791e-05,7.3291027242e-05,0.0001579266202375,0.997712275,0.001994832844,4_S7,fusion
p073_20231227,73,1,79,4_S7,1.3289157174749999e-05,2.4469461689999998e-05,0.0003824493550705,6.178297221099999e-05,0.994627495,0.004890529175,4_S7,fusion
p073_20240115,73,1,84,5_S8,1.5400421382500001e-06,6.3580247215e-07,1.3853277125e-06,5.99223622875e-07,0.000264530661,0.9997313325,5_S8,fusion
p073_20240119,73,1,85,5_S8,1.0714682340287499e-05,1.837595966255965e-05,3.5308293221775e-05,3.6924506152025602e-06,0.000146008332924,0.9997859,5_S8,fusion
p073_20240126,73,1,86,5_S8,8.1094130435e-07,6.08530169827575e-07,4.605481546350001e-06,2.2044749424486752e-07,0.000150091874484,0.9998437,5_S8,fusion
p077_20231006,77,1,13,0_S1,0.9986813525,0.000204467043248875,0.0001651911535,0.0008312544656302501,5.843174063625e-05,5.934914179e-05,0_S1,fusion
p077_20231011,77,1,13,0_S1,0.99974169,2.4993732114499998e-05,0.000163980677525,2.3716784923499998e-05,3.4034102662499995e-05,1.159373656e-05,0_S1,fusion
p077_20231017,77,1,13,0_S1,0.9993180825,1.46380354775e-05,0.0006419975305,1.7792203162e-05,4.5670305500000006e-06,2.931304095e-06,0_S1,fusion
p077_20231019,77,1,14,0_S1,0.99726089,0.0009588567580250001,0.00122765042325,0.00013157012937,0.000204900835675,0.00021607389917500003,0_S1,fusion
p077_20231023,77,1,20,1_S2,0.9945578974999999,0.00022100023447500002,0.004163740680000001,0.0007978462356182501,0.00023822829823,2.1276954507499998e-05,0_S1,fusion
p077_20231027,77,1,53,2_S5,0.516884381,0.06490305332,0.4109173025,0.0058132204175,0.0014303709664425,5.1630621075e-05,0_S1,fusion
p077_20231101,77,1,55,2_S5,0.00871035625075,0.021289494279999998,0.7868563725,0.181049374,0.00206716974125,2.721513719625e-05,2_S5,fusion
p077_20231106,77,1,60,3_S6,8.001218652500001e-06,0.00042663852444999994,0.019593312612499997,0.9747704625,0.00518960435,1.1986025470400002e-05,3_S6,fusion
p077_20231109,77,1,69,3_S6,0.00015784182661199997,0.003529192300925,0.06003855865475,0.910394395,0.025783837085000004,9.618596984974999e-05,3_S6,fusion
p077_20231120,77,1,70,4_S7,2.6444186582750003e-05,0.0006107285951175,0.03904608372125,0.45994173075,0.496315182,0.004059861442802499,4_S7,fusion
p077_20231127,77,1,73,4_S7,4.6442335810299995e-06,2.8540487693250003e-05,0.0005886738904,0.028781808500499998,0.9688814149999999,0.001714885705,4_S7,fusion
p077_20231130,77,1,75,4_S7,7.480025115e-06,2.3769568525000002e-05,0.00577842928135,0.00582378890475,0.9836459325,0.0047205845525000005,4_S7,fusion
p077_20231204,77,1,76,4_S7,5.518062755e-05,0.000147200542,0.0009336334125,0.05803304241,0.9389297625,0.0019011326255000001,4_S7,fusion
p077_20231211,77,1,77,4_S7,2.61566325575e-07,3.8911254749999995e-07,2.01210325875e-05,0.002118841052575,0.9976382425,0.00022208901574999999,4_S7,fusion
p077_20231214,77,1,78,4_S7,2.3086295565e-06,1.637387268e-05,0.000458410386675,0.0031521242145375002,0.994329235,0.0020415856425000005,4_S7,fusion
p077_20231218,77,1,79,4_S7,1.8696151904500001e-06,5.16223324025e-06,1.6433102193999997e-05,6.4601975525e-05,0.998560425,0.00135152255,4_S7,fusion
p077_20231227,77,1,79,4_S7,2.8253676929942502e-05,1.7424882399375e-05,0.00056326399056875,4.4635901415e-05,0.7715250925,0.22782133551,4_S7,fusion
p077_20240115,77,1,81,5_S8,3.918263943625e-05,2.37941523025e-05,0.0006659980556249999,1.55694992625e-05,0.148694495145,0.8505609550000001,5_S8,fusion
p077_20240119,77,1,84,5_S8,5.2043748592499995e-08,1.0986947797312501e-07,3.1166148690000004e-06,1.6742858179985e-07,0.00029693138160000003,0.9996996524999999,5_S8,fusion
p077_20240126,77,1,88,5_S8,8.18281545e-08,6.912966037500001e-08,6.484756542500001e-07,3.158488226375e-06,0.249248569836425,0.75074748905,5_S8,fusion
p078_20231006,78,1,13,0_S1,0.997366995,0.000345144709875,0.000323280124,0.00163802327820925,0.0001353441389825,0.0001911718927375,0_S1,fusion
p078_20231011,78,1,13,0_S1,0.9997593025,3.36883319035e-05,0.000128223518075,4.2864619590025e-05,1.9890985834e-05,1.60332404525e-05,0_S1,fusion
p078_20231017,78,1,13,0_S1,0.999509965,3.33331775e-05,0.00039448714,9.688640075e-06,3.63115210429e-05,1.6259309993e-05,0_S1,fusion
p078_20231019,78,1,14,0_S1,0.9949754725,0.0017992651025,0.0028917034499999997,0.000227834179325,7.30975895e-05,3.264269925e-05,0_S1,fusion
p078_20231023,78,1,51,2_S5,0.9426457775,0.01767837174,0.038973238959999996,0.00052683413875,0.00014449283752499998,3.13017227375e-05,0_S1,fusion
p078_20231027,78,1,53,2_S5,0.35680502475,0.1786721267075,0.4451637925,0.0163467208325,0.0027468497142500003,0.00026547954925,2_S5,fusion
p078_20231101,78,1,60,3_S6,0.0016037481633125,0.0134416053035,0.8292287374999999,0.139237783325,0.016408630081000002,7.952793234574999e-05,2_S5,fusion
p078_20231106,78,1,63,3_S6,2.0117213459533415e-06,0.0005549622483075917,0.0021810083002205575,0.9926808025,0.0045730137273000005,8.160380578500654e-06,3_S6,fusion
p078_20231109,78,1,70,4_S7,4.1518435306175e-05,0.003920772751225,0.0267690828575,0.8629547949999999,0.10590710325,0.00040671324354250003,3_S6,fusion
p078_20231120,78,1,71,4_S7,1.4204130875e-05,0.000566150618,0.00427871732125,0.25801173,0.7364472550000001,0.0006819522982500001,4_S7,fusion
p078_20231127,78,1,72,4_S7,5.421395675000001e-07,8.709432875e-06,2.4716600774999998e-05,0.002162650875,0.9943050825,0.00349827856515,4_S7,fusion
p078_20231130,78,1,74,4_S7,3.12977254099125e-05,0.00013135582872375,0.022915039396304248,0.0029629129354750003,0.972550875,0.0014085582964249999,4_S7,fusion
p078_20231204,78,1,76,4_S7,3.014914023e-06,1.94436716625e-05,0.00016907005749,0.007972908535,0.99029591,0.00153968301215,4_S7,fusion
p078_20231211,78,1,78,4_S7,5.439707109e-07,7.884711441499999e-06,0.0004411340925295,0.00020278762570749998,0.9982378125,0.001109856795175,4_S7,fusion
p078_20231214,78,1,79,4_S7,1.43358784625e-07,3.954615168e-06,6.040956890999999e-06,0.0021984873927500003,0.9955161699999999,0.0022752174135900003,4_S7,fusion
p078_20231218,78,1,79,4_S7,1.647798945e-06,2.7163613575000003e-05,1.452629135e-05,0.00037304455505000005,0.9720071225,0.0275765331075,4_S7,fusion
p078_20231227,78,1,79,4_S7,7.318956125e-07,3.3585362337500004e-06,1.01637650725e-05,2.4093036e-05,0.9976797424999999,0.0022818671075,4_S7,fusion
p078_20240115,78,1,83,5_S8,3.3125568425125e-05,0.000171933333714,0.00085720919727,8.0262500386375e-05,0.20095170812000002,0.79790571,5_S8,fusion
p078_20240119,78,1,84,5_S8,8.065340586837501e-10,1.3322336852398049e-09,5.0440839680262496e-08,9.314256962742163e-09,1.8323225033975e-06,0.9999981250000001,5_S8,fusion
p078_20240126,78,1,89,5_S8,4.32044643189e-07,3.054800739419425e-07,1.4156998680819999e-05,4.0433638165132495e-08,0.00068516881586,0.9992999175,5_S8,fusion
p083_20231128,83,1,68,3_S6,0.0005941239622935001,0.001978156329235,0.01541259715655,0.73057645,0.22327072065500003,0.028167914189055003,3_S6,fusion
p083_20231130,83,1,69,3_S6,1.6645717120000003e-05,0.000209095516925,0.0008393455771249999,0.9482645,0.0494352935,0.0012351418931925,3_S6,fusion
p083_20231204,83,1,70,4_S7,0.00037894019000000003,0.0007413953500000001,0.004318856975,0.38214039250000004,0.6028362274999999,0.009584134434,4_S7,fusion
p083_20231207,83,1,71,4_S7,0.0006522324128250001,0.001624487867325,0.0212773325925,0.211806212,0.7591819825,0.00545773465,4_S7,fusion
p083_20231211,83,1,73,4_S7,6.87466174175e-05,0.00011736795196749999,0.002644468144825,0.038993016675,0.95239054,0.005785853178750001,4_S7,fusion
p083_20231218,83,1,75,4_S7,4.4803542646374997e-07,4.045679219775e-06,4.2763043928860004e-05,0.0005150245799875,0.9981564649999999,0.0012812500389875,4_S7,fusion
p083_20231227,83,1,77,4_S7,5.330192023567499e-06,1.2673298080775e-05,9.25131481829e-05,0.0016279651448750001,0.9974798225,0.0007816762310575001,4_S7,fusion
p083_20240115,83,1,78,4_S7,3.5243395940329997e-07,1.8966562053975001e-06,3.25233214369325e-05,3.7287644990249995e-05,0.995679875,0.004248029,4_S7,fusion
p083_20240119,83,1,79,4_S7,1.7916187802069999e-06,5.2308816469625e-06,4.6861167053899994e-05,0.00030081361707750003,0.75291353775,0.2467317286075,4_S7,fusion
p083_20240126,83,1,83,5_S8,2.6301414831685876e-07,1.7309777775302028e-07,4.51325956531007e-07,1.5499899650006305e-06,0.0003196142021982845,0.9996779975,5_S8,fusion
p085_20231128,85,1,65,3_S6,0.0001127080159275,0.0014507283613925002,0.009876302272375,0.8944417625000001,0.0915756444,0.0025428610397025,3_S6,fusion
p085_20231130,85,1,68,3_S6,5.096220345e-05,0.000555249340325,0.00139704177975,0.9516674225,0.04510259270375,0.00122670722883,3_S6,fusion
p085_20231204,85,1,69,3_S6,7.56551215e-05,0.00019040042125000002,0.00016408970700000001,0.737663854,0.26139006175,0.000515933133075,3_S6,fusion
p085_20231207,85,1,70,4_S7,0.00018019214342499998,0.00028505485225000004,0.0022267320200000003,0.28518717325,0.7095615424999999,0.0025592841575000002,4_S7,fusion
p085_20231211,85,1,71,4_S7,0.0001294176702375,0.0009607352241799999,0.023443771822707495,0.021504129575,0.9380250325,0.015936854167500004,4_S7,fusion
p085_20231218,85,1,72,4_S7,1.2977340589999999e-06,2.4232231525000002e-06,3.1486762844999995e-05,0.00029567020925,0.9983019475,0.0013671341795,4_S7,fusion
p085_20231227,85,1,74,4_S7,7.621821462075e-06,1.48137098625e-06,1.1164919411499999e-05,5.253696349e-05,0.999357445,0.00056975928,4_S7,fusion
p085_20240115,85,1,77,4_S7,1.041349751925e-05,5.6098658725e-06,0.000218671258975,0.00037378786325,0.9965103675,0.002881142805,4_S7,fusion
p085_20240119,85,1,79,4_S7,1.05553502595015e-05,1.3128151242892499e-06,0.00046481612832112,5.786918169e-06,0.9905415975,0.0089759021875,4_S7,fusion
p085_20240126,85,1,81,5_S8,2.7857741696075e-06,1.37041633106909e-06,1.75325576877865e-05,6.817532259785623e-06,0.1839204240508425,0.816051085,5_S8,fusion
p089_20231128,89,1,64,3_S6,0.000278644694554,0.0016244886614549998,0.0043155707157499995,0.664425975,0.3283078455999999,0.00104747316764,3_S6,fusion
p089_20231130,89,1,67,3_S6,1.2353637075e-05,0.00023700195227500001,0.0017295942967499999,0.922052675,0.0757252433425,0.0002431429612515,3_S6,fusion
p089_20231204,89,1,68,3_S6,0.00015187422387500003,0.00045434260535,0.000960988095875,0.7289358825,0.266426995,0.0030699358738050003,3_S6,fusion
p089_20231207,89,1,70,4_S7,0.00014738495398950002,0.00020812718246499999,0.017870959192475003,0.311630726675,0.6695840975,0.0005587009600050001,4_S7,fusion
p089_20231211,89,1,71,4_S7,8.965765259250001e-06,2.1439276226500003e-05,0.000121355490505,0.350214192585,0.6486635224999999,0.0009705208906249999,4_S7,fusion
p089_20231218,89,1,73,4_S7,5.951747079499999e-08,4.716420975e-07,6.7877348095e-06,6.9721736e-05,0.999789015,0.00013393118261250002,4_S7,fusion
p089_20231227,89,1,74,4_S7,7.5874763071275e-06,1.0532851459e-05,0.000126127419730175,3.9814470825e-05,0.9971991,0.002616809761,4_S7,fusion
p089_20240115,89,1,77,4_S7,1.237854460146925e-05,1.240383139386e-05,0.000312334179875425,0.00020179857935000002,0.986453545,0.0130075610045,4_S7,fusion
p089_20240119,89,1,78,4_S7,0.001193777516538696,0.00047290133279515,0.013676555638280775,0.0005640872915856501,0.757585315,0.2265073618,4_S7,fusion
p089_20240126,89,1,81,5_S8,6.675698205075e-06,1.2757364157999999e-05,0.00015266701250299999,5.05275656e-06,0.453002111725,0.546820768,5_S8,fusion
p097_20231128,97,1,64,3_S6,4.38678139225e-05,0.002672121804405,0.009115621402000002,0.9230847750000001,0.0648854412975,0.00019814726963325,3_S6,fusion
p097_20231130,97,1,67,3_S6,1.99669361e-05,0.00012423309825,0.00049343272675,0.8616412175,0.13687113557500002,0.000850024779875,3_S6,fusion
p097_20231204,97,1,69,3_S6,0.00014431805775,0.00056352435575,0.0005314361925,0.8232876025,0.17489542,0.00057767192275,3_S6,fusion
p097_20231207,97,1,68,3_S6,1.2049159040350001e-05,0.000189328212424,0.0008294550706075001,0.033001848,0.9651124,0.0008548365525000001,4_S7,fusion
p097_20231211,97,1,69,3_S6,1.276768099e-05,5.3691254785750005e-05,0.000899508007825,0.1388284879125,0.85925082,0.000954734805,4_S7,fusion
p097_20231218,97,1,71,4_S7,1.3919921342499999e-08,2.18047675425e-07,2.3157866634e-06,3.3407342e-05,0.999855465,0.00010859430050000002,4_S7,fusion
p097_20231227,97,1,72,4_S7,1.4858607355426498e-06,2.3185487137325e-06,2.6973036763487505e-05,3.49180897e-06,0.99652302,0.0034427008886875003,4_S7,fusion
p097_20240115,97,1,75,4_S7,4.0897119546e-08,1.2825380595e-07,1.2949504950749999e-06,2.5371904500500003e-06,0.9953417600000001,0.004654272026025,4_S7,fusion
p097_20240119,97,1,79,4_S7,9.280213962947498e-05,5.88896317595e-05,0.0038584386130309997,0.000281215338515,0.9672082599999999,0.028500331239999996,4_S7,fusion
p097_20240126,97,1,80,5_S8,1.5458309566000003e-08,1.460841957e-07,1.8986556171075e-06,3.3261838875e-07,0.77691795,0.22307964427475,4_S7,fusion
p099_20231128,99,1,65,3_S6,0.00033644962625000005,0.00233079658275,0.00581922805,0.96533066,0.026092841575,9.0008309575e-05,3_S6,fusion
p099_20231130,99,1,66,3_S6,0.000308858443435,0.0006251920317249999,0.00067352186435,0.969433855,0.028298512875000004,0.00066005961321125,3_S6,fusion
p099_20231204,99,1,68,3_S6,2.22288587e-05,0.000408283748875,0.00044209622824999996,0.9228431575,0.07574296235,0.000541253004725,3_S6,fusion
p099_20231207,99,1,70,4_S7,0.000584332133952575,0.0012385029078505001,0.0340589744235675,0.207745846275,0.7513720500000001,0.005000276967224999,4_S7,fusion
p099_20231211,99,1,71,4_S7,1.14878612e-05,7.8061077e-05,0.00098772616175,0.50660965325,0.489580215,0.0027328643685000003,3_S6,fusion
p099_20231218,99,1,72,4_S7,4.247255547325e-08,2.106300198819e-06,8.962835299375e-06,0.001402611561725,0.9984275250000001,0.000158763503675,4_S7,fusion
p099_20231227,99,1,74,4_S7,2.64548331103e-05,1.5178422696999999e-05,6.032646016875e-05,9.704532174999999e-05,0.9977798675,0.002021106439925,4_S7,fusion
p099_20240115,99,1,78,4_S7,2.256775319175e-06,5.7604812845e-06,8.0930146615e-06,0.00014968853697499998,0.9994317875000001,0.00040239719,4_S7,fusion
p099_20240119,99,1,79,4_S7,1.5888569121225e-05,7.846219951975e-05,0.0008035727138912499,0.004023975944686249,0.9901943150000001,0.00488376125,4_S7,fusion
p099_20240126,99,1,80,5_S8,1.8517602925000001e-06,3.0287563812499997e-05,7.243165949999999e-05,1.95769211e-05,0.62208535,0.37779050275000003,4_S7,fusion
p003_20230816,3,2,64,3_S6,0.00047915058449999996,0.001653470624381,0.12068981259810001,0.57468577162,0.30110580296875,0.00138598501885075,3_S6,fusion
p003_20230921,3,2,77,4_S7,2.797453939375e-05,7.401499302495e-05,0.0005436542459475,0.10372328831025,0.89406426,0.0015668212535250002,4_S7,fusion
p003_20231005,3,2,79,4_S7,8.239907311999998e-06,1.00139242935e-05,0.000248010972125,0.000446285823625,0.9906227049999999,0.0086647992225,4_S7,fusion
p004_20230816,4,2,61,3_S6,0.0037752430574999997,0.0030816560865,0.16577524999999999,0.5283261674999999,0.2966904945,0.00235120532175,3_S6,fusion
p004_20230921,4,2,79,4_S7,4.2152361799257504e-05,2.829671667345e-05,0.000135299984310975,0.008847892497514,0.9905039575,0.00044244214642500003,4_S7,fusion
p004_20231005,4,2,82,5_S8,0.00037264689925,0.00011483798016500001,0.0026135911052500003,0.0036151717786500003,0.49332210500000007,0.499961649,5_S8,fusion
p009_20230816,9,2,64,3_S6,4.74353961275e-06,3.332684265615e-05,0.00199222753175,0.7281657149999999,0.2697930415,1.09157164725e-05,3_S6,fusion
p009_20230921,9,2,75,4_S7,0.00051917895444225,2.7755023121750002e-05,3.88835957925e-05,3.4465656725e-05,0.8653067999999999,0.13407286994239997,4_S7,fusion
p009_20231005,9,2,84,5_S8,0.00019614149446999998,3.1746938057975e-05,8.627481874249999e-05,0.000338555705197575,0.03031927573075,0.9690279774999999,5_S8,fusion
p014_20230816,14,2,69,3_S6,0.00019870913405325,0.0012893574065749999,0.07397015013,0.6589289925,0.2652932825,0.00031948384605,3_S6,fusion
p014_20230921,14,2,76,4_S7,0.00107860004996575,0.00018623443231499998,0.001022906415625,0.016150672177075002,0.979949935,0.001611645115,4_S7,fusion
p014_20231005,14,2,79,4_S7,2.3076312977500003e-05,4.15477340234e-05,0.00010580761497,9.977170258499999e-05,0.93562535,0.06410447279,4_S7,fusion
p015_20230816,15,2,66,3_S6,9.609421986699999e-05,0.0005096576736675,0.022263540897499996,0.8898621425000001,0.08722151080249999,4.7070492979550006e-05,3_S6,fusion
p015_20230921,15,2,73,4_S7,7.108194193e-05,0.00020115567264305002,0.0029753341429650006,0.12410292160075,0.87223367,0.00041583143974999995,4_S7,fusion
p015_20231005,15,2,77,4_S7,0.001696911879,0.008072398534,0.0038292100532499995,0.0116124754622,0.7968268125,0.17796219705,4_S7,fusion
p018_20230816,18,2,68,3_S6,3.4992812075725004e-05,0.0007726478915495,0.009357472907,0.763892565,0.22592787723000002,1.4447581907500002e-05,3_S6,fusion
p018_20230921,18,2,78,4_S7,0.002240866986,0.00117888606,0.0057733745275,0.0038027294749999998,0.830809505,0.156194628225,4_S7,fusion
p018_20231005,18,2,89,5_S8,3.13882813e-05,1.5080552839999998e-05,2.31283969e-05,0.000224803448025,0.6243129691425,0.37539266899999996,4_S7,fusion
p019_20230816,19,2,70,4_S7,0.00065458752695,0.00124665253779,0.0562101431025,0.49034405540000003,0.450393734,0.0011508532029750002,3_S6,fusion
p019_20230921,19,2,78,4_S7,4.588782268500001e-06,9.38303430325e-06,0.002084225072875,0.0029699462809750004,0.994177875,0.0007539599674999999,4_S7,fusion
p019_20231005,19,2,85,5_S8,0.0001459637827701,8.956336278277499e-06,7.200400331650001e-05,5.2818990340254995e-05,0.247511058393175,0.75220919825,5_S8,fusion
p020_20230816,20,2,70,4_S7,0.00036399828457500005,0.0009736946775000001,0.012920727153499999,0.9589414199999999,0.02678008225,2.0077241425e-05,3_S6,fusion
p020_20230921,20,2,72,4_S7,5.00159340675e-05,1.2543523227500001e-05,0.00289888877555,0.09184686055,0.9022201424999999,0.0029715102807,4_S7,fusion
p020_20231005,20,2,78,4_S7,0.0006218753192500001,0.0012652684537675,0.0023228157550499997,0.00410445726225,0.7408682365,0.250817352925,4_S7,fusion
p022_20230828,22,2,19,0_S1,0.9773407525000001,0.002705613785,0.019275301707499998,0.0006491714945,1.997999765e-05,9.179604575e-06,0_S1,fusion
p022_20230904,22,2,53,2_S5,0.278276279825,0.289803774,0.13284346125,0.20809081899999998,0.08974200295,0.001243638564,1_S2,fusion
p022_20230908,22,2,63,3_S6,0.00037984829868432495,0.00028998468335000003,0.02318510132975,0.9579209625,0.018216106231250005,8.027020259e-06,3_S6,fusion
p022_20230921,22,2,70,4_S7,1.43200046576e-06,1.3007622585060001e-05,0.0019572111318725003,0.24214569775861874,0.7558789699999999,3.64924376e-06,4_S7,fusion
p022_20231006,22,2,72,4_S7,1.1829481675e-06,1.87418093e-05,0.004195184745749999,0.00819558492,0.9874020549999999,0.00018722061262499998,4_S7,fusion
p022_20231017,22,2,75,4_S7,1.4404073223e-06,1.12809153662675e-05,0.00513883033976125,0.0017488224925,0.992967985,0.00013165239297499999,4_S7,fusion
p022_20231023,22,2,77,4_S7,1.9015463107e-07,3.5571837549750003e-07,7.86041654101775e-05,0.000118669233975,0.99575615,0.0040460305794,4_S7,fusion
p022_20231027,22,2,78,4_S7,1.1313632438750001e-06,4.980112897500001e-06,2.591255725e-05,0.00013860637942499998,0.9987084275,0.0011209288085750001,4_S7,fusion
p022_20231101,22,2,79,4_S7,7.118978833750001e-07,2.4393661867599998e-05,0.00030186904462500006,0.000648096151875,0.9940826075,0.0049423647894999995,4_S7,fusion
p022_20231106,22,2,80,5_S8,0.0002794811158593,0.000136853006071415,0.00018704032310625,0.0010671852983630001,0.90544964,0.0928797838125,4_S7,fusion
p022_20231109,22,2,80,5_S8,8.7575175725e-05,0.00022557561321000002,0.0008727475798750001,0.0023547812575000003,0.93861173,0.05784759744875,4_S7,fusion
p022_20231120,22,2,84,5_S8,0.00012070837482000001,6.997885160399999e-05,0.000160686171875,5.2601365861515e-05,0.273009482475,0.726586505,5_S8,fusion
p022_20231124,22,2,86,5_S8,0.00021080956814999998,0.00013554996305,0.0007855010432000001,0.00074705822003625,0.0172424425325,0.9808786349999999,5_S8,fusion
p022_20231127,22,2,88,5_S8,1.2568341815000001e-05,2.4928858992499997e-05,0.00036060879235000007,0.00010394887193,0.082074362937,0.91742359,5_S8,fusion
p022_20231130,22,2,89,5_S8,3.467765161825e-05,5.7216563056499994e-05,0.00015627755061675,7.095854372217498e-05,0.03878339765525001,0.9608975325,5_S8,fusion
p024_20230828,24,2,15,0_S1,0.9839335149999999,0.009466378585,0.0054292128375,0.0008150651551999999,0.0002339707546675,0.00012181490567499998,0_S1,fusion
p024_20230904,24,2,17,0_S1,0.170721230475,0.5274473925000001,0.22134975075,0.0798221199925,0.00059312376225,6.635712575e-05,1_S2,fusion
p024_20230908,24,2,23,1_S2,0.01712360262415,0.0021380615003,0.016145240235,0.96021621,0.004370480749999999,6.40752726e-06,3_S6,fusion
p024_20230921,24,2,28,1_S2,6.759776680000001e-05,0.0009027603573175,0.053104358324999996,0.714420245,0.23148322100000002,2.18090542475e-05,3_S6,fusion
p024_20231006,24,2,29,1_S2,1.556430775e-06,1.9169084375e-05,0.2459456420125,0.043780250475000004,0.70977837775,0.00047503494327500004,4_S7,fusion
p024_20231017,24,2,29,1_S2,2.6969595578e-06,5.2849281169168e-05,0.34029588826645,0.009691206797999998,0.64994135925,1.598414571e-05,4_S7,fusion
p024_20231023,24,2,29,1_S2,4.68984763575e-05,0.000802711017625,0.27266525975,0.0119235623675,0.7094653925000001,0.005096172507500001,4_S7,fusion
p024_20231027,24,2,29,1_S2,7.251798922675e-05,0.00077246917763175,0.1142138127025,0.00144119351725,0.8482253,0.0352746995311,4_S7,fusion
p024_20231101,24,2,29,1_S2,9.0964914e-07,3.117009515e-05,0.232258708515,0.00014976464445,0.730652725,0.0369067346325,4_S7,fusion
p024_20231106,24,2,29,1_S2,0.0003269827891275,0.0015128107164000002,0.24328702635,0.0005409964125000001,0.567909211,0.186422949714,4_S7,fusion
p024_20231109,24,2,29,1_S2,5.8641778950000005e-05,0.00025604688005,0.14475765475000002,0.00122001413425,0.5605882325,0.293119411225,4_S7,fusion
p024_20231120,24,2,29,1_S2,6.6740978325e-05,0.00090523236175,0.09237844436249999,0.0003540754767500001,0.446179825,0.460115665,5_S8,fusion
p024_20231124,24,2,29,1_S2,4.58624992675e-05,0.0014870039726675001,0.15554302887250002,0.0013977872521,0.422605175,0.418921169425,4_S7,fusion
p024_20231127,24,2,51,2_S5,1.4925627807249999e-05,8.807730679499999e-05,0.32203947275,4.09891864075e-05,0.22474977405000002,0.45306674775,5_S8,fusion
p024_20231130,24,2,51,2_S5,0.0008391780485750001,0.000908107664275,0.25112509641249997,0.0009107034752624999,0.22475295874999998,0.52146399,5_S8,fusion
p028_20230828,28,2,15,0_S1,0.9831020899999999,0.012174573950000002,0.00280840923,0.00160086217825,0.0001945139138,0.0001195576845325,0_S1,fusion
p028_20230904,28,2,51,2_S5,0.4117619525,0.073025685,0.3966145305,0.1171109625,0.0013916117075,9.528546450000001e-05,0_S1,fusion
p028_20230908,28,2,61,3_S6,0.002648306834325,0.004683635970999999,0.0286769963,0.854879025,0.10895290463,0.00015917166728000002,3_S6,fusion
p028_20230921,28,2,70,4_S7,1.05185564925e-06,6.057502220000001e-06,0.0024374424252,0.09064610816999999,0.9068996749999999,9.6732181e-06,4_S7,fusion
p028_20231006,28,2,73,4_S7,0.000227756808653035,0.0022222862020226425,0.09182597949382501,0.032293259159454996,0.872760995,0.0006697295316750001,4_S7,fusion
p028_20231017,28,2,74,4_S7,5.8289891413624993e-05,6.318110832014249e-05,0.013253899697674999,0.034932900453875,0.951647035,4.473816585e-05,4_S7,fusion
p028_20231023,28,2,75,4_S7,3.2869891127625e-06,8.52721776337575e-06,0.006347296619419125,0.01265183740175,0.9809640175,2.5050224325e-05,4_S7,fusion
p028_20231027,28,2,76,4_S7,1.7422497209625e-05,0.0001969361591025,0.0014516448790000002,0.013862021276475001,0.97113951,0.01333243955,4_S7,fusion
p028_20231101,28,2,77,4_S7,2.1124315974999998e-06,1.8775631625e-06,0.0002128942805,0.00047808599675,0.9964869325,0.002818091345,4_S7,fusion
p028_20231106,28,2,78,4_S7,2.3312371504999998e-05,2.0530563427875e-05,0.00032582589985525,1.9804778901724998e-05,0.9565844775,0.0430260314248425,4_S7,fusion
p028_20231109,28,2,79,4_S7,5.5579025052667505e-05,1.6295862131395e-05,0.000152588391265025,0.00019491507543775,0.786916345,0.21266427165,4_S7,fusion
p028_20231120,28,2,81,5_S8,2.6059462625e-06,3.73975616e-06,8.42987121125e-05,1.1278345250000002e-06,0.0069493574725,0.99295885,5_S8,fusion
p028_20231124,28,2,84,5_S8,2.98463421715e-05,2.3406192687500002e-05,0.0006065122614750001,2.9755033674250002e-05,0.100580049915,0.8987304,5_S8,fusion
p028_20231127,28,2,86,5_S8,5.745422777249999e-06,8.008081935e-06,5.2864093075000006e-05,5.922761935625e-06,0.058526067367500004,0.9414013775,5_S8,fusion
p028_20231130,28,2,89,5_S8,7.7195194135e-05,8.3002832215e-05,7.8520216605e-05,3.74156629835e-05,0.00424718990225,0.995476685,5_S8,fusion
p033_20230828,33,2,16,0_S1,0.8425630525000001,0.023513807759999998,0.1091526035025,0.020145953496,0.0038616563872499996,0.0007628991155999999,0_S1,fusion
p033_20230904,33,2,52,2_S5,0.19044749958150373,0.0850014391657,0.20599055188749998,0.51774393,0.000741049646,7.554005494e-05,3_S6,fusion
p033_20230908,33,2,61,3_S6,2.80002660958475e-05,1.9189930007500002e-05,0.006688855283897501,0.9764085175,0.01685292285,2.515734897025e-06,3_S6,fusion
p033_20230921,33,2,70,4_S7,5.4998474542880005e-05,0.000145716297352885,0.0041917711636125,0.1511558702185675,0.844360865,9.073301949999999e-05,4_S7,fusion
p033_20231006,33,2,72,4_S7,3.3218103587250004e-05,0.0004984606297671,0.09095941717139999,0.199966996569909,0.70772233125,0.000819539958875,4_S7,fusion
p033_20231017,33,2,73,4_S7,5.05711043e-06,1.98914920525e-05,0.0016992293535,0.1212345385,0.8769844349999999,5.6878797999999996e-05,4_S7,fusion
p033_20231023,33,2,74,4_S7,0.012476285910862,0.00298717846009565,0.08082515178641,0.028707345425,0.8736148324999999,0.00138917656175,4_S7,fusion
p033_20231027,33,2,75,4_S7,8.754690403724999e-06,0.000154192358815,0.005918047403495249,0.010079507534907248,0.9749289025,0.00891060011625,4_S7,fusion
p033_20231101,33,2,76,4_S7,9.7018188248925e-05,0.00094435834075025,0.0037393458334425,0.14658315235063502,0.848057705,0.000578434574125,4_S7,fusion
p033_20231106,33,2,77,4_S7,3.3254843929000003e-06,2.2556699448175e-05,0.0015777459134275,0.0010411898175260001,0.9949115350000001,0.0024436388098299996,4_S7,fusion
p033_20231109,33,2,78,4_S7,3.343431633e-06,1.1102783911924999e-05,0.0001051589098175,0.000538855467255,0.984738985,0.014602537405,4_S7,fusion
p033_20231120,33,2,83,5_S8,3.106093525e-05,0.00010932095065000001,0.0031995748363250003,0.0013189839059999998,0.37255090999999996,0.6227901375,5_S8,fusion
p033_20231124,33,2,85,5_S8,9.326680904999999e-05,0.0003350928799,0.0059892347555,0.0007579155843425,0.08915645744999999,0.903668,5_S8,fusion
p033_20231127,33,2,87,5_S8,9.6710605e-06,3.2764685775e-05,0.000920234456575,0.0002226956457625,0.32813042775,0.6706841917499999,5_S8,fusion
p033_20231130,33,2,89,5_S8,0.00045828214806499995,0.0010543370937500002,0.015191838712875001,0.00208428675528625,0.260052754215,0.7211584725,5_S8,fusion
p040_20230828,40,2,14,0_S1,0.8838841,0.003078575075,0.08769595493,0.025064499958750003,0.0002219570354,5.48884541e-05,0_S1,fusion
p040_20230904,40,2,54,2_S5,0.031630620500000005,0.06819218275,0.1511265575,0.6536577749999999,0.09529155839125,0.00010132031465,3_S6,fusion
p040_20230908,40,2,62,3_S6,0.00044850889713,0.000973422645825,0.0178444693775,0.7420198175,0.238703625725,1.01787780425e-05,3_S6,fusion
p040_20230921,40,2,65,3_S6,2.755872202865e-05,6.789217940874e-05,0.00855223252408675,0.46399319349999996,0.527314795,4.4319046925e-05,4_S7,fusion
p040_20231006,40,2,71,4_S7,2.0069997201075e-05,0.00012787271133227375,0.00554430779828335,0.1324529893345,0.8615744125,0.000280363716675,4_S7,fusion
p040_20231017,40,2,72,4_S7,6.48589389e-09,2.703188088e-08,5.055467991925001e-05,0.005202884897165,0.9947309025000001,1.5606064e-05,4_S7,fusion
p040_20231023,40,2,73,4_S7,4.0559485568053496e-06,0.0001144468333357264,0.006973698670365251,0.26085495590509716,0.7315052224999999,0.000547587262239,4_S7,fusion
p040_20231027,40,2,74,4_S7,1.677632530375e-06,2.2328248396637498e-05,0.0003153449253,0.09695779168125,0.891007925,0.0116949042026,4_S7,fusion
p040_20231101,40,2,75,4_S7,1.084507447625e-05,3.619311275e-06,0.0006248323715785,0.046476419227925,0.947750605,0.0051336583825,4_S7,fusion
p040_20231106,40,2,76,4_S7,8.4209105425e-07,8.98002529575e-06,0.0091529645710525,0.06960327107610749,0.9138793425,0.0073546053315,4_S7,fusion
p040_20231109,40,2,77,4_S7,5.39655867075e-06,1.011216635675e-05,8.833996845000001e-05,0.0032548537536600006,0.98881968,0.007821616965999999,4_S7,fusion
p040_20231120,40,2,81,5_S8,7.6919801425e-05,0.00010280584411175001,0.003791514537825,0.036922748913160004,0.4701570825,0.48894893599999995,5_S8,fusion
p040_20231124,40,2,82,5_S8,1.248464764e-06,4.1427629274999996e-06,0.0012857256868349998,0.0002181448899675,0.32237843546000006,0.676112290575,5_S8,fusion
p040_20231127,40,2,84,5_S8,1.3415400153175e-05,3.596347288675e-05,0.0045499695114999995,0.00720625964257125,0.241638928733,0.746555474,5_S8,fusion
p040_20231130,40,2,87,5_S8,4.0151360502465e-05,4.5732017558025e-05,0.002369832082625,0.02458860563628879,0.21955922477775,0.7533964714999999,5_S8,fusion
p052_20230929,52,2,13,0_S1,0.9999574675,1.7156796224999998e-05,8.556726325e-06,1.2862772852500001e-05,1.57040959e-06,2.39079865e-06,0_S1,fusion
p052_20231004,52,2,13,0_S1,0.9996917575,5.9993974925e-05,7.0545587275e-05,1.34458097975e-06,2.7904748477500003e-05,0.00014836320105249997,0_S1,fusion
p052_20231011,52,2,14,0_S1,0.9984888025,0.0009382052444500001,0.00014281563415,0.0004042831029125,1.172737427675e-05,1.4174098323749999e-05,0_S1,fusion
p052_20231017,52,2,52,2_S5,0.68867482425,0.23970963965,0.0645600266,0.006918370315,0.00011702320727500001,2.0110824174999998e-05,0_S1,fusion
p052_20231019,52,2,53,2_S5,0.502026275,0.0474072705,0.28111381104999994,0.16886334372675002,0.0005170812032,7.217654654750002e-05,0_S1,fusion
p052_20231023,52,2,61,3_S6,0.0953861751975,0.31039411249999993,0.3300859945,0.25725914024999996,0.006806306339999999,6.828691388e-05,2_S5,fusion
p052_20231027,52,2,68,3_S6,0.002464297604775,0.00169072436825,0.26207254325,0.7163760650000001,0.0173350786,6.130900975e-05,3_S6,fusion
p052_20231101,52,2,67,3_S6,0.0008936872966,0.002778489442415,0.20961394994,0.7654914125000001,0.021173705124999997,4.876004397e-05,3_S6,fusion
p052_20231106,52,2,68,3_S6,0.000187164019,0.00045695947065,0.006522061145000001,0.6951524175,0.29758117575,0.000100211337615,3_S6,fusion
p052_20231109,52,2,70,4_S7,5.9660536475000004e-05,0.0012311375068250001,0.034524965075,0.2748702563,0.6892074075000001,0.000106579166975,4_S7,fusion
p052_20231120,52,2,72,4_S7,5.855772817175e-06,2.3722406712349997e-05,0.0010516138503057501,0.00557754614425,0.9905284974999999,0.0028127607443249997,4_S7,fusion
p052_20231127,52,2,73,4_S7,2.2457138194978248e-06,6.459794694546875e-06,0.00012861226816149999,0.001036191658133795,0.99558985,0.003236610331565,4_S7,fusion
p052_20231130,52,2,75,4_S7,0.000268468655181675,0.000809608132827575,0.00472902596533,0.0024649785602175,0.9734466749999999,0.018281222657500002,4_S7,fusion
p052_20231204,52,2,76,4_S7,2.20205878675e-07,1.017173178175e-06,6.35088784e-06,5.8845494065389996e-05,0.9960683625,0.0038652379818750002,4_S7,fusion
p052_20231211,52,2,77,4_S7,6.5994668225e-06,1.576394193375e-05,0.004154978300000001,6.2134804468e-05,0.9356180525000001,0.0601424985,4_S7,fusion
p052_20231214,52,2,78,4_S7,1.7223130526749998e-06,4.5521975060000004e-07,3.31697669e-06,1.53608406966e-05,0.982107125,0.017872057075,4_S7,fusion
p052_20231218,52,2,79,4_S7,1.2445699061249998e-06,1.03560398205e-06,1.2766765518500001e-05,8.407859415e-06,0.9417822075000001,0.05819433855,4_S7,fusion
p052_20231227,52,2,79,4_S7,3.1033513855e-05,8.78048755e-06,6.297349825000001e-05,2.2497933338e-05,0.199408441,0.8004663325,5_S8,fusion
p052_20240104,52,2,84,5_S8,2.83064718679e-05,3.166779760275e-05,5.6684751932500004e-05,1.7761322947125003e-05,0.315078543785,0.68478708,5_S8,fusion
p058_20230929,58,2,13,0_S1,0.99996665,1.9182217095000004e-05,9.913323895000001e-06,9.988719e-07,1.0219707475e-06,2.19484435e-06,0_S1,fusion
p058_20231004,58,2,13,0_S1,0.998572975,0.0005702215607499999,0.00082091428925,8.982037e-06,1.1032006025e-05,1.5950502925e-05,0_S1,fusion
p058_20231011,58,2,14,0_S1,0.9806288400000001,0.0005885200650000001,0.018695197721500002,3.3808656375e-05,2.9510178975000002e-05,2.4133254974999997e-05,0_S1,fusion
p058_20231017,58,2,52,2_S5,0.6362234925,0.006472207800000001,0.294525038995,0.0488861487,0.0132089404925,0.0006841451303,0_S1,fusion
p058_20231019,58,2,53,2_S5,0.7232385575,0.021118459875,0.24064803125,0.012703050675,0.0018093436225,0.00048254808425,0_S1,fusion
p058_20231023,58,2,54,2_S5,0.327838019625,0.18953474999999997,0.29772922749999997,0.17442536375,0.010142544324999999,0.00033009231125000004,0_S1,fusion
p058_20231027,58,2,55,2_S5,0.00448455255,0.065422214475,0.17907271699999996,0.503614665,0.24510349675,0.00230238212,3_S6,fusion
p058_20231101,58,2,59,2_S5,0.004529509625000001,0.02108317329,0.44465357250000004,0.5244956037499999,0.0051780199599999995,6.016437898249999e-05,3_S6,fusion
p058_20231106,58,2,63,3_S6,0.000208804190268,0.002966397931705,0.20486276607499998,0.47699786499999997,0.314087307025,0.0008768963669807501,3_S6,fusion
p058_20231109,58,2,64,3_S6,0.0001528677929175,0.000613907931,0.0076722739125,0.29556696174999997,0.690621374,0.0053726159311949994,4_S7,fusion
p058_20231120,58,2,67,3_S6,2.28198557349375e-05,1.337919442508e-05,0.0003992369561379675,0.015230643353334999,0.9805783025,0.00375563525881,4_S7,fusion
p058_20231127,58,2,71,4_S7,3.0275497029425e-06,1.475469423943e-05,0.000661966619435875,0.001568594124275125,0.995756415,0.0019952627389000005,4_S7,fusion
p058_20231130,58,2,73,4_S7,0.0002989201068507,7.8439417890055e-05,0.0009250548890098376,0.10324290204638499,0.8938998499999999,0.0015548401358074998,4_S7,fusion
p058_20231204,58,2,74,4_S7,0.0009442960041469802,0.00093450234591344,0.012233047853646026,0.038650558036803,0.94596106,0.0012765645266891253,4_S7,fusion
p058_20231211,58,2,75,4_S7,5.292355597175e-07,2.6601193182474998e-06,5.3786016115e-06,0.00048010759133499997,0.9879178725000001,0.011593478257780001,4_S7,fusion
p058_20231214,58,2,76,4_S7,5.950610443254999e-05,1.7847011226875e-05,0.000115299380657825,0.0043519867503660995,0.98919858,0.006256797537875,4_S7,fusion
p058_20231218,58,2,78,4_S7,1.4780374712499998e-06,1.0685869937499999e-05,3.493084305e-05,2.9351962600000002e-05,0.909710315,0.09021326074999998,4_S7,fusion
p058_20231227,58,2,79,4_S7,7.24176821e-07,1.185400426e-06,1.789807625e-06,1.491419235e-05,0.87569778,0.12428358108000001,4_S7,fusion
p058_20240104,58,2,81,5_S8,5.539709379999999e-06,1.2003922525e-05,0.00011494323799999998,2.7764986e-05,0.6095622629999999,0.3902774475,4_S7,fusion
p060_20230929,60,2,13,0_S1,0.9999193375,4.6395351825e-05,1.926722875e-05,3.7408312510000002e-06,5.595018625e-06,5.64580965e-06,0_S1,fusion
p060_20231004,60,2,13,0_S1,0.9991084,0.000530978155,0.00028428692025,3.70207833125e-06,4.1975126455e-05,3.06408319575e-05,0_S1,fusion
p060_20231011,60,2,53,2_S5,0.9625688225,0.015585385714999999,0.015991003237500002,0.00583155264635,1.5138071214999999e-05,8.094142625e-06,0_S1,fusion
p060_20231017,60,2,60,3_S6,0.19435467499999998,0.3617867875,0.106481015,0.19807145725,0.13912685156,0.000179220711,1_S2,fusion
p060_20231019,60,2,67,3_S6,0.296552681475,0.031822622375000005,0.47055685,0.19824980918500001,0.0025020228575,0.00031601908219999996,2_S5,fusion
p060_20231023,60,2,67,3_S6,0.0032998185574999997,0.006970997699999999,0.24620984349999997,0.6975114825000001,0.045988930975,1.891299775e-05,3_S6,fusion
p060_20231027,60,2,67,3_S6,0.0004727247350925,0.0022849371134499997,0.09375472265,0.7122778212499999,0.1911815724,2.8197561982499996e-05,3_S6,fusion
p060_20231101,60,2,70,4_S7,0.00014745002975,0.0006280626913,0.11782518574999999,0.506126215,0.3752432725,2.9812553875e-05,3_S6,fusion
p060_20231106,60,2,70,4_S7,0.0001503000534625,0.0003785539225375,0.197296731142075,0.332336374,0.4696074225,0.000230594578625,4_S7,fusion
p060_20231109,60,2,70,4_S7,9.061447340950001e-05,0.0001488815782366,0.024210198131225002,0.29390772387999997,0.6813822875,0.00026030771925,4_S7,fusion
p060_20231120,60,2,71,4_S7,0.00018306533636125002,8.7788887167675e-06,5.40559990805e-05,0.0013910878938465,0.9631237850000001,0.035239232161525004,4_S7,fusion
p060_20231127,60,2,72,4_S7,6.052609599999999e-07,2.2023145125e-06,3.85160577175e-05,0.00037749720822,0.9969511625,0.00263002155,4_S7,fusion
p060_20231130,60,2,73,4_S7,2.3757243461e-05,6.309941802462499e-05,0.00102077056036,0.00027696857555975,0.9331545125,0.0654609344125,4_S7,fusion
p060_20231204,60,2,74,4_S7,1.4708467525e-06,4.433969758e-06,1.5121907445000001e-05,0.0053601347632215,0.9702217875,0.024397083044750002,4_S7,fusion
p060_20231211,60,2,75,4_S7,1.3269118725000001e-05,4.707644184e-05,0.006651986445,0.000251846757955,0.9182607325,0.074775074325,4_S7,fusion
p060_20231214,60,2,77,4_S7,1.581036275e-07,3.26949560175e-07,9.938312897500001e-06,2.9486008814999998e-05,0.893198225,0.10676185187750001,4_S7,fusion
p060_20231218,60,2,78,4_S7,3.270342677375e-05,8.335912150499999e-05,0.0027405150255299998,0.00025809106550500003,0.555728115,0.4411572775,4_S7,fusion
p060_20231227,60,2,79,4_S7,1.54589234235e-05,3.126482676875e-05,0.000330968821875,9.517850297679e-05,0.37521672125,0.6243103685,5_S8,fusion
p060_20240104,60,2,84,5_S8,8.91017486335e-06,1.6447146927849997e-05,0.00011321375089925001,4.83439116431655e-05,0.019009089182499998,0.9808039749999999,5_S8,fusion
p063_20231006,63,2,13,0_S1,0.9996707025,7.25704058e-05,5.92478292e-05,2.84509850985e-05,9.326336512500001e-05,7.5762915925e-05,0_S1,fusion
p063_20231011,63,2,13,0_S1,0.9998201775,3.3056763400000004e-05,9.414661835e-05,4.3040061946750004e-05,2.5282495249999998e-06,7.025111675e-06,0_S1,fusion
p063_20231017,63,2,13,0_S1,0.9998592625,4.9770876249999995e-05,6.8035860975e-05,4.0222962885e-06,1.1414264094500002e-05,7.56300306175e-06,0_S1,fusion
p063_20231019,63,2,14,0_S1,0.9854694975,0.0033911642024999997,0.00535506835325,0.00362426828225,0.0013562284384075,0.000803754555615,0_S1,fusion
p063_20231023,63,2,14,0_S1,0.9996323425,0.0001558340696,0.0001913124995,8.760127475e-06,4.159061225e-06,7.634503425e-06,0_S1,fusion
p063_20231027,63,2,14,0_S1,0.625499875,0.10733853475,0.22021348675000002,0.046259706017500006,0.000430030155,0.000258325273,0_S1,fusion
p063_20231101,63,2,53,2_S5,0.12274321925,0.1148142066,0.677416435,0.084289199,0.0006579003522499999,7.9046846675e-05,2_S5,fusion
p063_20231106,63,2,60,3_S6,0.001462425944,0.00480627182,0.37911453749999996,0.61089924,0.0035608643075000002,0.00015667112942499998,3_S6,fusion
p063_20231109,63,2,64,3_S6,9.346396665e-06,6.3130854875e-05,0.051207111225000004,0.81489546,0.13373109634250002,9.3836808915e-05,3_S6,fusion
p063_20231120,63,2,70,4_S7,5.607719116565e-06,3.4334168894999995e-06,8.362903120874999e-05,0.06878791297499999,0.9298820875,0.0012373422274149998,4_S7,fusion
p063_20231127,63,2,71,4_S7,3.3921804393352e-07,3.906119258838365e-06,9.753344422174999e-05,0.0014154125110874998,0.9977359024999999,0.00074693189827245,4_S7,fusion
p063_20231130,63,2,72,4_S7,2.39510338217275e-05,9.2857689483075e-05,0.00241841367185,0.281695057575,0.71197923625,0.00379052394305,4_S7,fusion
p063_20231204,63,2,75,4_S7,3.7042778088065755e-05,0.00032622618954303246,0.0038556956850425,0.343834629974075,0.650793885,0.00115253157052175,4_S7,fusion
p063_20231211,63,2,78,4_S7,2.499948983298575e-06,2.4355501898600002e-06,0.000200542793769,0.001936470003425,0.9976558475,0.00020222733429315,4_S7,fusion
p063_20231214,63,2,79,4_S7,1.147249437825e-06,7.288536187375e-06,4.4293286882500006e-05,0.0008179099528750001,0.9989754999999999,0.00015387955325,4_S7,fusion
p063_20231218,63,2,79,4_S7,2.0873796521999997e-06,1.529946176325e-05,0.00015582746406,0.0028175545092249997,0.9918103675,0.00519885983725,4_S7,fusion
p063_20231227,63,2,79,4_S7,1.037961035e-05,3.0273570077500003e-05,0.0004958966075,0.00263260520475,0.62161918,0.37521168785,4_S7,fusion
p063_20240115,63,2,83,5_S8,5.1960743175e-06,2.3933180750000002e-05,0.000236099517625,0.00016326481703925002,0.20938494799999996,0.7901865975,5_S8,fusion
p063_20240119,63,2,84,5_S8,7.38821205e-06,9.400465900000001e-06,0.000197773173025,7.380294964999999e-05,0.01921523626,0.98049636,5_S8,fusion
p063_20240126,63,2,85,5_S8,3.8929264125e-06,1.1115951399999998e-06,8.54634889175e-05,2.691001887e-05,0.004510595531875001,0.995372005,5_S8,fusion
p064_20231006,64,2,13,0_S1,0.99986481,3.61281139075e-05,2.2920984225e-05,1.637841204875e-05,2.9725333362500003e-05,3.0028485307500002e-05,0_S1,fusion
p064_20231011,64,2,13,0_S1,0.9998853925000001,2.6103467684999998e-05,6.0674307487499996e-05,1.57677757055e-05,6.972471317499999e-06,5.08692057725e-06,0_S1,fusion
p064_20231017,64,2,13,0_S1,0.9981766125,0.00033292950675,0.0014024682535,6.88123592825e-05,8.442808056000001e-06,1.07051652525e-05,0_S1,fusion
p064_20231019,64,2,13,0_S1,0.9864963675,0.00990838873775,0.00271553202625,0.0007115213813750001,5.9430490132499994e-05,0.00010874520854999999,0_S1,fusion
p064_20231023,64,2,13,0_S1,0.9960623325,0.0008376542385,0.0018767609362500002,0.0006803667314499999,0.00023813052439,0.00030479279815000005,0_S1,fusion
p064_20231027,64,2,14,0_S1,0.667789895,0.029432826999999998,0.3023947895,0.00029971384199999995,5.018968265e-05,3.2628175925e-05,0_S1,fusion
p064_20231101,64,2,52,2_S5,0.046032300750000005,0.02280767485,0.748933785,0.1777561075,0.00230781167975,0.002162274429675,2_S5,fusion
p064_20231106,64,2,61,3_S6,0.00047066678075000003,0.0013202071224999998,0.16404566825,0.8165794100000001,0.0168220725075,0.000761952263385,3_S6,fusion
p064_20231109,64,2,65,3_S6,0.00030339933924,0.001201679448625,0.03732154896,0.9536345125,0.00749924000325,3.9555836170000004e-05,3_S6,fusion
p064_20231120,64,2,69,3_S6,4.091188617650001e-05,0.00019230968986749998,0.0033347851356,0.30403408384999997,0.686221545,0.0061763523934999995,4_S7,fusion
p064_20231127,64,2,69,3_S6,9.267776175050001e-07,1.154021817495e-06,0.00019158273691275,0.0184495124291925,0.98129813,5.87337731225e-05,4_S7,fusion
p064_20231130,64,2,71,4_S7,1.3994866617500001e-06,1.4849692920000002e-05,0.0002604809665,0.0039369779275,0.9922908775,0.0034954288739999996,4_S7,fusion
p064_20231204,64,2,73,4_S7,1.269938850825e-06,1.041693377175e-06,3.939758275e-05,0.07144833308575,0.928338135,0.00017179423967499997,4_S7,fusion
p064_20231211,64,2,75,4_S7,1.697161450925e-06,2.50842819125e-05,0.0015055994823750002,0.0019391672299999998,0.9960951724999999,0.00043324356575000006,4_S7,fusion
p064_20231214,64,2,77,4_S7,7.887171917500002e-06,8.12421259225e-06,7.145114910000001e-05,0.000411353427875,0.9917447349999999,0.00775649295415,4_S7,fusion
p064_20231218,64,2,78,4_S7,2.42592643425e-06,1.122756574525e-05,7.5865325475e-05,0.00018121106804999999,0.9834102325,0.0163189848605,4_S7,fusion
p064_20231227,64,2,79,4_S7,1.9070828500000002e-05,3.89221462425e-05,0.00050875081175,0.0079274856935,0.90553157,0.085974169125,4_S7,fusion
p064_20240115,64,2,79,4_S7,9.27846642925e-05,6.77235989e-05,0.000445880089,0.00027686220700000005,0.43663794,0.562478800425,5_S8,fusion
p064_20240119,64,2,81,5_S8,5.1955903325e-05,0.0001425400925,0.020073946897175003,0.001187932238675,0.42880224289999996,0.5497413925000001,5_S8,fusion
p064_20240126,64,2,82,5_S8,4.360493225000001e-06,4.2745524315e-06,0.000620304367125,0.0020798438663474994,0.210239379435,0.7870518625,5_S8,fusion
p065_20231006,65,2,13,0_S1,0.9997520325,5.80838498925e-05,4.29866154e-05,4.8283089835e-05,5.7824631974999995e-05,4.0780105175e-05,0_S1,fusion
p065_20231011,65,2,13,0_S1,0.99991112,1.6101431425e-05,4.9937112017500005e-05,1.402017536525e-05,5.917663775e-06,2.87329207e-06,0_S1,fusion
p065_20231017,65,2,13,0_S1,0.9870087425,0.0088073247054,0.003811299799675,0.0003024194475875,3.8940352016500005e-05,3.1284370099000004e-05,0_S1,fusion
p065_20231019,65,2,13,0_S1,0.9970516475,0.00208919683625,0.00051648905,6.646432645e-05,8.965578633749999e-05,0.000186550024825,0_S1,fusion
p065_20231023,65,2,13,0_S1,0.96352281,0.01007347011845,0.023380350418545,0.0025199715363275,0.000194807633594,0.00030861101335875,0_S1,fusion
p065_20231027,65,2,51,2_S5,0.38018557625,0.17260517387500002,0.393785665,0.0528663324475,0.00034566508775,0.0002116274426,2_S5,fusion
p065_20231101,65,2,52,2_S5,0.076837071245,0.01151976395,0.6203852325,0.28995594125,0.00113908709,0.0001628684999,2_S5,fusion
p065_20231106,65,2,60,3_S6,0.00023660056810000002,0.0015302695755749999,0.0344066142025,0.9509126174999999,0.012901500045,1.242892392675e-05,3_S6,fusion
p065_20231109,65,2,68,3_S6,0.001234318463,0.0018808310152500002,0.00935529115,0.7630766625000001,0.22388033750000003,0.0005725353465,3_S6,fusion
p065_20231120,65,2,70,4_S7,0.000196900851429,0.00014168097728000002,0.0009597834795749999,0.3495807378,0.64517494,0.0039459863610440005,4_S7,fusion
p065_20231127,65,2,73,4_S7,4.11699385e-08,2.9200471325e-07,3.8090229275e-05,0.004564362418,0.9953894825,7.7324314885e-06,4_S7,fusion
p065_20231130,65,2,74,4_S7,9.050696342499999e-06,2.5927882425e-05,0.019690678344999997,0.06560775165,0.9135631,0.0011035159875,4_S7,fusion
p065_20231204,65,2,75,4_S7,2.593578216189665e-05,2.8857107899388e-05,0.00016496646477227503,0.3770190040557585,0.61869125375,0.004069986688068751,4_S7,fusion
p065_20231211,65,2,76,4_S7,1.342367203875e-06,1.14319789175e-06,0.0003571855217975,0.00045286479775,0.9985006000000001,0.0006868296191449999,4_S7,fusion
p065_20231214,65,2,78,4_S7,2.0770095225324997e-05,2.877699717875e-06,3.31852695725e-05,0.0007746658457000001,0.9987092475,0.0004592808998225,4_S7,fusion
p065_20231218,65,2,79,4_S7,0.00012937813989999998,0.000125723392325,0.0030610651272499996,0.0010476478800000002,0.8235672575,0.17206895084999999,4_S7,fusion
p065_20231227,65,2,79,4_S7,2.4267225425000003e-05,8.127593355249999e-05,7.808338349999999e-05,5.8680671924999995e-05,0.7390636,0.260694164,4_S7,fusion
p065_20240115,65,2,79,4_S7,3.328480715e-06,2.7985064002500003e-05,0.0006008797542300001,4.9338647728124996e-05,0.056505215992499996,0.942813275,5_S8,fusion
p065_20240119,65,2,80,5_S8,2.03135688925e-05,6.0735642275e-05,0.0047744721014999995,0.00014029842568,0.29058694375,0.7044172925000001,5_S8,fusion
p065_20240126,65,2,88,5_S8,1.4467825539999999e-06,7.22333764475e-07,3.920150664e-06,3.68685734575e-07,0.00036294551555000003,0.9996305875,5_S8,fusion
p068_20231006,68,2,13,0_S1,0.9998668399999999,4.8486442349999996e-05,2.993455935e-05,1.526982898125e-05,2.3675980775e-05,1.5765783e-05,0_S1,fusion
p068_20231011,68,2,13,0_S1,0.999596185,0.0001521532345,0.000144688594765,2.5650621402874998e-05,3.7029113112500005e-05,4.4330354875e-05,0_S1,fusion
p068_20231017,68,2,13,0_S1,0.9991639,0.0002491490545,0.0005554515299999999,2.2352470225e-05,5.18458402425e-06,3.9991269875e-06,0_S1,fusion
p068_20231019,68,2,14,0_S1,0.9946162425,0.00182266596825,0.0032199640799999998,0.0001851834153,5.26609470625e-05,0.000103227220025,0_S1,fusion
p068_20231023,68,2,14,0_S1,0.91785323,0.021439289,0.055836212525,0.002724817905,0.00162950616425,0.00051689484575,0_S1,fusion
p068_20231027,68,2,52,2_S5,0.63732834,0.0807255405,0.26412704325,0.0166569126365,0.0008333778385000001,0.000328774737,0_S1,fusion
p068_20231101,68,2,52,2_S5,0.46264927225,0.022882717775,0.27383693275,0.23657363615000002,0.0033953506725,0.00066210878325,0_S1,fusion
p068_20231106,68,2,64,3_S6,0.004851367969331438,0.0047179678629750005,0.16595918377950003,0.801913255,0.0223252084125,0.0002330368825331,3_S6,fusion
p068_20231109,68,2,65,3_S6,0.00045848844295,0.00268335909925,0.01635413627,0.8628523725,0.11744560225,0.0002060485245625,3_S6,fusion
p068_20231120,68,2,67,3_S6,0.0006704531161925,0.0011729893633675,0.0294952125502425,0.5669990850000001,0.400547485,0.0011147625842192498,3_S6,fusion
p068_20231127,68,2,68,3_S6,1.3472650478049999e-05,0.000152945393591825,0.01582513216835,0.041000781110174994,0.942931875,7.58326129e-05,4_S7,fusion
p068_20231130,68,2,69,3_S6,5.9258060425e-07,2.3686875774999998e-06,8.826620025e-05,0.005197071408675,0.9943945,0.000317198445,4_S7,fusion
p068_20231204,68,2,70,4_S7,4.490350762585625e-06,1.29868372653675e-05,3.1526679355249996e-05,0.656455937041805,0.3434624655925,3.2609254347500004e-05,3_S6,fusion
p068_20231211,68,2,71,4_S7,2.7990846951000003e-05,3.02071208675e-05,0.0003532802018,0.000256661902,0.998052275,0.00127961075425,4_S7,fusion
p068_20231214,68,2,73,4_S7,9.51707009025e-06,0.0002970378173205,0.0001876786485,0.0034031694535000003,0.99204505,0.004057532462999999,4_S7,fusion
p068_20231218,68,2,75,4_S7,5.0886908353e-05,0.00025302402189,0.0077241412683500005,0.0134854390285,0.97420226,0.0042842619975,4_S7,fusion
p068_20231227,68,2,78,4_S7,0.000127390908025,0.00022114008005,0.00181152822025,0.00214198855525,0.849420095,0.14627787638749998,4_S7,fusion
p068_20240115,68,2,79,4_S7,4.0296024750000005e-05,7.080337925000001e-05,0.00934737308575,0.0017670604725,0.33602794249999995,0.6527465175,5_S8,fusion
p068_20240119,68,2,80,5_S8,0.0004284468465,0.001639832892,0.0040544665625,0.001124660217,0.41802025,0.5747323175000001,5_S8,fusion
p068_20240126,68,2,81,5_S8,2.6906090900000004e-05,3.3908870425e-05,0.00069713034875,0.000477228479985,0.07270853065,0.9260562999999999,5_S8,fusion
p082_20231128,82,2,67,3_S6,2.36714547825e-05,7.3746289125e-05,0.00021389394375000002,0.9761223800000001,0.0235600797475,6.233651499999999e-06,3_S6,fusion
p082_20231130,82,2,68,3_S6,0.000131934710241,9.722280154999998e-05,0.000235428046925,0.9631223999999999,0.036332510925,8.051522848125e-05,3_S6,fusion
p082_20231204,82,2,69,3_S6,2.3394620740000003e-05,5.5737427225e-05,0.0004448457178,0.564828275,0.434605499,4.2212218325e-05,3_S6,fusion
p082_20231207,82,2,70,4_S7,7.001367625e-05,0.00010631280874999999,0.1985734341475,0.035068942465,0.757176815,0.00900448584,4_S7,fusion
p082_20231211,82,2,72,4_S7,3.0777297695e-05,4.41446634875e-05,0.0017182207019175,0.011201284855,0.977348975,0.0096565911067575,4_S7,fusion
p082_20231218,82,2,73,4_S7,2.05495868995e-05,4.0123385961e-05,0.00011259040743425001,0.0015033634223075,0.981268815,0.017054598934500002,4_S7,fusion
p082_20231227,82,2,74,4_S7,2.0273591589150003e-06,7.511819606645e-06,6.1064534158125e-05,0.00015774667267789999,0.9823474375000001,0.017424197364874997,4_S7,fusion
p082_20240115,82,2,76,4_S7,5.988449296e-06,1.04287187e-06,8.6920161875e-06,1.395368375e-05,0.972978825,0.026991491558500003,4_S7,fusion
p082_20240119,82,2,78,4_S7,5.111291685e-08,6.17605881865e-08,3.636072759e-07,3.098237532725e-06,0.9967179675000001,0.003278448041,4_S7,fusion
p082_20240126,82,2,84,5_S8,2.66027359625e-05,3.21014593575e-05,3.49339670625e-05,1.1367701516374999e-05,0.0035907470749999993,0.9963042925,5_S8,fusion
p088_20231128,88,2,67,3_S6,6.1131629325e-06,4.331261225e-05,0.00023565551600000003,0.948625575,0.050911103294999996,0.00017821312014250002,3_S6,fusion
p088_20231130,88,2,68,3_S6,2.0166848697e-06,5.5451898824999995e-06,7.415288005875e-05,0.759117195,0.24079151728364998,9.5472407926e-06,3_S6,fusion
p088_20231204,88,2,69,3_S6,1.9360097702e-05,6.882204458249999e-05,0.0002324743198575,0.9349608875000001,0.06469167207500001,2.6774529080825e-05,3_S6,fusion
p088_20231207,88,2,71,4_S7,9.201025049000001e-06,5.1846074452500003e-05,0.000345287203875,0.11827300215,0.8799284975,0.0013921500919999998,4_S7,fusion
p088_20231211,88,2,73,4_S7,1.2677879675e-06,7.1092937725e-06,0.00017387988475,0.0478285182575,0.9513030375,0.0006861736415,4_S7,fusion
p088_20231218,88,2,75,4_S7,8.7075173795e-06,8.019052065e-06,0.000138046192125,0.013184099230375,0.9599485249999999,0.02671258685425,4_S7,fusion
p088_20231227,88,2,77,4_S7,1.13970120325e-06,7.5592051067499995e-06,4.9921082725000005e-05,0.007543068350025,0.9864261249999999,0.005972197542499999,4_S7,fusion
p088_20240115,88,2,78,4_S7,9.68101165e-06,5.011470927e-05,0.000492523464075,0.0016165984999250002,0.8193681425000001,0.178462913,4_S7,fusion
p088_20240119,88,2,79,4_S7,6.6076835e-06,2.332203025075e-05,0.0005066941664725,0.0010249771498975,0.91280093,0.08563746975,4_S7,fusion
p088_20240126,88,2,80,5_S8,3.835919689125e-06,2.2949267295e-06,3.3236327909e-05,2.05688403645e-05,0.032184038575000004,0.967756055,5_S8,fusion
p095_20231128,95,2,66,3_S6,6.5763507425e-05,0.000118647682,0.0009427977575,0.9946520099999999,0.00417197355,4.87576642575e-05,3_S6,fusion
p095_20231130,95,2,68,3_S6,0.001415622139615,0.00211809634139,0.002479328560825,0.961239015,0.03240476583,0.000343195266828575,3_S6,fusion
p095_20231204,95,2,70,4_S7,9.21092695e-07,9.0686858615e-06,1.6268094747499997e-05,0.98881695,0.011155963485,8.626088632e-07,3_S6,fusion
p095_20231207,95,2,70,4_S7,5.2032570505e-05,5.49781805175e-05,0.0013636339668,0.36374418,0.634546885,0.00023829910085,4_S7,fusion
p095_20231211,95,2,71,4_S7,5.8410606935000005e-06,1.4546859874999999e-05,0.000116397634,0.2550334725,0.7437247625000001,0.0011050149834999998,4_S7,fusion
p095_20231218,95,2,73,4_S7,0.00015468166438775,0.00024110980315449998,0.00204214361637,0.00621660548625,0.989089075,0.0022563840299999996,4_S7,fusion
p095_20231227,95,2,75,4_S7,6.1405570663999995e-06,3.993374469574999e-05,0.0001086135873655,0.001051340834325,0.9899816,0.00881236344815,4_S7,fusion
p095_20240115,95,2,78,4_S7,8.3138327925e-06,2.1881126615000002e-05,0.00011284043925,0.00057330854375,0.875195035,0.124088588525,4_S7,fusion
p095_20240119,95,2,79,4_S7,8.464754369999998e-06,5.00446204195e-05,0.001304604363565,0.0030800424790999995,0.9808035749999999,0.0147533195,4_S7,fusion
p095_20240126,95,2,80,5_S8,6.25211459425e-07,3.38766773365e-06,5.467460007255e-05,9.401912769737501e-05,0.0747443948125,0.9251029499999999,5_S8,fusion
p098_20231128,98,2,66,3_S6,0.0002375246514375,0.000463171384975,0.00170742737825,0.894659485,0.10288172752500001,5.0701115475e-05,3_S6,fusion
p098_20231130,98,2,68,3_S6,2.0549622149999996e-06,4.867675131499999e-06,2.783257403175e-05,0.9844166,0.0155457599086,2.8915016941557496e-06,3_S6,fusion
p098_20231204,98,2,69,3_S6,3.229488872275e-05,8.430589260425001e-05,0.00038985576517999997,0.8292269899999999,0.17016059304000003,0.00010595238953692601,3_S6,fusion
p098_20231207,98,2,70,4_S7,0.000647856027136,0.0013507876568500002,0.0033046786616,0.14603023575000001,0.8462997825,0.0023666588125000002,4_S7,fusion
p098_20231211,98,2,71,4_S7,1.4812113897108499e-05,0.00023787619515823062,0.00021415080855882498,0.30328379661005,0.6959831525,0.0002661976435802,4_S7,fusion
p098_20231218,98,2,72,4_S7,2.5885993320857314e-05,4.52161198482489e-05,0.0009687192087411663,0.00831843180911575,0.94037274,0.050268999128382494,4_S7,fusion
p098_20231227,98,2,73,4_S7,2.4896923225e-07,2.747576095e-06,9.945627155e-05,0.0006526586025,0.99824868,0.000996178887,4_S7,fusion
p098_20240115,98,2,77,4_S7,4.901267583000001e-06,2.90046277e-06,0.00013860444677500001,0.00119734911375,0.982903455,0.01575274627375,4_S7,fusion
p098_20240119,98,2,79,4_S7,5.14268239e-07,8.807082093500001e-07,1.0631554371e-05,9.0473095785e-05,0.9989364,0.00096108344925,4_S7,fusion
p098_20240126,98,2,81,5_S8,2.9382335049999996e-06,1.238072675e-05,9.333241e-05,0.0029335582492499997,0.2887111345,0.7082466472500001,5_S8,fusion
p011_20230816,11,3,27,1_S2,6.24801611111175e-05,0.0023732200394625,0.00895804177625,0.9080724874999999,0.08049672829999999,3.7037933488500005e-05,3_S6,fusion
p011_20230921,11,3,51,2_S5,0.0017964559466749999,0.027933241968499996,0.0171530412875,0.12250596525,0.8286059925,0.002005345975,4_S7,fusion
p011_20231005,11,3,52,2_S5,0.005130016749907499,0.00499355370525,0.033229103064,0.0445270150075,0.7801643025,0.13195600799999999,4_S7,fusion
p012_20230816,12,3,65,3_S6,0.00137618410972865,0.00676421437335,0.052873700786,0.9129473324999999,0.026012797820000003,2.5716624955560002e-05,3_S6,fusion
p012_20230921,12,3,79,4_S7,1.26365797175e-05,2.4091590125e-05,4.807621963625e-05,0.0016052946283075002,0.9968056624999999,0.0015042221625,4_S7,fusion
p012_20231005,12,3,82,5_S8,0.001458494350165,0.004295623465852499,0.006956508166855,0.009389956787614,0.6546577499999999,0.3232416362,4_S7,fusion
p021_20230816,21,3,64,3_S6,6.758774527975e-05,0.0031133348501250005,0.01796062610195,0.73645522,0.242352375,5.08762625125e-05,3_S6,fusion
p021_20230921,21,3,83,5_S8,0.0009288045096697,0.00046276813857499996,0.0001906040477675,0.000541530952101725,0.9894370874999999,0.0084392524025,4_S7,fusion
p021_20231005,21,3,83,5_S8,0.00039756441655,0.00013144014209999998,0.000302734067925,0.00034796815694000004,0.70063978325,0.29818052028450004,4_S7,fusion
p029_20230828,29,3,20,1_S2,0.800538265,0.024042739815924998,0.15817548634999998,0.01281678730655,0.004364999156525,6.1742017e-05,0_S1,fusion
p029_20230904,29,3,52,2_S5,0.308489496225,0.012985317199999999,0.36189991625,0.278023992777,0.037650127994075,0.0009511859984500001,2_S5,fusion
p029_20230908,29,3,60,3_S6,0.009998667456875,0.037734199225,0.03930970368575,0.78647622,0.12630020395,0.000181033585915,3_S6,fusion
p029_20230921,29,3,65,3_S6,0.05939142223724173,0.00737449519424,0.065658427352185,0.12206717373288001,0.7445444649999999,0.0009640083457500001,4_S7,fusion
p029_20231006,29,3,71,4_S7,0.021382179377343748,0.0025365349668099997,0.00347431179375,0.02860297661464,0.94383885,0.00016516804050000002,4_S7,fusion
p029_20231017,29,3,72,4_S7,4.66668141676175e-05,0.0008927666815440001,0.0188520692485825,0.028036919501075,0.952045485,0.0001261088024,4_S7,fusion
p029_20231023,29,3,73,4_S7,1.4751395339075e-05,0.0020604395820314997,0.0004821331835,0.0025406972502167503,0.994610915,0.00029108498677375,4_S7,fusion
p029_20231027,29,3,74,4_S7,0.0006822781198052001,0.000572123802351,0.016538693179797503,0.0011015986745,0.9779844675,0.0031208976668250002,4_S7,fusion
p029_20231101,29,3,75,4_S7,1.801561397415e-05,0.0005659221668475002,0.0036993864021749997,0.00281909723175,0.9217472499999999,0.07115031637325,4_S7,fusion
p029_20231106,29,3,76,4_S7,5.417701013415e-05,0.05329512594975,0.00043597471025000003,8.108392384250001e-05,0.9444456525,0.00168802154705,4_S7,fusion
p029_20231109,29,3,79,4_S7,0.00013987309761875002,0.0033692669877500004,0.0014463761485000001,0.0030504127989324998,0.900399465,0.09159456682,4_S7,fusion
p029_20231120,29,3,81,5_S8,0.00044245798715,0.008112865258,0.009616053350875,9.3278685e-06,0.43315039529,0.5486689595,5_S8,fusion
p029_20231124,29,3,83,5_S8,2.6531769774999996e-05,0.00042090328787499997,0.020309590465475,0.00035058980312000003,0.57134004935,0.40755233199999996,4_S7,fusion
p029_20231127,29,3,87,5_S8,8.410453625000001e-06,0.00073421601175,0.006378854062425,0.00013680293075,0.14936095424999998,0.8433807775,5_S8,fusion
p029_20231130,29,3,89,5_S8,4.3911306325e-05,3.70781626e-05,0.0019153208435500001,7.370758801250001e-05,0.22460501385749998,0.7733249925000001,5_S8,fusion
p031_20230828,31,3,14,0_S1,0.9773657,0.00175015469025,0.020656954519175003,0.00017516252616599999,4.0679237543999995e-05,1.132300065e-05,0_S1,fusion
p031_20230904,31,3,22,1_S2,0.409382672,0.01426463855,0.43849352250000007,0.13168566947899998,0.006046052652899999,0.00012742720306,2_S5,fusion
p031_20230908,31,3,61,3_S6,0.001711070615,0.0245064622,0.155632226125,0.6835723275,0.134249500375,0.00032842782968249995,3_S6,fusion
p031_20230921,31,3,63,3_S6,0.05662195091904575,0.01112550216525,0.0952623015,0.48821203615,0.3484747275,0.00030349159975,3_S6,fusion
p031_20231006,31,3,71,4_S7,8.963189142375001e-05,0.0019233927376624998,0.00091579869975,0.0368493810272175,0.9595345399999999,0.00068726950285,4_S7,fusion
p031_20231017,31,3,73,4_S7,0.02225156815375,0.00071756709,0.0405779897305,0.15689233071499997,0.577431005,0.20212954424500001,4_S7,fusion
p031_20231023,31,3,74,4_S7,0.00013048934303137126,0.00149693592475658,0.203611870619112,0.00906667636674225,0.7852468424999999,0.000447164783695,4_S7,fusion
p031_20231027,31,3,75,4_S7,8.03498191025e-06,0.0001558414299,0.0009787848325,0.001926978837825,0.9944174849999999,0.0025128976930749998,4_S7,fusion
p031_20231101,31,3,76,4_S7,3.705732599425e-05,0.0005872721140974999,0.00067770848975,0.0138467217068445,0.9828053125,0.0020459474766525002,4_S7,fusion
p031_20231106,31,3,77,4_S7,0.00011443516868749999,0.0034436627754999994,0.01358556781425,0.034710038466249996,0.9345813350000001,0.0135649624375,4_S7,fusion
p031_20231109,31,3,79,4_S7,9.760372168e-07,2.2089015625e-05,5.7163710225e-05,0.00016431000152500002,0.99569079,0.0040646923525,4_S7,fusion
p031_20231120,31,3,80,5_S8,1.618604398385e-05,0.00016927710805,0.000133483910125,9.22398321875e-05,0.7908797949999999,0.20870899565400003,4_S7,fusion
p031_20231124,31,3,81,5_S8,9.938116815e-06,5.461774475e-05,0.0006621795625,6.07812418e-05,0.2901655642,0.70904693,5_S8,fusion
p031_20231127,31,3,84,5_S8,6.6577755549999995e-06,6.7958943925e-06,0.00019037860525,3.6632998048249998e-06,0.202688381025,0.7971041400000001,5_S8,fusion
p031_20231130,31,3,85,5_S8,0.00023640281825000001,0.00530728157305,0.019185850368057502,0.0011176466859475,0.15001703011,0.8241357975,5_S8,fusion
p037_20230828,37,3,14,0_S1,0.64705904,0.005087935562500001,0.34318190585499997,0.004326854546735,0.00032055489006175007,2.3714630499499998e-05,0_S1,fusion
p037_20230904,37,3,54,2_S5,0.29818893825,0.016265997052249997,0.59382278,0.090073078375,0.0016200071675000001,2.915192993e-05,2_S5,fusion
p037_20230908,37,3,60,3_S6,0.02469584302375,0.10155117414999999,0.198775668,0.66831421,0.0063688843725,0.00029422450158125,3_S6,fusion
p037_20230921,37,3,70,4_S7,0.000279342747235,0.006747841452499999,0.008620670355,0.41341152507675,0.5707777725000001,0.00016287289257500002,4_S7,fusion
p037_20231006,37,3,71,4_S7,0.004037804354825,0.0235200079449,0.07600534131759999,0.19945696416597003,0.6924542975,0.00452561088,4_S7,fusion
p037_20231017,37,3,73,4_S7,4.8725781900000004e-06,0.00390203856825,9.327105475e-05,0.0026463333922375,0.989491025,0.00386243421979675,4_S7,fusion
p037_20231023,37,3,75,4_S7,0.0098890656123605,0.0664696073086875,0.17538650961000002,0.10464569726035,0.6428786075,0.000730515503,4_S7,fusion
p037_20231027,37,3,76,4_S7,0.011808409519625,0.020162166614499998,0.1109168013125,0.072754965557705,0.7792073764999999,0.005150267607499999,4_S7,fusion
p037_20231101,37,3,77,4_S7,0.00030697012534825,0.013943649559700002,0.005410227135925,0.01523121071175,0.9609993250000001,0.0041086209167,4_S7,fusion
p037_20231106,37,3,78,4_S7,0.0031320220417057473,0.008179698746575,0.005848959124674999,0.01690653978163705,0.8790935000000001,0.08683925210492249,4_S7,fusion
p037_20231109,37,3,79,4_S7,0.00266892646554,0.024929440302499998,0.07535332501175,0.033898247902104994,0.8555207499999999,0.007629301212499999,4_S7,fusion
p037_20231120,37,3,80,5_S8,0.0003455410444,0.013106920780549999,0.07147158173649999,0.0009352841438175001,0.266786475671,0.6473541525,5_S8,fusion
p037_20231124,37,3,85,5_S8,0.000482383769775,0.0114397146255025,0.050954148265825,0.0017182993863239999,0.121734883436,0.8136705449999999,5_S8,fusion
p037_20231127,37,3,87,5_S8,2.6015359575e-06,0.00019348674675,0.00019241577274999998,1.0378904109999999e-05,0.011007244290249999,0.9885938649999999,5_S8,fusion
p037_20231130,37,3,89,5_S8,0.00048056061550000003,0.0046219998725,0.20110658075,0.0004900428315,0.12550445872500002,0.6677963275,5_S8,fusion
p038_20230828,38,3,14,0_S1,0.932801355,0.005012114405,0.060747453349999994,0.0013284748480524998,8.122844774925e-05,2.9427640685e-05,0_S1,fusion
p038_20230904,38,3,60,3_S6,0.20296886714499998,0.1004452190225,0.60832466,0.08104699095000001,0.0069516821822500005,0.00026259170927499996,2_S5,fusion
p038_20230908,38,3,62,3_S6,0.08156903564935,0.005722608875,0.105177090322275,0.54812881,0.25933455675,6.782896534625e-05,3_S6,fusion
p038_20230921,38,3,71,4_S7,0.00032148765361765,0.006427913113325,0.0045941435999999995,0.288449935,0.7001519325000001,5.4561393249999996e-05,4_S7,fusion
p038_20231006,38,3,72,4_S7,6.288919573249999e-05,0.0018878395532500002,0.0027162287184599996,0.0435789992780555,0.9510621374999999,0.0006918730917,4_S7,fusion
p038_20231017,38,3,73,4_S7,0.00012697416894924998,0.015501678087725,0.006531496923,0.12503069043175,0.8519773399999999,0.000831809428965,4_S7,fusion
p038_20231023,38,3,74,4_S7,0.0002684717902399906,0.0049154705289407045,0.030304698741338683,0.03333255495039116,0.9303343075,0.00084452880955,4_S7,fusion
p038_20231027,38,3,75,4_S7,7.0871338085942505e-06,0.0008385192888790615,0.00029858265825486255,0.0006303051378896292,0.9972019575,0.00102357855325,4_S7,fusion
p038_20231101,38,3,76,4_S7,2.6613544035e-05,0.0004464417287,0.00049489601,0.001940898841,0.8972082925,0.099882854555825,4_S7,fusion
p038_20231106,38,3,77,4_S7,0.0005560783567085001,0.004098703840525,0.004205325575725,0.0050340326825,0.9716110675,0.014494734497249999,4_S7,fusion
p038_20231109,38,3,78,4_S7,0.010392173086423399,0.008158068625680002,0.013055295051500002,0.00392965067438,0.811803045,0.1526617551765,4_S7,fusion
p038_20231120,38,3,79,4_S7,2.54192361765e-05,0.000363530647925,0.00014440969495,3.715217929e-05,0.4828154765,0.5166140165,5_S8,fusion
p038_20231124,38,3,79,4_S7,3.644953877099999e-05,0.0044738565755472505,0.23898577051366,0.00011277172966139,0.07445911225,0.681932065,5_S8,fusion
p038_20231127,38,3,79,4_S7,9.494347807499999e-05,0.008539212508425,0.24318650740000003,0.00040970570751549997,0.14335227542499998,0.6044173539000001,5_S8,fusion
p038_20231130,38,3,80,5_S8,0.00026427941459499995,0.003259794058925,0.034641434175,0.0002269469885385,0.25415711275,0.707450437,5_S8,fusion
p039_20230828,39,3,14,0_S1,0.98517929,0.00139225184725,0.013289463425,0.0001233023118175,1.2303590224999999e-05,3.4468719999999996e-06,0_S1,fusion
p039_20230904,39,3,17,0_S1,0.0958439922135,0.009515500852000001,0.8545346075,0.03874465212500001,0.00133285412,2.8374853012499997e-05,2_S5,fusion
p039_20230908,39,3,53,2_S5,0.027644019015,0.04700728925,0.0504835245,0.6650188499999999,0.20960362050000003,0.000242744637075,3_S6,fusion
p039_20230921,39,3,70,4_S7,0.0003356671537465,0.00416674353,0.045473956771250004,0.5029388683745,0.44679527575,0.0002895360076385,3_S6,fusion
p039_20231006,39,3,73,4_S7,0.0176350845975,0.034145569807250004,0.0768419973775,0.29423333003915003,0.5759935925,0.0011504357879999999,4_S7,fusion
p039_20231017,39,3,74,4_S7,0.0019016688245015,0.017868847271949997,0.010217452365000003,0.12956119575665,0.8379028399999999,0.002547997986675,4_S7,fusion
p039_20231023,39,3,75,4_S7,0.0009105855980475001,0.0337840394275,0.044483013582499994,0.059598079231175,0.8597870125,0.0014372710804950002,4_S7,fusion
p039_20231027,39,3,76,4_S7,0.00013414880160999998,0.004345371324,0.15393059147500002,0.01242723693704025,0.82524402,0.003918655634,4_S7,fusion
p039_20231101,39,3,77,4_S7,0.0017969489755750002,0.042492742018,0.06865531025,0.10557129433550001,0.7701963125,0.011287373271,4_S7,fusion
p039_20231106,39,3,78,4_S7,0.00412574887094175,0.024219980936464998,0.2083731434815,0.10107199366423976,0.64995016,0.012258949611872499,4_S7,fusion
p039_20231109,39,3,79,4_S7,0.0011248740690300001,0.038360785095824995,0.101860367725,0.0013952213695024999,0.8201326975,0.037126055175000006,4_S7,fusion
p039_20231120,39,3,80,5_S8,0.00265290852,0.037687129774999995,0.4330203875,0.00216343103,0.11250666185,0.41196949650000003,2_S5,fusion
p039_20231124,39,3,81,5_S8,9.692597499999999e-05,0.009875686583500002,0.16420546225000002,7.0438357e-05,0.041154144000000004,0.7845973125,5_S8,fusion
p039_20231127,39,3,81,5_S8,0.00039924916499999995,0.008032426625,0.19729925199999998,0.00115733776,0.063167464,0.7299442374999999,5_S8,fusion
p039_20231130,39,3,82,5_S8,0.00072063860975,0.0038081387819,0.425381026015,0.0017544538081250003,0.0224832114886,0.5458525675,5_S8,fusion
p045_20230929,45,3,13,0_S1,0.9988321600000001,0.00022818434293500001,0.0007238293310749999,0.00014688679986663749,4.13251319555e-05,2.7589436185e-05,0_S1,fusion
p045_20231004,45,3,13,0_S1,0.997598395,0.00051831692575,0.0018711186834999998,6.829926472e-06,2.80708176e-06,2.5484352825e-06,0_S1,fusion
p045_20231011,45,3,14,0_S1,0.8614147175,0.08793927650000001,0.0421956078925,0.007790111027699999,0.0006146257072932501,4.567031830725e-05,0_S1,fusion
p045_20231017,45,3,15,0_S1,0.33125193925,0.24559233535075,0.36019991915,0.057506571189,0.005414587151250001,3.46569549325e-05,2_S5,fusion
p045_20231019,45,3,51,2_S5,0.137907245175,0.006533747699999999,0.8426239274999999,0.011179082171249998,0.0016768396775,7.91550744375e-05,2_S5,fusion
p045_20231023,45,3,53,2_S5,0.2289985609575,0.020742065125,0.5514745424999999,0.192170091,0.0060790539925,0.0005356990441249999,2_S5,fusion
p045_20231027,45,3,60,3_S6,0.014087841604125,0.021844235537500003,0.809661085,0.12302750215,0.030596854707500003,0.0007824771654605,2_S5,fusion
p045_20231101,45,3,61,3_S6,0.00021007018733375002,0.0062058012869625,0.12825988557284998,0.8271804275,0.037898871050000005,0.00024490209887325005,3_S6,fusion
p045_20231106,45,3,66,3_S6,3.89241489563625e-05,0.00018153228787749998,0.000933060358125,0.8701130874999999,0.128699187,3.419998222249999e-05,3_S6,fusion
p045_20231109,45,3,70,4_S7,0.000966617268437015,0.010393308600081126,0.0085896684345515,0.349190738704575,0.6275061225,0.0033535724159,4_S7,fusion
p045_20231120,45,3,72,4_S7,0.00025554988022750004,0.000979846147625,0.0021531901918,0.04699810479,0.9414642775000001,0.0081490473525,4_S7,fusion
p045_20231127,45,3,73,4_S7,8.22124688e-07,1.394710346475e-05,4.53546387325e-05,0.0008322956462500001,0.9937705649999999,0.005337041185099999,4_S7,fusion
p045_20231130,45,3,76,4_S7,0.000111053555990175,0.000394782880414895,0.0008501203496414,0.005804745892915001,0.9894397575,0.003399599181125,4_S7,fusion
p045_20231204,45,3,77,4_S7,2.5048806479349996e-06,4.3746852748970244e-05,0.00014631667082031503,0.00040995469292685497,0.9984115775,0.0009859223381999999,4_S7,fusion
p045_20231211,45,3,78,4_S7,1.75546720171675e-07,1.5542597809625e-05,4.7263755819750006e-05,0.00045212914341431754,0.9980518975000001,0.0014329895965925,4_S7,fusion
p045_20231214,45,3,78,4_S7,7.6797448504e-07,1.52227463270655e-05,2.4087597305375e-05,7.174578620675e-05,0.9948884499999999,0.0049997235943341,4_S7,fusion
p045_20231218,45,3,79,4_S7,6.829533514473625e-07,5.3536715222149996e-05,4.117817901505001e-05,0.00023905357039617498,0.99944555,0.00021997922315,4_S7,fusion
p045_20231227,45,3,79,4_S7,1.0938859364215001e-05,0.0007057405300575,0.00048116299389485,0.000221404498121,0.95280381,0.0457770147725,4_S7,fusion
p045_20240104,45,3,80,5_S8,2.2540813353336e-05,0.0001495001658641175,0.00066032274437754,0.00016903943986154663,0.27044831223075,0.72855026,5_S8,fusion
p046_20230929,46,3,13,0_S1,0.9987900825,0.0004044098589175,0.000771828316,1.79312711245e-05,7.443949619e-06,8.29846241875e-06,0_S1,fusion
p046_20231004,46,3,13,0_S1,0.9946123375,0.0009710463594925,0.00431410439,4.934926836525e-05,3.143283556e-05,2.1777200785e-05,0_S1,fusion
p046_20231011,46,3,14,0_S1,0.883387415,0.063407560025,0.044311762584,0.0077566699675,0.0010030111070500002,0.00013352729083500003,0_S1,fusion
p046_20231017,46,3,52,2_S5,0.35065933000000005,0.05979646125,0.543940645,0.0445102377325,0.00099461169675,9.877624550000001e-05,2_S5,fusion
p046_20231019,46,3,54,2_S5,0.298286877825,0.004797734251625,0.68129563575,0.015394951456085,0.0002158394496941,8.969134229845e-06,2_S5,fusion
p046_20231023,46,3,60,3_S6,0.26740468735,0.1595680910375,0.3137026625,0.2523236295,0.0064802708342250005,0.0005206619180368499,2_S5,fusion
p046_20231027,46,3,61,3_S6,0.015651441031737504,0.01133074852265,0.5389657483,0.42372495200000004,0.010083462822500002,0.000243625872112375,2_S5,fusion
p046_20231101,46,3,61,3_S6,0.0017043484307907501,0.010786750460566501,0.19524496135225,0.7725506175000001,0.019533660374999998,0.00017966270271219,3_S6,fusion
p046_20231106,46,3,65,3_S6,5.52759263665e-05,0.0013259669471500002,0.0007643087990999999,0.81211583,0.137287925,0.0484506820617825,3_S6,fusion
p046_20231109,46,3,66,3_S6,0.00021254678250000003,0.0018996664262499999,0.0084273470575,0.723466865,0.26566997535750003,0.0003236094489,3_S6,fusion
p046_20231120,46,3,71,4_S7,3.5432940954999995e-05,0.00029578593587499996,0.000990471736475,0.014563007700000002,0.9834753100000001,0.0006399306665000001,4_S7,fusion
p046_20231127,46,3,71,4_S7,1.009209725219625e-06,7.19896586965e-05,4.1293598325000004e-05,0.013212969531524999,0.9866081325,6.45978166075e-05,4_S7,fusion
p046_20231130,46,3,72,4_S7,1.7840614175725e-05,0.0002947751311022,0.000839638160439,0.00114658619026,0.9683684375,0.029332735079600002,4_S7,fusion
p046_20231204,46,3,73,4_S7,2.3359448690000002e-08,1.00227691735e-06,3.4166790475e-06,7.6692293815e-05,0.9998862900000001,3.25672290695e-05,4_S7,fusion
p046_20231211,46,3,76,4_S7,1.17157729717e-05,0.001875575093949125,0.0005919684430182501,0.00128648497368035,0.975763875,0.020470394248875,4_S7,fusion
p046_20231214,46,3,78,4_S7,3.9423766701e-06,8.304205044375e-05,5.698074119475e-05,0.000237155400235,0.9935525749999999,0.006066239409325,4_S7,fusion
p046_20231218,46,3,79,4_S7,1.0516404266299999e-05,4.8753459813075e-05,0.00015866518892375002,0.00119059911579775,0.995864595,0.0027268668350000002,4_S7,fusion
p046_20231227,46,3,79,4_S7,2.841960044125e-06,2.5885764325e-05,0.000590607772315,3.4181898125000006e-05,0.65920828825,0.3401382289,4_S7,fusion
p046_20240104,46,3,81,5_S8,9.659904369749999e-05,0.00177071644005,0.00023936625436,0.000405642137354,0.2533039026675,0.74418372,5_S8,fusion
p048_20230929,48,3,13,0_S1,0.999060225,0.0003213014833075,0.000547208752,1.0105799044999999e-05,2.69832594e-05,3.41423391075e-05,0_S1,fusion
p048_20231004,48,3,13,0_S1,0.9964601824999999,0.00055617913085,0.0026137111831,1.8313971064000002e-05,0.00025537562832075,9.6256048043e-05,0_S1,fusion
p048_20231011,48,3,14,0_S1,0.766526675,0.06208799130249999,0.15617767421,0.009256040960000001,0.0057956282775,0.000156021431725,0_S1,fusion
p048_20231017,48,3,15,0_S1,0.47224029500000003,0.072912326625,0.31480697609999997,0.1389593865,0.0009872816,9.37386075e-05,0_S1,fusion
p048_20231019,48,3,16,0_S1,0.6090643875,0.020172288152500002,0.35563681075,0.0149407230471,0.00015827818255,2.7493317154000002e-05,0_S1,fusion
p048_20231023,48,3,54,2_S5,0.34149215417785,0.0228802249975,0.38259499249999995,0.251988399175,0.0008079262076249999,0.0002362824892565,2_S5,fusion
p048_20231027,48,3,60,3_S6,0.13635936613969,0.020010955376175,0.27166661365,0.5453856484999999,0.025638318939375,0.0009391426970930624,3_S6,fusion
p048_20231101,48,3,62,3_S6,0.001423724908517,0.0081991286839215,0.26210779891499997,0.6509921855,0.07681477606849998,0.0004624196986108807,3_S6,fusion
p048_20231106,48,3,65,3_S6,3.3984595735249995e-05,0.0018307232825975001,0.020083368362500003,0.7893744625000001,0.18862621664999998,5.12131754347e-05,3_S6,fusion
p048_20231109,48,3,67,3_S6,0.001914127111125,0.06687245361875,0.39320564824,0.33158463625,0.20368762749999997,0.0027355117391750002,2_S5,fusion
p048_20231120,48,3,70,4_S7,4.3537321300000006e-05,0.00017776427432499999,0.00238574278325,0.0018021840185000002,0.9951065475,0.00048424211437500005,4_S7,fusion
p048_20231127,48,3,72,4_S7,4.6335805032529995e-06,0.0006806595103516876,0.00026683401106,0.001308732495011,0.996765035,0.0009741416899999999,4_S7,fusion
p048_20231130,48,3,73,4_S7,0.000101654700436675,0.0019785602093984997,0.018472682682325,0.0031781325821250003,0.8963730675,0.0798958539925,4_S7,fusion
p048_20231204,48,3,74,4_S7,1.185404046721e-06,6.05205326140225e-06,5.25846536499375e-05,0.002049549121223443,0.9977891249999999,0.000101512779875,4_S7,fusion
p048_20231211,48,3,76,4_S7,4.4125684383250004e-05,0.0020946443832980002,0.012558813127299999,0.0005197613227500001,0.9386617275,0.04612090930675,4_S7,fusion
p048_20231214,48,3,77,4_S7,8.14313700575e-08,2.2787423875825e-06,1.2308044233075003e-06,2.0069066203750002e-05,0.9997587175,0.0002176192175,4_S7,fusion
p048_20231218,48,3,78,4_S7,5.297838386425e-06,0.00146924428155875,0.00207344165374,5.0685977117499996e-05,0.7478524759499999,0.24854886876,4_S7,fusion
p048_20231227,48,3,79,4_S7,2.4358842206425e-05,0.0004815782143277501,0.00022250863284324998,0.000506888088926,0.8531125150000001,0.1456521332325,4_S7,fusion
p048_20240104,48,3,80,5_S8,2.97116406175e-06,0.0014952239020375,8.531580337375e-05,0.00023928726725,0.511533862,0.48664336747500003,4_S7,fusion
p053_20230929,53,3,13,0_S1,0.999603075,0.000141702941525,0.0002167250305,5.4873192075e-06,1.5037803574999999e-05,1.793353195e-05,0_S1,fusion
p053_20231004,53,3,13,0_S1,0.9984359325000001,0.00039322767275000003,0.00115476349625,8.94964026e-06,3.70607435e-06,3.43225605e-06,0_S1,fusion
p053_20231011,53,3,15,0_S1,0.87161305,0.06557049497249999,0.055892615921499994,0.006499313511575,0.00037179271250749996,5.2692067814249994e-05,0_S1,fusion
p053_20231017,53,3,53,2_S5,0.46153579875,0.01282977352175,0.460491099725,0.059629365903125,0.0051804293275000005,0.000333507946075,0_S1,fusion
p053_20231019,53,3,54,2_S5,0.5954390375,0.015832024244,0.33461178550000004,0.0540016777925,9.872626975e-05,1.678007765e-05,0_S1,fusion
p053_20231023,53,3,60,3_S6,0.048735741845449994,0.00864345294775,0.5060208125000001,0.4306972621225,0.0055516559178675,0.000351088754392075,2_S5,fusion
p053_20231027,53,3,63,3_S6,0.011841462626040002,0.004878606030125,0.599436422625,0.374414207545,0.0092503690933,0.000178952963045425,2_S5,fusion
p053_20231101,53,3,65,3_S6,9.349162890249999e-05,0.0009166101038000001,0.0099719136975,0.8438676825,0.14513131615000002,1.9040005211325e-05,3_S6,fusion
p053_20231106,53,3,67,3_S6,3.5445962464999995e-05,0.00181333789,0.017268344025,0.88387852,0.09693359740000002,7.073753511000001e-05,3_S6,fusion
p053_20231109,53,3,70,4_S7,0.000211260413838725,0.0006962030065190001,0.0035659207475,0.3322740005,0.66289519625,0.00035743376031750003,4_S7,fusion
p053_20231120,53,3,72,4_S7,1.00351081925e-06,1.58129352725e-05,3.11035578e-05,0.004950872705,0.9940400650000001,0.0009611200285000001,4_S7,fusion
p053_20231127,53,3,74,4_S7,1.0873710497287e-05,5.1340678806549e-05,0.000236598492853225,0.00359158197125,0.9946078349999999,0.001501734859035,4_S7,fusion
p053_20231130,53,3,75,4_S7,0.000102325299105975,0.00141947632777284,0.00352548188981225,0.00157995066785675,0.9053954499999999,0.08797732655224999,4_S7,fusion
p053_20231204,53,3,76,4_S7,4.163517812851315e-05,0.00047551238125068807,0.004403124151586452,0.0017506483110143055,0.971193625,0.02213551173982825,4_S7,fusion
p053_20231211,53,3,78,4_S7,1.0678476224974999e-05,0.0004271319595075,0.0006594110266394999,0.0003618412526825,0.977659285,0.02088170280975,4_S7,fusion
p053_20231214,53,3,80,5_S8,3.958421700175e-06,0.0003867196505648625,0.00019139505220549998,3.995472905025e-05,0.84389363,0.15548435844475,4_S7,fusion
p053_20231218,53,3,81,5_S8,2.06181435525e-05,4.8696701266e-05,7.2918558984875e-05,0.0005959050636217501,0.49600685899999997,0.503254965825,5_S8,fusion
p053_20231227,53,3,79,4_S7,5.488696277750001e-06,0.00030052072871175,0.00011285750432625,4.0606253775e-05,0.3534941885,0.6460462954999999,5_S8,fusion
p053_20240104,53,3,79,4_S7,2.4701329637955e-05,0.0004899446386363476,0.0012782214117163001,6.30003564468325e-05,0.259167979375,0.7389761625000001,5_S8,fusion
p061_20230929,61,3,13,0_S1,0.9994728875,0.0001727911294,0.00028096155775000003,1.259785665e-05,1.25711284375e-05,4.81718816e-05,0_S1,fusion
p061_20231004,61,3,13,0_S1,0.997427335,0.0004962821166750001,0.00206771959425,3.9353015425e-06,2.1261438407500003e-06,2.5977470224999996e-06,0_S1,fusion
p061_20231011,61,3,14,0_S1,0.88522293,0.0285391115815,0.08351733968359999,0.00216568850921625,0.00043350631192999996,0.00012142683777925,0_S1,fusion
p061_20231017,61,3,53,2_S5,0.41287795425,0.0416622481055,0.5068950415,0.037017186817500006,0.001422008435,0.00012556903007500002,2_S5,fusion
p061_20231019,61,3,53,2_S5,0.5978161475,0.0082910540875,0.24141168875000002,0.13306503993500002,0.019300830168,0.0001152496047,0_S1,fusion
p061_20231023,61,3,60,3_S6,0.0006380482237500001,0.0019493527125,0.6346608725,0.35011891,0.0126130997,1.9705555100000005e-05,2_S5,fusion
p061_20231027,61,3,61,3_S6,0.05254783953955,0.05576963293025,0.11465591,0.72031658,0.056126788184499996,0.0005832403818365999,3_S6,fusion
p061_20231101,61,3,62,3_S6,0.0014673623826999998,0.00307555359062,0.5426937332499999,0.4269774351675,0.0254979896235,0.0002879420556019725,2_S5,fusion
p061_20231106,61,3,63,3_S6,0.008013327064945,0.0038903406323775,0.011143205463249999,0.8425000574999999,0.12624422349999997,0.0082088997059,3_S6,fusion
p061_20231109,61,3,63,3_S6,9.70872828075e-05,0.000812675842725,0.01241204214,0.7070639075,0.2789003175,0.0007140046715075001,3_S6,fusion
p061_20231120,61,3,71,4_S7,6.83779398375e-05,0.0012870892566249998,0.000971232568175,0.10453792331,0.8756142899999999,0.017521072024499998,4_S7,fusion
p061_20231127,61,3,72,4_S7,2.8638393100999003e-05,0.00028155143600504576,0.00638585647765099,0.006803516853304775,0.982627425,0.0038729209115000002,4_S7,fusion
p061_20231130,61,3,73,4_S7,3.2986057302724996e-05,0.00032673372730658746,0.0018462559615799001,0.0010657351564249999,0.984580355,0.01214794587125,4_S7,fusion
p061_20231204,61,3,74,4_S7,0.00027524199663787495,0.002971986669338084,0.006487284491629137,0.014281876947835002,0.8541970824999999,0.12178651506527499,4_S7,fusion
p061_20231211,61,3,75,4_S7,7.144838069024999e-08,1.8352312865e-07,5.96851911814e-06,1.0862329183700001e-05,0.9997800025,0.00020294733601750002,4_S7,fusion
p061_20231214,61,3,76,4_S7,5.23232479765e-07,1.50531444472e-07,3.4550976154274997e-06,7.912392785049999e-06,0.9997976225,0.000190339218,4_S7,fusion
p061_20231218,61,3,79,4_S7,7.5906924375e-06,3.1397052093500003e-06,6.42140605925e-05,8.5883579525e-06,0.930516585,0.0693999034,4_S7,fusion
p061_20231227,61,3,80,5_S8,2.69366010275e-05,0.00054818811575,0.0044011721433875,0.000111999442625,0.529973,0.4649387175,4_S7,fusion
p061_20240104,61,3,82,5_S8,0.00026611093694999997,1.9544370599999996e-06,0.004174336472320001,1.489488751125e-05,0.142789088552,0.8527536749999999,5_S8,fusion
p067_20231006,67,3,13,0_S1,0.999118875,0.000245326507375,0.00047053682500000003,1.945581085e-05,0.00011180324567500001,3.39814044e-05,0_S1,fusion
p067_20231011,67,3,13,0_S1,0.9973620624999999,0.000968977334825,0.0016148364047500001,1.8309780169999998e-05,1.3837056625e-05,2.1914892975e-05,0_S1,fusion
p067_20231017,67,3,13,0_S1,0.9957758550000001,0.0015467961319749997,0.0026334380959999997,2.32749661915e-05,4.9425595699999996e-06,1.566331915e-05,0_S1,fusion
p067_20231019,67,3,14,0_S1,0.9726109475,0.0061277496689999995,0.02083019194775,0.000330821902219175,5.1944342014999996e-05,4.834851871000001e-05,0_S1,fusion
p067_20231023,67,3,14,0_S1,0.9354266999999999,0.020421459465000003,0.043393080125,0.00034935405725,0.00020511137856999998,0.00020430660913500003,0_S1,fusion
p067_20231027,67,3,54,2_S5,0.4255891575,0.21294364619999998,0.208962298,0.149714557484815,0.0025794050599585,0.00021089907465,0_S1,fusion
p067_20231101,67,3,60,3_S6,0.009471831141684999,0.0024511048530762502,0.9066030875000001,0.0805360405404,0.000923870366225,1.4102190799435e-05,2_S5,fusion
p067_20231106,67,3,63,3_S6,0.0016788189444321,0.000519971026334,0.21965136616999997,0.77485733,0.0032542368092749996,3.829717660435e-05,3_S6,fusion
p067_20231109,67,3,69,3_S6,0.00032998883318167505,0.000677158893708,0.08974436268574999,0.8301905025,0.07880054787875,0.00025744129186987497,3_S6,fusion
p067_20231120,67,3,70,4_S7,1.94628745e-05,0.00048046458875000003,0.0024678656549999996,0.44069387374999996,0.55587716,0.00046120237650000003,4_S7,fusion
p067_20231127,67,3,71,4_S7,1.2551444720750001e-06,1.472918689675e-05,0.00012790990559400001,0.0188070960475,0.9806287775,0.0004202261043175,4_S7,fusion
p067_20231130,67,3,72,4_S7,4.5829137501749994e-06,3.48076782875e-05,0.000204554366425,0.034453122025,0.96497126,0.00033162607835,4_S7,fusion
p067_20231204,67,3,75,4_S7,2.703045219695e-05,0.00014028963132749997,0.00012988827305,0.07053693213425001,0.92783035,0.0013354732689800002,4_S7,fusion
p067_20231211,67,3,76,4_S7,1.9384489575160006e-06,8.094792158035e-06,6.6966193774475e-05,0.0118854239328175,0.9878146725,0.00022295629247249998,4_S7,fusion
p067_20231214,67,3,77,4_S7,2.6048259048e-08,7.864148112435e-07,1.0353958456825e-06,1.45872146135e-05,0.99997771,5.85586868425e-06,4_S7,fusion
p067_20231218,67,3,78,4_S7,1.2507804525e-08,8.877364756749999e-08,1.5887924044999999e-06,9.7312480925e-06,0.9995291,0.00045952511812500003,4_S7,fusion
p067_20231227,67,3,79,4_S7,4.1872484182500005e-07,1.161471835e-06,9.824909527500001e-06,7.7972523e-05,0.9945338375,0.0053767935975,4_S7,fusion
p067_20240115,67,3,79,4_S7,1.6244517162500001e-06,1.9779088299999998e-06,3.659639595000001e-05,3.302723245e-05,0.6917036059999999,0.30822316355,4_S7,fusion
p067_20240119,67,3,82,5_S8,1.16949547875e-05,5.372131902500001e-06,1.154220615e-05,5.323275668999999e-06,0.00378267047,0.9961833625,5_S8,fusion
p067_20240126,67,3,86,5_S8,1.3508060451574998e-05,3.1254146837284996e-05,3.0615173724249996e-05,2.0114165337625e-06,0.000128424129695,0.9997942025000001,5_S8,fusion
p072_20231006,72,3,13,0_S1,0.99851095,0.00037438783365,0.0007758890407499999,2.4756614515749997e-05,0.000126258240415,0.00018775760283749998,0_S1,fusion
p072_20231011,72,3,13,0_S1,0.985411015,0.00530254028925,0.009084022653400001,0.00010567050147649998,5.4242265925e-05,4.2484875375e-05,0_S1,fusion
p072_20231017,72,3,13,0_S1,0.9915540325,0.002308850814175,0.006079293141749999,4.12076985575e-05,8.931517485e-06,7.666415300000001e-06,0_S1,fusion
p072_20231019,72,3,14,0_S1,0.9346577650000001,0.010926263763675,0.053284384607275005,0.0007292727438290749,0.000282533585554075,0.00011980274153325001,0_S1,fusion
p072_20231023,72,3,15,0_S1,0.942772215,0.02447901283625,0.03201978266,0.0005750476784374998,0.000126408901185,2.7544719367500002e-05,0_S1,fusion
p072_20231027,72,3,53,2_S5,0.27885287750000004,0.04170529025,0.65741833,0.020420558300000002,0.0013594075130075,0.00024352771624,2_S5,fusion
p072_20231101,72,3,55,2_S5,0.0030119916189999996,0.0019908245845,0.783141205,0.19384064275,0.017752975845499997,0.0002623364680975,2_S5,fusion
p072_20231106,72,3,63,3_S6,0.00044724245245,0.0036306092699999997,0.11761558189999999,0.776236035,0.09604641241999999,0.00602415778497075,3_S6,fusion
p072_20231109,72,3,65,3_S6,0.0059733282063,0.002211194685,0.09813978825,0.6528869850000001,0.240191545,0.0005971369475,3_S6,fusion
p072_20231120,72,3,70,4_S7,3.867152972265e-05,0.00043644300636015,0.001449190673525,0.32679737799999997,0.6709931583500001,0.000285162648181925,4_S7,fusion
p072_20231127,72,3,72,4_S7,0.00010231232625981,0.0001514955897513692,0.0005759231207903131,0.30033011819225003,0.698376745,0.00046339174657825,4_S7,fusion
p072_20231130,72,3,75,4_S7,3.3304010098915e-05,0.000642231066712675,0.0026546739267402503,0.012539096893,0.9801309475,0.00399972440017,4_S7,fusion
p072_20231204,72,3,76,4_S7,9.6066082675e-07,2.75864281525e-05,1.4810388150000001e-05,0.00454607160085,0.9950302725,0.00038034524587499997,4_S7,fusion
p072_20231211,72,3,77,4_S7,2.2777162159000002e-07,6.354938343005e-05,6.878921157450001e-05,0.000190299605176,0.999224875,0.00045225257099000007,4_S7,fusion
p072_20231214,72,3,78,4_S7,8.3099897981275e-07,8.4545626924005e-06,1.14123417632985e-05,3.9521236977374996e-05,0.999582105,0.00035769388075750005,4_S7,fusion
p072_20231218,72,3,79,4_S7,5.9473225465e-07,1.0465465812774999e-05,7.156154722724999e-05,0.00013090205925,0.9993549775,0.00043152745999999997,4_S7,fusion
p072_20231227,72,3,79,4_S7,9.2194351215e-07,1.0818315464805e-05,6.574498462365e-05,0.00010553441324175,0.986865,0.0129519897625,4_S7,fusion
p072_20240115,72,3,82,5_S8,3.155848875875e-05,3.29022543855e-06,1.6739383075e-05,9.858590281500001e-08,0.002971607469,0.9969767549999999,5_S8,fusion
p072_20240119,72,3,83,5_S8,1.41317659025e-05,6.1457911635e-06,4.5844236003000003e-05,4.6298482728000005e-06,0.0011118237709,0.99881738,5_S8,fusion
p072_20240126,72,3,86,5_S8,3.72582348585e-05,3.975696298325e-06,5.84939764075e-06,2.693545520525e-07,1.7171802475e-05,0.99993547,5_S8,fusion
p076_20231006,76,3,13,0_S1,0.9993743374999999,0.0001791335255,0.000348962395,1.5235451475e-05,4.4782757774999995e-05,3.7588505625e-05,0_S1,fusion
p076_20231011,76,3,13,0_S1,0.9896927400000001,0.0045911771453499995,0.0054809061575,8.093206409000001e-05,6.9668001475e-05,8.455658585e-05,0_S1,fusion
p076_20231017,76,3,13,0_S1,0.983976175,0.0031903110222675,0.0124949594585,0.00016306384628250002,8.480562675e-05,9.0691448e-05,0_S1,fusion
p076_20231019,76,3,14,0_S1,0.94087484,0.005322957843629999,0.051000958702499995,0.00173730592256264,0.000740235877351,0.00032372428986825,0_S1,fusion
p076_20231023,76,3,15,0_S1,0.608239585,0.026908198258750002,0.35090066397499997,0.010821595678749999,0.0026718116275000004,0.00045814704750000003,0_S1,fusion
p076_20231027,76,3,20,1_S2,0.287973392,0.035621591275,0.5516925425,0.12117254551025,0.003266765852575,0.00027317670281499997,2_S5,fusion
p076_20231101,76,3,53,2_S5,0.0076816243,0.00257018650775,0.7585442199999999,0.2128990746775,0.018269924599,3.49482798325e-05,2_S5,fusion
p076_20231106,76,3,60,3_S6,0.004101301526040675,0.0023768763806992503,0.11347498145299999,0.5860794352500001,0.29377706588,0.00019031815854885002,3_S6,fusion
p076_20231109,76,3,64,3_S6,0.00227102336754,0.0015196157189999997,0.019291770575,0.8302696074999999,0.1462317955,0.00041616397842500003,3_S6,fusion
p076_20231120,76,3,68,3_S6,0.000184468061655,0.0006429176198999999,0.020224597885,0.09154034875000001,0.88671084,0.00069682979825,4_S7,fusion
p076_20231127,76,3,72,4_S7,2.470433777185e-05,0.000152710909691,0.00011279354859,0.003549259039775,0.9899524224999999,0.006208114928907499,4_S7,fusion
p076_20231130,76,3,73,4_S7,5.64648947325e-05,0.000289505437075,0.0033132960685000002,0.0903263164,0.90098415,0.00503025590975,4_S7,fusion
p076_20231204,76,3,74,4_S7,0.00032288291755,0.0010106244058750002,0.001032869021975,0.13135376987500003,0.8396409975000001,0.026638904959625,4_S7,fusion
p076_20231211,76,3,75,4_S7,6.3038643375e-06,6.300770370575e-05,0.0036074875414999997,0.00202609493135,0.9896011874999999,0.0046958743425,4_S7,fusion
p076_20231214,76,3,75,4_S7,3.1969684675e-06,9.85663842845e-06,1.6665739451825e-05,2.6330286787324998e-05,0.9959349500000001,0.00400896218625,4_S7,fusion
p076_20231218,76,3,76,4_S7,7.214709552499999e-05,5.28004572414e-05,0.000462029403675,6.7085518736425e-05,0.9664762925,0.032869619424999996,4_S7,fusion
p076_20231227,76,3,78,4_S7,3.317065888025e-05,0.00120973196639455,0.00565866112071175,0.00067811669861375,0.7180495075,0.27437083496750003,4_S7,fusion
p076_20240115,76,3,80,5_S8,0.0011188831549950001,0.007803071969645,0.0276556304805,0.0040693892860562,0.0921560003225,0.8671969925,5_S8,fusion
p076_20240119,76,3,84,5_S8,5.8559040875e-07,1.5015680727299998e-06,1.60236590604e-05,9.068391214e-08,9.177080652499998e-05,0.9998900225,5_S8,fusion
p076_20240126,76,3,86,5_S8,2.76741857525e-05,1.1184751992500001e-05,3.92096601e-06,1.60046362e-06,0.00043295656887499997,0.9995226875000001,5_S8,fusion
p093_20231128,93,3,66,3_S6,1.0743523775000001e-05,5.1537242e-05,0.00202974020925,0.9434267125,0.05446147008999999,1.9830909345e-05,3_S6,fusion
p093_20231130,93,3,68,3_S6,6.2245745797425e-05,2.64013053e-05,0.000150414843405,0.7178138585,0.28192376550000003,2.32700854935e-05,3_S6,fusion
p093_20231204,93,3,69,3_S6,4.068598161375e-05,9.399609769999999e-05,0.000134952006125,0.776195755,0.22300843624999997,0.0005261996362875001,3_S6,fusion
p093_20231207,93,3,70,4_S7,5.550873612644999e-05,0.0001408781582935,0.00031600826425000003,0.0600910222,0.9389021375,0.00049449138728,4_S7,fusion
p093_20231211,93,3,71,4_S7,4.0811936658375e-06,2.1580429047250002e-05,6.26107848825e-05,0.0618923336,0.937919115,0.00010024859655,4_S7,fusion
p093_20231218,93,3,73,4_S7,7.637624654000001e-08,2.23908156902e-05,3.9952864474999995e-06,5.71811354825e-05,0.9972704499999999,0.0026459145746975,4_S7,fusion
p093_20231227,93,3,75,4_S7,3.6686269365e-06,5.931722123e-05,0.00018814510958,3.860370991375e-05,0.99066695,0.00904334965,4_S7,fusion
p093_20240115,93,3,76,4_S7,0.0028970261300203925,0.000134966819696225,0.0006563606514062499,0.00146739412844125,0.9518504375,0.04299377701575,4_S7,fusion
p093_20240119,93,3,79,4_S7,0.00039382714730025004,1.3785203893225001e-05,0.00011658259433875,6.63637142337425e-05,0.9492089325,0.05020057065,4_S7,fusion
p093_20240126,93,3,83,5_S8,1.0665551499999999e-05,1.5406155072499998e-05,3.99475416e-06,1.0209031516174999e-06,0.00056512463355,0.9994037975,5_S8,fusion
p096_20231128,96,3,66,3_S6,4.462063710000001e-06,9.91014586125e-06,0.0001186123692,0.99833305,0.00153334650325,6.281564579999999e-07,3_S6,fusion
p096_20231130,96,3,68,3_S6,0.0005577417732215001,0.00018558350561799998,0.0003749618484,0.94183504,0.0568588108275,0.000187843379874825,3_S6,fusion
p096_20231204,96,3,69,3_S6,0.0008611150556066,0.00162787950299925,0.002271002959525,0.871500435,0.11629536385,0.007444185603039599,3_S6,fusion
p096_20231207,96,3,70,4_S7,9.870726480000001e-06,1.6956958800000002e-05,0.000399613883,0.1429696080375,0.8565575225,4.638979580000001e-05,4_S7,fusion
p096_20231211,96,3,71,4_S7,4.7521042649999995e-06,4.503937795e-05,0.00034957757475000004,0.0453197805,0.95406982,0.000211044169825,4_S7,fusion
p096_20231218,96,3,73,4_S7,1.6033083175e-09,5.879054413750001e-07,1.7062776193875e-05,3.7261908575e-07,0.9999491250000001,3.2828904749999995e-05,4_S7,fusion
p096_20231227,96,3,76,4_S7,3.72236210802e-05,0.000269800287441375,0.003449910707087,5.2981690952075e-05,0.9818888175,0.01430128252,4_S7,fusion
p096_20240115,96,3,77,4_S7,4.3359219347899256e-05,6.3407171327854e-05,0.0018268082667647824,2.6345892221675e-05,0.99107353,0.00696654901675,4_S7,fusion
p096_20240119,96,3,83,5_S8,0.0005410034852744999,0.000587433588805,0.0014970813929,0.0006259378790547499,0.520567141,0.47618138686850003,4_S7,fusion
p096_20240126,96,3,89,5_S8,1.287389825e-05,1.7419787585e-06,1.009660049e-05,1.3033291058750002e-05,0.0014154516801,0.99854679,5_S8,fusion
p001_20230816,1,4,70,4_S7,0.0008261139658891501,0.00998889946,0.014659547735499998,0.8365760975,0.13718113705,0.0007682154067128,3_S6,fusion
p001_20230921,1,4,79,4_S7,0.00101167511375,0.0137257154,0.0636241142375,0.04914047775,0.86576885,0.006729160874999999,4_S7,fusion
p001_20231005,1,4,87,5_S8,0.017436679527500002,0.015603296280749999,0.007734205911625,0.008251407194925,0.18879371976750003,0.762180725,5_S8,fusion
p007_20230816,7,4,67,3_S6,0.0045778685530950495,0.055278528233649996,0.035425571097525,0.8625241875,0.041890117500000004,0.0003037258982015,3_S6,fusion
p007_20230921,7,4,80,5_S8,0.002745006720125,0.00780444368,0.0276817324275,0.035583080249999996,0.8201846,0.1060011263,4_S7,fusion
p007_20231005,7,4,83,5_S8,0.001230474391224,0.013122108024150002,0.0124417561744375,0.00039321528075,0.1608455815,0.811966865,5_S8,fusion
p013_20230816,13,4,59,2_S5,0.012314571164,0.127385053,0.0420582965,0.5945329500000001,0.222581985435,0.00112717173475,3_S6,fusion
p013_20230921,13,4,75,4_S7,0.0048697193125000005,0.003899519275,0.02628726815,0.076001471585,0.86595388,0.022988149575000002,4_S7,fusion
p013_20231005,13,4,88,5_S8,0.00435183859975,0.007363839258425001,0.08299152396899999,0.00352388564475,0.02551986315625,0.8762489875,5_S8,fusion
p023_20230828,23,4,14,0_S1,0.994722565,0.0020629961275000002,0.00313049429,4.8744435059999995e-05,1.22570686635e-05,2.2934672955e-05,0_S1,fusion
p023_20230904,23,4,22,1_S2,0.430643345,0.05764308225,0.3662369375,0.13399914397499998,0.009980208847500002,0.00149727817,0_S1,fusion
p023_20230908,23,4,63,3_S6,0.0068786669495,0.01581206925,0.06865937262999999,0.8994246975,0.008880729899999999,0.00034448328193499995,3_S6,fusion
p023_20230921,23,4,70,4_S7,0.030244795397792498,0.08151413866249999,0.07878346702075001,0.33131519,0.47644096225000004,0.00170147624125,4_S7,fusion
p023_20231006,23,4,71,4_S7,0.0038348319017775002,0.06142223204625,0.01759721248,0.1786280725,0.7110542799999999,0.027463366005,4_S7,fusion
p023_20231017,23,4,73,4_S7,6.702266939235911e-05,0.01295583847864575,0.0001864089510197,0.006007295747,0.9618790025,0.01890442864764,4_S7,fusion
p023_20231023,23,4,77,4_S7,9.03087041864e-05,0.0030393369396750003,0.0008616388660900001,0.005071603556,0.8673627625,0.1235743063895,4_S7,fusion
p023_20231027,23,4,78,4_S7,2.6702164575e-06,0.012442623076125,0.00031639490950000006,0.003981384282750001,0.906726925,0.07653002695,4_S7,fusion
p023_20231101,23,4,79,4_S7,2.1413620249999998e-05,0.126613639015,0.00196056155,0.001319948966625,0.6529579875,0.21712647164999999,4_S7,fusion
p023_20231106,23,4,78,4_S7,0.00054239747025,0.08167229507175,0.008442758012500001,0.00553121484,0.5457117374999999,0.3580995975,4_S7,fusion
p023_20231109,23,4,79,4_S7,0.0006904244501,0.00404168228,0.0033394216025,0.0039859679400000006,0.9136073149999999,0.07433520830000001,4_S7,fusion
p023_20231120,23,4,81,5_S8,3.840245725e-05,0.002729243343025,0.001213262838625,0.00101584654297425,0.21556475992300003,0.779438445,5_S8,fusion
p023_20231124,23,4,83,5_S8,6.059418675000001e-06,0.0010963192719650001,0.00043918472,1.2603092670000001e-05,0.0067773510900000005,0.9916684925,5_S8,fusion
p023_20231127,23,4,84,5_S8,0.00010943472185,0.000358936278825,0.000574364325,0.000269340852975,0.044182674500000005,0.9545052725000001,5_S8,fusion
p023_20231130,23,4,85,5_S8,0.0003582552638,0.001879115820125,0.0010404355,0.000387619202475,0.0350678377,0.9612667574999999,5_S8,fusion
p034_20230828,34,4,15,0_S1,0.9856663875,0.007227234675,0.006513889225,0.000570425710125,1.2182006914249998e-05,9.874607365000001e-06,0_S1,fusion
p034_20230904,34,4,53,2_S5,0.092721999215,0.0413211323,0.2505262,0.6047594000000001,0.01041905495125,0.00025216568124,3_S6,fusion
p034_20230908,34,4,61,3_S6,0.0034979536491875,0.010057242292749999,0.008122439715,0.972747475,0.0054354977926499995,0.000139373157135975,3_S6,fusion
p034_20230921,34,4,70,4_S7,0.0006775605594171075,0.007768671798428249,0.003598610051453,0.20601217230000002,0.781213475,0.0007294840281375,4_S7,fusion
p034_20231006,34,4,72,4_S7,5.9226812113575e-05,0.0164145424654725,0.0009452370023805,0.018897204199999997,0.95911781,0.004566035736175,4_S7,fusion
p034_20231017,34,4,73,4_S7,0.00015382057694262474,0.0041420717101635,0.006345635225617125,0.11909434960875,0.8691269625,0.001137173586325,4_S7,fusion
p034_20231023,34,4,74,4_S7,0.000126037266925157,0.0080090674675796,0.0036270715373800002,0.0026594852988074996,0.967655425,0.01792294405275,4_S7,fusion
p034_20231027,34,4,76,4_S7,0.0022233620204275,0.04877726103579,0.012583170401,0.00823189092,0.83215191,0.0960324511375,4_S7,fusion
p034_20231101,34,4,77,4_S7,0.0006054512578360999,0.0282991868145825,0.0030203228855675,0.0249128310145,0.8888591975,0.054302987025,4_S7,fusion
p034_20231106,34,4,78,4_S7,0.0003718609218225,0.0017136139049565,0.0010621700289325,0.00501949557625,0.9620249999999999,0.029807859875000002,4_S7,fusion
p034_20231109,34,4,79,4_S7,0.00015503193275000001,0.00471406240825,0.0030712804852500004,0.0057117202532,0.8154187475000001,0.17092916875,4_S7,fusion
p034_20231120,34,4,82,5_S8,0.0003139769467397175,0.039549249582106843,0.0020578228205300753,0.00018071925515129598,0.05058547711225325,0.9073127575,5_S8,fusion
p034_20231124,34,4,86,5_S8,7.3423107519695e-06,3.996431731172887e-05,0.0003359213303010735,3.731075293761754e-05,0.005215784179476095,0.99436364,5_S8,fusion
p034_20231127,34,4,88,5_S8,2.198281877625e-05,0.00132924353934,0.0027128721128249996,4.1661732671499994e-05,0.03137384810325,0.9645204075,5_S8,fusion
p034_20231130,34,4,89,5_S8,0.001402956646475,0.0008341257198975,0.004465402853399999,0.000178182653,0.0459213948616,0.947197925,5_S8,fusion
p043_20230929,43,4,13,0_S1,0.99940038,0.00039955459275,0.00012497118624999997,2.471221215375e-05,2.5100761565375002e-05,2.5297134474500002e-05,0_S1,fusion
p043_20231004,43,4,13,0_S1,0.9987368750000001,0.00036730666875,0.000869040605,1.32310250235e-05,4.113720775e-06,9.460154005e-06,0_S1,fusion
p043_20231011,43,4,14,0_S1,0.9965234999999999,0.0009365783575000001,0.0023771700700000002,7.567549449999999e-05,7.754603151500001e-05,9.5485132025e-06,0_S1,fusion
p043_20231017,43,4,52,2_S5,0.966308415,0.002547485125,0.027556314775,0.0035290321041000004,2.7746969572499997e-05,3.10026875925e-05,0_S1,fusion
p043_20231019,43,4,53,2_S5,0.35586685250000005,0.011038062625000001,0.628770305,0.004126526262499999,0.0001463241838,5.19303776e-05,2_S5,fusion
p043_20231023,43,4,60,3_S6,0.23093832824999996,0.04857714405,0.56400118,0.15296646,0.0031096341474999996,0.00040727062,2_S5,fusion
p043_20231027,43,4,61,3_S6,0.08277948515,0.026460432615,0.5467472250000001,0.30271030649999997,0.039969639280000004,0.0013328778407499999,2_S5,fusion
p043_20231101,43,4,64,3_S6,0.0027964135737499995,0.025188491724999998,0.0311501510425,0.89220106,0.047710453625,0.000953424352,3_S6,fusion
p043_20231106,43,4,70,4_S7,0.000988232009925,0.05265094220025,0.006307727658625,0.8531981775,0.08037590389249999,0.0064790605647425,3_S6,fusion
p043_20231109,43,4,70,4_S7,0.0036846816741378375,0.0091596442961475,0.036969754309502126,0.628931365,0.31930995341249996,0.0019445658790674999,3_S6,fusion
p043_20231120,43,4,70,4_S7,0.000753963727075,0.034144994865,0.015077916762500001,0.138602642325,0.802462325,0.008958134165000001,4_S7,fusion
p043_20231127,43,4,71,4_S7,3.6165235575e-05,0.0016008395733750002,0.0021551284715,0.02859079595,0.91210578,0.055511314901500006,4_S7,fusion
p043_20231130,43,4,71,4_S7,0.0012585876505042499,0.1293056541965,0.010463641730175,0.0037846457675,0.8304255349999999,0.0247619652,4_S7,fusion
p043_20231204,43,4,72,4_S7,1.532373225e-05,0.00014026958675,0.00430615227375,0.0033581686915000004,0.9498321125000001,0.042348018425,4_S7,fusion
p043_20231211,43,4,74,4_S7,0.00014147828063925,0.0033322999355,0.00414828674985,0.0072354446414999996,0.7368209775000001,0.24832153498499998,4_S7,fusion
p043_20231214,43,4,76,4_S7,4.32464616e-06,0.0018457649267325,0.00013699204091750003,0.0005737019945125,0.7753355075,0.22210365040000002,4_S7,fusion
p043_20231218,43,4,77,4_S7,1.024477979895e-05,0.0006280789892140001,0.0018517770900082502,0.06451247145600002,0.884346085,0.048651353825,4_S7,fusion
p043_20231227,43,4,78,4_S7,1.873430225655e-05,0.0063914731694775006,0.000492812490815,0.00224663585255,0.8025477624999999,0.18830258462500002,4_S7,fusion
p043_20240104,43,4,79,4_S7,4.88839102e-06,0.0016759317094000002,0.00018868973688999997,0.000278845244965,0.5374535349999999,0.460398115,4_S7,fusion
p050_20230929,50,4,13,0_S1,0.999738775,0.00018029936787499997,5.8361709599999995e-05,5.20064387e-06,3.5346644262e-06,1.382638989515e-05,0_S1,fusion
p050_20231004,50,4,13,0_S1,0.9994965250000001,0.00016731652220000002,0.00031133583850000005,9.961102647499999e-06,3.889996638749999e-06,1.0997972735e-05,0_S1,fusion
p050_20231011,50,4,14,0_S1,0.9866748425,0.004345354444325,0.007538696710000001,0.00126265385675,0.0001001977607035,7.8272777927625e-05,0_S1,fusion
p050_20231017,50,4,15,0_S1,0.9040262425,0.02006986165,0.07381009,0.001957424935,7.9084970415e-05,5.7327385067499996e-05,0_S1,fusion
p050_20231019,50,4,16,0_S1,0.64850791,0.029338748249999998,0.30999586349999997,0.011151001130000001,0.0006863583419500001,0.00032008853242500003,0_S1,fusion
p050_20231023,50,4,20,1_S2,0.17115962625,0.04604187125,0.674566125,0.1036467475,0.0044443480125,0.000141224315,2_S5,fusion
p050_20231027,50,4,21,1_S2,0.008884950479999999,0.003107233615,0.193315866,0.785894765,0.008635404285,0.00016182237820000001,3_S6,fusion
p050_20231101,50,4,54,2_S5,0.0028521398959175,0.00181698811625,0.08837918475225001,0.885074855,0.021768977513000002,0.00010783561220750001,3_S6,fusion
p050_20231106,50,4,67,3_S6,0.0016522624560000002,0.0060813904082500005,0.0047324912035,0.917306825,0.0700563227825,0.00017074516986,3_S6,fusion
p050_20231109,50,4,69,3_S6,0.0001483007075945,0.000999435076725,0.0038931323666000005,0.64756982075,0.34367397525,0.00371529534815,3_S6,fusion
p050_20231120,50,4,70,4_S7,0.0002916171932,0.035275898911999996,0.006322551813499999,0.2181933272,0.7269248025,0.0129918075275,4_S7,fusion
p050_20231127,50,4,72,4_S7,3.1122545883e-05,0.00016134204400000002,0.00046036415835,0.03905013375,0.9584267975,0.00187028305075,4_S7,fusion
p050_20231130,50,4,74,4_S7,2.8625406500000003e-05,0.00021874193778,0.00081192332525,0.004725778685075,0.93942121,0.054793739677499995,4_S7,fusion
p050_20231204,50,4,75,4_S7,1.95607767e-05,2.9968443680000002e-05,0.00015730215852500002,0.010668817791000002,0.98858884,0.00053549400225,4_S7,fusion
p050_20231211,50,4,76,4_S7,5.6630112953e-06,2.420467088865e-05,0.0027607070172742504,0.000281706407575,0.9784768325000001,0.0184509078914,4_S7,fusion
p050_20231214,50,4,78,4_S7,0.00010411880917499999,0.000287236429,0.00069105479425,0.002597312785,0.8662888375,0.130031445,4_S7,fusion
p050_20231218,50,4,79,4_S7,2.9186853597499997e-05,0.00059944535227,0.00088917973575,0.003901710435,0.896848195,0.097732277225,4_S7,fusion
p050_20231227,50,4,81,5_S8,2.481251103475e-05,0.0036522028287,0.00064272644975,0.002200213700585,0.6384978099999999,0.35498220999999996,4_S7,fusion
p050_20240104,50,4,79,4_S7,6.632678793499999e-05,0.0006090723696235001,0.00021373766275,9.37070511325e-05,0.574028945,0.424988205,4_S7,fusion
p051_20230929,51,4,13,0_S1,0.9994699625000001,0.00036066213800000003,0.00011399687475,1.85068333975e-05,9.0790163045e-06,2.78047435475e-05,0_S1,fusion
p051_20231004,51,4,13,0_S1,0.998679585,0.00034507334125,0.0009514578675,6.97000235e-06,9.291693861e-06,7.627247374999999e-06,0_S1,fusion
p051_20231011,51,4,15,0_S1,0.7516575675,0.009297127875,0.212462087225,0.016815274435,0.009378325128845,0.000389609996575,0_S1,fusion
p051_20231017,51,4,52,2_S5,0.6377846475,0.086459132375,0.190858365,0.032334051350000004,0.037244692759999996,0.0153190933225,0_S1,fusion
p051_20231019,51,4,60,3_S6,0.2844597325,0.01300974583,0.6700560824999999,0.023735195525000002,0.007046947979999999,0.001692283784375,2_S5,fusion
p051_20231023,51,4,65,3_S6,0.16293066625,0.062793736,0.38825616249999995,0.35197844,0.0338080671975,0.000232938581325,2_S5,fusion
p051_20231027,51,4,66,3_S6,0.053021383275,0.010381017265,0.5292498675,0.3802462375,0.026258357750000003,0.000843152,2_S5,fusion
p051_20231101,51,4,69,3_S6,0.0006839161425,0.046221160337500004,0.049230913375000004,0.7535885099999999,0.14948229575,0.0007931985537499999,3_S6,fusion
p051_20231106,51,4,70,4_S7,0.00036607445555,0.0048246964495,0.055315254025,0.6360675175,0.30187593225,0.00155053705975,3_S6,fusion
p051_20231109,51,4,71,4_S7,0.00047010245500000004,0.015012757500000001,0.011467096365,0.7615153675,0.209986316525,0.00154836602675,3_S6,fusion
p051_20231120,51,4,72,4_S7,0.0006546113422500001,0.0009248632725,0.00979097223375,0.268677398,0.71011676,0.009835383562500001,4_S7,fusion
p051_20231127,51,4,75,4_S7,0.000130214182885,0.0031853476761,0.002124118623925,0.02235042131225,0.875504945,0.09670496954325,4_S7,fusion
p051_20231130,51,4,76,4_S7,0.00023582452949175002,0.023936659926495,0.004869235443,0.014183886615975,0.9149905325000001,0.04178388357874999,4_S7,fusion
p051_20231204,51,4,77,4_S7,5.7770370105e-06,0.00043035604224999995,0.00017676109475,0.0016055940375000002,0.9938442000000001,0.003937309061075,4_S7,fusion
p051_20231211,51,4,78,4_S7,2.766487765e-05,0.00109115309135,0.001650705003,0.0008701733243249999,0.8754956899999999,0.12086457069999999,4_S7,fusion
p051_20231214,51,4,79,4_S7,0.0002443699763,0.000638030256,0.00227339643175,0.041973118565,0.6598754824999999,0.2949956365,4_S7,fusion
p051_20231218,51,4,79,4_S7,4.4515727025e-06,0.0009025359666,0.00030001745275,0.0097632253965,0.83330624,0.15572353125000002,4_S7,fusion
p051_20231227,51,4,81,5_S8,3.3341828567075e-05,5.725819862500001e-06,9.34835202225e-05,1.8301669691249998e-05,0.2382092651185,0.7616398612499999,5_S8,fusion
p051_20240104,51,4,82,5_S8,6.882617501899999e-05,0.0006083332347675,0.000624816191025,3.0905120245e-05,0.42911682679999996,0.5695503373899999,5_S8,fusion
p055_20230929,55,4,13,0_S1,0.9989810775,0.0007712678024999999,0.00011837532175,3.5775498664999995e-05,3.690430764074999e-05,5.659604402800001e-05,0_S1,fusion
p055_20231004,55,4,13,0_S1,0.9979651875,0.00031652398875000004,0.00163731227,5.13399497825e-05,6.6090932199999995e-06,2.30545031225e-05,0_S1,fusion
p055_20231011,55,4,14,0_S1,0.9977811925,0.000756561325,0.00120840446,0.00023714992465,6.58165832e-06,1.00776205875e-05,0_S1,fusion
p055_20231017,55,4,20,1_S2,0.608816651,0.13990488781750002,0.23748321449999998,0.0130789309855,0.0005800347992417499,0.00013626311213624999,0_S1,fusion
p055_20231019,55,4,54,2_S5,0.4251630049999999,0.11610551050000001,0.44359655750000004,0.01484152805,0.00016454046900000002,0.00012886795099999998,2_S5,fusion
p055_20231023,55,4,55,2_S5,0.1600988931,0.0394337295,0.46721883000000003,0.33150615624999996,0.00166295809,7.945973400000001e-05,2_S5,fusion
p055_20231027,55,4,60,3_S6,0.006204296450000001,0.166593677775,0.220517451,0.5933311125,0.01279767935,0.0005558029655,3_S6,fusion
p055_20231101,55,4,63,3_S6,0.0019597045337500004,0.036171933625,0.0476440965,0.6579043675,0.24989491225,0.00642500348725,3_S6,fusion
p055_20231106,55,4,67,3_S6,0.0007693963395707501,0.02939724940504,0.00885929485675,0.841226075,0.11692577055,0.002822186878795,3_S6,fusion
p055_20231109,55,4,69,3_S6,0.0008056001296000001,0.018002320697,0.024077408502,0.41266554999999994,0.5395416425,0.004907479335,4_S7,fusion
p055_20231120,55,4,71,4_S7,3.6004676919999996e-05,0.0030799390278750003,0.00123736078625,0.16006303561,0.832421855,0.00316182271,4_S7,fusion
p055_20231127,55,4,72,4_S7,1.573694938e-05,0.0004592582585,0.00034210028775,0.0752731574,0.9177980050000001,0.0061117309675,4_S7,fusion
p055_20231130,55,4,75,4_S7,1.38518650975e-05,0.000126906310165,0.0004280143825,0.00082065594625,0.98863327,0.0099772561375,4_S7,fusion
p055_20231204,55,4,76,4_S7,0.0011766829390125002,0.031871002652724995,0.01046907340975,0.010531001775000002,0.88892595,0.057026290695,4_S7,fusion
p055_20231211,55,4,77,4_S7,1.2955819709999999e-05,0.00443300766075,0.0008654340699999999,0.00280212793075,0.8860204574999999,0.10586601424999999,4_S7,fusion
p055_20231214,55,4,78,4_S7,1.1508485124999999e-07,8.391417997499999e-06,1.468479695e-06,0.0003768370755095,0.974035765,0.025577402275,4_S7,fusion
p055_20231218,55,4,79,4_S7,1.5585702450000002e-06,0.0029887122571700003,3.8544436974999996e-05,0.0005529195406999999,0.9535631275,0.042855148499999995,4_S7,fusion
p055_20231227,55,4,79,4_S7,0.00019555184847149998,0.0176467470840175,0.002148924732435,0.0014992175006999999,0.6868124250000001,0.291697125,4_S7,fusion
p055_20240104,55,4,80,5_S8,1.8044504141275e-05,0.00054391963511,0.00044685534419675,4.23206144195e-05,0.31992512175000004,0.679023725,5_S8,fusion
p056_20230929,56,4,13,0_S1,0.9996692075,0.0002334615665,7.295542725000001e-05,1.3968336390000002e-05,2.6140318725749997e-06,7.785587053e-06,0_S1,fusion
p056_20231004,56,4,13,0_S1,0.9995640349999999,0.00015403182125,0.000272274895,6.70249077e-06,8.121628952499999e-07,2.2454237949999997e-06,0_S1,fusion
p056_20231011,56,4,14,0_S1,0.92987895,0.0092361141575,0.0527444660425,0.007952558409574999,0.00012396314175,6.3983313375e-05,0_S1,fusion
p056_20231017,56,4,15,0_S1,0.48372069249999994,0.10115091667500001,0.37139434000000004,0.03975954845,0.0035411463385,0.0004333379793,0_S1,fusion
p056_20231019,56,4,16,0_S1,0.16685039000000002,0.021497208,0.7719634175000001,0.033257156625,0.0042911034350000005,0.0021407507865,2_S5,fusion
p056_20231023,56,4,20,1_S2,0.0484699551,0.031148517624999997,0.6579857849999999,0.250411335,0.011217155522500001,0.000767297796675,2_S5,fusion
p056_20231027,56,4,55,2_S5,0.01504296755,0.019173997625,0.5179895,0.31196062375,0.12968485942500002,0.0061480406185,2_S5,fusion
p056_20231101,56,4,56,2_S5,0.00210374646,0.006533229367500001,0.09463466667499999,0.8000796075,0.09523709681,0.00141164896651,3_S6,fusion
p056_20231106,56,4,65,3_S6,0.0008598111476249999,0.00843590035,0.0118102404,0.6073862114999999,0.3641338035,0.00737403173875,3_S6,fusion
p056_20231109,56,4,67,3_S6,0.00026864843225000003,0.00410835646,0.0027111138525,0.285231901425,0.69429057,0.0133894264925,4_S7,fusion
p056_20231120,56,4,70,4_S7,0.000138317792025,0.17199349833400002,0.0019098982775000001,0.00858079855,0.7621381625,0.0552393738,4_S7,fusion
p056_20231127,56,4,72,4_S7,0.0001100678115675,0.026902269247325,0.0043423005197499994,0.026069545266574998,0.7631196025,0.17945619215,4_S7,fusion
p056_20231130,56,4,73,4_S7,0.00069089636815,0.041772693964625,0.0103054341625,0.00204483749915,0.6971411125,0.24804497524999997,4_S7,fusion
p056_20231204,56,4,74,4_S7,2.0029263197250003e-05,0.005177635627641,0.0008071363765099999,0.0001216965943675,0.961851585,0.0320219392,4_S7,fusion
p056_20231211,56,4,76,4_S7,2.17845149058e-05,0.00034584246019055,0.0018557617534514998,0.00139620462292625,0.95770674,0.038673712675,4_S7,fusion
p056_20231214,56,4,78,4_S7,1.9255898794375004e-05,0.00013030153421999998,0.00015379753033,3.7690997875e-05,0.525665285,0.473993675,4_S7,fusion
p056_20231218,56,4,80,5_S8,3.940711125e-05,0.002154065468925,0.00077620443925,0.000254199483,0.45623389000000003,0.540542245,5_S8,fusion
p056_20231227,56,4,82,5_S8,0.000103225856560275,0.04853538109300235,0.0008969149978906624,0.0011503564615156117,0.3197902039385925,0.6295239450000001,5_S8,fusion
p056_20240104,56,4,83,5_S8,5.89782274181e-05,0.00134116887937375,0.00030001762134000004,1.9737501487789996e-05,0.162462793890725,0.8358172749999999,5_S8,fusion
p062_20231006,62,4,13,0_S1,0.9993362674999999,0.0003464713255,0.0001820308095,1.6610383824999997e-05,2.7190828375e-05,9.139880075e-05,0_S1,fusion
p062_20231011,62,4,13,0_S1,0.9998223725000001,7.74338063e-05,7.5335157e-05,8.26113144e-06,6.4321738199999995e-06,1.0154872975000002e-05,0_S1,fusion
p062_20231017,62,4,13,0_S1,0.998657325,0.0005030355015,0.00072048579325,4.3596023392499994e-05,2.1968062142500002e-05,5.352703749000001e-05,0_S1,fusion
p062_20231019,62,4,14,0_S1,0.989041985,0.000565479885225,0.00998347663,9.847383433625001e-05,0.00012387348318975,0.0001867425066475,0_S1,fusion
p062_20231023,62,4,14,0_S1,0.9977555375,0.0008154751774999999,0.0012393454350000002,0.000169585798425,6.080764305e-06,1.4001778910000001e-05,0_S1,fusion
p062_20231027,62,4,14,0_S1,0.3631252625,0.0026943624824999996,0.6297548125,0.0040851022415,0.00022342565707499998,0.00011702972180000001,2_S5,fusion
p062_20231101,62,4,51,2_S5,0.08463672985,0.02643597905,0.7409795875,0.13832954325,0.00557571310575,0.0040424251728750004,2_S5,fusion
p062_20231106,62,4,53,2_S5,0.0052620654648499994,0.009865211983,0.19995588180999999,0.7412088125,0.043455234675,0.000252762120325,3_S6,fusion
p062_20231109,62,4,60,3_S6,0.0239718862147925,0.0045463321405,0.0207463378025,0.713504115,0.06968999862500001,0.167541319118325,3_S6,fusion
p062_20231120,62,4,70,4_S7,0.0009648331646099999,0.00995784651,0.005529309815,0.34060453375,0.6293085174999999,0.013634970535,4_S7,fusion
p062_20231127,62,4,72,4_S7,0.00035307344891165,0.0035741173887,0.0008307274561625,0.134799500775,0.8550163074999999,0.0054262961417499995,4_S7,fusion
p062_20231130,62,4,73,4_S7,1.09414270425e-05,0.00013510074925,0.0006937811157500001,0.012180481225,0.984122325,0.002857408775,4_S7,fusion
p062_20231204,62,4,75,4_S7,2.8813316224999997e-06,0.0001121816397,0.000123316034,0.042552863925000003,0.9564972575,0.00071148305,4_S7,fusion
p062_20231211,62,4,77,4_S7,4.5312985595e-06,8.601257494999999e-05,0.00019829346075,0.0010466495575,0.9880925675,0.010571962965,4_S7,fusion
p062_20231214,62,4,78,4_S7,0.0002442993884825,0.000463551516175,0.00100863110125,0.07927467215,0.9161916075000001,0.002817245328,4_S7,fusion
p062_20231218,62,4,79,4_S7,0.000145868855156525,0.00171726364095,0.015282170285774999,0.02260574551825,0.9587169325,0.0015320084716999999,4_S7,fusion
p062_20231227,62,4,79,4_S7,2.05934227e-07,0.0001237955476855,3.1242550545e-05,0.00016029468925000002,0.9958045175,0.0038798752574999997,4_S7,fusion
p062_20240115,62,4,82,5_S8,7.791016447499999e-07,2.6581040274999998e-05,5.2849707042499996e-05,3.9212056035e-05,0.216975645565,0.78290496,5_S8,fusion
p062_20240119,62,4,83,5_S8,4.2100933560000003e-07,2.0304800114999996e-06,2.0748608725000003e-06,3.428059387575e-06,6.42984585e-05,0.9999277274999999,5_S8,fusion
p062_20240126,62,4,86,5_S8,9.6339316e-07,0.0006035410489609999,9.58952651675e-06,5.548252325199999e-06,0.010233654530364998,0.989146695,5_S8,fusion
p071_20231006,71,4,13,0_S1,0.9985053175,0.0007606540264999999,0.000430631656,4.8787361775e-05,8.820194201499999e-05,0.0001664005223,0_S1,fusion
p071_20231011,71,4,13,0_S1,0.9998019850000001,0.00012718540174999998,5.3162354250000004e-05,5.0949474250000005e-06,4.0988876675e-06,8.459052355000001e-06,0_S1,fusion
p071_20231017,71,4,13,0_S1,0.9994004475,0.000168131941,0.00034116178999999997,8.877674192500001e-06,2.3632201555000002e-05,5.7754427675e-05,0_S1,fusion
p071_20231019,71,4,13,0_S1,0.9768341899999999,0.0007649752531,0.020646924982500002,0.000513667502825,0.00037071231420875004,0.00086954755032,0_S1,fusion
p071_20231023,71,4,14,0_S1,0.970819625,0.008000975760000001,0.0206796187925,0.0002401343001,0.0001269596987125,0.00013267718658249998,0_S1,fusion
p071_20231027,71,4,51,2_S5,0.262133545,0.03467172325,0.6729321075,0.029845042915,0.00031166939010000003,0.00010590123135000002,2_S5,fusion
p071_20231101,71,4,60,3_S6,0.05578180858,0.013266217925,0.67924754,0.25130863675,0.000358657155,3.7134639575000004e-05,2_S5,fusion
p071_20231106,71,4,68,3_S6,0.0001007520558325,0.00032319709099999996,0.0400939360575,0.9392522125,0.019937515522499998,0.00029237625373249997,3_S6,fusion
p071_20231109,71,4,69,3_S6,0.008949890239644999,0.004788506386999999,0.30518690935250004,0.677833825,0.003154053415,8.67895236525e-05,3_S6,fusion
p071_20231120,71,4,70,4_S7,8.8967013525e-05,0.0008453683625000001,0.0030033304675,0.44396247,0.5511422125,0.000957682465,4_S7,fusion
p071_20231127,71,4,72,4_S7,1.056165464925e-05,0.005010872016500001,0.0007119453094999999,0.051502278,0.9398891925,0.00287511341,4_S7,fusion
p071_20231130,71,4,73,4_S7,9.29544132925e-05,0.00013939893849999999,0.0012168434699999999,0.131980193425,0.86024752,0.006323079824999999,4_S7,fusion
p071_20231204,71,4,74,4_S7,0.000201011943955,0.018085738195274998,0.0012527405374999998,0.20422678575000003,0.773710485,0.0025232471158500003,4_S7,fusion
p071_20231211,71,4,75,4_S7,4.442051895e-06,4.68958045e-05,0.00041076004231,0.17191082346999997,0.8033301325000001,0.024296968699999998,4_S7,fusion
p071_20231214,71,4,76,4_S7,6.28191785e-05,0.00026998437194999996,0.000175255101,0.002992737275,0.9872885499999999,0.0092106547875,4_S7,fusion
p071_20231218,71,4,77,4_S7,4.134971803455e-06,6.014724786600001e-06,0.0025442236666175003,0.0003361900373775,0.984776915,0.012332499549999999,4_S7,fusion
p071_20231227,71,4,78,4_S7,7.35039385e-07,4.2545918e-06,1.71484906e-05,9.854730987500002e-06,0.7492460925,0.250721925675,4_S7,fusion
p071_20240115,71,4,79,4_S7,2.656719407593e-06,2.1725205195825002e-05,0.0010130737839234999,1.949434059735e-05,0.560927015,0.43801604675,4_S7,fusion
p071_20240119,71,4,82,5_S8,1.5209613329025637e-05,3.81678065563006e-05,2.675550011575e-05,7.301200955420001e-05,0.44724902321825,0.55259780875,5_S8,fusion
p071_20240126,71,4,85,5_S8,2.8034726486999997e-06,0.0006264599661486999,8.577399547775e-05,0.0001008838706225625,0.147019161936,0.8521649325,5_S8,fusion
p074_20231006,74,4,13,0_S1,0.9993460349999999,0.00040824651774999996,0.00015005974499999997,1.85968533875e-05,2.4143835405e-05,5.2890612349999995e-05,0_S1,fusion
p074_20231011,74,4,13,0_S1,0.99679679,0.0010564547105,0.00086621680025,0.00025849373105,0.0008176556843575001,0.000204379691025,0_S1,fusion
p074_20231017,74,4,13,0_S1,0.9995800374999999,0.00012131323399999998,0.0002192286675,7.377695787500001e-06,1.5811388125e-05,5.6171271675e-05,0_S1,fusion
p074_20231019,74,4,13,0_S1,0.9861360250000001,0.00023512068025,0.01289021616,8.249515655e-05,0.00044093668080000004,0.00021526663354499997,0_S1,fusion
p074_20231023,74,4,13,0_S1,0.9973568925,0.0008257778425000001,0.00167265333,0.0001132375722,1.0529408800000001e-05,2.0926585975e-05,0_S1,fusion
p074_20231027,74,4,20,1_S2,0.18496823499999998,0.0019404886075000002,0.797738675,0.014861176825,0.00036851991150000003,0.00012290339739999998,2_S5,fusion
p074_20231101,74,4,53,2_S5,0.03889625483,0.0041393304,0.6503731975,0.30347781932,0.0027623539905000005,0.000351036655625,2_S5,fusion
p074_20231106,74,4,60,3_S6,0.0013947431011324999,0.0024837417513,0.0357228459915,0.9093795825,0.049916492674500004,0.0011025555765099997,3_S6,fusion
p074_20231109,74,4,70,4_S7,0.0012524549631125,0.008253941122825,0.23350262096000002,0.5863072757500001,0.17047801230499998,0.000205701467215,3_S6,fusion
p074_20231120,74,4,72,4_S7,0.0010798826836975,0.0009945194400000001,0.01653128337,0.25772421749999996,0.7215025125000001,0.0021675989875000004,4_S7,fusion
p074_20231127,74,4,73,4_S7,3.566066385e-06,0.00011808598467500002,6.521035712499999e-05,0.38549667925,0.6135848575,0.000731650911875,4_S7,fusion
p074_20231130,74,4,74,4_S7,1.6850457649999998e-06,1.05618576675e-05,0.000126502127675,0.0093072193,0.987634785,0.002919256156,4_S7,fusion
p074_20231204,74,4,75,4_S7,4.0588905174999996e-05,0.00041230295525,0.000229826373,0.2868517495,0.7119139575,0.000551574762,4_S7,fusion
p074_20231211,74,4,78,4_S7,1.4716797145e-06,1.8652200017499998e-06,7.585594021500001e-05,0.00029159809925,0.99923271,0.000396526915,4_S7,fusion
p074_20231214,74,4,79,4_S7,2.9437935275000003e-07,6.438463758e-05,5.183786571e-06,0.00014369413325000002,0.997875865,0.00191056566,4_S7,fusion
p074_20231218,74,4,79,4_S7,6.00966769e-07,2.28509475e-07,3.432113417500001e-05,0.00033894411515000004,0.99498765,0.00463833063175,4_S7,fusion
p074_20231227,74,4,81,5_S8,2.52667477375e-06,4.886068594e-06,7.8449067275e-06,5.0243685982500004e-06,0.5286344613999999,0.47134531375,4_S7,fusion
p074_20240115,74,4,82,5_S8,2.116266642575e-07,3.726284365e-06,1.845015290725e-05,3.387439631e-07,0.042427548137250005,0.9575497399999999,5_S8,fusion
p074_20240119,74,4,83,5_S8,6.2572241305e-05,0.00021118875175,0.00010037504772499999,0.00029259183564999997,0.09221795974999998,0.907115235,5_S8,fusion
p074_20240126,74,4,88,5_S8,1.36606956935e-05,1.84007724835e-05,8.36703833e-06,8.089767925e-07,0.000772910940075,0.99918584,5_S8,fusion
p080_20231006,80,4,13,0_S1,0.997238075,0.002117841342,0.00033678510049999996,9.214158564249999e-05,8.580255627500001e-05,0.0001293733195,0_S1,fusion
p080_20231011,80,4,13,0_S1,0.9991182000000001,0.0004310908125,0.00032912896975000007,2.689866936e-05,4.325848174175e-05,5.1506151875e-05,0_S1,fusion
p080_20231017,80,4,13,0_S1,0.9868155175,0.004613774522499999,0.0069645408975,0.000765556927575,0.0007712824971,6.931893815e-05,0_S1,fusion
p080_20231019,80,4,13,0_S1,0.96313006,0.0013233570775000002,0.034596446525,0.0008384555508499999,8.100776317749999e-05,3.0728639649999995e-05,0_S1,fusion
p080_20231023,80,4,14,0_S1,0.579855615,0.10118638429999999,0.2570087355,0.0581847307075,0.0027059104925,0.0010586295775,0_S1,fusion
p080_20231027,80,4,52,2_S5,0.0767833073,0.011237092325,0.7180141625,0.18430911934999997,0.007141653475,0.0025146827650000003,2_S5,fusion
p080_20231101,80,4,53,2_S5,0.058873829275,0.0185724096,0.46128442000000003,0.4486643388,0.012059314375,0.0005456489775,2_S5,fusion
p080_20231106,80,4,62,3_S6,0.0036525186127,0.00545501859125,0.22495109171625002,0.60998136,0.1553489621175,0.0006110149075000001,3_S6,fusion
p080_20231109,80,4,69,3_S6,0.003074020006775,0.00204125063325,0.11216655208,0.7899030275,0.09267069625,0.000144463744,3_S6,fusion
p080_20231120,80,4,70,4_S7,0.000302481385383,0.0041001274768,0.00270016574065,0.062914866,0.9217185525,0.008263835640875001,4_S7,fusion
p080_20231127,80,4,73,4_S7,0.0003294931374375,0.006310548234075,0.0032760884742500003,0.195707699,0.7874815975,0.0068945463330000005,4_S7,fusion
p080_20231130,80,4,74,4_S7,8.274491605e-06,0.00028565867764999997,0.0005038212575000001,0.01439747735,0.9806212575,0.004183509472499999,4_S7,fusion
p080_20231204,80,4,76,4_S7,0.00010552683475,0.0043069335579,0.000985908643,0.25650183025,0.736082955,0.00201687211465,4_S7,fusion
p080_20231211,80,4,77,4_S7,4.151927024e-07,1.1424762550000001e-05,5.196433975e-06,0.0013429214807499999,0.995700775,0.0029392571649999996,4_S7,fusion
p080_20231214,80,4,78,4_S7,4.2630579367500004e-05,8.219694925000001e-06,0.0001482793691125,0.002286170275,0.98112584,0.0163888750175,4_S7,fusion
p080_20231218,80,4,79,4_S7,2.4438407375e-07,1.4724873813749999e-06,2.288808045e-05,0.00021049476035,0.9755579750000001,0.024206920774999998,4_S7,fusion
p080_20231227,80,4,81,5_S8,2.6354815885000003e-06,3.6111852050000007e-06,4.7191328925000006e-05,2.7279812499999993e-05,0.5243814075000001,0.4755378892,4_S7,fusion
p080_20240115,80,4,85,5_S8,2.6597467600000003e-06,3.927718762075e-05,1.2119133692500001e-05,5.150232531454999e-06,0.003199524439325,0.99674126,5_S8,fusion
p080_20240119,80,4,88,5_S8,2.45543733375e-08,4.3036821012499996e-07,1.2039759225e-07,1.428704707125e-07,3.8213607225e-05,0.99996105,5_S8,fusion
p080_20240126,80,4,89,5_S8,4.266165338765e-06,0.004526064069892652,7.5946232750825e-05,2.1232890227559227e-05,0.0148715724758,0.9805009499999999,5_S8,fusion
p081_20231006,81,4,13,0_S1,0.9976857975,0.0018088467035,0.0003454655845,5.8060461985e-05,2.8836147975e-05,7.298027340000001e-05,0_S1,fusion
p081_20231011,81,4,13,0_S1,0.9997201225000001,0.00010441568599999999,0.0001533435045,6.029272149999999e-06,6.766212347500001e-06,9.267773164500001e-06,0_S1,fusion
p081_20231017,81,4,13,0_S1,0.9955925425,0.00202776671,0.00173450976,0.00034601909675000003,0.0002505188810825,4.8656864637499995e-05,0_S1,fusion
p081_20231019,81,4,13,0_S1,0.9812337375000001,0.00067808093575,0.01769032559,9.042468785000001e-05,0.0001023413657,0.000205099025735,0_S1,fusion
p081_20231023,81,4,14,0_S1,0.5160492175,0.15048779552500002,0.28260842750000004,0.047081968825,0.00278708557575,0.000985470115,0_S1,fusion
p081_20231027,81,4,53,2_S5,0.07496437295000001,0.0051739354035,0.9028170375,0.015957190410000002,0.00098305571675,0.00010437954864,2_S5,fusion
p081_20231101,81,4,54,2_S5,0.036965862795,0.005136929425000001,0.59972653,0.34386889000000004,0.011185399705,0.003116345641375,2_S5,fusion
p081_20231106,81,4,60,3_S6,0.00117420164691675,0.004111215089225,0.13816719352855,0.73720974,0.11837639176075,0.00096125125794,3_S6,fusion
p081_20231109,81,4,64,3_S6,3.4602216105e-05,0.0024055533118749997,0.004901511140375001,0.6738494875000001,0.31846160025000003,0.00034722779850000004,3_S6,fusion
p081_20231120,81,4,67,3_S6,0.001058691583875,0.004513257165,0.018724725195,0.345172147975,0.62738070825,0.003150521695,4_S7,fusion
p081_20231127,81,4,72,4_S7,4.9104936480000005e-06,0.00020851566184999998,8.5443466925e-05,0.06924264675,0.928944915,0.00151354532425,4_S7,fusion
p081_20231130,81,4,73,4_S7,1.6836415274999998e-05,0.00064263369005,0.0006294101075,0.013528681175,0.8184333049999999,0.1667491707125,4_S7,fusion
p081_20231204,81,4,75,4_S7,8.3753691725e-05,0.0038265221395000003,0.0028740319984999997,0.0706571472225,0.89121746,0.031341044165,4_S7,fusion
p081_20231211,81,4,77,4_S7,0.00014544882840875,0.012195718655675,0.00632519428775,0.00142540971349,0.8961267625,0.08378147825,4_S7,fusion
p081_20231214,81,4,78,4_S7,0.0011297273697555,7.462243717499999e-06,8.879413275e-05,0.00026327138000000003,0.9886022125,0.009908555975,4_S7,fusion
p081_20231218,81,4,79,4_S7,1.37034886e-06,1.683205493575e-05,1.2602620265000002e-05,2.3859555487500002e-05,0.9753315975,0.024613733925000002,4_S7,fusion
p081_20231227,81,4,79,4_S7,8.834736075e-07,2.6588950005e-06,1.572549003e-05,8.6835543875e-06,0.97547574,0.024496297700000003,4_S7,fusion
p081_20240115,81,4,83,5_S8,0.0001100363164675,0.00022184372487499997,5.0213525530000006e-05,1.8073730895249998e-05,0.006398699785,0.9932011575,5_S8,fusion
p081_20240119,81,4,85,5_S8,0.000124120029495,0.0004251150130125,0.000197981490375,0.00011690469123650001,0.0159381578075,0.9831977225,5_S8,fusion
p081_20240126,81,4,89,5_S8,1.52768767525e-07,2.255277393625e-06,1.7240939631249998e-06,2.095205761e-07,0.000298620382825,0.9996970000000001,5_S8,fusion
p084_20231128,84,4,66,3_S6,3.9281126203499994e-05,3.36671268825e-05,3.03936899e-05,0.714721083,0.28514719498450003,2.8401584785e-05,3_S6,fusion
p084_20231130,84,4,68,3_S6,1.8387659013e-05,0.00013164552771,0.0001363378364575,0.8946279175,0.104746743050825,0.00033893487049014003,3_S6,fusion
p084_20231204,84,4,69,3_S6,1.7371934372500003e-05,3.78540205e-05,3.4642416175e-05,0.72435328975,0.27530828095,0.00024861335972499996,3_S6,fusion
p084_20231207,84,4,70,4_S7,4.757222985000001e-06,2.36287805e-06,8.495690265e-05,0.003067215275,0.996481655,0.000359045824,4_S7,fusion
p084_20231211,84,4,71,4_S7,1.677196021e-05,1.63325129325e-05,3.2102221119999994e-05,0.06480997175,0.9340323725,0.0010924485899999998,4_S7,fusion
p084_20231218,84,4,73,4_S7,1.122871922585e-05,3.3268032235e-06,3.72796486276e-05,0.0023581220299,0.9914033725,0.0061866706225,4_S7,fusion
p084_20231227,84,4,75,4_S7,1.8610646631775e-05,4.21216913925e-05,0.000349995267805,0.0008150256986249999,0.9962976125,0.0024766467793749997,4_S7,fusion
p084_20240115,84,4,76,4_S7,1.1563506702475001e-05,8.456147595075e-05,0.00031229250863025,0.039291811082175,0.9363255375,0.02397422242,4_S7,fusion
p084_20240119,84,4,78,4_S7,6.658636232925e-07,0.000193107445107055,7.068474583139999e-05,0.0009126578769675001,0.99831754,0.0005053525825,4_S7,fusion
p084_20240126,84,4,80,5_S8,9.31981636e-06,0.004441084323999999,0.000111214088,4.390480652e-05,0.28462478750000003,0.7107696875,5_S8,fusion
p090_20231128,90,4,65,3_S6,8.29231444975e-05,3.9997511799999994e-05,0.00018374652875,0.7281029237500001,0.2714132109675,0.00017718715695,3_S6,fusion
p090_20231130,90,4,67,3_S6,4.517880936e-05,9.1925973335e-05,0.00017860730175750002,0.7853150624999999,0.2126050593305,0.0017641865917620001,3_S6,fusion
p090_20231204,90,4,65,3_S6,6.0276615725e-05,3.24979153e-05,3.5008241100000005e-05,0.6581538575,0.34138700540825,0.000331372896697,3_S6,fusion
p090_20231207,90,4,67,3_S6,2.778467585e-05,1.59318750075e-05,0.00014171349075,0.006559701649999999,0.99267298,0.000581856275,4_S7,fusion
p090_20231211,90,4,69,3_S6,6.6454877525e-06,4.172324575e-06,7.678451574999999e-06,0.25628147912099997,0.7431416986,0.0005583559525000001,4_S7,fusion
p090_20231218,90,4,71,4_S7,2.4575799095e-07,1.9552107306e-06,3.2184628575e-06,0.000124043411725,0.99473975,0.0051307773449999995,4_S7,fusion
p090_20231227,90,4,73,4_S7,0.002470819652841575,0.0010050610685025,0.00260218935907125,0.0049005253,0.98020575,0.008815711327,4_S7,fusion
p090_20240115,90,4,76,4_S7,3.2411087550000003e-06,8.758488345e-06,3.46809655e-05,0.0001654338657,0.991721115,0.00806677364,4_S7,fusion
p090_20240119,90,4,78,4_S7,4.2011946755e-06,0.00024202472857249996,4.172593e-05,0.06196963900915,0.923350485,0.014391934450500002,4_S7,fusion
p090_20240126,90,4,80,5_S8,8.0119554525e-07,9.926293725e-06,2.78541277125e-05,6.49037675e-06,0.615988485,0.38396644,4_S7,fusion
p092_20231128,92,4,68,3_S6,8.406358762500001e-05,0.000199645584,0.0005515087125,0.81321953,0.184988063615,0.00095720015559,3_S6,fusion
p092_20231130,92,4,69,3_S6,2.7122153067500002e-05,0.000190447821925,0.00031109714465999994,0.9270743275,0.07208939134825,0.00030761177305345,3_S6,fusion
p092_20231204,92,4,70,4_S7,5.9028988877500005e-05,0.0002016812927325,0.00075169168055,0.943545815,0.054609200375,0.000832588247522,3_S6,fusion
p092_20231207,92,4,71,4_S7,0.00013491873171249998,0.000377578320305,0.00054297403555,0.0101288352685,0.9447841825000001,0.0440315170765,4_S7,fusion
p092_20231211,92,4,72,4_S7,6.02358115e-06,1.721848885e-05,9.25594893e-05,0.015247716475,0.9818815825,0.00275491452,4_S7,fusion
p092_20231218,92,4,74,4_S7,2.4419650825e-06,3.24137191405e-05,0.0002832348069425,0.001510050864475,0.975234175,0.0229376762625,4_S7,fusion
p092_20231227,92,4,75,4_S7,2.0545337247000002e-06,5.184517679925001e-05,0.00030587434967825004,0.00015824441069999998,0.9944099225,0.00507205325,4_S7,fusion
p092_20240115,92,4,76,4_S7,1.9056873487499997e-05,0.000250413479205,0.00045507565995,0.011327572443725,0.9732268275,0.014721051075,4_S7,fusion
p092_20240119,92,4,78,4_S7,1.0906388568249998e-06,6.138765349375e-05,1.0569496837500001e-05,7.175876796e-05,0.9931295274999999,0.00672566002,4_S7,fusion
p092_20240126,92,4,83,5_S8,1.2771140855500002e-07,8.759809560375e-07,1.0900149199999999e-06,2.611932434375e-07,0.000770814491075,0.9992268499999999,5_S8,fusion
p100_20231128,100,4,66,3_S6,0.0001013926824,0.000128970340625,0.000582360682,0.7681326225,0.23039788830250002,0.00065676658334,3_S6,fusion
p100_20231130,100,4,68,3_S6,8.20428819e-06,0.000210716749635,0.0008897345158249999,0.9002363050000001,0.0985189618715,0.00013606651898400002,3_S6,fusion
p100_20231204,100,4,69,3_S6,3.3377489743e-05,0.000101523965375,0.0007574726527499999,0.7088037,0.28997942044999997,0.00032446544392499997,3_S6,fusion
p100_20231207,100,4,68,3_S6,7.09465651325e-06,0.00031664698845,0.00011022402287499998,0.0033322588675,0.985921905,0.010311847853000001,4_S7,fusion
p100_20231211,100,4,69,3_S6,0.000126139201935,0.0007409325332500001,0.00106407281425,0.179904155,0.8137017625,0.0044629394925,4_S7,fusion
p100_20231218,100,4,70,4_S7,3.56018405e-07,0.002234484672171,3.88363222e-05,0.0068988686152,0.9545225900000001,0.036304829575,4_S7,fusion
p100_20231227,100,4,72,4_S7,5.951961048375e-08,4.6603966410075e-06,6.861573569672501e-05,3.5475336325e-05,0.998866925,0.001024277731,4_S7,fusion
p100_20240115,100,4,75,4_S7,4.1279807000000003e-07,1.08251096575e-05,5.18228863875e-05,0.00022844720285,0.9886727325,0.011035755825,4_S7,fusion
p100_20240119,100,4,77,4_S7,1.6175509674999998e-06,1.9994142677499998e-05,3.7066875225e-05,0.000209090076125,0.9966740175,0.0030581732125,4_S7,fusion
p100_20240126,100,4,79,4_S7,3.4001375749625e-06,0.029568940310883148,7.8975102779e-05,6.7679041562e-05,0.7943973124999999,0.175883709,4_S7,fusion
