image_id,session,plant,fold,camera,bbch,cls,p_0_S1,p_1_S2,p_2_S5,p_3_S6,p_4_S7,p_5_S8,pred
c2_p005_20230816_o02,p005_20230816,5,0,2,65,3_S6,0.0016744673,0.020739874,0.067975156,0.52973497,0.37615663,0.003718947,3_S6
c2_p005_20230921_o07,p005_20230921,5,0,2,77,4_S7,0.005493829,0.0075501082,0.013125465,0.07374355,0.85210764,0.047979463,4_S7
c2_p005_20231005_o09,p005_20231005,5,0,2,79,4_S7,0.0011734132,0.0007719284,0.0016344818,0.00041755155,0.3133392,0.6826634,5_S8
c2_p006_20230816_o04,p006_20230816,6,0,2,65,3_S6,0.007125038,0.046730433,0.07612926,0.51710844,0.34617466,0.006732159,3_S6
c2_p006_20230921_o02,p006_20230921,6,0,2,78,4_S7,0.005472992,0.012174018,0.012735358,0.05124282,0.8859144,0.032460548,4_S7
c2_p006_20231005_o07,p006_20231005,6,0,2,79,4_S7,0.0003585883,0.0036323294,0.008632143,0.0003194778,0.037063334,0.94999415,5_S8
c2_p008_20230816_o06,p008_20230816,8,0,2,63,3_S6,0.0028242965,0.030286616,0.058827188,0.64102644,0.26292455,0.004110966,3_S6
c2_p008_20230921_o03,p008_20230921,8,0,2,73,4_S7,0.00289502,0.016466815,0.07495809,0.16278383,0.71753705,0.025359197,4_S7
c2_p008_20231005_o11,p008_20231005,8,0,2,76,4_S7,0.00089149334,0.0025735495,0.01600299,0.0010071277,0.088182405,0.8913425,5_S8
c2_p010_20230816_o07,p010_20230816,10,0,2,64,3_S6,0.00018721173,0.0030564014,0.007360383,0.8754011,0.113573276,0.00042166613,3_S6
c2_p010_20230921_o05,p010_20230921,10,0,2,72,4_S7,0.0008305312,0.0031363145,0.03051042,0.06587098,0.8886161,0.011035696,4_S7
c2_p010_20231005_o03,p010_20231005,10,0,2,85,5_S8,3.868906e-06,1.9579915e-05,9.314519e-05,8.253077e-06,0.00843752,0.9914376,5_S8
c2_p016_20230816_o05,p016_20230816,16,0,2,70,4_S7,0.0010480074,0.016034642,0.01853547,0.52734625,0.43409133,0.0029442154,3_S6
c2_p016_20230921_o12,p016_20230921,16,0,2,75,4_S7,0.0073535084,0.0050585293,0.025039105,0.0921607,0.56292576,0.3074624,4_S7
c2_p016_20231005_o09,p016_20231005,16,0,2,77,4_S7,0.00012391897,0.0016889166,0.0034212698,0.00086661865,0.27019703,0.7237022,5_S8
c2_p017_20230816_o06,p017_20230816,17,0,2,71,4_S7,2.996003e-07,3.8253776e-05,0.00019809749,0.7722953,0.22743659,3.147252e-05,3_S6
c2_p017_20230921_o10,p017_20230921,17,0,2,74,4_S7,0.00037030142,0.0063632606,0.009808981,0.02462372,0.91936266,0.03947103,4_S7
c2_p017_20231005_o06,p017_20231005,17,0,2,72,4_S7,1.4472835e-06,2.0463012e-05,6.383635e-05,1.4975413e-05,0.0019822824,0.997917,5_S8
c2_p025_20230828_o11,p025_20230828,25,0,2,16,0_S1,0.903792,0.02274463,0.05881101,0.011625106,0.0017472958,0.0012799562,0_S1
c2_p025_20230904_o03,p025_20230904,25,0,2,22,1_S2,0.03343255,0.051366232,0.43141735,0.44958168,0.031745553,0.0024566418,3_S6
c2_p025_20230908_o12,p025_20230908,25,0,2,61,3_S6,0.0006711045,0.0068154195,0.03786942,0.9098452,0.04434024,0.000458627,3_S6
c2_p025_20230921_o07,p025_20230921,25,0,2,70,4_S7,0.00021802673,0.010606341,0.030597705,0.38842273,0.56861764,0.0015375218,4_S7
c2_p025_20231006_o12,p025_20231006,25,0,2,72,4_S7,1.1867803e-06,0.00028921902,0.0002285599,0.0016539709,0.99599934,0.0018277182,4_S7
c2_p025_20231017_o04,p025_20231017,25,0,2,75,4_S7,9.697705e-09,3.4251002e-06,1.2496003e-05,0.0002461736,0.99914336,0.0005945462,4_S7
c2_p025_20231023_o02,p025_20231023,25,0,2,76,4_S7,5.904392e-08,0.000121138655,2.9090415e-05,0.0006486107,0.9983467,0.00085450424,4_S7
c2_p025_20231027_o12,p025_20231027,25,0,2,77,4_S7,1.3646155e-06,0.0005930665,0.00026706897,0.0002767383,0.9565737,0.04228807,4_S7
c2_p025_20231101_o07,p025_20231101,25,0,2,78,4_S7,5.3396925e-05,0.019478172,0.007935008,0.032341905,0.9232051,0.016986405,4_S7
c2_p025_20231106_o01,p025_20231106,25,0,2,79,4_S7,1.8476908e-06,0.0010906254,0.00025782658,0.00064150797,0.9601312,0.037876885,4_S7
c2_p025_20231109_o12,p025_20231109,25,0,2,79,4_S7,1.261493e-05,0.0034266436,0.0017120494,0.00047410929,0.7890651,0.20530951,4_S7
c2_p025_20231120_o02,p025_20231120,25,0,2,81,5_S8,6.170949e-07,3.7916256e-05,0.0001405743,2.0668879e-06,0.00018940275,0.9996295,5_S8
c2_p025_20231124_o04,p025_20231124,25,0,2,81,5_S8,7.885224e-06,0.00023625256,0.002648837,2.5028829e-05,0.0046410323,0.99244094,5_S8
c2_p025_20231127_o09,p025_20231127,25,0,2,81,5_S8,9.6010435e-06,0.0001322787,0.00092264777,1.1733707e-05,0.0008218738,0.9981018,5_S8
c2_p025_20231130_o12,p025_20231130,25,0,2,81,5_S8,0.00011741011,0.0011332235,0.0071499026,0.0001479147,0.00086020696,0.99059135,5_S8
c2_p030_20230828_o03,p030_20230828,30,0,2,15,0_S1,0.7086069,0.09115711,0.1624784,0.029829636,0.0040995744,0.003828419,0_S1
c2_p030_20230904_o12,p030_20230904,30,0,2,53,2_S5,0.23439959,0.1385591,0.46656027,0.13518764,0.020986794,0.004306508,2_S5
c2_p030_20230908_o03,p030_20230908,30,0,2,62,3_S6,0.00030637693,0.0041273,0.017843401,0.7558654,0.22045176,0.0014057974,3_S6
c2_p030_20230921_o03,p030_20230921,30,0,2,70,4_S7,1.4659722e-05,0.00016369559,0.00045591037,0.025147391,0.97254294,0.0016754763,4_S7
c2_p030_20231006_o12,p030_20231006,30,0,2,73,4_S7,3.990906e-09,1.3316556e-07,7.025961e-07,7.795662e-05,0.99963486,0.0002862725,4_S7
c2_p030_20231017_o02,p030_20231017,30,0,2,75,4_S7,4.55711e-08,3.7827467e-06,2.2378577e-05,0.00051673036,0.9986958,0.00076134666,4_S7
c2_p030_20231023_o04,p030_20231023,30,0,2,76,4_S7,1.5624253e-05,0.0071850936,0.0021430936,0.006112067,0.9827727,0.0017714546,4_S7
c2_p030_20231027_o04,p030_20231027,30,0,2,77,4_S7,1.162556e-05,0.0023739869,0.0009081175,0.0044715246,0.9910115,0.0012232708,4_S7
c2_p030_20231101_o01,p030_20231101,30,0,2,78,4_S7,4.8094604e-09,2.1329454e-06,3.9234083e-06,1.2995777e-06,0.99293023,0.007062432,4_S7
c2_p030_20231106_o08,p030_20231106,30,0,2,79,4_S7,3.8591165e-07,8.188962e-05,0.00011906248,0.0002044085,0.9402572,0.059337165,4_S7
c2_p030_20231109_o04,p030_20231109,30,0,2,79,4_S7,3.198913e-06,0.0005683313,0.00028924312,0.00019507683,0.973683,0.025261085,4_S7
c2_p030_20231120_o03,p030_20231120,30,0,2,81,5_S8,0.00022676696,0.006680025,0.010082166,0.0034102274,0.55392164,0.4256792,4_S7
c2_p030_20231124_o10,p030_20231124,30,0,2,82,5_S8,0.00053640455,0.018725114,0.04909111,0.00017183436,0.016419388,0.91505617,5_S8
c2_p030_20231127_o02,p030_20231127,30,0,2,85,5_S8,1.0317966e-07,5.1895177e-07,3.9412815e-05,5.3450652e-08,1.7513448e-05,0.99994254,5_S8
c2_p030_20231130_o06,p030_20231130,30,0,2,87,5_S8,2.4184807e-05,6.069203e-05,0.00053316617,4.780319e-05,0.00060124433,0.99873286,5_S8
c2_p035_20230828_o11,p035_20230828,35,0,2,14,0_S1,0.8470188,0.034662977,0.08803341,0.025118807,0.0033098662,0.0018561285,0_S1
c2_p035_20230904_o01,p035_20230904,35,0,2,16,0_S1,0.089420944,0.05437779,0.17218745,0.5455057,0.13299142,0.005516673,3_S6
c2_p035_20230908_o08,p035_20230908,35,0,2,52,2_S5,0.006486475,0.0020040253,0.015974572,0.83777523,0.13702571,0.00073405175,3_S6
c2_p035_20230921_o06,p035_20230921,35,0,2,52,2_S5,0.05294066,0.09254847,0.215702,0.31232455,0.30790144,0.01858288,3_S6
c2_p035_20231006_o07,p035_20231006,35,0,2,52,2_S5,0.00015725284,0.003337371,0.00270885,0.0035284571,0.9856721,0.004595978,4_S7
c2_p035_20231017_o05,p035_20231017,35,0,2,52,2_S5,0.000688019,0.012835324,0.031836312,0.23068944,0.7200843,0.0038665968,4_S7
c2_p035_20231023_o05,p035_20231023,35,0,2,52,2_S5,0.00018528721,0.0102312835,0.022303589,0.108853735,0.85473347,0.0036927108,4_S7
c2_p035_20231027_o02,p035_20231027,35,0,2,52,2_S5,0.0006822008,0.393187,0.02494891,0.009631187,0.5243384,0.04721239,4_S7
c2_p035_20231101_o11,p035_20231101,35,0,2,52,2_S5,2.9995677e-05,0.00643427,0.002757257,0.018346127,0.96504587,0.0073864944,4_S7
c2_p035_20231106_o08,p035_20231106,35,0,2,52,2_S5,1.4062848e-06,0.00038876047,0.000456321,0.0015361734,0.99725586,0.00036150895,4_S7
c2_p035_20231109_o09,p035_20231109,35,0,2,52,2_S5,0.00062898244,0.11171257,0.017076574,0.0131338155,0.82979816,0.02764985,4_S7
c2_p035_20231120_o07,p035_20231120,35,0,2,52,2_S5,0.0003319265,0.10954775,0.013896696,0.030403214,0.83674437,0.009076046,4_S7
c2_p035_20231124_o01,p035_20231124,35,0,2,52,2_S5,0.0001800567,0.01832164,0.012030638,0.0132987,0.93032485,0.02584397,4_S7
c2_p035_20231127_o10,p035_20231127,35,0,2,52,2_S5,0.005631491,0.06825489,0.090562746,0.014328282,0.4912689,0.32995373,4_S7
c2_p035_20231130_o06,p035_20231130,35,0,2,52,2_S5,0.000514611,0.12838992,0.030831635,0.0096589,0.79708815,0.033516824,4_S7
c2_p036_20230828_o07,p036_20230828,36,0,2,51,2_S5,0.8174964,0.044502214,0.112590194,0.022080114,0.002002769,0.0013282676,0_S1
c2_p036_20230904_o04,p036_20230904,36,0,2,60,3_S6,0.19564582,0.1502744,0.36677435,0.22921492,0.050565396,0.007525137,2_S5
c2_p036_20230908_o01,p036_20230908,36,0,2,63,3_S6,0.00010545083,0.004651076,0.01614777,0.8084965,0.1693838,0.0012153839,3_S6
c2_p036_20230921_o03,p036_20230921,36,0,2,70,4_S7,1.7636254e-05,0.0020595212,0.0016486275,0.041229967,0.9504457,0.004598513,4_S7
c2_p036_20231006_o01,p036_20231006,36,0,2,72,4_S7,0.00037479523,0.021266581,0.02068167,0.07216274,0.8683859,0.017128268,4_S7
c2_p036_20231017_o03,p036_20231017,36,0,2,73,4_S7,1.1569002e-05,0.0010687489,0.0009898561,0.006961993,0.988303,0.0026648003,4_S7
c2_p036_20231023_o02,p036_20231023,36,0,2,74,4_S7,0.00017412074,0.04239291,0.015858706,0.026458394,0.90295875,0.0121570015,4_S7
c2_p036_20231027_o05,p036_20231027,36,0,2,75,4_S7,1.9552495e-05,0.0015138285,0.0019677575,0.0018231937,0.93374187,0.060933728,4_S7
c2_p036_20231101_o09,p036_20231101,36,0,2,76,4_S7,0.0005350706,0.12860236,0.014253732,0.020387182,0.807293,0.028928708,4_S7
c2_p036_20231106_o06,p036_20231106,36,0,2,77,4_S7,0.0005821255,0.15943821,0.04310786,0.055814423,0.7072256,0.033831738,4_S7
c2_p036_20231109_o04,p036_20231109,36,0,2,78,4_S7,0.0034380471,0.16606246,0.096670575,0.028268985,0.5627672,0.14279266,4_S7
c2_p036_20231120_o10,p036_20231120,36,0,2,81,5_S8,0.00074029056,0.013886572,0.04492892,0.0011556091,0.047524583,0.891764,5_S8
c2_p036_20231124_o08,p036_20231124,36,0,2,82,5_S8,0.0005774547,0.028196827,0.03647019,0.0014538532,0.0076692468,0.92563236,5_S8
c2_p036_20231127_o04,p036_20231127,36,0,2,83,5_S8,1.0924897e-05,0.0002856147,0.0017499577,0.00016574531,0.00075028784,0.9970374,5_S8
c2_p036_20231130_o05,p036_20231130,36,0,2,84,5_S8,1.6726082e-05,0.00012622721,0.0013421769,0.00013379825,0.001705274,0.99667585,5_S8
c2_p054_20230929_o02,p054_20230929,54,0,2,13,0_S1,0.9999155,2.875777e-05,1.4675064e-05,1.5925561e-05,1.1604493e-05,1.355191e-05,0_S1
c2_p054_20231004_o11,p054_20231004,54,0,2,13,0_S1,0.9994492,0.00017891344,0.000114728566,8.0928585e-05,9.817345e-05,7.809779e-05,0_S1
c2_p054_20231011_o12,p054_20231011,54,0,2,14,0_S1,0.98950374,0.0020995664,0.004515886,0.0031090819,0.0005179291,0.00025379483,0_S1
c2_p054_20231017_o04,p054_20231017,54,0,2,53,2_S5,0.055724252,0.057851955,0.3633554,0.3595203,0.15427257,0.00927553,2_S5
c2_p054_20231019_o06,p054_20231019,54,0,2,53,2_S5,0.02352805,0.055373415,0.6595016,0.21730885,0.042123124,0.0021649213,2_S5
c2_p054_20231023_o06,p054_20231023,54,0,2,60,3_S6,0.014698625,0.05761459,0.7081919,0.1713311,0.042453073,0.0057107788,2_S5
c2_p054_20231027_o07,p054_20231027,54,0,2,65,3_S6,0.0069124703,0.039522626,0.4645562,0.47283435,0.015093492,0.0010808395,3_S6
c2_p054_20231101_o11,p054_20231101,54,0,2,65,3_S6,0.00056260196,0.060558412,0.26807252,0.63935554,0.030986115,0.00046484277,3_S6
c2_p054_20231106_o02,p054_20231106,54,0,2,68,3_S6,0.0004454748,0.011184789,0.040675066,0.55753094,0.38896975,0.0011940025,3_S6
c2_p054_20231109_o05,p054_20231109,54,0,2,70,4_S7,0.0012236102,0.008645693,0.045032315,0.47237793,0.4698918,0.0028286914,3_S6
c2_p054_20231120_o02,p054_20231120,54,0,2,71,4_S7,0.000121260986,0.0004345104,0.0022673362,0.03513412,0.96019804,0.0018447795,4_S7
c2_p054_20231127_o02,p054_20231127,54,0,2,73,4_S7,2.3136604e-06,8.010757e-05,0.00022795291,0.007708198,0.99107844,0.00090296863,4_S7
c2_p054_20231130_o04,p054_20231130,54,0,2,75,4_S7,1.3658646e-05,0.00040524825,0.0014554154,0.0039472748,0.981105,0.013073324,4_S7
c2_p054_20231204_o04,p054_20231204,54,0,2,78,4_S7,5.150411e-05,0.00044208407,0.0020778745,0.029795973,0.96580994,0.0018225642,4_S7
c2_p054_20231211_o04,p054_20231211,54,0,2,79,4_S7,5.9746817e-06,0.0011129186,0.0005620788,0.024457872,0.973736,0.00012527568,4_S7
c2_p054_20231214_o11,p054_20231214,54,0,2,79,4_S7,5.0027984e-07,1.0986315e-05,3.6390647e-05,0.00015323622,0.98607254,0.013726252,4_S7
c2_p054_20231218_o07,p054_20231218,54,0,2,79,4_S7,3.1180556e-07,1.0967813e-06,1.31058705e-05,6.638398e-05,0.9987576,0.0011614403,4_S7
c2_p054_20231227_o03,p054_20231227,54,0,2,79,4_S7,4.349708e-05,0.00015142163,0.00070351624,6.796619e-05,0.95464385,0.044389807,4_S7
c2_p054_20240104_o08,p054_20240104,54,0,2,82,5_S8,0.00016734672,0.00030057156,0.0015955961,0.0004930189,0.9247963,0.07264724,4_S7
c2_p057_20230929_o10,p057_20230929,57,0,2,13,0_S1,0.99988294,4.2276093e-05,1.8133005e-05,2.525719e-05,1.5972375e-05,1.5483054e-05,0_S1
c2_p057_20231004_o08,p057_20231004,57,0,2,13,0_S1,0.9974139,0.00090038736,0.000980528,0.00045120937,0.00012477415,0.00012922914,0_S1
c2_p057_20231011_o05,p057_20231011,57,0,2,21,1_S2,0.82242906,0.029546194,0.11809708,0.025782326,0.0025245158,0.0016207257,0_S1
c2_p057_20231017_o10,p057_20231017,57,0,2,60,3_S6,0.16331625,0.0978304,0.527973,0.18131916,0.025512023,0.0040491726,2_S5
c2_p057_20231019_o01,p057_20231019,57,0,2,61,3_S6,0.0150084235,0.09768513,0.42177272,0.45406958,0.01045199,0.0010121483,3_S6
c2_p057_20231023_o09,p057_20231023,57,0,2,64,3_S6,0.00077711575,0.0845147,0.24130705,0.6203586,0.05275852,0.0002839595,3_S6
c2_p057_20231027_o05,p057_20231027,57,0,2,65,3_S6,0.0002005739,0.04980142,0.02712933,0.60674715,0.31530663,0.00081496756,3_S6
c2_p057_20231101_o02,p057_20231101,57,0,2,67,3_S6,1.6394118e-06,0.0007721015,0.0042830007,0.38821003,0.606667,6.615938e-05,4_S7
c2_p057_20231106_o11,p057_20231106,57,0,2,70,4_S7,1.1443849e-06,0.0011115123,0.0038983035,0.9160966,0.078823365,6.8972106e-05,3_S6
c2_p057_20231109_o10,p057_20231109,57,0,2,71,4_S7,1.2339574e-06,0.00024739723,0.00038969924,0.0070498455,0.96907747,0.023234377,4_S7
c2_p057_20231120_o05,p057_20231120,57,0,2,73,4_S7,1.8024463e-06,3.5643523e-05,0.00016571392,0.0035607275,0.9938338,0.002402391,4_S7
c2_p057_20231127_o04,p057_20231127,57,0,2,75,4_S7,2.7943076e-06,7.3000454e-05,0.0007062638,0.00064158026,0.974462,0.024114404,4_S7
c2_p057_20231130_o12,p057_20231130,57,0,2,77,4_S7,1.0747658e-06,0.00064834167,0.0005832808,0.00033427568,0.78874665,0.20968646,4_S7
c2_p057_20231204_o04,p057_20231204,57,0,2,78,4_S7,6.209702e-06,0.00010391783,0.00051088823,0.0012753905,0.99329376,0.0048098625,4_S7
c2_p057_20231211_o11,p057_20231211,57,0,2,79,4_S7,9.746836e-07,0.00059323676,0.0007556796,8.826646e-05,0.93212855,0.06643325,4_S7
c2_p057_20231214_o03,p057_20231214,57,0,2,79,4_S7,1.9374271e-07,4.8948215e-07,3.3141266e-06,4.430778e-05,0.97537804,0.02457352,4_S7
c2_p057_20231218_o08,p057_20231218,57,0,2,79,4_S7,3.1966857e-07,7.6514795e-07,6.691122e-06,4.6338323e-06,0.94201034,0.057977125,4_S7
c2_p057_20231227_o02,p057_20231227,57,0,2,80,5_S8,6.948767e-07,9.129306e-05,0.00033006517,1.3927873e-06,0.050765842,0.9488108,5_S8
c2_p057_20240104_o06,p057_20240104,57,0,2,83,5_S8,7.4215984e-09,7.217947e-08,2.2785675e-06,7.160981e-09,0.00011898926,0.99987864,5_S8
c2_p066_20231006_o04,p066_20231006,66,0,2,13,0_S1,0.9999863,4.0816653e-06,1.4450949e-06,1.6351647e-06,1.9737342e-06,4.5424617e-06,0_S1
c2_p066_20231011_o07,p066_20231011,66,0,2,13,0_S1,0.9999659,9.396349e-06,7.4162995e-06,6.6414013e-06,3.6751671e-06,6.9356256e-06,0_S1
c2_p066_20231017_o07,p066_20231017,66,0,2,13,0_S1,0.99939644,0.00017945425,0.00022553254,0.000112485555,4.4390257e-05,4.164868e-05,0_S1
c2_p066_20231019_o05,p066_20231019,66,0,2,13,0_S1,0.98353654,0.0036796068,0.009523822,0.0020772559,0.0007753944,0.00040738276,0_S1
c2_p066_20231023_o07,p066_20231023,66,0,2,13,0_S1,0.99851936,0.00023449332,0.00039719944,0.00066139863,0.0001382834,4.926604e-05,0_S1
c2_p066_20231027_o12,p066_20231027,66,0,2,14,0_S1,0.40720624,0.05297054,0.47757262,0.053198658,0.006907504,0.0021444538,2_S5
c2_p066_20231101_o05,p066_20231101,66,0,2,53,2_S5,0.014929805,0.035739634,0.81367767,0.12777779,0.0072121327,0.00066304114,2_S5
c2_p066_20231106_o03,p066_20231106,66,0,2,60,3_S6,6.187918e-05,0.011368768,0.090013064,0.89515555,0.0033788243,2.1926251e-05,3_S6
c2_p066_20231109_o11,p066_20231109,66,0,2,65,3_S6,7.1065806e-06,0.0029101667,0.010716279,0.90874493,0.07753068,9.086218e-05,3_S6
c2_p066_20231120_o02,p066_20231120,66,0,2,67,3_S6,4.7276617e-07,4.2289666e-05,0.00025868628,0.07181405,0.92778254,0.00010194634,4_S7
c2_p066_20231127_o08,p066_20231127,66,0,2,70,4_S7,9.581661e-06,0.00057077815,0.0018437282,0.019815959,0.9760627,0.0016972404,4_S7
c2_p066_20231130_o08,p066_20231130,66,0,2,71,4_S7,2.0494224e-06,0.0023663254,0.0008245345,0.18834245,0.8082964,0.00016833316,4_S7
c2_p066_20231204_o07,p066_20231204,66,0,2,73,4_S7,6.4739374e-06,0.00026190246,0.000748298,0.029893527,0.9687723,0.0003174277,4_S7
c2_p066_20231211_o01,p066_20231211,66,0,2,75,4_S7,7.2251777e-07,5.6697012e-05,0.00023704955,0.010454386,0.9889088,0.0003423483,4_S7
c2_p066_20231214_o01,p066_20231214,66,0,2,78,4_S7,2.799983e-06,1.0573195e-05,0.00011070922,0.0009305756,0.99326223,0.005683097,4_S7
c2_p066_20231218_o11,p066_20231218,66,0,2,79,4_S7,2.7910544e-06,0.00023161969,0.00066474074,0.027333628,0.9697325,0.0020347324,4_S7
c2_p066_20231227_o10,p066_20231227,66,0,2,80,5_S8,8.6348507e-07,1.5947344e-05,0.00013444433,0.0015161255,0.9939156,0.004417023,4_S7
c2_p066_20240115_o04,p066_20240115,66,0,2,82,5_S8,2.1365572e-06,3.4120818e-05,0.00026020024,4.420093e-06,8.560199e-05,0.9996136,5_S8
c2_p066_20240119_o05,p066_20240119,66,0,2,82,5_S8,1.3084761e-07,9.626403e-07,2.5230296e-05,1.5777667e-07,2.4824572e-05,0.99994874,5_S8
c2_p066_20240126_o07,p066_20240126,66,0,2,84,5_S8,1.6553647e-08,3.1674723e-08,7.935342e-07,3.9161208e-08,0.0001622233,0.9998369,5_S8
c2_p069_20231006_o11,p069_20231006,69,0,2,13,0_S1,0.99998367,5.2599507e-06,1.9173801e-06,2.0876794e-06,2.4451128e-06,4.6062323e-06,0_S1
c2_p069_20231011_o06,p069_20231011,69,0,2,13,0_S1,0.99993217,1.9211058e-05,1.49904645e-05,1.5136157e-05,8.530458e-06,9.830022e-06,0_S1
c2_p069_20231017_o08,p069_20231017,69,0,2,13,0_S1,0.99845445,0.00046732152,0.00057808927,0.00031508305,9.955448e-05,8.5545464e-05,0_S1
c2_p069_20231019_o12,p069_20231019,69,0,2,14,0_S1,0.95760036,0.007376806,0.02408353,0.007684715,0.0023599216,0.00089472893,0_S1
c2_p069_20231023_o09,p069_20231023,69,0,2,14,0_S1,0.9887959,0.0025979127,0.0051952032,0.0024628076,0.0005399968,0.00040828477,0_S1
c2_p069_20231027_o12,p069_20231027,69,0,2,15,0_S1,0.028071977,0.0436031,0.8223956,0.09975018,0.0053086556,0.0008705207,2_S5
c2_p069_20231101_o08,p069_20231101,69,0,2,53,2_S5,0.007638713,0.0143173775,0.7596984,0.20078255,0.016958956,0.00060394756,2_S5
c2_p069_20231106_o12,p069_20231106,69,0,2,61,3_S6,2.6636158e-06,0.0024110998,0.0045183855,0.9877823,0.005279201,6.353206e-06,3_S6
c2_p069_20231109_o11,p069_20231109,69,0,2,66,3_S6,0.0002768684,0.08710843,0.042509787,0.71457833,0.15345177,0.002074722,3_S6
c2_p069_20231120_o06,p069_20231120,69,0,2,70,4_S7,7.436672e-05,0.0019893756,0.014317947,0.19050667,0.7821607,0.010950885,4_S7
c2_p069_20231127_o09,p069_20231127,69,0,2,72,4_S7,1.625137e-06,8.354256e-05,0.00034295314,0.009290935,0.98879224,0.0014885943,4_S7
c2_p069_20231130_o07,p069_20231130,69,0,2,73,4_S7,3.9994244e-05,0.0013206047,0.0041623586,0.017448006,0.96490663,0.012122342,4_S7
c2_p069_20231204_o04,p069_20231204,69,0,2,74,4_S7,0.0003468724,0.0016602918,0.009413023,0.069839254,0.9118056,0.0069349073,4_S7
c2_p069_20231211_o05,p069_20231211,69,0,2,76,4_S7,7.892987e-06,7.201407e-05,0.00038137537,0.011780677,0.9861367,0.0016214049,4_S7
c2_p069_20231214_o05,p069_20231214,69,0,2,77,4_S7,0.0015374074,0.00037441385,0.0021462033,0.0062716072,0.98038185,0.009288501,4_S7
c2_p069_20231218_o05,p069_20231218,69,0,2,78,4_S7,0.00142612,0.00086753594,0.014486474,0.0074902466,0.9459295,0.029800093,4_S7
c2_p069_20231227_o06,p069_20231227,69,0,2,79,4_S7,1.7879147e-06,2.085933e-06,5.5053824e-05,2.5499273e-06,0.8005367,0.19940174,4_S7
c2_p069_20240115_o04,p069_20240115,69,0,2,82,5_S8,0.0007534221,0.00046241272,0.010516559,0.00024598237,0.16598785,0.82203376,5_S8
c2_p069_20240119_o06,p069_20240119,69,0,2,82,5_S8,7.984362e-07,2.5499895e-07,9.371114e-06,2.180003e-07,7.943127e-06,0.9999814,5_S8
c2_p069_20240126_o09,p069_20240126,69,0,2,84,5_S8,3.8984676e-06,5.0289e-06,7.82228e-05,7.204198e-06,0.00043928297,0.9994665,5_S8
c2_p070_20231006_o08,p070_20231006,70,0,2,13,0_S1,0.99998534,4.5387815e-06,1.7626102e-06,2.161093e-06,1.9745476e-06,4.1469466e-06,0_S1
c2_p070_20231011_o08,p070_20231011,70,0,2,13,0_S1,0.99996567,9.452746e-06,6.6528232e-06,8.209508e-06,4.446455e-06,5.5743553e-06,0_S1
c2_p070_20231017_o03,p070_20231017,70,0,2,13,0_S1,0.9993204,0.0002012752,0.00025327003,0.000139085,4.04838e-05,4.546662e-05,0_S1
c2_p070_20231019_o02,p070_20231019,70,0,2,14,0_S1,0.9038254,0.015528589,0.057747275,0.013351923,0.007040711,0.002506106,0_S1
c2_p070_20231023_o03,p070_20231023,70,0,2,14,0_S1,0.9505241,0.008647962,0.027891427,0.010697747,0.0014532937,0.0007853709,0_S1
c2_p070_20231027_o01,p070_20231027,70,0,2,21,1_S2,0.020004347,0.06881697,0.75319606,0.14916085,0.0074494192,0.0013723947,2_S5
c2_p070_20231101_o12,p070_20231101,70,0,2,60,3_S6,0.0005345456,0.0093426835,0.38316712,0.60135925,0.0054241903,0.00017217378,3_S6
c2_p070_20231106_o08,p070_20231106,70,0,2,62,3_S6,2.4483023e-05,0.007817577,0.018466262,0.96163934,0.012012986,3.9347928e-05,3_S6
c2_p070_20231109_o07,p070_20231109,70,0,2,65,3_S6,4.5207704e-05,0.010879089,0.030955723,0.94252235,0.015541662,5.5960518e-05,3_S6
c2_p070_20231120_o03,p070_20231120,70,0,2,70,4_S7,1.6832179e-05,0.00050277327,0.0046063624,0.057701398,0.93276757,0.004405105,4_S7
c2_p070_20231127_o07,p070_20231127,70,0,2,71,4_S7,5.5280914e-05,0.002446798,0.004467473,0.052478418,0.93758243,0.0029695188,4_S7
c2_p070_20231130_o09,p070_20231130,70,0,2,73,4_S7,4.579098e-06,0.00061126397,0.0012719258,0.010733927,0.9817032,0.005674993,4_S7
c2_p070_20231204_o04,p070_20231204,70,0,2,75,4_S7,5.3505614e-06,7.364642e-05,0.0003249244,0.0037993467,0.99285346,0.0029433114,4_S7
c2_p070_20231211_o04,p070_20231211,70,0,2,76,4_S7,2.3862526e-07,0.00015901185,8.599055e-05,0.00055425905,0.9978048,0.001395648,4_S7
c2_p070_20231214_o02,p070_20231214,70,0,2,77,4_S7,5.531443e-05,8.4816464e-05,0.0013904952,0.00015785109,0.8230626,0.17524892,4_S7
c2_p070_20231218_o04,p070_20231218,70,0,2,78,4_S7,1.1120981e-06,7.5817545e-05,0.00018003634,0.00015525047,0.96402,0.035567705,4_S7
c2_p070_20231227_o05,p070_20231227,70,0,2,79,4_S7,4.3672662e-07,3.5735072e-06,6.2470746e-05,1.1256005e-05,0.854001,0.14592132,4_S7
c2_p070_20240115_o04,p070_20240115,70,0,2,83,5_S8,5.718082e-07,4.0229126e-05,0.00019063056,2.0527507e-06,0.00045400683,0.9993125,5_S8
c2_p070_20240119_o04,p070_20240119,70,0,2,84,5_S8,9.2591286e-08,6.095106e-07,2.8444014e-05,3.766599e-07,0.00029916622,0.99967134,5_S8
c2_p070_20240126_o01,p070_20240126,70,0,2,88,5_S8,2.5001289e-06,2.1999624e-06,2.0209884e-05,5.178888e-07,0.00046689503,0.9995078,5_S8
c2_p075_20231006_o05,p075_20231006,75,0,2,13,0_S1,0.99998355,5.597511e-06,2.3134899e-06,1.8580745e-06,1.9755873e-06,4.682099e-06,0_S1
c2_p075_20231011_o01,p075_20231011,75,0,2,13,0_S1,0.99990773,1.1292696e-05,1.1404007e-05,1.8840476e-05,1.5959662e-05,3.4693247e-05,0_S1
c2_p075_20231017_o05,p075_20231017,75,0,2,13,0_S1,0.99913555,0.00021139496,0.00026882763,0.0002165759,9.248364e-05,7.52882e-05,0_S1
c2_p075_20231019_o07,p075_20231019,75,0,2,14,0_S1,0.96280015,0.0062003424,0.02161409,0.0061547784,0.0022522402,0.0009783832,0_S1
c2_p075_20231023_o02,p075_20231023,75,0,2,14,0_S1,0.97747874,0.0026618103,0.007871074,0.0077131335,0.0033506926,0.0009245319,0_S1
c2_p075_20231027_o04,p075_20231027,75,0,2,53,2_S5,0.045464665,0.03819752,0.78558403,0.12347275,0.0060606194,0.0012204301,2_S5
c2_p075_20231101_o01,p075_20231101,75,0,2,53,2_S5,0.0010645756,0.03375289,0.464719,0.49250695,0.007668831,0.00028771747,3_S6
c2_p075_20231106_o12,p075_20231106,75,0,2,54,2_S5,3.0255753e-06,0.0019129011,0.0037751824,0.9933124,0.0009958382,5.98148e-07,3_S6
c2_p075_20231109_o04,p075_20231109,75,0,2,60,3_S6,3.3077966e-05,0.0060007405,0.007692905,0.902558,0.08346407,0.00025120907,3_S6
c2_p075_20231120_o06,p075_20231120,75,0,2,68,3_S6,3.9150827e-06,0.00021364664,0.00072201394,0.007418937,0.9793012,0.012340234,4_S7
c2_p075_20231127_o12,p075_20231127,75,0,2,73,4_S7,2.865673e-06,0.00032789964,0.000694006,0.0039134733,0.98924863,0.0058130887,4_S7
c2_p075_20231130_o09,p075_20231130,75,0,2,74,4_S7,2.0271946e-05,0.0005981936,0.0036067504,0.11564289,0.87197256,0.008159322,4_S7
c2_p075_20231204_o11,p075_20231204,75,0,2,75,4_S7,3.2656992e-06,6.602291e-05,0.00024817587,0.030613272,0.96881604,0.00025324622,4_S7
c2_p075_20231211_o03,p075_20231211,75,0,2,76,4_S7,4.5255055e-07,1.1212668e-05,0.0001026555,0.013436642,0.9861406,0.00030840782,4_S7
c2_p075_20231214_o09,p075_20231214,75,0,2,77,4_S7,3.3364897e-05,1.5522854e-05,0.00018730394,0.0002894043,0.9591581,0.04031626,4_S7
c2_p075_20231218_o05,p075_20231218,75,0,2,78,4_S7,2.3577148e-05,0.00012989524,0.0015733936,0.0028617783,0.9842427,0.011168684,4_S7
c2_p075_20231227_o06,p075_20231227,75,0,2,80,5_S8,0.0001968103,0.0007057619,0.008721091,0.0004331822,0.40212357,0.5878196,5_S8
c2_p075_20240115_o08,p075_20240115,75,0,2,83,5_S8,1.346306e-05,1.11736335e-05,0.0001571604,4.1172584e-06,0.076909855,0.92290425,5_S8
c2_p075_20240119_o11,p075_20240119,75,0,2,85,5_S8,1.2903412e-07,7.3897183e-07,9.621668e-06,3.2740306e-07,7.902844e-05,0.9999101,5_S8
c2_p075_20240126_o03,p075_20240126,75,0,2,87,5_S8,2.6446337e-08,7.696489e-08,6.608544e-06,4.6314224e-08,6.0266234e-06,0.99998724,5_S8
c2_p079_20231006_o12,p079_20231006,79,0,2,13,0_S1,0.9999833,5.226885e-06,2.430899e-06,2.0877842e-06,2.0515033e-06,4.9950595e-06,0_S1
c2_p079_20231011_o01,p079_20231011,79,0,2,13,0_S1,0.9998542,2.7409043e-05,2.6735228e-05,2.695165e-05,2.1023501e-05,4.3728993e-05,0_S1
c2_p079_20231017_o11,p079_20231017,79,0,2,13,0_S1,0.9992481,0.00016409646,0.00018050388,0.00016848624,0.00013080092,0.00010801501,0_S1
c2_p079_20231019_o05,p079_20231019,79,0,2,14,0_S1,0.9888939,0.002746178,0.005531201,0.0016596991,0.00081091723,0.0003581442,0_S1
c2_p079_20231023_o12,p079_20231023,79,0,2,14,0_S1,0.7825568,0.013054938,0.12413092,0.069526516,0.008816085,0.0019147024,0_S1
c2_p079_20231027_o09,p079_20231027,79,0,2,20,1_S2,0.25497177,0.064696014,0.4979348,0.13822098,0.037399855,0.0067766286,2_S5
c2_p079_20231101_o10,p079_20231101,79,0,2,52,2_S5,0.0020827793,0.035390947,0.43280393,0.49109784,0.036072776,0.002551733,3_S6
c2_p079_20231106_o01,p079_20231106,79,0,2,65,3_S6,2.082758e-06,0.0023171215,0.0030930198,0.97705305,0.017529152,5.633624e-06,3_S6
c2_p079_20231109_o11,p079_20231109,79,0,2,69,3_S6,5.5481913e-05,0.013531408,0.014609524,0.92463034,0.046990488,0.00018268838,3_S6
c2_p079_20231120_o05,p079_20231120,79,0,2,70,4_S7,5.62769e-07,6.663002e-05,0.00030626665,0.24202135,0.75741357,0.00019170887,4_S7
c2_p079_20231127_o10,p079_20231127,79,0,2,73,4_S7,4.0033836e-05,0.005195372,0.008773417,0.08494398,0.89895755,0.0020896257,4_S7
c2_p079_20231130_o04,p079_20231130,79,0,2,74,4_S7,9.6641656e-05,0.0012068214,0.009031942,0.43475658,0.55232906,0.0025789808,4_S7
c2_p079_20231204_o12,p079_20231204,79,0,2,75,4_S7,0.00017747498,0.0011939673,0.0045251143,0.18415943,0.80861443,0.0013295553,4_S7
c2_p079_20231211_o12,p079_20231211,79,0,2,76,4_S7,1.3227008e-06,2.9003946e-05,0.00016975364,0.014499936,0.9839384,0.0013616965,4_S7
c2_p079_20231214_o03,p079_20231214,79,0,2,77,4_S7,3.033648e-05,5.586911e-05,0.0005391011,0.0028642025,0.9755955,0.02091509,4_S7
c2_p079_20231218_o08,p079_20231218,79,0,2,78,4_S7,9.925032e-06,0.00018549112,0.0008458484,0.009448688,0.9627505,0.026759628,4_S7
c2_p079_20231227_o02,p079_20231227,79,0,2,79,4_S7,2.4671147e-06,6.0319253e-05,0.00020063741,0.00051777594,0.9677297,0.031489175,4_S7
c2_p079_20240115_o08,p079_20240115,79,0,2,81,5_S8,2.6609392e-05,0.000330536,0.0006558214,0.000125778,0.22766411,0.7711972,5_S8
c2_p079_20240119_o02,p079_20240119,79,0,2,82,5_S8,5.4061754e-08,7.115941e-08,3.3427661e-06,2.5385159e-08,7.733022e-06,0.9999888,5_S8
c2_p079_20240126_o01,p079_20240126,79,0,2,87,5_S8,5.2453757e-08,1.4679571e-07,2.46823e-05,4.8424525e-08,7.1720474e-06,0.99996793,5_S8
c2_p086_20231128_o05,p086_20231128,86,0,2,68,3_S6,1.775583e-05,9.622275e-05,0.0013965262,0.90964276,0.08878638,6.037094e-05,3_S6
c2_p086_20231130_o03,p086_20231130,86,0,2,69,3_S6,0.0022410317,0.008271351,0.04604523,0.8695957,0.07329623,0.0005504779,3_S6
c2_p086_20231204_o11,p086_20231204,86,0,2,78,4_S7,4.317828e-05,0.00094495906,0.0035131376,0.8031394,0.19225992,9.942485e-05,3_S6
c2_p086_20231207_o03,p086_20231207,86,0,2,67,3_S6,1.2879686e-05,0.00051966135,0.0017330846,0.052780554,0.94417053,0.00078323734,4_S7
c2_p086_20231211_o08,p086_20231211,86,0,2,71,4_S7,9.865277e-06,0.00023111308,0.0010743315,0.0842297,0.91388917,0.000565764,4_S7
c2_p086_20231218_o10,p086_20231218,86,0,2,72,4_S7,2.9426656e-06,7.553417e-06,3.9213734e-05,0.00025701194,0.9966401,0.0030531974,4_S7
c2_p086_20231227_o01,p086_20231227,86,0,2,73,4_S7,1.0909192e-05,0.00015349904,0.0007617057,0.008048062,0.98932695,0.0016987475,4_S7
c2_p086_20240115_o09,p086_20240115,86,0,2,75,4_S7,2.3505036e-05,5.24115e-05,0.00042015896,0.00033679252,0.9802839,0.018883279,4_S7
c2_p086_20240119_o04,p086_20240119,86,0,2,78,4_S7,0.00016593571,0.000107347754,0.00027773585,0.00023832203,0.9430851,0.056125578,4_S7
c2_p086_20240126_o02,p086_20240126,86,0,2,81,5_S8,2.5078341e-05,0.00031747908,0.0032919794,4.085473e-05,0.35670906,0.63961554,5_S8
c2_p087_20231128_o09,p087_20231128,87,0,2,66,3_S6,8.5698826e-05,0.0003978642,0.0033920703,0.6119604,0.3828432,0.0013207614,3_S6
c2_p087_20231130_o06,p087_20231130,87,0,2,68,3_S6,0.00028714372,0.0018213643,0.008302621,0.84341407,0.14595844,0.00021642046,3_S6
c2_p087_20231204_o03,p087_20231204,87,0,2,69,3_S6,0.00030164167,0.001132491,0.0034754972,0.89219904,0.102719046,0.00017227592,3_S6
c2_p087_20231207_o11,p087_20231207,87,0,2,70,4_S7,7.333238e-06,0.0004968054,0.0059158825,0.41204572,0.581482,5.2308555e-05,4_S7
c2_p087_20231211_o07,p087_20231211,87,0,2,71,4_S7,1.0189234e-05,0.00010611938,0.00034629044,0.009558495,0.9861746,0.0038042176,4_S7
c2_p087_20231218_o06,p087_20231218,87,0,2,73,4_S7,0.0010065543,0.005151563,0.08832861,0.083535686,0.8134556,0.008521986,4_S7
c2_p087_20231227_o07,p087_20231227,87,0,2,75,4_S7,1.7406832e-05,5.6803183e-05,0.00046010606,0.00053859473,0.98443526,0.014491839,4_S7
c2_p087_20240115_o10,p087_20240115,87,0,2,78,4_S7,1.4140103e-06,1.3389272e-05,0.00011961873,3.937864e-05,0.9178715,0.08195478,4_S7
c2_p087_20240119_o03,p087_20240119,87,0,2,79,4_S7,1.0721134e-05,9.493941e-06,8.0697275e-05,0.00024724542,0.9433749,0.056277007,4_S7
c2_p087_20240126_o10,p087_20240126,87,0,2,81,5_S8,4.7182166e-06,2.1588648e-05,0.0004119266,2.0698465e-06,0.059398804,0.9401609,5_S8
c2_p091_20231128_o07,p091_20231128,91,0,2,68,3_S6,1.655519e-05,0.00033368237,0.0015534412,0.91404444,0.08396024,9.157388e-05,3_S6
c2_p091_20231130_o10,p091_20231130,91,0,2,69,3_S6,0.00013383946,0.0016771909,0.0070447545,0.8959058,0.095050946,0.00018740552,3_S6
c2_p091_20231204_o09,p091_20231204,91,0,2,67,3_S6,4.325806e-05,0.00041905782,0.0013422403,0.7054594,0.2926126,0.00012337268,3_S6
c2_p091_20231207_o06,p091_20231207,91,0,2,70,4_S7,3.255764e-06,0.0011459497,0.0030026748,0.10801625,0.8877224,0.000109472814,4_S7
c2_p091_20231211_o07,p091_20231211,91,0,2,71,4_S7,2.8120658e-06,0.0002837905,0.00054095493,0.08594156,0.9131541,7.681055e-05,4_S7
c2_p091_20231218_o10,p091_20231218,91,0,2,72,4_S7,3.1074793e-05,0.0003463489,0.0027432786,0.041458055,0.954695,0.0007263012,4_S7
c2_p091_20231227_o12,p091_20231227,91,0,2,74,4_S7,0.00013566861,0.00015514837,0.0009643695,0.0019425312,0.97270477,0.024097424,4_S7
c2_p091_20240115_o12,p091_20240115,91,0,2,76,4_S7,0.0016749763,0.0023431936,0.026614228,0.0034790088,0.7590069,0.20688169,4_S7
c2_p091_20240119_o06,p091_20240119,91,0,2,79,4_S7,1.1109989e-05,0.00010187826,0.00021322738,0.00051173725,0.9630033,0.036158785,4_S7
c2_p091_20240126_o10,p091_20240126,91,0,2,82,5_S8,3.7674818e-06,1.3063258e-05,0.00053799036,2.3555215e-06,0.007826931,0.99161583,5_S8
c2_p094_20231128_o02,p094_20231128,94,0,2,68,3_S6,2.9370249e-05,0.0005518401,0.002597913,0.91073996,0.08597527,0.000105609084,3_S6
c2_p094_20231130_o09,p094_20231130,94,0,2,69,3_S6,0.0005229659,0.0036807638,0.009960199,0.882982,0.10253095,0.00032307376,3_S6
c2_p094_20231204_o04,p094_20231204,94,0,2,70,4_S7,7.7537195e-05,0.0010210776,0.00452404,0.8962628,0.098064475,5.0054856e-05,3_S6
c2_p094_20231207_o11,p094_20231207,94,0,2,71,4_S7,4.8289103e-06,0.0003355032,0.0006290982,0.008674062,0.9894085,0.00094797014,4_S7
c2_p094_20231211_o08,p094_20231211,94,0,2,72,4_S7,8.170365e-06,0.00033501897,0.001440698,0.042358566,0.95437163,0.0014859147,4_S7
c2_p094_20231218_o10,p094_20231218,94,0,2,74,4_S7,1.3082438e-06,2.6243546e-05,0.00019081545,0.0018105749,0.99701416,0.0009569126,4_S7
c2_p094_20231227_o06,p094_20231227,94,0,2,76,4_S7,0.000110023866,6.9583955e-05,0.0002916125,0.0005542246,0.9766036,0.022370974,4_S7
c2_p094_20240115_o02,p094_20240115,94,0,2,77,4_S7,9.8605476e-08,2.3903445e-07,3.455754e-06,1.0601451e-06,0.9669234,0.033071693,4_S7
c2_p094_20240119_o07,p094_20240119,94,0,2,80,5_S8,0.00029799005,0.0003466209,0.0013676855,0.0011060571,0.80953944,0.1873422,4_S7
c2_p094_20240126_o11,p094_20240126,94,0,2,83,5_S8,1.2110568e-08,2.7296335e-07,4.2755373e-06,6.063188e-08,0.018759383,0.981236,5_S8
c2_p101_20231128_o11,p101_20231128,101,0,2,65,3_S6,1.8419403e-05,0.0006684541,0.0035652278,0.8183268,0.17725153,0.00016964145,3_S6
c2_p101_20231130_o10,p101_20231130,101,0,2,69,3_S6,8.65863e-05,0.0015856362,0.0048721936,0.86628515,0.12700555,0.00016487528,3_S6
c2_p101_20231204_o12,p101_20231204,101,0,2,69,3_S6,6.8649286e-05,0.0018962334,0.0036507936,0.567144,0.4270853,0.00015510803,3_S6
c2_p101_20231207_o05,p101_20231207,101,0,2,69,3_S6,2.91062e-05,0.0021078018,0.0037781869,0.0647144,0.9283904,0.0009801348,4_S7
c2_p101_20231211_o05,p101_20231211,101,0,2,70,4_S7,1.51591175e-05,0.00048764472,0.0012058951,0.09465869,0.9031458,0.00048673828,4_S7
c2_p101_20231218_o06,p101_20231218,101,0,2,71,4_S7,3.6223346e-06,1.5132119e-05,0.00016267647,0.005616948,0.9866855,0.007516042,4_S7
c2_p101_20231227_o05,p101_20231227,101,0,2,73,4_S7,6.522496e-08,6.623306e-07,1.424018e-05,0.0003520568,0.9993001,0.00033273298,4_S7
c2_p101_20240115_o11,p101_20240115,101,0,2,75,4_S7,1.3390762e-05,0.00022840832,0.00072071055,0.00049589644,0.9130894,0.085452214,4_S7
c2_p101_20240119_o06,p101_20240119,101,0,2,77,4_S7,3.998203e-05,0.00015245903,0.0004334743,0.001875405,0.963156,0.034342792,4_S7
c2_p101_20240126_o12,p101_20240126,101,0,2,79,4_S7,1.8721274e-05,0.00043386588,0.0012502358,9.9520286e-05,0.3824217,0.615776,5_S8
c2_p002_20230816_o10,p002_20230816,2,1,2,68,3_S6,0.0018097576,0.04335268,0.25081983,0.6621088,0.03893075,0.0029782448,3_S6
c2_p002_20230921_o04,p002_20230921,2,1,2,77,4_S7,0.0006526351,0.0005280429,0.06777959,0.051136207,0.8569524,0.022950951,4_S7
c2_p002_20231005_o12,p002_20231005,2,1,2,79,4_S7,0.0149711985,0.0016712731,0.30303985,0.008994891,0.5469919,0.124330886,4_S7
c2_p026_20230828_o08,p026_20230828,26,1,2,16,0_S1,0.471602,0.12893744,0.36101887,0.036373768,0.0013043415,0.00076368486,0_S1
c2_p026_20230904_o02,p026_20230904,26,1,2,53,2_S5,0.007892958,0.07960642,0.7245894,0.16207942,0.024414817,0.0014169815,2_S5
c2_p026_20230908_o09,p026_20230908,26,1,2,64,3_S6,0.00041745682,0.0047937627,0.18215671,0.6926231,0.11740145,0.0026075568,3_S6
c2_p026_20230921_o01,p026_20230921,26,1,2,70,4_S7,3.2426735e-06,8.828386e-05,0.025984937,0.04491151,0.9283668,0.0006452099,4_S7
c2_p026_20231006_o10,p026_20231006,26,1,2,71,4_S7,2.2412657e-06,5.560088e-06,0.0034732397,0.0015238144,0.99413574,0.0008592867,4_S7
c2_p026_20231017_o11,p026_20231017,26,1,2,74,4_S7,2.8062183e-05,0.0005661496,0.048281934,0.12122223,0.8273216,0.0025799943,4_S7
c2_p026_20231023_o10,p026_20231023,26,1,2,75,4_S7,1.4725e-05,0.0001822699,0.03725067,0.026529614,0.9306169,0.005405768,4_S7
c2_p026_20231027_o04,p026_20231027,26,1,2,76,4_S7,5.3118517e-11,2.101172e-09,2.2019906e-07,2.4794388e-05,0.99820626,0.0017686964,4_S7
c2_p026_20231101_o09,p026_20231101,26,1,2,77,4_S7,8.525578e-07,3.5754172e-05,0.00094713026,0.013057646,0.9759359,0.010022817,4_S7
c2_p026_20231106_o07,p026_20231106,26,1,2,78,4_S7,5.6293277e-07,3.6598958e-05,0.0010272929,0.02969049,0.9678335,0.0014115615,4_S7
c2_p026_20231109_o07,p026_20231109,26,1,2,79,4_S7,5.39505e-09,6.9681874e-08,1.4076811e-05,5.3786523e-05,0.9982151,0.0017169924,4_S7
c2_p026_20231120_o07,p026_20231120,26,1,2,84,5_S8,9.454168e-11,7.3595613e-10,5.9214123e-08,6.416731e-08,0.00059921073,0.9994006,5_S8
c2_p026_20231124_o02,p026_20231124,26,1,2,85,5_S8,6.1200586e-07,1.1516717e-06,2.5842466e-05,0.000327272,0.039845318,0.9597998,5_S8
c2_p026_20231127_o02,p026_20231127,26,1,2,86,5_S8,3.6231834e-06,6.455451e-06,0.00017407865,8.022343e-05,0.0029380172,0.9967976,5_S8
c2_p026_20231130_o12,p026_20231130,26,1,2,89,5_S8,0.001174738,0.00042938197,0.0011725918,0.0005537672,0.0009659939,0.99570364,5_S8
c2_p027_20230828_o04,p027_20230828,27,1,2,20,1_S2,0.17946883,0.23281632,0.5142831,0.0722837,0.00073711254,0.00041090962,2_S5
c2_p027_20230904_o07,p027_20230904,27,1,2,60,3_S6,0.02154663,0.14010072,0.5103653,0.27791125,0.04370345,0.006372595,2_S5
c2_p027_20230908_o02,p027_20230908,27,1,2,66,3_S6,3.7304955e-05,0.0047725593,0.0064729145,0.9846992,0.0038701168,0.00014790855,3_S6
c2_p027_20230921_o09,p027_20230921,27,1,2,68,3_S6,3.1327303e-07,1.945035e-06,0.0034490316,0.001438797,0.99466586,0.0004439237,4_S7
c2_p027_20231006_o08,p027_20231006,27,1,2,70,4_S7,0.00025033165,0.0009529854,0.3138104,0.099590026,0.58383703,0.0015591653,4_S7
c2_p027_20231017_o07,p027_20231017,27,1,2,72,4_S7,1.8266607e-06,7.382864e-06,0.0041416,0.0024541547,0.9917252,0.0016699332,4_S7
c2_p027_20231023_o07,p027_20231023,27,1,2,73,4_S7,0.0006421128,0.004750199,0.16775006,0.1117652,0.70557183,0.009520565,4_S7
c2_p027_20231027_o08,p027_20231027,27,1,2,74,4_S7,1.4021607e-05,6.347461e-05,0.0065871095,0.0033967458,0.9822368,0.007701831,4_S7
c2_p027_20231101_o07,p027_20231101,27,1,2,75,4_S7,9.399757e-07,7.0306687e-06,0.002350092,0.0012067385,0.99311537,0.0033198216,4_S7
c2_p027_20231106_o09,p027_20231106,27,1,2,76,4_S7,3.156988e-05,8.379978e-05,0.026208809,0.0012137138,0.94101715,0.031445023,4_S7
c2_p027_20231109_o07,p027_20231109,27,1,2,77,4_S7,7.211237e-06,9.6873635e-05,0.0057444824,0.008611249,0.9790364,0.0065037264,4_S7
c2_p027_20231120_o11,p027_20231120,27,1,2,78,4_S7,1.1613546e-05,8.051095e-05,0.012906556,0.0062956437,0.93623894,0.04446681,4_S7
c2_p027_20231124_o04,p027_20231124,27,1,2,79,4_S7,1.0841939e-06,6.330458e-06,0.0007421553,0.003587301,0.9947312,0.0009318874,4_S7
c2_p027_20231127_o07,p027_20231127,27,1,2,79,4_S7,3.000215e-08,1.5515832e-07,2.675879e-05,3.729915e-05,0.9952903,0.0046455082,4_S7
c2_p027_20231130_o01,p027_20231130,27,1,2,79,4_S7,0.00012467518,7.3630436e-05,0.0025110876,0.00013484998,0.5419154,0.4552403,4_S7
c2_p032_20230828_o10,p032_20230828,32,1,2,15,0_S1,0.36063853,0.08115833,0.51317537,0.04410482,0.00046239526,0.00046054204,2_S5
c2_p032_20230904_o08,p032_20230904,32,1,2,60,3_S6,0.04438797,0.14797093,0.6436628,0.16204232,0.0012818482,0.0006540983,2_S5
c2_p032_20230908_o03,p032_20230908,32,1,2,64,3_S6,8.917408e-05,0.001451386,0.110603906,0.7348151,0.15234052,0.0006999304,3_S6
c2_p032_20230921_o05,p032_20230921,32,1,2,72,4_S7,5.1243937e-06,8.023165e-05,0.033275023,0.022966227,0.94290745,0.0007659399,4_S7
c2_p032_20231006_o03,p032_20231006,32,1,2,74,4_S7,5.902668e-11,3.645871e-10,2.7361295e-06,4.687456e-07,0.9999393,5.7459696e-05,4_S7
c2_p032_20231017_o05,p032_20231017,32,1,2,75,4_S7,4.652993e-08,3.83906e-07,0.00028407614,0.00015770861,0.99910885,0.00044894702,4_S7
c2_p032_20231023_o01,p032_20231023,32,1,2,76,4_S7,3.8826908e-10,1.6448865e-08,6.33178e-06,0.00017580792,0.9992341,0.0005838157,4_S7
c2_p032_20231027_o05,p032_20231027,32,1,2,77,4_S7,2.708058e-05,0.00084969256,0.009934837,0.21477011,0.7675426,0.006875697,4_S7
c2_p032_20231101_o07,p032_20231101,32,1,2,78,4_S7,3.3296317e-07,1.6115481e-06,0.00093309244,0.00022305167,0.9943386,0.004503309,4_S7
c2_p032_20231106_o12,p032_20231106,32,1,2,79,4_S7,1.9780223e-06,5.100946e-06,0.0014796476,0.00023760187,0.9625552,0.03572045,4_S7
c2_p032_20231109_o09,p032_20231109,32,1,2,80,5_S8,2.8770852e-08,5.5507325e-08,6.779879e-06,5.3878875e-06,0.038040336,0.96194744,5_S8
c2_p032_20231120_o03,p032_20231120,32,1,2,81,5_S8,7.1218064e-06,3.4131983e-06,7.642242e-05,4.4529993e-06,0.0005328011,0.99937576,5_S8
c2_p032_20231124_o08,p032_20231124,32,1,2,83,5_S8,5.296791e-05,2.4581303e-05,0.00017191317,0.00017420092,0.006831311,0.99274504,5_S8
c2_p032_20231127_o06,p032_20231127,32,1,2,85,5_S8,0.0013660946,9.636563e-05,0.0012833553,0.00036689793,0.5589755,0.4379118,4_S7
c2_p032_20231130_o12,p032_20231130,32,1,2,87,5_S8,1.0484973e-06,5.699451e-07,2.7139006e-06,3.5188002e-06,0.00044811942,0.99954396,5_S8
c2_p041_20230828_o08,p041_20230828,41,1,2,14,0_S1,0.8213759,0.035861805,0.13617802,0.005827516,0.0004365763,0.00032010957,0_S1
c2_p041_20230904_o09,p041_20230904,41,1,2,53,2_S5,0.009146693,0.033225525,0.7261643,0.22989172,0.0012302952,0.00034146654,2_S5
c2_p041_20230908_o07,p041_20230908,41,1,2,60,3_S6,0.0016310172,0.0134395985,0.36859336,0.61252195,0.0035297147,0.00028434646,3_S6
c2_p041_20230921_o02,p041_20230921,41,1,2,66,3_S6,7.324168e-07,2.7617882e-06,0.007524644,0.00025481594,0.99122953,0.0009875058,4_S7
c2_p041_20231006_o11,p041_20231006,41,1,2,72,4_S7,9.272063e-05,0.00024766987,0.053163465,0.004339551,0.9362885,0.005868099,4_S7
c2_p041_20231017_o04,p041_20231017,41,1,2,73,4_S7,4.1327283e-05,2.0655081e-05,0.010479374,0.0016245606,0.98666096,0.0011732295,4_S7
c2_p041_20231023_o01,p041_20231023,41,1,2,74,4_S7,3.637756e-07,2.535992e-06,0.0073193638,0.0004722069,0.991087,0.0011185972,4_S7
c2_p041_20231027_o02,p041_20231027,41,1,2,75,4_S7,2.3919203e-05,0.00027363218,0.20749679,0.005401457,0.7687225,0.018081702,4_S7
c2_p041_20231101_o04,p041_20231101,41,1,2,76,4_S7,3.3018634e-05,4.491052e-05,0.058498364,0.001510621,0.9355838,0.004329304,4_S7
c2_p041_20231106_o10,p041_20231106,41,1,2,77,4_S7,0.0065192725,0.0004967115,0.10265288,0.014247129,0.8691331,0.0069509097,4_S7
c2_p041_20231109_o11,p041_20231109,41,1,2,78,4_S7,0.0055979267,0.00060362206,0.056869455,0.003247683,0.8884478,0.0452335,4_S7
c2_p041_20231120_o03,p041_20231120,41,1,2,80,5_S8,0.0010771491,0.001180391,0.06410327,0.0011420553,0.107051715,0.8254454,5_S8
c2_p041_20231124_o04,p041_20231124,41,1,2,85,5_S8,2.3255272e-05,2.9133507e-05,0.00030690889,0.00025830814,0.014150516,0.9852319,5_S8
c2_p041_20231127_o12,p041_20231127,41,1,2,85,5_S8,0.00020341552,0.0001003721,0.00042060338,0.0028101744,0.0049847527,0.9914807,5_S8
c2_p041_20231130_o10,p041_20231130,41,1,2,85,5_S8,0.0032833898,0.0013150674,0.012549352,0.0019506254,0.0085873585,0.9723141,5_S8
c2_p042_20230929_o04,p042_20230929,42,1,2,13,0_S1,0.99999774,3.721656e-07,1.7280254e-06,7.542351e-08,1.3448901e-07,6.262472e-08,0_S1
c2_p042_20231004_o03,p042_20231004,42,1,2,14,0_S1,0.99993324,2.556195e-05,3.327249e-05,2.679126e-06,2.282239e-06,2.935849e-06,0_S1
c2_p042_20231011_o08,p042_20231011,42,1,2,14,0_S1,0.9996878,3.1549218e-05,0.00023757994,2.5618143e-05,1.5930334e-05,1.4823329e-06,0_S1
c2_p042_20231017_o05,p042_20231017,42,1,2,15,0_S1,0.047461018,0.05837994,0.85225034,0.041027684,0.00070183666,0.0001791748,2_S5
c2_p042_20231019_o03,p042_20231019,42,1,2,15,0_S1,0.04002576,0.09884176,0.81602454,0.04400652,0.0007878961,0.00031361732,2_S5
c2_p042_20231023_o04,p042_20231023,42,1,2,53,2_S5,0.0007110893,0.0108992,0.92074776,0.05007885,0.017011877,0.00055121345,2_S5
c2_p042_20231027_o06,p042_20231027,42,1,2,54,2_S5,0.0023612236,0.025447639,0.26937643,0.5668399,0.12972085,0.006253968,3_S6
c2_p042_20231101_o01,p042_20231101,42,1,2,55,2_S5,3.762226e-05,0.0010727769,0.17529178,0.29116708,0.5295535,0.0028773271,4_S7
c2_p042_20231106_o09,p042_20231106,42,1,2,62,3_S6,8.184214e-06,0.0017482907,0.002465349,0.97703266,0.01864642,9.90757e-05,3_S6
c2_p042_20231109_o01,p042_20231109,42,1,2,68,3_S6,3.6282545e-05,0.0036910193,0.013646123,0.8955592,0.08661154,0.0004558357,3_S6
c2_p042_20231120_o09,p042_20231120,42,1,2,70,4_S7,2.9164462e-06,0.00016548442,0.0012297507,0.18266481,0.8149264,0.0010106511,4_S7
c2_p042_20231127_o06,p042_20231127,42,1,2,72,4_S7,0.00010593265,0.00069055625,0.009990505,0.06702043,0.9197255,0.002467149,4_S7
c2_p042_20231130_o09,p042_20231130,42,1,2,74,4_S7,2.2406611e-07,8.65975e-06,0.0002546392,0.029610297,0.9695655,0.0005606953,4_S7
c2_p042_20231204_o05,p042_20231204,42,1,2,76,4_S7,2.3112416e-05,0.00012628696,0.0033914926,0.012044998,0.98117435,0.003239642,4_S7
c2_p042_20231211_o09,p042_20231211,42,1,2,80,5_S8,1.7873465e-09,9.7875684e-08,1.4044494e-05,0.0010534843,0.998632,0.000300369,4_S7
c2_p042_20231214_o04,p042_20231214,42,1,2,82,5_S8,5.71268e-05,0.00023544712,0.0009851262,0.001494339,0.98317325,0.014054861,4_S7
c2_p042_20231218_o06,p042_20231218,42,1,2,82,5_S8,7.3644906e-06,3.4998844e-05,0.0013606494,0.000261087,0.93685716,0.06147873,4_S7
c2_p042_20231227_o05,p042_20231227,42,1,2,83,5_S8,0.000105044935,0.0001098838,0.0012586706,0.000104469385,0.6002732,0.39814875,4_S7
c2_p042_20240104_o10,p042_20240104,42,1,2,84,5_S8,2.1893615e-05,1.26651585e-05,0.00044943395,8.163464e-06,0.4351841,0.5643238,5_S8
c2_p044_20230929_o03,p044_20230929,44,1,2,13,0_S1,0.9999937,6.198623e-07,5.1629995e-06,1.8002312e-07,2.6816485e-07,1.3157127e-07,0_S1
c2_p044_20231004_o09,p044_20231004,44,1,2,13,0_S1,0.9998908,3.834042e-05,6.3319036e-05,3.0785088e-06,2.46914e-06,1.9153763e-06,0_S1
c2_p044_20231011_o05,p044_20231011,44,1,2,15,0_S1,0.57996726,0.041010424,0.36297828,0.015674261,0.00023961812,0.00013012155,0_S1
c2_p044_20231017_o06,p044_20231017,44,1,2,20,1_S2,0.030298105,0.11792964,0.783853,0.06703988,0.0006514412,0.00022798382,2_S5
c2_p044_20231019_o11,p044_20231019,44,1,2,51,2_S5,0.040835354,0.12869114,0.71715957,0.103463605,0.007392221,0.0024580688,2_S5
c2_p044_20231023_o10,p044_20231023,44,1,2,54,2_S5,0.005797783,0.109422214,0.52767015,0.35036588,0.0058599915,0.0008839492,2_S5
c2_p044_20231027_o10,p044_20231027,44,1,2,55,2_S5,0.00037376175,0.021495346,0.5840783,0.35889497,0.03492299,0.00023463384,2_S5
c2_p044_20231101_o04,p044_20231101,44,1,2,59,2_S5,6.128954e-05,0.0008624827,0.10294766,0.16066915,0.73339707,0.0020623852,4_S7
c2_p044_20231106_o08,p044_20231106,44,1,2,61,3_S6,2.0213736e-05,0.0017809443,0.0026281748,0.9609468,0.03436491,0.00025890907,3_S6
c2_p044_20231109_o10,p044_20231109,44,1,2,68,3_S6,6.826165e-05,0.011093161,0.011059891,0.9288128,0.04864574,0.00032021504,3_S6
c2_p044_20231120_o09,p044_20231120,44,1,2,70,4_S7,3.2475386e-05,0.0019833054,0.004251559,0.22450274,0.7651361,0.0040938635,4_S7
c2_p044_20231127_o09,p044_20231127,44,1,2,71,4_S7,2.1020535e-06,2.154503e-05,0.00018401704,0.0026538842,0.99647266,0.0006657706,4_S7
c2_p044_20231130_o02,p044_20231130,44,1,2,72,4_S7,1.518432e-05,7.700461e-05,0.0009843796,0.0030147042,0.9670912,0.028817486,4_S7
c2_p044_20231204_o12,p044_20231204,44,1,2,72,4_S7,1.6637334e-05,9.016799e-05,0.0013317353,0.008951725,0.9873633,0.0022464623,4_S7
c2_p044_20231211_o04,p044_20231211,44,1,2,73,4_S7,4.9813686e-08,2.362567e-07,1.5891203e-05,0.0014868786,0.99828833,0.00020861269,4_S7
c2_p044_20231214_o08,p044_20231214,44,1,2,74,4_S7,1.1138884e-08,2.3963617e-07,3.5051507e-06,0.00019634963,0.999253,0.0005470167,4_S7
c2_p044_20231218_o02,p044_20231218,44,1,2,76,4_S7,2.3576654e-09,2.0092669e-08,9.919694e-06,6.9839507e-06,0.9964767,0.0035063452,4_S7
c2_p044_20231227_o01,p044_20231227,44,1,2,79,4_S7,1.2445128e-08,3.7218765e-08,9.905231e-06,6.63568e-07,0.87460953,0.12537986,4_S7
c2_p044_20240104_o10,p044_20240104,44,1,2,81,5_S8,3.406577e-08,6.480448e-08,6.0117127e-06,2.8331522e-07,0.70546657,0.29452708,4_S7
c2_p047_20230929_o09,p047_20230929,47,1,2,13,0_S1,0.9999988,9.873972e-08,7.7599503e-07,3.5953065e-08,1.1189935e-07,4.803029e-08,0_S1
c2_p047_20231004_o08,p047_20231004,47,1,2,13,0_S1,0.999997,5.4227985e-07,1.7948211e-06,9.995129e-08,3.187686e-07,2.3670533e-07,0_S1
c2_p047_20231011_o11,p047_20231011,47,1,2,14,0_S1,0.98197573,0.0015680116,0.0156205185,0.0007551903,5.09641e-05,2.9579222e-05,0_S1
c2_p047_20231017_o03,p047_20231017,47,1,2,15,0_S1,0.058075517,0.07720249,0.8267569,0.037397593,0.00039915784,0.00016823331,2_S5
c2_p047_20231019_o10,p047_20231019,47,1,2,15,0_S1,0.02113186,0.04749484,0.9005265,0.029439282,0.0011783624,0.00022907952,2_S5
c2_p047_20231023_o08,p047_20231023,47,1,2,16,0_S1,0.0049172435,0.013197977,0.5145277,0.3816676,0.08192341,0.003766099,2_S5
c2_p047_20231027_o06,p047_20231027,47,1,2,17,0_S1,0.00014805,0.0022954217,0.14152639,0.23336773,0.6199404,0.0027220154,4_S7
c2_p047_20231101_o01,p047_20231101,47,1,2,55,2_S5,0.00043062278,0.014800318,0.6776264,0.28424892,0.022331398,0.0005623677,2_S5
c2_p047_20231106_o02,p047_20231106,47,1,2,61,3_S6,0.002319392,0.03725804,0.13167536,0.82603407,0.0023795655,0.00033351357,3_S6
c2_p047_20231109_o06,p047_20231109,47,1,2,65,3_S6,6.595588e-06,7.0850976e-05,0.020436473,0.044660088,0.93349725,0.0013287697,4_S7
c2_p047_20231120_o12,p047_20231120,47,1,2,70,4_S7,0.0022685206,0.014749026,0.04605167,0.20855641,0.6814671,0.046907216,4_S7
c2_p047_20231127_o10,p047_20231127,47,1,2,71,4_S7,3.0426947e-06,9.624267e-05,0.0002660581,0.06581952,0.93332857,0.00048665827,4_S7
c2_p047_20231130_o09,p047_20231130,47,1,2,72,4_S7,1.574973e-08,4.7995254e-08,3.7087225e-06,5.5538836e-05,0.97401786,0.025922794,4_S7
c2_p047_20231204_o10,p047_20231204,47,1,2,74,4_S7,3.5014725e-07,1.5022387e-06,1.8153469e-05,0.0033806325,0.99620205,0.00039727907,4_S7
c2_p047_20231211_o12,p047_20231211,47,1,2,76,4_S7,1.5760043e-07,1.9076465e-06,0.00015520629,0.0011036027,0.9970264,0.0017128083,4_S7
c2_p047_20231214_o02,p047_20231214,47,1,2,78,4_S7,5.2750988e-08,2.0945197e-07,2.5662373e-05,7.894482e-06,0.99792635,0.002039795,4_S7
c2_p047_20231218_o04,p047_20231218,47,1,2,79,4_S7,3.3537955e-07,2.8024513e-06,0.0004733934,0.00016730578,0.9483633,0.05099288,4_S7
c2_p047_20231227_o05,p047_20231227,47,1,2,81,5_S8,7.259775e-08,2.8004854e-07,7.126793e-05,2.5367759e-05,0.99345607,0.006446851,4_S7
c2_p047_20240104_o11,p047_20240104,47,1,2,82,5_S8,5.442031e-06,2.241988e-06,1.9572983e-05,2.221111e-06,0.0007572465,0.9992132,5_S8
c2_p049_20230929_o05,p049_20230929,49,1,2,13,0_S1,0.99999654,3.7034712e-07,2.5938155e-06,1.01484204e-07,1.9649544e-07,8.606202e-08,0_S1
c2_p049_20231004_o04,p049_20231004,49,1,2,13,0_S1,0.9999664,8.565551e-06,2.3125227e-05,8.58064e-07,4.440062e-07,5.4569335e-07,0_S1
c2_p049_20231011_o12,p049_20231011,49,1,2,15,0_S1,0.99059415,0.0026082383,0.0060604787,0.00064835604,7.408855e-05,1.4719878e-05,0_S1
c2_p049_20231017_o12,p049_20231017,49,1,2,15,0_S1,0.0930676,0.18194978,0.6862341,0.038145393,0.00036636373,0.00023681148,2_S5
c2_p049_20231019_o06,p049_20231019,49,1,2,16,0_S1,0.020422928,0.03743247,0.8003075,0.11052387,0.029092183,0.002221077,2_S5
c2_p049_20231023_o11,p049_20231023,49,1,2,20,1_S2,0.0021538106,0.054993927,0.68056285,0.2583371,0.0037366452,0.00021562233,2_S5
c2_p049_20231027_o11,p049_20231027,49,1,2,55,2_S5,7.829383e-05,0.009208766,0.16029423,0.5147545,0.31496853,0.00069566845,3_S6
c2_p049_20231101_o07,p049_20231101,49,1,2,60,3_S6,3.2177915e-05,0.00238832,0.14705779,0.7970601,0.053201787,0.00025981956,3_S6
c2_p049_20231106_o02,p049_20231106,49,1,2,62,3_S6,5.1611532e-05,0.0035839055,0.0026125575,0.9638039,0.02958989,0.00035811227,3_S6
c2_p049_20231109_o07,p049_20231109,49,1,2,64,3_S6,0.00018569465,0.0066611143,0.1913498,0.5350452,0.26469785,0.0020603098,3_S6
c2_p049_20231120_o05,p049_20231120,49,1,2,71,4_S7,0.0003063056,0.012273813,0.060855307,0.49425414,0.4286612,0.0036493032,3_S6
c2_p049_20231127_o07,p049_20231127,49,1,2,72,4_S7,2.7321836e-05,8.752614e-05,0.0014328593,0.014464938,0.9823033,0.0016840555,4_S7
c2_p049_20231130_o11,p049_20231130,49,1,2,73,4_S7,4.8687823e-09,2.603858e-07,3.3299024e-05,0.003974888,0.9951793,0.00081219396,4_S7
c2_p049_20231204_o12,p049_20231204,49,1,2,74,4_S7,2.8096978e-10,1.0309592e-08,1.0486816e-06,0.00011264154,0.9994499,0.0004364023,4_S7
c2_p049_20231211_o03,p049_20231211,49,1,2,75,4_S7,9.62847e-06,4.161306e-05,0.0010861888,0.0077328095,0.9859102,0.0052194847,4_S7
c2_p049_20231214_o11,p049_20231214,49,1,2,77,4_S7,1.4579652e-11,8.751863e-11,1.1995154e-08,5.44139e-07,0.9997681,0.00023139533,4_S7
c2_p049_20231218_o12,p049_20231218,49,1,2,78,4_S7,4.4156803e-07,3.7854652e-06,0.00034684516,0.00023024474,0.9913618,0.008056817,4_S7
c2_p049_20231227_o12,p049_20231227,49,1,2,79,4_S7,3.4114493e-08,2.1086785e-07,5.325256e-05,3.8028988e-06,0.73823106,0.26171163,4_S7
c2_p049_20240104_o08,p049_20240104,49,1,2,82,5_S8,4.8531925e-12,3.664095e-12,9.0614344e-10,8.2724286e-11,4.1768094e-06,0.9999958,5_S8
c2_p059_20230929_o08,p059_20230929,59,1,2,13,0_S1,0.999995,4.816444e-07,3.6616648e-06,1.912242e-07,4.7742924e-07,1.7820383e-07,0_S1
c2_p059_20231004_o06,p059_20231004,59,1,2,13,0_S1,0.99994874,9.504254e-06,3.7517457e-05,1.8222116e-06,1.5064412e-06,8.5255687e-07,0_S1
c2_p059_20231011_o03,p059_20231011,59,1,2,15,0_S1,0.9709438,0.006713182,0.021583479,0.00068517186,4.4159886e-05,3.0025296e-05,0_S1
c2_p059_20231017_o11,p059_20231017,59,1,2,53,2_S5,0.06201283,0.047193475,0.8127242,0.07578573,0.0017837795,0.0005000331,2_S5
c2_p059_20231019_o12,p059_20231019,59,1,2,60,3_S6,0.0038353007,0.06938446,0.72129697,0.20178144,0.0032389346,0.0004628299,2_S5
c2_p059_20231023_o05,p059_20231023,59,1,2,64,3_S6,0.0006679584,0.06740102,0.15100965,0.7781411,0.002697598,8.26977e-05,3_S6
c2_p059_20231027_o02,p059_20231027,59,1,2,62,3_S6,0.00032252405,0.031871025,0.1649668,0.7973456,0.0053945947,9.950218e-05,3_S6
c2_p059_20231101_o08,p059_20231101,59,1,2,65,3_S6,0.000112801026,0.004659586,0.15406118,0.76187265,0.078904696,0.00038911382,3_S6
c2_p059_20231106_o10,p059_20231106,59,1,2,70,4_S7,2.978872e-06,0.00023131874,0.0035191916,0.8079376,0.18765193,0.00065702555,3_S6
c2_p059_20231109_o01,p059_20231109,59,1,2,71,4_S7,9.765489e-07,0.00044682412,0.0037180807,0.9478199,0.04795518,5.8987163e-05,3_S6
c2_p059_20231120_o11,p059_20231120,59,1,2,72,4_S7,2.6030557e-07,1.6822212e-05,0.00012314232,0.03277654,0.9659471,0.0011362756,4_S7
c2_p059_20231127_o04,p059_20231127,59,1,2,74,4_S7,4.376084e-06,5.656739e-05,0.00031100053,0.026361115,0.97295165,0.00031531957,4_S7
c2_p059_20231130_o08,p059_20231130,59,1,2,75,4_S7,4.178069e-06,3.6865054e-05,0.0022850744,0.009647806,0.9854854,0.002540672,4_S7
c2_p059_20231204_o04,p059_20231204,59,1,2,76,4_S7,1.547653e-05,4.097036e-05,0.00051315426,0.021469172,0.97644514,0.001516184,4_S7
c2_p059_20231211_o04,p059_20231211,59,1,2,77,4_S7,1.500623e-07,8.84627e-07,3.302623e-05,0.0002604923,0.9986021,0.0011033895,4_S7
c2_p059_20231214_o04,p059_20231214,59,1,2,78,4_S7,4.6992054e-06,3.860057e-06,4.1479503e-05,0.00010474272,0.99616206,0.003683145,4_S7
c2_p059_20231218_o10,p059_20231218,59,1,2,79,4_S7,1.388206e-06,1.386404e-06,0.00015437101,3.9716388e-06,0.69616383,0.303675,4_S7
c2_p059_20231227_o01,p059_20231227,59,1,2,81,5_S8,1.4273924e-12,6.3183326e-12,6.760515e-09,1.1623464e-09,0.9878007,0.012199258,4_S7
c2_p059_20240104_o01,p059_20240104,59,1,2,83,5_S8,1.6912655e-07,1.6044802e-07,1.5278481e-05,1.2449476e-06,0.7356963,0.2642869,4_S7
c2_p073_20231006_o05,p073_20231006,73,1,2,13,0_S1,0.999998,3.4341312e-07,1.1947105e-06,5.4785247e-08,2.653617e-07,1.9119851e-07,0_S1
c2_p073_20231011_o09,p073_20231011,73,1,2,13,0_S1,0.9999981,1.4085208e-07,8.193791e-07,7.392621e-08,6.7023393e-07,1.709984e-07,0_S1
c2_p073_20231017_o10,p073_20231017,73,1,2,13,0_S1,0.9999949,7.0720534e-07,3.4484506e-06,1.6312123e-07,5.4260454e-07,1.4932102e-07,0_S1
c2_p073_20231019_o10,p073_20231019,73,1,2,13,0_S1,0.99993014,1.985639e-05,4.0272844e-05,2.605762e-06,5.0804274e-06,2.0230198e-06,0_S1
c2_p073_20231023_o10,p073_20231023,73,1,2,14,0_S1,0.99951994,7.837312e-05,0.0003751141,1.4223955e-05,8.443149e-06,3.926047e-06,0_S1
c2_p073_20231027_o09,p073_20231027,73,1,2,51,2_S5,0.44285962,0.14644665,0.3417751,0.049220588,0.01534624,0.0043518697,0_S1
c2_p073_20231101_o05,p073_20231101,73,1,2,53,2_S5,0.0008115025,0.014650965,0.9523129,0.031263005,0.0008880219,7.362019e-05,2_S5
c2_p073_20231106_o05,p073_20231106,73,1,2,69,3_S6,8.046516e-05,0.009864516,0.16625191,0.8101385,0.0135468645,0.000117701464,3_S6
c2_p073_20231109_o08,p073_20231109,73,1,2,70,4_S7,0.00037601372,0.010816995,0.17195587,0.7311026,0.0845492,0.0011992836,3_S6
c2_p073_20231120_o05,p073_20231120,73,1,2,71,4_S7,0.0014043988,0.024040952,0.06869336,0.32649612,0.57317096,0.006194241,4_S7
c2_p073_20231127_o01,p073_20231127,73,1,2,72,4_S7,4.4118265e-06,5.196729e-05,0.00034446435,0.03901473,0.95952564,0.0010587763,4_S7
c2_p073_20231130_o08,p073_20231130,73,1,2,75,4_S7,0.003386412,0.0039771,0.054435905,0.12587318,0.78504765,0.027279727,4_S7
c2_p073_20231204_o07,p073_20231204,73,1,2,76,4_S7,0.0043823076,0.0067198486,0.005718177,0.74456084,0.23594376,0.0026750877,3_S6
c2_p073_20231211_o03,p073_20231211,73,1,2,77,4_S7,4.460317e-06,7.994098e-06,6.787122e-05,0.0011212094,0.99704224,0.0017561578,4_S7
c2_p073_20231214_o01,p073_20231214,73,1,2,78,4_S7,0.0011393527,0.0007431493,0.00039553482,0.007737206,0.9889985,0.00098629,4_S7
c2_p073_20231218_o10,p073_20231218,73,1,2,79,4_S7,0.0031400053,0.0006747422,0.0037908852,0.0008063109,0.8151164,0.17647168,4_S7
c2_p073_20231227_o06,p073_20231227,73,1,2,79,4_S7,0.00088641053,0.0010409815,0.006787336,0.003452638,0.8656338,0.12219879,4_S7
c2_p073_20240115_o08,p073_20240115,73,1,2,84,5_S8,0.00019825462,2.103813e-05,0.00014700231,2.3218257e-05,0.0020778966,0.9975326,5_S8
c2_p073_20240119_o05,p073_20240119,73,1,2,85,5_S8,5.262416e-05,9.607723e-06,9.715826e-05,1.3783915e-05,0.00018443642,0.99964225,5_S8
c2_p073_20240126_o11,p073_20240126,73,1,2,86,5_S8,0.0017424532,7.8974175e-05,0.0017273104,0.00014160782,0.0021343403,0.9941754,5_S8
c2_p077_20231006_o11,p077_20231006,77,1,2,13,0_S1,0.9999994,6.780651e-08,3.102471e-07,2.2679522e-08,1.193731e-07,5.145967e-08,0_S1
c2_p077_20231011_o02,p077_20231011,77,1,2,13,0_S1,0.9999957,4.6147537e-07,2.3451237e-06,1.4783521e-07,9.157251e-07,3.1327025e-07,0_S1
c2_p077_20231017_o10,p077_20231017,77,1,2,13,0_S1,0.9999908,1.0241255e-06,7.0717388e-06,2.442046e-07,7.6523065e-07,1.8640577e-07,0_S1
c2_p077_20231019_o08,p077_20231019,77,1,2,14,0_S1,0.9997688,8.892034e-05,0.0001301961,5.0760336e-06,4.296379e-06,2.780225e-06,0_S1
c2_p077_20231023_o12,p077_20231023,77,1,2,20,1_S2,0.999908,5.209264e-06,7.2505965e-05,7.13674e-06,6.54964e-06,6.5962234e-07,0_S1
c2_p077_20231027_o07,p077_20231027,77,1,2,53,2_S5,0.0330318,0.11266009,0.83184934,0.020901851,0.0011116012,0.0004453084,2_S5
c2_p077_20231101_o04,p077_20231101,77,1,2,55,2_S5,0.011295928,0.07292049,0.86475635,0.046911955,0.0032905845,0.00082469877,2_S5
c2_p077_20231106_o05,p077_20231106,77,1,2,60,3_S6,0.0003165917,0.029279992,0.15845253,0.79233956,0.018938094,0.00067324896,3_S6
c2_p077_20231109_o04,p077_20231109,77,1,2,69,3_S6,0.0013523137,0.027385142,0.2736147,0.6385499,0.05780307,0.0012948478,3_S6
c2_p077_20231120_o05,p077_20231120,77,1,2,70,4_S7,0.0012851123,0.01935715,0.109086014,0.4725972,0.39070514,0.006969284,3_S6
c2_p077_20231127_o12,p077_20231127,77,1,2,73,4_S7,6.3486773e-06,1.5843498e-05,0.00020271284,0.028267298,0.97141165,9.6013275e-05,4_S7
c2_p077_20231130_o11,p077_20231130,77,1,2,75,4_S7,7.5863693e-07,1.1136432e-05,0.0002338938,0.0017302748,0.99635977,0.0016642921,4_S7
c2_p077_20231204_o03,p077_20231204,77,1,2,76,4_S7,1.2940031e-05,6.511632e-05,6.353345e-05,0.18729952,0.812462,9.6886644e-05,4_S7
c2_p077_20231211_o12,p077_20231211,77,1,2,77,4_S7,2.7403564e-07,3.9364363e-06,4.0776868e-05,0.0014457931,0.99779713,0.0007121667,4_S7
c2_p077_20231214_o09,p077_20231214,77,1,2,78,4_S7,2.3921862e-06,2.4801479e-05,4.300902e-05,0.0042406805,0.99561065,7.850147e-05,4_S7
c2_p077_20231218_o07,p077_20231218,77,1,2,79,4_S7,2.3906987e-06,1.34286565e-05,0.00087071996,0.0004456606,0.98822814,0.010439705,4_S7
c2_p077_20231227_o07,p077_20231227,77,1,2,79,4_S7,4.4633093e-06,8.4706635e-06,0.0006448562,8.983163e-05,0.955662,0.043590453,4_S7
c2_p077_20240115_o09,p077_20240115,77,1,2,81,5_S8,2.9273433e-08,2.5689303e-08,1.0017397e-06,9.31995e-08,0.00079879566,0.99920005,5_S8
c2_p077_20240119_o08,p077_20240119,77,1,2,84,5_S8,1.3624863e-07,5.189962e-08,5.811337e-07,1.0362699e-07,4.4975714e-05,0.9999542,5_S8
c2_p077_20240126_o01,p077_20240126,77,1,2,88,5_S8,1.3410722e-06,7.1333244e-07,1.11162835e-05,9.319466e-06,0.0012107223,0.9987669,5_S8
c2_p078_20231006_o07,p078_20231006,78,1,2,13,0_S1,0.9999987,1.9676082e-07,7.5769094e-07,5.260396e-08,2.1456856e-07,9.887748e-08,0_S1
c2_p078_20231011_o06,p078_20231011,78,1,2,13,0_S1,0.99999475,8.693864e-07,3.685009e-06,1.771377e-07,4.125383e-07,1.8782336e-07,0_S1
c2_p078_20231017_o03,p078_20231017,78,1,2,13,0_S1,0.9999776,3.9139645e-06,1.6956214e-05,5.3714905e-07,7.6119625e-07,2.9259036e-07,0_S1
c2_p078_20231019_o05,p078_20231019,78,1,2,14,0_S1,0.9998462,2.3787483e-05,0.00011202584,4.9489995e-06,1.0560575e-05,2.4053572e-06,0_S1
c2_p078_20231023_o06,p078_20231023,78,1,2,51,2_S5,0.99968326,4.511515e-05,0.00022609005,2.8904551e-05,1.2401922e-05,4.2748534e-06,0_S1
c2_p078_20231027_o12,p078_20231027,78,1,2,53,2_S5,0.11316621,0.14536671,0.68593204,0.04228408,0.010530294,0.002720641,2_S5
c2_p078_20231101_o05,p078_20231101,78,1,2,60,3_S6,0.0036355155,0.04990657,0.8197794,0.122159526,0.004050836,0.00046816803,2_S5
c2_p078_20231106_o09,p078_20231106,78,1,2,63,3_S6,4.76959e-05,0.0054146545,0.03473664,0.92949927,0.030218957,8.28574e-05,3_S6
c2_p078_20231109_o05,p078_20231109,78,1,2,70,4_S7,0.0001423246,0.0077399965,0.04158383,0.89053094,0.058624703,0.0013782878,3_S6
c2_p078_20231120_o11,p078_20231120,78,1,2,71,4_S7,4.714265e-05,0.0028066556,0.00425629,0.53216696,0.45770538,0.0030175524,3_S6
c2_p078_20231127_o10,p078_20231127,78,1,2,72,4_S7,2.3138074e-07,1.3054525e-05,0.0001327541,0.11537116,0.88441396,6.8824644e-05,4_S7
c2_p078_20231130_o12,p078_20231130,78,1,2,74,4_S7,2.6247417e-08,4.3395292e-07,4.656537e-05,8.124142e-05,0.9984275,0.0014442672,4_S7
c2_p078_20231204_o03,p078_20231204,78,1,2,76,4_S7,9.913519e-06,0.00017681853,0.00031835682,0.21448869,0.7849097,9.648552e-05,4_S7
c2_p078_20231211_o08,p078_20231211,78,1,2,78,4_S7,6.9381854e-06,5.2537882e-05,0.0005376773,0.0071031707,0.99093014,0.0013694731,4_S7
c2_p078_20231214_o03,p078_20231214,78,1,2,79,4_S7,1.6691009e-05,0.0010074854,0.0009331484,0.04831578,0.9483981,0.0013287115,4_S7
c2_p078_20231218_o05,p078_20231218,78,1,2,79,4_S7,9.259599e-07,3.2632793e-06,6.059127e-05,4.074665e-05,0.954074,0.04582043,4_S7
c2_p078_20231227_o04,p078_20231227,78,1,2,79,4_S7,2.2330978e-05,0.00021107984,0.0019109163,0.0051926156,0.9502943,0.042368814,4_S7
c2_p078_20240115_o06,p078_20240115,78,1,2,83,5_S8,0.0038686031,0.0063999,0.028087527,0.006407519,0.35554463,0.5996918,5_S8
c2_p078_20240119_o01,p078_20240119,78,1,2,84,5_S8,5.296613e-08,2.6199388e-08,1.334241e-06,1.439122e-07,1.8261373e-05,0.9999802,5_S8
c2_p078_20240126_o09,p078_20240126,78,1,2,89,5_S8,1.3121595e-06,1.3965587e-06,6.63571e-06,6.7899496e-06,0.00012564528,0.99985814,5_S8
c2_p083_20231128_o06,p083_20231128,83,1,2,68,3_S6,0.020054216,0.0026235376,0.006864553,0.47605678,0.48813644,0.006264479,4_S7
c2_p083_20231130_o04,p083_20231130,83,1,2,69,3_S6,0.0006152484,0.0013372779,0.001489941,0.8935133,0.10263363,0.0004105599,3_S6
c2_p083_20231204_o09,p083_20231204,83,1,2,70,4_S7,0.00026685916,0.00026330422,0.00018764586,0.72285026,0.2762613,0.00017066962,3_S6
c2_p083_20231207_o03,p083_20231207,83,1,2,71,4_S7,0.015223234,0.013032753,0.092656426,0.27389947,0.5758393,0.029348785,4_S7
c2_p083_20231211_o05,p083_20231211,83,1,2,73,4_S7,7.452804e-05,7.197554e-05,0.0023215415,0.01667769,0.9778942,0.0029601422,4_S7
c2_p083_20231218_o06,p083_20231218,83,1,2,75,4_S7,5.931759e-07,1.3955472e-06,7.117019e-05,3.0616106e-05,0.99665964,0.0032365888,4_S7
c2_p083_20231227_o02,p083_20231227,83,1,2,77,4_S7,6.673713e-06,5.3077e-05,0.0044174665,0.0026968368,0.9859861,0.006839783,4_S7
c2_p083_20240115_o01,p083_20240115,83,1,2,78,4_S7,1.1779757e-06,1.4061476e-06,0.00013448866,3.93318e-05,0.9548605,0.044963036,4_S7
c2_p083_20240119_o03,p083_20240119,83,1,2,79,4_S7,3.159514e-05,0.0002773208,0.013521376,0.024162332,0.9444206,0.017586686,4_S7
c2_p083_20240126_o04,p083_20240126,83,1,2,83,5_S8,3.182984e-10,4.3189324e-10,1.0867704e-08,1.3480488e-09,3.9399052e-05,0.99996054,5_S8
c2_p085_20231128_o03,p085_20231128,85,1,2,65,3_S6,0.0014883489,0.0014308209,0.0040035914,0.82505953,0.1660822,0.0019354944,3_S6
c2_p085_20231130_o01,p085_20231130,85,1,2,68,3_S6,0.00020134536,0.00082161324,0.0009605142,0.9608367,0.037099786,8.009622e-05,3_S6
c2_p085_20231204_o03,p085_20231204,85,1,2,69,3_S6,0.000254188,0.0008184645,0.0004999997,0.8658017,0.13247198,0.00015365878,3_S6
c2_p085_20231207_o03,p085_20231207,85,1,2,70,4_S7,0.00066422665,0.001668359,0.035899382,0.076753296,0.8667323,0.018282406,4_S7
c2_p085_20231211_o11,p085_20231211,85,1,2,71,4_S7,0.0014056831,0.00094971474,0.007985476,0.14283873,0.8425534,0.004267054,4_S7
c2_p085_20231218_o12,p085_20231218,85,1,2,72,4_S7,3.8653077e-05,0.00016283085,0.007452125,0.0025089665,0.98029053,0.009546784,4_S7
c2_p085_20231227_o07,p085_20231227,85,1,2,74,4_S7,2.1022597e-05,0.00012508167,0.0032297547,0.00633419,0.95092547,0.039364584,4_S7
c2_p085_20240115_o05,p085_20240115,85,1,2,77,4_S7,2.5325862e-05,4.187692e-05,0.0034755499,0.0136064915,0.9743104,0.008540309,4_S7
c2_p085_20240119_o04,p085_20240119,85,1,2,79,4_S7,3.462242e-06,3.0726933e-06,0.0007301468,0.00010161223,0.99611735,0.00304432,4_S7
c2_p085_20240126_o02,p085_20240126,85,1,2,81,5_S8,1.5047352e-09,4.0636925e-09,8.967234e-08,9.97935e-09,0.0001078877,0.999892,5_S8
c2_p089_20231128_o06,p089_20231128,89,1,2,64,3_S6,0.0013861593,0.008262565,0.008059011,0.8673252,0.11349866,0.0014683618,3_S6
c2_p089_20231130_o04,p089_20231130,89,1,2,67,3_S6,6.193219e-05,0.0025080012,0.003635521,0.80071795,0.19291653,0.00016014931,3_S6
c2_p089_20231204_o06,p089_20231204,89,1,2,68,3_S6,0.000116133815,0.00032072276,0.00015165133,0.9173093,0.08203726,6.49756e-05,3_S6
c2_p089_20231207_o04,p089_20231207,89,1,2,70,4_S7,4.345044e-06,0.000103313854,0.013732441,0.044214256,0.9411806,0.00076505134,4_S7
c2_p089_20231211_o02,p089_20231211,89,1,2,71,4_S7,6.199916e-05,7.817341e-05,0.0003947384,0.025915498,0.96552646,0.008023013,4_S7
c2_p089_20231218_o03,p089_20231218,89,1,2,73,4_S7,5.1977277e-06,9.431425e-05,0.0016891169,0.0075072795,0.98885006,0.0018540019,4_S7
c2_p089_20231227_o04,p089_20231227,89,1,2,74,4_S7,3.861258e-06,5.493277e-05,0.0010906733,0.012715131,0.9832879,0.002847496,4_S7
c2_p089_20240115_o10,p089_20240115,89,1,2,77,4_S7,1.8935003e-06,8.178162e-06,0.00034759328,7.121948e-05,0.96949536,0.03007574,4_S7
c2_p089_20240119_o08,p089_20240119,89,1,2,78,4_S7,0.006302972,0.003541397,0.07034912,0.020645019,0.8579255,0.041236144,4_S7
c2_p089_20240126_o03,p089_20240126,89,1,2,81,5_S8,1.633451e-07,2.1551493e-06,3.3283974e-05,5.9979935e-05,0.9451939,0.05471059,4_S7
c2_p097_20231128_o06,p097_20231128,97,1,2,64,3_S6,0.00028252025,0.010638436,0.013903761,0.9295736,0.04515899,0.00044273818,3_S6
c2_p097_20231130_o01,p097_20231130,97,1,2,67,3_S6,8.028337e-05,0.00047224955,0.0003782849,0.9455293,0.05348693,5.3052634e-05,3_S6
c2_p097_20231204_o03,p097_20231204,97,1,2,69,3_S6,4.1522428e-05,0.00081687456,0.00033907458,0.9566325,0.04214256,2.7449516e-05,3_S6
c2_p097_20231207_o08,p097_20231207,97,1,2,68,3_S6,0.00039398717,0.0099888025,0.032373674,0.73741996,0.2178023,0.0020213132,3_S6
c2_p097_20231211_o06,p097_20231211,97,1,2,69,3_S6,0.00016023277,0.0017146233,0.0073206364,0.3055614,0.6833013,0.0019418487,4_S7
c2_p097_20231218_o06,p097_20231218,97,1,2,71,4_S7,1.6054593e-06,6.316211e-05,0.00059708674,0.005213267,0.99267733,0.0014474373,4_S7
c2_p097_20231227_o08,p097_20231227,97,1,2,72,4_S7,2.0583018e-06,8.671545e-06,0.0001095944,0.00014284239,0.9852747,0.014462062,4_S7
c2_p097_20240115_o08,p097_20240115,97,1,2,75,4_S7,1.061901e-06,1.025713e-06,5.1826613e-05,1.2828389e-05,0.9055617,0.09437163,4_S7
c2_p097_20240119_o09,p097_20240119,97,1,2,79,4_S7,0.002033291,0.000456632,0.027639054,0.012387321,0.7437505,0.21373324,4_S7
c2_p097_20240126_o08,p097_20240126,97,1,2,80,5_S8,2.7893176e-07,4.119621e-07,6.06259e-06,6.7852045e-07,0.6749317,0.3250609,4_S7
c2_p099_20231128_o03,p099_20231128,99,1,2,65,3_S6,0.0005201222,0.0022940969,0.010592037,0.91638035,0.06984907,0.00036424713,3_S6
c2_p099_20231130_o08,p099_20231130,99,1,2,66,3_S6,5.4482047e-05,0.00081461045,0.0002364458,0.9739226,0.02492626,4.552675e-05,3_S6
c2_p099_20231204_o05,p099_20231204,99,1,2,68,3_S6,5.200102e-05,0.00038215506,0.0001493044,0.9551728,0.044211775,3.1940344e-05,3_S6
c2_p099_20231207_o08,p099_20231207,99,1,2,70,4_S7,0.00060093915,0.004364789,0.26828,0.19603619,0.5182169,0.012501204,4_S7
c2_p099_20231211_o05,p099_20231211,99,1,2,71,4_S7,0.00011251083,0.0008802585,0.0026230651,0.47599638,0.5187637,0.001624056,4_S7
c2_p099_20231218_o12,p099_20231218,99,1,2,72,4_S7,1.7356755e-05,0.0014674388,0.0070443815,0.044471383,0.9426815,0.0043179193,4_S7
c2_p099_20231227_o05,p099_20231227,99,1,2,74,4_S7,1.1145496e-06,5.9021786e-06,0.0005740295,0.000108062246,0.9959245,0.0033865045,4_S7
c2_p099_20240115_o12,p099_20240115,99,1,2,78,4_S7,1.31498455e-05,0.00037269408,0.0016034555,0.005217268,0.95672053,0.03607292,4_S7
c2_p099_20240119_o05,p099_20240119,99,1,2,79,4_S7,0.00056391273,0.0037765861,0.053005464,0.066612765,0.83125126,0.044789962,4_S7
c2_p099_20240126_o09,p099_20240126,99,1,2,80,5_S8,5.460105e-07,4.164184e-06,0.00019606607,1.9291472e-05,0.7658993,0.23388064,4_S7
c2_p003_20230816_o02,p003_20230816,3,2,2,64,3_S6,0.0021643892,0.015816608,0.10453818,0.8568898,0.020501213,8.984486e-05,3_S6
c2_p003_20230921_o08,p003_20230921,3,2,2,77,4_S7,0.00057100516,0.0015922354,0.02077848,0.2233827,0.75333124,0.00034430219,4_S7
c2_p003_20231005_o08,p003_20231005,3,2,2,79,4_S7,0.0001911455,0.00043632928,0.010070625,0.055351093,0.9320826,0.0018682744,4_S7
c2_p004_20230816_o11,p004_20230816,4,2,2,61,3_S6,0.0042299763,0.0112411855,0.119746,0.65216905,0.21168697,0.0009268302,3_S6
c2_p004_20230921_o02,p004_20230921,4,2,2,79,4_S7,0.0014559895,0.002591864,0.024295507,0.21896595,0.75231254,0.000378162,4_S7
c2_p004_20231005_o12,p004_20231005,4,2,2,82,5_S8,0.005654139,0.0071089566,0.06752935,0.09302109,0.7967374,0.029949116,4_S7
c2_p009_20230816_o11,p009_20230816,9,2,2,64,3_S6,2.3836528e-06,2.911329e-05,0.0006438604,0.40435976,0.5949525,1.2315321e-05,4_S7
c2_p009_20230921_o10,p009_20230921,9,2,2,75,4_S7,0.0003195337,2.6113838e-05,0.0006879551,0.0001964196,0.99771,0.0010599188,4_S7
c2_p009_20231005_o01,p009_20231005,9,2,2,84,5_S8,0.0006247203,7.039068e-05,0.0011030756,0.00012097567,0.20650612,0.79157466,5_S8
c2_p014_20230816_o08,p014_20230816,14,2,2,69,3_S6,8.2677405e-05,0.001231101,0.015727345,0.94082683,0.04210958,2.250462e-05,3_S6
c2_p014_20230921_o02,p014_20230921,14,2,2,76,4_S7,4.601736e-05,1.8427272e-05,0.00073046266,0.00056209014,0.99786156,0.0007813896,4_S7
c2_p014_20231005_o06,p014_20231005,14,2,2,79,4_S7,2.5704173e-07,1.9213275e-07,6.0168804e-06,4.0180917e-06,0.99868387,0.0013055543,4_S7
c2_p015_20230816_o01,p015_20230816,15,2,2,66,3_S6,6.721468e-05,0.00050475495,0.006382831,0.87352186,0.11946169,6.161539e-05,3_S6
c2_p015_20230921_o12,p015_20230921,15,2,2,73,4_S7,2.6910677e-05,3.837709e-05,0.0022351476,0.0057241055,0.99033374,0.001641749,4_S7
c2_p015_20231005_o06,p015_20231005,15,2,2,77,4_S7,0.00032751553,0.0009772107,0.01656861,0.021880072,0.9587166,0.0015299834,4_S7
c2_p018_20230816_o11,p018_20230816,18,2,2,68,3_S6,5.0972572e-05,0.0006658479,0.009360841,0.93987197,0.050022215,2.810324e-05,3_S6
c2_p018_20230921_o10,p018_20230921,18,2,2,78,4_S7,8.360442e-05,1.802823e-05,0.00032178155,0.0006679036,0.99741864,0.0014900655,4_S7
c2_p018_20231005_o05,p018_20231005,18,2,2,89,5_S8,2.1064855e-06,2.819356e-06,0.00013464842,0.0008296999,0.9850301,0.014000622,4_S7
c2_p019_20230816_o03,p019_20230816,19,2,2,70,4_S7,6.854164e-05,0.0006211073,0.008817555,0.68044776,0.31001246,3.2576205e-05,3_S6
c2_p019_20230921_o01,p019_20230921,19,2,2,78,4_S7,1.6536826e-06,7.684488e-07,1.6783639e-05,0.00047488752,0.9992124,0.00029342138,4_S7
c2_p019_20231005_o07,p019_20231005,19,2,2,85,5_S8,7.787629e-05,8.1681865e-05,0.0019925067,0.0020152316,0.7083526,0.2874801,4_S7
c2_p020_20230816_o03,p020_20230816,20,2,2,70,4_S7,5.5430733e-05,0.0005358105,0.004294765,0.92513514,0.069957405,2.1474378e-05,3_S6
c2_p020_20230921_o01,p020_20230921,20,2,2,72,4_S7,0.0007173219,0.0006967932,0.018938443,0.04718869,0.92902344,0.003435407,4_S7
c2_p020_20231005_o10,p020_20231005,20,2,2,78,4_S7,2.6222044e-05,2.9207895e-05,0.00071052567,0.0005037305,0.99765766,0.0010727885,4_S7
c2_p022_20230828_o11,p022_20230828,22,2,2,19,0_S1,0.81359494,0.05812751,0.12736757,0.00042622656,0.00023998693,0.00024381942,0_S1
c2_p022_20230904_o01,p022_20230904,22,2,2,53,2_S5,0.06122297,0.15744106,0.33701617,0.35081658,0.08944221,0.004061006,3_S6
c2_p022_20230908_o03,p022_20230908,22,2,2,63,3_S6,2.9030245e-05,0.00023741736,0.0062179775,0.9725533,0.020943709,1.8566354e-05,3_S6
c2_p022_20230921_o11,p022_20230921,22,2,2,70,4_S7,8.6826816e-07,8.822447e-06,0.00038380772,0.38555753,0.6140291,1.9877598e-05,4_S7
c2_p022_20231006_o06,p022_20231006,22,2,2,72,4_S7,7.007966e-06,3.6879712e-05,0.00067229086,0.055855937,0.9433062,0.000121638244,4_S7
c2_p022_20231017_o03,p022_20231017,22,2,2,75,4_S7,1.966015e-05,0.00023239103,0.008978282,0.68113554,0.3095816,5.250983e-05,3_S6
c2_p022_20231023_o02,p022_20231023,22,2,2,77,4_S7,2.3236932e-07,1.5928946e-06,0.00010229644,0.0018115161,0.9976955,0.0003888134,4_S7
c2_p022_20231027_o12,p022_20231027,22,2,2,78,4_S7,1.7030408e-05,6.473685e-05,0.0020540871,0.0051960554,0.93279314,0.059874985,4_S7
c2_p022_20231101_o10,p022_20231101,22,2,2,79,4_S7,1.7524868e-05,8.045963e-05,0.0016339828,0.008555993,0.83766735,0.15204468,4_S7
c2_p022_20231106_o07,p022_20231106,22,2,2,80,5_S8,1.2226058e-05,4.1555933e-05,0.0011865379,0.00049528695,0.9307046,0.06755992,4_S7
c2_p022_20231109_o10,p022_20231109,22,2,2,80,5_S8,0.00010221705,0.00028212534,0.010405091,0.002904964,0.7735745,0.21273124,4_S7
c2_p022_20231120_o03,p022_20231120,22,2,2,84,5_S8,6.252257e-06,9.517783e-06,0.00028482068,2.9853636e-05,0.20069756,0.7989721,5_S8
c2_p022_20231124_o02,p022_20231124,22,2,2,86,5_S8,2.1922062e-07,1.9652009e-07,1.1023822e-05,7.3115956e-08,0.0017017637,0.99828666,5_S8
c2_p022_20231127_o03,p022_20231127,22,2,2,88,5_S8,3.0907795e-08,4.8203617e-08,3.663786e-06,4.5345253e-08,0.0004044507,0.9995919,5_S8
c2_p022_20231130_o04,p022_20231130,22,2,2,89,5_S8,2.7596625e-08,3.130342e-08,1.5391641e-06,3.3610068e-08,0.0004078776,0.9995906,5_S8
c2_p024_20230828_o03,p024_20230828,24,2,2,15,0_S1,0.9559787,0.023316845,0.020375023,0.00012258887,0.000115077375,9.163663e-05,0_S1
c2_p024_20230904_o03,p024_20230904,24,2,2,17,0_S1,0.19949234,0.40445817,0.28765658,0.08716558,0.01850514,0.0027222473,1_S2
c2_p024_20230908_o11,p024_20230908,24,2,2,23,1_S2,0.00025519685,0.0014807099,0.02316255,0.9076428,0.067327745,0.00013100577,3_S6
c2_p024_20230921_o04,p024_20230921,24,2,2,28,1_S2,2.6040563e-05,0.00011539555,0.0024813293,0.3307805,0.6664738,0.00012296322,4_S7
c2_p024_20231006_o08,p024_20231006,24,2,2,29,1_S2,0.0003743052,0.0010408344,0.020685025,0.13343416,0.8436096,0.00085613015,4_S7
c2_p024_20231017_o08,p024_20231017,24,2,2,29,1_S2,3.942659e-05,0.00040200073,0.025571883,0.081463814,0.8923413,0.0001814758,4_S7
c2_p024_20231023_o12,p024_20231023,24,2,2,29,1_S2,0.00039354438,0.0036338586,0.091087885,0.42572522,0.47792786,0.001231591,4_S7
c2_p024_20231027_o10,p024_20231027,24,2,2,29,1_S2,1.8879507e-05,0.00017725199,0.01852459,0.011107359,0.96789235,0.0022795482,4_S7
c2_p024_20231101_o07,p024_20231101,24,2,2,29,1_S2,5.4521147e-06,1.9221503e-05,0.00062688027,0.001467757,0.95279616,0.045084573,4_S7
c2_p024_20231106_o04,p024_20231106,24,2,2,29,1_S2,0.00014189418,0.0007529051,0.03167781,0.026133677,0.9095512,0.031742487,4_S7
c2_p024_20231109_o02,p024_20231109,24,2,2,29,1_S2,6.354829e-05,9.6604395e-05,0.009149226,0.00048604773,0.49900422,0.4912004,4_S7
c2_p024_20231120_o03,p024_20231120,24,2,2,29,1_S2,7.040981e-05,0.000115023264,0.009395114,0.0010760484,0.23435313,0.7549903,5_S8
c2_p024_20231124_o02,p024_20231124,24,2,2,29,1_S2,8.3872925e-05,0.00012861821,0.04480049,0.00027286922,0.29139292,0.6633212,5_S8
c2_p024_20231127_o07,p024_20231127,24,2,2,51,2_S5,4.5680986e-06,1.7624436e-05,0.005997654,7.399149e-05,0.765294,0.22861211,4_S7
c2_p024_20231130_o09,p024_20231130,24,2,2,51,2_S5,0.00024008034,0.0002722373,0.02672307,0.00035548655,0.44643542,0.5259737,5_S8
c2_p028_20230828_o02,p028_20230828,28,2,2,15,0_S1,0.87157965,0.0689838,0.05874237,0.00035902462,0.0002082995,0.00012683815,0_S1
c2_p028_20230904_o08,p028_20230904,28,2,2,51,2_S5,0.22304936,0.18269497,0.42298168,0.13907506,0.030146986,0.002051935,2_S5
c2_p028_20230908_o06,p028_20230908,28,2,2,61,3_S6,0.00024320728,0.0012538494,0.061203677,0.89206505,0.045155197,7.895032e-05,3_S6
c2_p028_20230921_o11,p028_20230921,28,2,2,70,4_S7,3.942278e-06,1.7070455e-05,0.0003653993,0.07841206,0.92112845,7.3054136e-05,4_S7
c2_p028_20231006_o03,p028_20231006,28,2,2,73,4_S7,0.00027296162,0.0011719704,0.031611755,0.6012228,0.36501244,0.00070812006,3_S6
c2_p028_20231017_o02,p028_20231017,28,2,2,74,4_S7,0.00033619697,0.003233867,0.07237477,0.7612569,0.16264476,0.00015349648,3_S6
c2_p028_20231023_o10,p028_20231023,28,2,2,75,4_S7,8.943766e-06,0.00014624617,0.0053944867,0.47012663,0.52416813,0.00015551144,4_S7
c2_p028_20231027_o04,p028_20231027,28,2,2,76,4_S7,3.263204e-07,1.4945089e-06,9.695942e-05,0.00021201973,0.99675375,0.0029353844,4_S7
c2_p028_20231101_o04,p028_20231101,28,2,2,77,4_S7,5.96242e-06,2.327888e-05,0.00066557474,0.0015816645,0.97902566,0.018697914,4_S7
c2_p028_20231106_o12,p028_20231106,28,2,2,78,4_S7,8.315861e-06,1.3201814e-05,0.00029212332,0.00015560769,0.9003788,0.09915189,4_S7
c2_p028_20231109_o10,p028_20231109,28,2,2,79,4_S7,6.196237e-06,1.46176535e-05,0.00057205086,0.00022971733,0.80984104,0.18933645,4_S7
c2_p028_20231120_o10,p028_20231120,28,2,2,81,5_S8,6.8544995e-07,7.268533e-07,1.6077765e-05,2.3152325e-06,0.005253078,0.9947271,5_S8
c2_p028_20231124_o08,p028_20231124,28,2,2,84,5_S8,5.748962e-06,4.4386807e-06,0.0013099648,6.6175826e-06,0.17352106,0.8251522,5_S8
c2_p028_20231127_o07,p028_20231127,28,2,2,86,5_S8,3.4144731e-09,2.2923994e-09,4.7208653e-07,4.5253143e-09,0.00025849702,0.999741,5_S8
c2_p028_20231130_o06,p028_20231130,28,2,2,89,5_S8,1.104924e-08,8.992312e-09,6.892035e-07,1.7731017e-08,0.0011967224,0.99880254,5_S8
c2_p033_20230828_o06,p033_20230828,33,2,2,16,0_S1,0.8112417,0.11231627,0.0747836,0.0012922088,0.00025557456,0.00011073467,0_S1
c2_p033_20230904_o10,p033_20230904,33,2,2,52,2_S5,0.07925843,0.21992207,0.4724507,0.21542242,0.012392429,0.0005539006,2_S5
c2_p033_20230908_o11,p033_20230908,33,2,2,61,3_S6,3.5472688e-06,5.6063836e-05,0.00085587846,0.9546663,0.044412367,5.817916e-06,3_S6
c2_p033_20230921_o04,p033_20230921,33,2,2,70,4_S7,3.064137e-05,0.000121190606,0.0016045588,0.31920043,0.67884403,0.00019912263,4_S7
c2_p033_20231006_o08,p033_20231006,33,2,2,72,4_S7,6.2740105e-06,4.9723345e-05,0.0010303768,0.38954812,0.6092767,8.8806104e-05,4_S7
c2_p033_20231017_o11,p033_20231017,33,2,2,73,4_S7,1.2580809e-05,4.703161e-05,0.0005434741,0.19049759,0.8086968,0.00020249904,4_S7
c2_p033_20231023_o03,p033_20231023,33,2,2,74,4_S7,4.039935e-07,3.7831292e-06,4.76564e-05,0.0117608365,0.98804295,0.00014436513,4_S7
c2_p033_20231027_o06,p033_20231027,33,2,2,75,4_S7,3.358189e-07,2.6895877e-06,0.00019945428,0.002195587,0.9968803,0.00072164705,4_S7
c2_p033_20231101_o02,p033_20231101,33,2,2,76,4_S7,1.2948146e-08,1.1375254e-07,8.5435195e-06,0.00025379495,0.99963593,0.00010161256,4_S7
c2_p033_20231106_o01,p033_20231106,33,2,2,77,4_S7,5.76111e-06,2.8357555e-05,0.0011894071,0.01053368,0.9864139,0.0018288887,4_S7
c2_p033_20231109_o06,p033_20231109,33,2,2,78,4_S7,1.1729435e-06,5.0528583e-06,0.00047252185,0.0003339701,0.9514735,0.047713824,4_S7
c2_p033_20231120_o10,p033_20231120,33,2,2,83,5_S8,5.201797e-09,1.0826474e-08,5.3441767e-07,8.523486e-07,0.0713609,0.9286377,5_S8
c2_p033_20231124_o09,p033_20231124,33,2,2,85,5_S8,1.1893119e-07,1.4450414e-07,1.9495463e-05,4.7059555e-07,0.0029009564,0.9970789,5_S8
c2_p033_20231127_o07,p033_20231127,33,2,2,87,5_S8,3.509729e-07,5.4532245e-07,5.055408e-05,1.3862067e-06,0.005854095,0.994093,5_S8
c2_p033_20231130_o02,p033_20231130,33,2,2,89,5_S8,1.2588639e-05,1.1860561e-05,0.0012970311,1.5909174e-05,0.078558296,0.9201044,5_S8
c2_p040_20230828_o08,p040_20230828,40,2,2,14,0_S1,0.9237003,0.038763337,0.03731811,0.00012699194,3.9043578e-05,5.2297426e-05,0_S1
c2_p040_20230904_o01,p040_20230904,40,2,2,54,2_S5,0.0736227,0.18840133,0.36436594,0.36384004,0.009301755,0.0004682427,2_S5
c2_p040_20230908_o05,p040_20230908,40,2,2,62,3_S6,0.00044639956,0.0028168692,0.05573911,0.8884369,0.052377548,0.0001831393,3_S6
c2_p040_20230921_o04,p040_20230921,40,2,2,65,3_S6,6.606427e-06,8.196845e-05,0.0012786599,0.7617899,0.2367969,4.6027475e-05,3_S6
c2_p040_20231006_o03,p040_20231006,40,2,2,71,4_S7,3.0863648e-05,0.00026762983,0.00214334,0.73676443,0.26065952,0.0001342187,3_S6
c2_p040_20231017_o12,p040_20231017,40,2,2,72,4_S7,5.4737154e-07,4.97531e-06,0.000103202714,0.3465776,0.6533081,5.569543e-06,4_S7
c2_p040_20231023_o04,p040_20231023,40,2,2,73,4_S7,7.922024e-06,8.771103e-05,0.0013914496,0.4064718,0.5918502,0.00019087673,4_S7
c2_p040_20231027_o07,p040_20231027,40,2,2,74,4_S7,2.7864405e-06,1.9003768e-05,0.00055511016,0.009977605,0.9831033,0.006342191,4_S7
c2_p040_20231101_o10,p040_20231101,40,2,2,75,4_S7,1.3419087e-05,8.166374e-05,0.0010087979,0.070592135,0.9220795,0.0062244725,4_S7
c2_p040_20231106_o09,p040_20231106,40,2,2,76,4_S7,0.00018230686,0.0003899441,0.0063257976,0.08405332,0.90743834,0.0016103599,4_S7
c2_p040_20231109_o12,p040_20231109,40,2,2,77,4_S7,8.217632e-08,4.008884e-07,1.4234481e-05,0.00027885992,0.9979965,0.0017098084,4_S7
c2_p040_20231120_o10,p040_20231120,40,2,2,81,5_S8,1.0865125e-05,4.245998e-05,0.0007800366,0.0018029878,0.12481355,0.87255013,5_S8
c2_p040_20231124_o11,p040_20231124,40,2,2,82,5_S8,2.2204758e-05,6.4045795e-05,0.009714892,0.0002593269,0.19159855,0.798341,5_S8
c2_p040_20231127_o01,p040_20231127,40,2,2,84,5_S8,8.353182e-06,2.006337e-05,0.0045444192,0.00010371427,0.26501754,0.7303059,5_S8
c2_p040_20231130_o10,p040_20231130,40,2,2,87,5_S8,3.723019e-07,7.448499e-07,4.6496312e-05,6.013292e-06,0.007910579,0.9920358,5_S8
c2_p052_20230929_o06,p052_20230929,52,2,2,13,0_S1,0.99940467,0.00019326978,0.0004004624,1.0740266e-07,1.3434875e-07,1.424283e-06,0_S1
c2_p052_20231004_o08,p052_20231004,52,2,2,13,0_S1,0.9994892,0.00025522165,0.00024469543,2.0724741e-07,1.1446474e-06,9.426182e-06,0_S1
c2_p052_20231011_o09,p052_20231011,52,2,2,14,0_S1,0.9675483,0.012203237,0.01998773,0.00013493601,5.4931275e-05,7.087927e-05,0_S1
c2_p052_20231017_o12,p052_20231017,52,2,2,52,2_S5,0.41928646,0.24637496,0.32546562,0.00801161,0.0006211464,0.00024024895,0_S1
c2_p052_20231019_o07,p052_20231019,52,2,2,53,2_S5,0.34306026,0.30364043,0.3132448,0.03532043,0.003226915,0.0015072763,0_S1
c2_p052_20231023_o08,p052_20231023,52,2,2,61,3_S6,0.08396438,0.39668244,0.27304414,0.23684555,0.008819391,0.00064411346,1_S2
c2_p052_20231027_o05,p052_20231027,52,2,2,68,3_S6,0.0022104469,0.026772937,0.1535999,0.7710665,0.045759056,0.0005911506,3_S6
c2_p052_20231101_o08,p052_20231101,52,2,2,67,3_S6,0.00012641998,0.0019570724,0.018073156,0.88895595,0.090829626,5.778845e-05,3_S6
c2_p052_20231106_o11,p052_20231106,52,2,2,68,3_S6,9.013884e-05,0.0011201267,0.016057195,0.8188691,0.16376881,9.460497e-05,3_S6
c2_p052_20231109_o12,p052_20231109,52,2,2,70,4_S7,0.00017292723,0.0017431902,0.061320957,0.8372127,0.09942905,0.000121192155,3_S6
c2_p052_20231120_o10,p052_20231120,52,2,2,72,4_S7,1.4203383e-07,9.723093e-07,3.3553086e-05,0.00083646626,0.9971372,0.0019917756,4_S7
c2_p052_20231127_o06,p052_20231127,52,2,2,73,4_S7,5.627412e-06,1.6831347e-05,0.0011271554,0.00069926993,0.97770655,0.02044459,4_S7
c2_p052_20231130_o11,p052_20231130,52,2,2,75,4_S7,1.8764317e-06,3.5382498e-06,0.0003795331,0.00014880522,0.9835669,0.015899317,4_S7
c2_p052_20231204_o07,p052_20231204,52,2,2,76,4_S7,1.1370997e-06,1.0652374e-05,0.0009497985,0.0053372975,0.99105495,0.002646243,4_S7
c2_p052_20231211_o03,p052_20231211,52,2,2,77,4_S7,2.8510713e-05,4.2016523e-05,0.0053774943,0.00019397473,0.96119934,0.03315853,4_S7
c2_p052_20231214_o10,p052_20231214,52,2,2,78,4_S7,8.91748e-09,8.239396e-09,4.2868064e-07,5.544033e-07,0.81706333,0.18293568,4_S7
c2_p052_20231218_o12,p052_20231218,52,2,2,79,4_S7,5.650924e-06,9.2166493e-07,3.1941294e-05,2.614894e-06,0.6592971,0.34066182,4_S7
c2_p052_20231227_o07,p052_20231227,52,2,2,79,4_S7,2.020681e-08,1.55573e-08,2.0634639e-06,7.015225e-08,0.040753793,0.959244,5_S8
c2_p052_20240104_o09,p052_20240104,52,2,2,84,5_S8,7.442398e-08,6.955202e-08,7.877106e-06,9.899278e-08,0.0155528765,0.98443896,5_S8
c2_p058_20230929_o02,p058_20230929,58,2,2,13,0_S1,0.9997787,7.774686e-05,0.00014201508,5.1233073e-08,1.3498914e-07,1.2879004e-06,0_S1
c2_p058_20231004_o04,p058_20231004,58,2,2,13,0_S1,0.9986986,0.00074897753,0.00054823386,3.3796633e-07,4.5866076e-07,3.2994176e-06,0_S1
c2_p058_20231011_o04,p058_20231011,58,2,2,14,0_S1,0.9190568,0.023323582,0.057538737,3.2717075e-05,1.3125483e-05,3.5034816e-05,0_S1
c2_p058_20231017_o11,p058_20231017,58,2,2,52,2_S5,0.23428711,0.11773797,0.61271375,0.029015148,0.00476893,0.0014771145,2_S5
c2_p058_20231019_o06,p058_20231019,58,2,2,53,2_S5,0.1666501,0.2632215,0.5335798,0.034926366,0.001209595,0.00041260154,2_S5
c2_p058_20231023_o05,p058_20231023,58,2,2,54,2_S5,0.026507277,0.07542591,0.33260393,0.520247,0.044250403,0.0009655256,3_S6
c2_p058_20231027_o04,p058_20231027,58,2,2,55,2_S5,0.0036311457,0.016140617,0.16125396,0.68560684,0.13149859,0.0018688418,3_S6
c2_p058_20231101_o11,p058_20231101,58,2,2,59,2_S5,0.01024405,0.045741834,0.15372917,0.76778704,0.021905236,0.00059261924,3_S6
c2_p058_20231106_o06,p058_20231106,58,2,2,63,3_S6,0.0004530598,0.0029762685,0.038090244,0.5671434,0.38944152,0.0018955399,3_S6
c2_p058_20231109_o03,p058_20231109,58,2,2,64,3_S6,3.3148914e-05,0.00025087318,0.003458128,0.55433154,0.44120938,0.0007169803,3_S6
c2_p058_20231120_o02,p058_20231120,58,2,2,67,3_S6,9.390655e-09,2.6799956e-08,1.0468244e-06,0.00013716333,0.99943787,0.00042385806,4_S7
c2_p058_20231127_o04,p058_20231127,58,2,2,71,4_S7,1.9793255e-07,3.7776073e-07,6.0127673e-05,0.00015328053,0.9937734,0.006012504,4_S7
c2_p058_20231130_o06,p058_20231130,58,2,2,73,4_S7,8.904884e-08,4.8810836e-08,1.8112308e-06,2.8608167e-05,0.99783784,0.0021316428,4_S7
c2_p058_20231204_o05,p058_20231204,58,2,2,74,4_S7,1.9341362e-09,4.222133e-09,2.944619e-07,2.3281462e-05,0.9993548,0.0006217352,4_S7
c2_p058_20231211_o10,p058_20231211,58,2,2,75,4_S7,1.4069143e-07,5.2356427e-07,9.566789e-05,2.2990223e-05,0.99515885,0.0047219447,4_S7
c2_p058_20231214_o07,p058_20231214,58,2,2,76,4_S7,2.7124192e-09,4.500294e-09,3.053709e-07,1.6148298e-06,0.9963491,0.0036488874,4_S7
c2_p058_20231218_o02,p058_20231218,58,2,2,78,4_S7,1.282461e-07,6.342004e-08,5.735488e-06,4.8742993e-07,0.73343784,0.2665558,4_S7
c2_p058_20231227_o11,p058_20231227,58,2,2,79,4_S7,4.7310703e-08,1.4128859e-08,7.8233154e-07,2.4363374e-07,0.6153976,0.3846013,4_S7
c2_p058_20240104_o09,p058_20240104,58,2,2,81,5_S8,3.4043424e-08,6.3766166e-09,1.9196722e-07,2.4736405e-08,0.07380042,0.9261994,5_S8
c2_p060_20230929_o11,p060_20230929,60,2,2,13,0_S1,0.99977523,9.883743e-05,0.00012460143,5.1125618e-08,1.14719754e-07,1.2031284e-06,0_S1
c2_p060_20231004_o12,p060_20231004,60,2,2,13,0_S1,0.996234,0.001805177,0.001953947,1.0719571e-06,1.068337e-06,4.720333e-06,0_S1
c2_p060_20231011_o10,p060_20231011,60,2,2,53,2_S5,0.7416456,0.13794819,0.11610545,0.0036276872,0.00053085294,0.00014225212,0_S1
c2_p060_20231017_o06,p060_20231017,60,2,2,60,3_S6,0.3937779,0.26293898,0.30891934,0.03085937,0.0029131728,0.0005912166,0_S1
c2_p060_20231019_o10,p060_20231019,60,2,2,67,3_S6,0.06283612,0.21745732,0.5803838,0.13323504,0.0054121343,0.0006755688,2_S5
c2_p060_20231023_o02,p060_20231023,60,2,2,67,3_S6,0.0013670262,0.018292174,0.064563714,0.90133095,0.0143517945,9.437249e-05,3_S6
c2_p060_20231027_o01,p060_20231027,60,2,2,67,3_S6,0.00016906588,0.0022894486,0.077844635,0.71531326,0.20406567,0.00031791485,3_S6
c2_p060_20231101_o12,p060_20231101,60,2,2,70,4_S7,9.205027e-05,0.0008251195,0.013376335,0.86408436,0.12143266,0.00018946931,3_S6
c2_p060_20231106_o05,p060_20231106,60,2,2,70,4_S7,7.970645e-06,0.000118567,0.0022738872,0.6860562,0.31141287,0.00013054765,3_S6
c2_p060_20231109_o03,p060_20231109,60,2,2,70,4_S7,2.9620123e-06,7.481189e-05,0.0020401746,0.59201914,0.40576947,9.341308e-05,3_S6
c2_p060_20231120_o12,p060_20231120,60,2,2,71,4_S7,3.892636e-09,1.4790719e-08,1.2844408e-06,7.702983e-05,0.99889475,0.0010269537,4_S7
c2_p060_20231127_o10,p060_20231127,60,2,2,72,4_S7,5.005969e-07,1.0559321e-06,0.00018614443,8.205003e-05,0.99735105,0.0023791941,4_S7
c2_p060_20231130_o11,p060_20231130,60,2,2,73,4_S7,4.9550204e-06,1.7296074e-05,0.0023290454,0.00046633824,0.9656632,0.031519145,4_S7
c2_p060_20231204_o03,p060_20231204,60,2,2,74,4_S7,1.6324576e-06,3.5263038e-06,0.00048491397,0.00022890778,0.99568474,0.003596305,4_S7
c2_p060_20231211_o10,p060_20231211,60,2,2,75,4_S7,5.0789745e-06,7.2280604e-06,0.0018611802,9.402234e-06,0.60177433,0.3963428,4_S7
c2_p060_20231214_o05,p060_20231214,60,2,2,77,4_S7,1.42827465e-08,8.747002e-09,9.521277e-07,1.5505083e-07,0.65312165,0.34687725,4_S7
c2_p060_20231218_o11,p060_20231218,60,2,2,78,4_S7,2.1571235e-07,3.2952266e-07,2.3869647e-05,4.3670343e-06,0.8384051,0.16156618,4_S7
c2_p060_20231227_o04,p060_20231227,60,2,2,79,4_S7,1.5204398e-08,1.6697108e-08,1.5531242e-06,1.15384324e-07,0.14198205,0.85801625,5_S8
c2_p060_20240104_o06,p060_20240104,60,2,2,84,5_S8,1.9008966e-09,3.3759068e-10,2.8025365e-08,5.669194e-10,0.0055786767,0.9944213,5_S8
c2_p063_20231006_o02,p063_20231006,63,2,2,13,0_S1,0.9999875,4.3537375e-06,3.1864322e-06,8.695814e-09,5.3331485e-07,4.48368e-06,0_S1
c2_p063_20231011_o08,p063_20231011,63,2,2,13,0_S1,0.99992657,2.6098623e-05,4.4905297e-05,2.153048e-08,1.0766391e-07,2.1903122e-06,0_S1
c2_p063_20231017_o02,p063_20231017,63,2,2,13,0_S1,0.99930084,0.0003478805,0.00034948112,1.3556101e-07,1.9814412e-07,1.3430207e-06,0_S1
c2_p063_20231019_o11,p063_20231019,63,2,2,14,0_S1,0.9830602,0.00829544,0.008584761,1.5854546e-05,8.652608e-06,3.512108e-05,0_S1
c2_p063_20231023_o07,p063_20231023,63,2,2,14,0_S1,0.9871976,0.0034847204,0.00908914,0.000115329145,5.577182e-05,5.7425987e-05,0_S1
c2_p063_20231027_o11,p063_20231027,63,2,2,14,0_S1,0.31853753,0.23227477,0.44414768,0.004466734,0.0002565877,0.0003166973,2_S5
c2_p063_20231101_o11,p063_20231101,63,2,2,53,2_S5,0.06729507,0.1496164,0.68040836,0.099496566,0.002608902,0.00057474506,2_S5
c2_p063_20231106_o09,p063_20231106,63,2,2,60,3_S6,0.0005242031,0.005283488,0.05882286,0.8970784,0.03809926,0.00019173934,3_S6
c2_p063_20231109_o01,p063_20231109,63,2,2,64,3_S6,0.00045695098,0.0032513011,0.07369039,0.7793764,0.14219624,0.0010287793,3_S6
c2_p063_20231120_o10,p063_20231120,63,2,2,70,4_S7,1.1706705e-06,9.739558e-06,0.00027056818,0.10356797,0.8959843,0.00016633682,4_S7
c2_p063_20231127_o03,p063_20231127,63,2,2,71,4_S7,1.8505432e-07,2.7820641e-07,5.334714e-05,8.966314e-05,0.9953336,0.004522757,4_S7
c2_p063_20231130_o03,p063_20231130,63,2,2,72,4_S7,1.2723571e-07,5.839022e-07,7.936588e-05,0.00018824414,0.9973832,0.002348473,4_S7
c2_p063_20231204_o02,p063_20231204,63,2,2,75,4_S7,1.25695e-05,2.9194824e-05,0.0017245205,0.0020796896,0.98939604,0.006757974,4_S7
c2_p063_20231211_o06,p063_20231211,63,2,2,78,4_S7,1.8077884e-07,1.6487657e-07,1.7455373e-05,4.195449e-05,0.9983286,0.0016115517,4_S7
c2_p063_20231214_o04,p063_20231214,63,2,2,79,4_S7,6.587388e-05,0.00013558324,0.0010708243,0.004744849,0.9910424,0.002940384,4_S7
c2_p063_20231218_o01,p063_20231218,63,2,2,79,4_S7,1.0743785e-07,3.424438e-07,1.5475403e-05,0.00021302042,0.99858105,0.0011899935,4_S7
c2_p063_20231227_o09,p063_20231227,63,2,2,79,4_S7,1.7398746e-07,7.621055e-08,4.4166427e-06,2.1764856e-06,0.9442875,0.05570571,4_S7
c2_p063_20240115_o10,p063_20240115,63,2,2,83,5_S8,5.2698135e-07,3.5218505e-07,2.4972946e-05,8.195398e-07,0.17352417,0.8264492,5_S8
c2_p063_20240119_o04,p063_20240119,63,2,2,84,5_S8,1.5911895e-06,1.1127124e-06,5.4292665e-05,6.392525e-05,0.7668361,0.233043,4_S7
c2_p063_20240126_o04,p063_20240126,63,2,2,85,5_S8,2.7134633e-06,6.5214226e-07,1.3399448e-05,1.2504544e-05,0.024780536,0.97519016,5_S8
c2_p064_20231006_o06,p064_20231006,64,2,2,13,0_S1,0.9999869,7.102544e-06,4.103646e-06,1.0471997e-08,2.1521731e-07,1.7044448e-06,0_S1
c2_p064_20231011_o05,p064_20231011,64,2,2,13,0_S1,0.99996006,2.900756e-05,1.037337e-05,5.0626642e-08,1.5407576e-07,4.182278e-07,0_S1
c2_p064_20231017_o07,p064_20231017,64,2,2,13,0_S1,0.997719,0.00097111135,0.0013055175,9.252399e-07,5.5757107e-07,2.7492233e-06,0_S1
c2_p064_20231019_o12,p064_20231019,64,2,2,13,0_S1,0.9790927,0.010903845,0.009930781,1.8443947e-05,1.1401576e-05,4.2821022e-05,0_S1
c2_p064_20231023_o03,p064_20231023,64,2,2,13,0_S1,0.99580103,0.002254294,0.0019262746,3.902129e-06,4.0967147e-06,1.0372654e-05,0_S1
c2_p064_20231027_o03,p064_20231027,64,2,2,14,0_S1,0.58607364,0.16430932,0.24832225,0.00081283756,0.00019644968,0.00028546402,0_S1
c2_p064_20231101_o07,p064_20231101,64,2,2,52,2_S5,0.012491672,0.02920862,0.7681396,0.18427685,0.0053553637,0.0005279129,2_S5
c2_p064_20231106_o03,p064_20231106,64,2,2,61,3_S6,0.00021809062,0.002546475,0.034136467,0.95599943,0.007044235,5.533153e-05,3_S6
c2_p064_20231109_o05,p064_20231109,64,2,2,65,3_S6,0.00022374936,0.0018014783,0.030095624,0.9150016,0.05223306,0.00064456754,3_S6
c2_p064_20231120_o05,p064_20231120,64,2,2,69,3_S6,1.5670452e-05,9.554152e-05,0.0026602854,0.10538783,0.8898489,0.0019917113,4_S7
c2_p064_20231127_o01,p064_20231127,64,2,2,69,3_S6,1.0229517e-09,1.4586824e-09,3.274139e-07,1.0951431e-05,0.9999423,4.638802e-05,4_S7
c2_p064_20231130_o05,p064_20231130,64,2,2,71,4_S7,4.5590497e-08,5.0611686e-07,6.7340974e-05,0.0002566531,0.9984408,0.0012346376,4_S7
c2_p064_20231204_o02,p064_20231204,64,2,2,73,4_S7,5.1576596e-09,1.9411232e-08,4.1038124e-06,1.9639045e-05,0.9999465,2.9818782e-05,4_S7
c2_p064_20231211_o05,p064_20231211,64,2,2,75,4_S7,4.843442e-09,2.3128022e-08,5.1793027e-06,3.1629857e-05,0.99974746,0.00021579656,4_S7
c2_p064_20231214_o05,p064_20231214,64,2,2,77,4_S7,4.2084775e-08,3.933064e-08,7.7633933e-07,2.2763232e-05,0.99933064,0.0006457278,4_S7
c2_p064_20231218_o04,p064_20231218,64,2,2,78,4_S7,1.1329012e-07,1.3995815e-07,6.1962646e-06,2.114577e-05,0.9864784,0.013493994,4_S7
c2_p064_20231227_o06,p064_20231227,64,2,2,79,4_S7,2.1236163e-08,4.5973163e-08,6.502866e-06,1.6688929e-06,0.9808662,0.019125558,4_S7
c2_p064_20240115_o06,p064_20240115,64,2,2,79,4_S7,1.7993115e-07,2.1245233e-07,1.2853374e-05,1.332916e-06,0.64830625,0.35167924,4_S7
c2_p064_20240119_o04,p064_20240119,64,2,2,81,5_S8,3.261588e-07,4.291568e-07,3.8875572e-05,1.0440592e-05,0.9807632,0.019186586,4_S7
c2_p064_20240126_o08,p064_20240126,64,2,2,82,5_S8,1.6515129e-05,3.4513491e-06,6.349241e-05,4.4504268e-05,0.04275929,0.9571127,5_S8
c2_p065_20231006_o07,p065_20231006,65,2,2,13,0_S1,0.999985,7.668981e-06,5.172388e-06,1.0157051e-08,1.8982539e-07,1.9869594e-06,0_S1
c2_p065_20231011_o03,p065_20231011,65,2,2,13,0_S1,0.9999536,3.2681834e-05,1.2218636e-05,1.1953612e-07,3.8537706e-07,9.305759e-07,0_S1
c2_p065_20231017_o12,p065_20231017,65,2,2,13,0_S1,0.9957153,0.0016660382,0.0026084057,2.372102e-06,1.6398526e-06,6.2019376e-06,0_S1
c2_p065_20231019_o08,p065_20231019,65,2,2,13,0_S1,0.9856441,0.008260661,0.0060469233,1.4224188e-05,1.0140414e-05,2.4037874e-05,0_S1
c2_p065_20231023_o07,p065_20231023,65,2,2,13,0_S1,0.9868132,0.0063536963,0.0067468635,3.5785022e-05,1.7716493e-05,3.2691663e-05,0_S1
c2_p065_20231027_o10,p065_20231027,65,2,2,51,2_S5,0.1954821,0.15258303,0.6302005,0.018888883,0.0015949166,0.0012505862,2_S5
c2_p065_20231101_o02,p065_20231101,65,2,2,52,2_S5,0.07387245,0.14793791,0.6317274,0.14022066,0.005027066,0.0012145028,2_S5
c2_p065_20231106_o10,p065_20231106,65,2,2,60,3_S6,0.00017010621,0.0018003236,0.024660636,0.9553458,0.017903375,0.000119678276,3_S6
c2_p065_20231109_o10,p065_20231109,65,2,2,68,3_S6,8.8593464e-05,0.00080213393,0.017602446,0.8491171,0.13142294,0.0009666958,3_S6
c2_p065_20231120_o12,p065_20231120,65,2,2,70,4_S7,3.4404513e-07,2.9674857e-06,6.94934e-05,0.034767214,0.96495295,0.00020706789,4_S7
c2_p065_20231127_o07,p065_20231127,65,2,2,73,4_S7,5.2390526e-08,1.0383549e-07,1.2623824e-05,3.661076e-05,0.9991779,0.0007727667,4_S7
c2_p065_20231130_o04,p065_20231130,65,2,2,74,4_S7,1.3607953e-06,4.1898975e-06,0.0005281862,0.00022622709,0.99125063,0.007989334,4_S7
c2_p065_20231204_o03,p065_20231204,65,2,2,75,4_S7,4.07203e-06,3.032547e-06,0.00010177057,0.0010120742,0.9977884,0.0010906191,4_S7
c2_p065_20231211_o04,p065_20231211,65,2,2,76,4_S7,9.573386e-06,7.007554e-06,0.0003569884,0.00046486148,0.99532723,0.0038342807,4_S7
c2_p065_20231214_o09,p065_20231214,65,2,2,78,4_S7,2.8449884e-07,2.650435e-07,3.5178573e-06,0.00010257241,0.9998167,7.668521e-05,4_S7
c2_p065_20231218_o10,p065_20231218,65,2,2,79,4_S7,1.2966539e-09,2.291693e-09,2.923892e-07,6.121848e-06,0.99971324,0.00028040673,4_S7
c2_p065_20231227_o06,p065_20231227,65,2,2,79,4_S7,6.2744357e-07,2.8832866e-07,6.8041513e-06,5.272965e-06,0.9147579,0.08522912,4_S7
c2_p065_20240115_o10,p065_20240115,65,2,2,79,4_S7,5.4495434e-08,3.5837957e-08,7.9260535e-06,5.227866e-08,0.10211745,0.8978746,5_S8
c2_p065_20240119_o12,p065_20240119,65,2,2,80,5_S8,2.4689e-06,8.843306e-07,6.8217974e-05,6.613789e-06,0.9728593,0.027062587,4_S7
c2_p065_20240126_o08,p065_20240126,65,2,2,88,5_S8,6.952612e-08,3.630622e-08,4.4034014e-06,3.794669e-08,0.003532814,0.99646276,5_S8
c2_p068_20231006_o01,p068_20231006,68,2,2,13,0_S1,0.9999788,1.0823958e-05,7.3112533e-06,1.8927063e-08,3.8871548e-07,2.7184908e-06,0_S1
c2_p068_20231011_o11,p068_20231011,68,2,2,13,0_S1,0.9998803,5.0549686e-05,6.627177e-05,5.2367593e-08,1.840527e-07,2.55002e-06,0_S1
c2_p068_20231017_o11,p068_20231017,68,2,2,13,0_S1,0.9463778,0.014847712,0.038655207,7.280619e-05,1.8190374e-05,2.8313056e-05,0_S1
c2_p068_20231019_o07,p068_20231019,68,2,2,14,0_S1,0.9656569,0.018924018,0.015369115,2.2349615e-05,7.45092e-06,2.0115871e-05,0_S1
c2_p068_20231023_o06,p068_20231023,68,2,2,14,0_S1,0.9505089,0.02798492,0.021357091,7.6726974e-05,2.7466387e-05,4.49174e-05,0_S1
c2_p068_20231027_o01,p068_20231027,68,2,2,52,2_S5,0.6446632,0.13789758,0.21428521,0.0017052706,0.00061712967,0.0008316296,0_S1
c2_p068_20231101_o04,p068_20231101,68,2,2,52,2_S5,0.12812456,0.077991866,0.6231084,0.15140267,0.017523833,0.0018486792,2_S5
c2_p068_20231106_o10,p068_20231106,68,2,2,64,3_S6,0.00024383618,0.0031970532,0.06629018,0.91002387,0.020081433,0.00016364704,3_S6
c2_p068_20231109_o05,p068_20231109,68,2,2,65,3_S6,0.00048239654,0.0060362974,0.08719869,0.821757,0.08341598,0.0011096861,3_S6
c2_p068_20231120_o02,p068_20231120,68,2,2,67,3_S6,3.0276121e-06,2.9383984e-05,0.000745441,0.40400633,0.5950289,0.00018685551,4_S7
c2_p068_20231127_o08,p068_20231127,68,2,2,68,3_S6,1.8908558e-08,2.801698e-08,6.9687826e-06,1.4636402e-05,0.99968934,0.00028909097,4_S7
c2_p068_20231130_o09,p068_20231130,68,2,2,69,3_S6,3.827303e-07,2.1743033e-06,0.00040653732,0.0005164864,0.99840564,0.00066880736,4_S7
c2_p068_20231204_o06,p068_20231204,68,2,2,70,4_S7,4.4425076e-05,5.7819452e-05,0.0010974063,0.031052465,0.96733755,0.00041026436,4_S7
c2_p068_20231211_o09,p068_20231211,68,2,2,71,4_S7,2.2805938e-05,3.7971222e-05,0.001338619,0.0009525915,0.8797711,0.11787692,4_S7
c2_p068_20231214_o02,p068_20231214,68,2,2,73,4_S7,2.0031177e-07,2.5874232e-07,7.0653896e-06,3.1171017e-05,0.9746163,0.025344979,4_S7
c2_p068_20231218_o03,p068_20231218,68,2,2,75,4_S7,1.329782e-06,6.405748e-06,0.00029916217,0.0019687384,0.9955715,0.0021528238,4_S7
c2_p068_20231227_o02,p068_20231227,68,2,2,78,4_S7,3.7472645e-07,7.529464e-07,2.1025062e-05,3.803057e-05,0.6755738,0.32436603,4_S7
c2_p068_20240115_o09,p068_20240115,68,2,2,79,4_S7,9.752245e-07,6.063628e-07,3.8348226e-05,9.430195e-07,0.3525923,0.6473668,5_S8
c2_p068_20240119_o02,p068_20240119,68,2,2,80,5_S8,0.00022137607,0.0002155497,0.005931466,0.0013759371,0.94664365,0.045612004,4_S7
c2_p068_20240126_o07,p068_20240126,68,2,2,81,5_S8,0.00019800945,5.7337224e-05,0.0027688742,0.00017405498,0.8725942,0.12420755,4_S7
c2_p082_20231128_o11,p082_20231128,82,2,2,67,3_S6,3.9510498e-05,0.00017827698,0.002759321,0.6400882,0.3563723,0.0005623112,3_S6
c2_p082_20231130_o12,p082_20231130,82,2,2,68,3_S6,0.00018061973,0.00033284636,0.0028953517,0.8202339,0.17525649,0.0011007971,3_S6
c2_p082_20231204_o10,p082_20231204,82,2,2,69,3_S6,0.00016993018,0.0002257599,0.0026037009,0.26704913,0.729219,0.0007324253,4_S7
c2_p082_20231207_o01,p082_20231207,82,2,2,70,4_S7,0.0001775706,0.00042952073,0.005204981,0.088009566,0.89431196,0.011866339,4_S7
c2_p082_20231211_o01,p082_20231211,82,2,2,72,4_S7,8.792877e-05,0.00015069237,0.0032290476,0.013053558,0.97516143,0.008317433,4_S7
c2_p082_20231218_o08,p082_20231218,82,2,2,73,4_S7,2.4044058e-09,2.0868176e-09,1.864815e-07,5.169925e-07,0.99981636,0.00018286324,4_S7
c2_p082_20231227_o08,p082_20231227,82,2,2,74,4_S7,2.781766e-10,8.535718e-11,3.4790123e-08,1.9421433e-08,0.99996257,3.7432135e-05,4_S7
c2_p082_20240115_o01,p082_20240115,82,2,2,76,4_S7,4.8591085e-07,8.464783e-07,4.8789363e-05,0.00018901857,0.9965939,0.003166888,4_S7
c2_p082_20240119_o10,p082_20240119,82,2,2,78,4_S7,8.428204e-10,1.3576473e-10,1.170021e-07,1.1218418e-08,0.99990165,9.826531e-05,4_S7
c2_p082_20240126_o02,p082_20240126,82,2,2,84,5_S8,2.4927852e-08,1.9917099e-08,2.4998299e-06,5.9409665e-08,0.47739542,0.522602,5_S8
c2_p088_20231128_o06,p088_20231128,88,2,2,67,3_S6,0.00010669067,0.00087232364,0.0065522282,0.7514012,0.2402084,0.0008592361,3_S6
c2_p088_20231130_o05,p088_20231130,88,2,2,68,3_S6,0.0001257686,0.000583364,0.003067659,0.77894473,0.21683684,0.00044160237,3_S6
c2_p088_20231204_o12,p088_20231204,88,2,2,69,3_S6,8.1898885e-05,0.00021416048,0.0019742018,0.39934304,0.5971839,0.0012028137,4_S7
c2_p088_20231207_o09,p088_20231207,88,2,2,71,4_S7,2.0491218e-08,2.0271742e-07,4.9390477e-05,5.941424e-05,0.9996915,0.0001995623,4_S7
c2_p088_20231211_o09,p088_20231211,88,2,2,73,4_S7,4.4833307e-11,4.2504056e-10,1.2552002e-07,3.0502645e-06,0.99999034,6.4658034e-06,4_S7
c2_p088_20231218_o08,p088_20231218,88,2,2,75,4_S7,2.7939329e-08,6.687267e-08,2.9509845e-06,5.24952e-05,0.99964714,0.00029731877,4_S7
c2_p088_20231227_o06,p088_20231227,88,2,2,77,4_S7,4.261728e-08,5.8652713e-08,8.311592e-06,3.403371e-05,0.9995522,0.0004053732,4_S7
c2_p088_20240115_o06,p088_20240115,88,2,2,78,4_S7,1.2172225e-08,8.34116e-09,1.0402921e-06,1.5340869e-07,0.84809065,0.15190819,4_S7
c2_p088_20240119_o05,p088_20240119,88,2,2,79,4_S7,8.069369e-07,7.9395505e-08,2.3434412e-05,8.5549397e-07,0.98338866,0.01658614,4_S7
c2_p088_20240126_o12,p088_20240126,88,2,2,80,5_S8,3.3684028e-10,4.2805592e-10,1.0695161e-07,1.5592874e-09,0.0083924355,0.9916074,5_S8
c2_p095_20231128_o10,p095_20231128,95,2,2,66,3_S6,0.00013040418,0.0009399758,0.012349041,0.843105,0.14305577,0.00041987095,3_S6
c2_p095_20231130_o12,p095_20231130,95,2,2,68,3_S6,0.00013669973,0.0002523599,0.0010462701,0.49299243,0.50524765,0.0003245414,4_S7
c2_p095_20231204_o04,p095_20231204,95,2,2,70,4_S7,0.0001192007,0.00040080198,0.0026817396,0.64170474,0.35475543,0.00033809317,3_S6
c2_p095_20231207_o01,p095_20231207,95,2,2,70,4_S7,4.088374e-05,5.6327146e-05,0.0006597074,0.027057637,0.9711061,0.0010793046,4_S7
c2_p095_20231211_o05,p095_20231211,95,2,2,71,4_S7,2.8402732e-05,6.317909e-05,0.0009125405,0.05467905,0.94235384,0.0019629674,4_S7
c2_p095_20231218_o04,p095_20231218,95,2,2,73,4_S7,1.03552855e-08,2.4888086e-08,9.9609e-07,7.699584e-06,0.99668306,0.0033082026,4_S7
c2_p095_20231227_o01,p095_20231227,95,2,2,75,4_S7,8.196562e-11,9.802313e-11,1.46019925e-08,7.5257935e-07,0.9999893,9.926298e-06,4_S7
c2_p095_20240115_o10,p095_20240115,95,2,2,78,4_S7,6.275462e-07,7.191615e-07,6.959984e-05,0.00020250102,0.9962894,0.00343727,4_S7
c2_p095_20240119_o08,p095_20240119,95,2,2,79,4_S7,7.889841e-06,1.235693e-06,6.940401e-05,1.6443932e-05,0.9767237,0.0231813,4_S7
c2_p095_20240126_o04,p095_20240126,95,2,2,80,5_S8,5.7245386e-10,2.006553e-10,7.292911e-08,5.282743e-10,0.0072567347,0.99274313,5_S8
c2_p098_20231128_o06,p098_20231128,98,2,2,66,3_S6,2.6557535e-05,0.00028949694,0.0027175434,0.8430806,0.1536755,0.00021027571,3_S6
c2_p098_20231130_o01,p098_20231130,98,2,2,68,3_S6,0.000109013345,0.00016618746,0.0012460933,0.30420005,0.6931862,0.0010924069,4_S7
c2_p098_20231204_o01,p098_20231204,98,2,2,69,3_S6,0.00019262012,0.00040192142,0.002781409,0.5461517,0.4496347,0.00083760667,3_S6
c2_p098_20231207_o07,p098_20231207,98,2,2,70,4_S7,5.90858e-08,2.5636203e-07,2.7907698e-05,0.00036309555,0.9992874,0.00032142355,4_S7
c2_p098_20231211_o06,p098_20231211,98,2,2,71,4_S7,3.500908e-08,2.128833e-07,2.6693835e-05,0.00054960273,0.9994141,9.469677e-06,4_S7
c2_p098_20231218_o03,p098_20231218,98,2,2,72,4_S7,1.0733691e-09,1.5751989e-09,2.0478078e-07,2.7465933e-07,0.9982186,0.0017808912,4_S7
c2_p098_20231227_o06,p098_20231227,98,2,2,73,4_S7,2.7633236e-09,1.3462286e-08,1.638222e-06,1.5318265e-05,0.9997075,0.00027544927,4_S7
c2_p098_20240115_o06,p098_20240115,98,2,2,77,4_S7,5.7344183e-09,2.1336817e-08,3.7120233e-06,6.354361e-06,0.9961455,0.0038444295,4_S7
c2_p098_20240119_o11,p098_20240119,98,2,2,79,4_S7,1.3319263e-08,2.2334208e-09,1.8312224e-06,9.080714e-07,0.9999615,3.576697e-05,4_S7
c2_p098_20240126_o01,p098_20240126,98,2,2,81,5_S8,1.3362452e-07,6.1996865e-08,1.0489711e-05,4.5972592e-07,0.0465755,0.9534133,5_S8
c2_p011_20230816_o10,p011_20230816,11,3,2,27,1_S2,0.00055291655,0.016395295,0.14602897,0.59562874,0.23872796,0.002666053,3_S6
c2_p011_20230921_o03,p011_20230921,11,3,2,51,2_S5,0.0005559374,0.011950042,0.081975676,0.14000207,0.7635874,0.0019289497,4_S7
c2_p011_20231005_o04,p011_20231005,11,3,2,52,2_S5,0.003922707,0.0006546125,0.05186722,0.011524828,0.92275417,0.00927641,4_S7
c2_p012_20230816_o02,p012_20230816,12,3,2,65,3_S6,0.0026503864,0.021372449,0.32363147,0.6451496,0.007159819,3.6216297e-05,3_S6
c2_p012_20230921_o07,p012_20230921,12,3,2,79,4_S7,0.00047816522,0.0010397697,0.000621419,0.0013879227,0.99495006,0.0015227075,4_S7
c2_p012_20231005_o12,p012_20231005,12,3,2,82,5_S8,0.0071703796,0.0073204823,0.027387835,0.00187526,0.40670773,0.5495383,5_S8
c2_p021_20230816_o03,p021_20230816,21,3,2,64,3_S6,9.12408e-08,0.002827625,5.6082652e-05,0.99010897,0.007007057,1.6818682e-07,3_S6
c2_p021_20230921_o05,p021_20230921,21,3,2,83,5_S8,6.098835e-06,0.00023594173,5.6705347e-05,0.009826486,0.7716555,0.21821935,4_S7
c2_p021_20231005_o06,p021_20231005,21,3,2,83,5_S8,3.7129787e-05,0.0013937852,0.0002197815,0.0019911516,0.18977553,0.8065826,5_S8
c2_p029_20230828_o07,p029_20230828,29,3,2,20,1_S2,0.24661157,0.002327967,0.73461354,0.015443354,0.00070133514,0.00030218612,2_S5
c2_p029_20230904_o12,p029_20230904,29,3,2,52,2_S5,0.21256821,0.0074406182,0.75722134,0.021593401,0.000920528,0.00025591961,2_S5
c2_p029_20230908_o12,p029_20230908,29,3,2,60,3_S6,0.03219436,0.007543133,0.36950833,0.5822748,0.008389607,8.977309e-05,3_S6
c2_p029_20230921_o12,p029_20230921,29,3,2,65,3_S6,0.0019159693,0.00038623295,0.0015320629,0.0017534585,0.9908312,0.0035810813,4_S7
c2_p029_20231006_o05,p029_20231006,29,3,2,71,4_S7,3.9562397e-05,0.036771297,0.0008868286,0.009285698,0.9524282,0.0005884223,4_S7
c2_p029_20231017_o07,p029_20231017,29,3,2,72,4_S7,0.00087061507,0.024333596,0.060515165,0.049126968,0.8647718,0.0003819141,4_S7
c2_p029_20231023_o03,p029_20231023,29,3,2,73,4_S7,6.0355185e-05,0.003025625,0.0012083235,0.0036649557,0.9919584,8.249245e-05,4_S7
c2_p029_20231027_o12,p029_20231027,29,3,2,74,4_S7,1.2144231e-07,6.337702e-06,6.222254e-06,0.00063172216,0.9992943,6.133524e-05,4_S7
c2_p029_20231101_o01,p029_20231101,29,3,2,75,4_S7,1.168625e-07,6.288033e-05,1.09729e-05,0.0012413132,0.9985734,0.00011125557,4_S7
c2_p029_20231106_o10,p029_20231106,29,3,2,76,4_S7,1.1028134e-05,0.00012185195,0.0005473427,0.025697391,0.9727012,0.00092121994,4_S7
c2_p029_20231109_o06,p029_20231109,29,3,2,79,4_S7,1.1949115e-05,0.00024427124,0.00021434373,0.017294586,0.9764781,0.005756698,4_S7
c2_p029_20231120_o06,p029_20231120,29,3,2,81,5_S8,4.5400457e-06,4.0880255e-05,1.2684054e-05,0.00027748034,0.0075631463,0.99210125,5_S8
c2_p029_20231124_o02,p029_20231124,29,3,2,83,5_S8,1.2258929e-05,0.0011731536,0.00061347574,0.0024353557,0.964797,0.03096875,4_S7
c2_p029_20231127_o01,p029_20231127,29,3,2,87,5_S8,3.3790198e-07,1.0993333e-05,1.0401154e-05,8.405926e-05,0.07277336,0.92712086,5_S8
c2_p029_20231130_o11,p029_20231130,29,3,2,89,5_S8,1.0980613e-05,2.2324379e-05,0.00021558099,0.008282077,0.64097726,0.35049176,4_S7
c2_p031_20230828_o09,p031_20230828,31,3,2,14,0_S1,0.99358726,0.00032917009,0.0060225734,3.8484006e-05,8.08615e-06,1.4391398e-05,0_S1
c2_p031_20230904_o07,p031_20230904,31,3,2,22,1_S2,0.0011497039,0.0045094145,0.6339763,0.36012834,0.0002284004,7.884782e-06,2_S5
c2_p031_20230908_o05,p031_20230908,31,3,2,61,3_S6,0.00031645055,0.0076722237,0.5217689,0.46966323,0.00057568046,3.4792467e-06,2_S5
c2_p031_20230921_o05,p031_20230921,31,3,2,63,3_S6,0.00089798,0.0013832075,0.768743,0.17655848,0.0522756,0.00014170773,2_S5
c2_p031_20231006_o09,p031_20231006,31,3,2,71,4_S7,0.0010400706,0.042339,0.064984076,0.62696713,0.26286638,0.0018033729,3_S6
c2_p031_20231017_o11,p031_20231017,31,3,2,73,4_S7,0.014579411,0.014672373,0.15387504,0.037382446,0.7699231,0.0095676305,4_S7
c2_p031_20231023_o06,p031_20231023,31,3,2,74,4_S7,1.4223073e-06,1.3065506e-05,0.00056296925,0.023902446,0.9754479,7.230368e-05,4_S7
c2_p031_20231027_o08,p031_20231027,31,3,2,75,4_S7,0.00040402607,0.005092165,0.030885344,0.25830185,0.7038046,0.0015119051,4_S7
c2_p031_20231101_o08,p031_20231101,31,3,2,76,4_S7,2.867231e-05,0.00084773294,0.012447038,0.24352588,0.7428377,0.00031295905,4_S7
c2_p031_20231106_o02,p031_20231106,31,3,2,77,4_S7,5.3936732e-05,0.0018844948,0.0066463705,0.27252606,0.717471,0.0014180592,4_S7
c2_p031_20231109_o08,p031_20231109,31,3,2,79,4_S7,2.249089e-06,5.0136652e-05,0.00014529924,0.0029358142,0.99660933,0.00025714695,4_S7
c2_p031_20231120_o08,p031_20231120,31,3,2,80,5_S8,2.8597467e-05,0.00034944195,0.00045880524,0.021649694,0.9145075,0.06300596,4_S7
c2_p031_20231124_o01,p031_20231124,31,3,2,81,5_S8,3.0112033e-06,1.1584301e-05,6.799336e-05,0.00034376746,0.57554406,0.4240295,4_S7
c2_p031_20231127_o12,p031_20231127,31,3,2,84,5_S8,1.5523982e-07,3.7800723e-07,8.527628e-07,7.2334847e-06,0.00063916674,0.99935216,5_S8
c2_p031_20231130_o04,p031_20231130,31,3,2,85,5_S8,1.4803712e-06,1.7601998e-05,2.6630945e-05,0.00044444506,0.89317894,0.106330894,4_S7
c2_p037_20230828_o10,p037_20230828,37,3,2,14,0_S1,0.92756474,0.001774558,0.06992092,0.0006780085,2.9583736e-05,3.2127573e-05,0_S1
c2_p037_20230904_o12,p037_20230904,37,3,2,54,2_S5,0.39458176,0.0042795264,0.5933505,0.0075295293,0.00018259267,7.594701e-05,2_S5
c2_p037_20230908_o09,p037_20230908,37,3,2,60,3_S6,0.007667672,0.059601165,0.26592055,0.65329856,0.013361901,0.00015016561,3_S6
c2_p037_20230921_o03,p037_20230921,37,3,2,70,4_S7,0.00012676229,0.011811636,0.19378912,0.771414,0.02282021,3.826581e-05,3_S6
c2_p037_20231006_o12,p037_20231006,37,3,2,71,4_S7,0.006326687,0.009606697,0.8614365,0.09858512,0.022282101,0.0017630064,2_S5
c2_p037_20231017_o03,p037_20231017,37,3,2,73,4_S7,0.00043087266,0.076398194,0.067372434,0.121848576,0.73350483,0.00044505863,4_S7
c2_p037_20231023_o08,p037_20231023,37,3,2,75,4_S7,0.0015698962,0.011942025,0.47624093,0.07418333,0.43559626,0.0004675356,2_S5
c2_p037_20231027_o06,p037_20231027,37,3,2,76,4_S7,0.000456272,0.0044227596,0.16283053,0.47822878,0.353628,0.00043361675,3_S6
c2_p037_20231101_o03,p037_20231101,37,3,2,77,4_S7,6.8165275e-05,0.0041472875,0.00955663,0.014489578,0.97077,0.00096833677,4_S7
c2_p037_20231106_o04,p037_20231106,37,3,2,78,4_S7,0.00029163816,0.0027141636,0.02647744,0.059763078,0.9096761,0.0010776323,4_S7
c2_p037_20231109_o01,p037_20231109,37,3,2,79,4_S7,0.0010078272,0.0015750051,0.047011517,0.21023948,0.73741996,0.0027461476,4_S7
c2_p037_20231120_o07,p037_20231120,37,3,2,80,5_S8,3.2462872e-06,3.0347752e-05,2.5043211e-05,1.334963e-05,0.0025073492,0.9974208,5_S8
c2_p037_20231124_o06,p037_20231124,37,3,2,85,5_S8,7.5398526e-07,1.2887548e-05,0.00013519739,0.00072604796,0.99696785,0.002157284,4_S7
c2_p037_20231127_o03,p037_20231127,37,3,2,87,5_S8,0.00011405386,0.0023383303,0.0040075257,0.00053642906,0.011242642,0.98176104,5_S8
c2_p037_20231130_o12,p037_20231130,37,3,2,89,5_S8,2.159225e-05,4.8770708e-05,0.00029467617,0.0027803916,0.9847503,0.012104309,4_S7
c2_p038_20230828_o11,p038_20230828,38,3,2,14,0_S1,0.9985337,4.0939463e-05,0.0014217391,1.7162706e-06,6.5155336e-07,1.3199221e-06,0_S1
c2_p038_20230904_o08,p038_20230904,38,3,2,60,3_S6,0.59770614,0.002380005,0.39823258,0.0014582822,0.00014764712,7.540898e-05,0_S1
c2_p038_20230908_o03,p038_20230908,38,3,2,62,3_S6,2.6799706e-05,0.0027069235,0.008144915,0.98611915,0.0029986165,3.5300102e-06,3_S6
c2_p038_20230921_o04,p038_20230921,38,3,2,71,4_S7,0.0020297307,0.017674824,0.38261846,0.42251372,0.17472734,0.00043583135,3_S6
c2_p038_20231006_o09,p038_20231006,38,3,2,72,4_S7,2.5133195e-05,0.024188032,0.0034083687,0.0015238,0.9694485,0.0014061291,4_S7
c2_p038_20231017_o11,p038_20231017,38,3,2,73,4_S7,0.00050307997,0.058246568,0.097983815,0.41148818,0.431104,0.0006744482,4_S7
c2_p038_20231023_o09,p038_20231023,38,3,2,74,4_S7,6.7162696e-06,0.0021680242,0.0077918163,0.0023559202,0.987638,3.943296e-05,4_S7
c2_p038_20231027_o07,p038_20231027,38,3,2,75,4_S7,2.725249e-05,0.00236641,0.0012451271,0.0010351375,0.9940884,0.0012377228,4_S7
c2_p038_20231101_o06,p038_20231101,38,3,2,76,4_S7,1.5528089e-05,0.00064070366,0.0022288116,0.023641298,0.9722817,0.0011919274,4_S7
c2_p038_20231106_o03,p038_20231106,38,3,2,77,4_S7,1.9868971e-06,8.965467e-05,0.0001925989,0.0006600241,0.99884427,0.00021137891,4_S7
c2_p038_20231109_o06,p038_20231109,38,3,2,78,4_S7,3.052639e-05,0.00042812852,0.0059675225,0.048769478,0.9444293,0.00037499628,4_S7
c2_p038_20231120_o10,p038_20231120,38,3,2,79,4_S7,0.0005885209,0.0025028875,0.00096149696,0.001862125,0.5972791,0.39680588,4_S7
c2_p038_20231124_o08,p038_20231124,38,3,2,79,4_S7,9.083638e-06,0.0002291973,0.001038937,0.00021251594,0.9210251,0.077485085,4_S7
c2_p038_20231127_o12,p038_20231127,38,3,2,79,4_S7,8.672882e-05,0.0032591617,0.0038775178,0.0020513916,0.7989712,0.19175395,4_S7
c2_p038_20231130_o10,p038_20231130,38,3,2,80,5_S8,0.0018014772,0.013114846,0.07465671,0.004425946,0.83058554,0.075415574,4_S7
c2_p039_20230828_o07,p039_20230828,39,3,2,14,0_S1,0.99912614,3.6005742e-05,0.00083274196,1.3343836e-06,7.47832e-07,3.0057236e-06,0_S1
c2_p039_20230904_o03,p039_20230904,39,3,2,17,0_S1,0.68691975,0.008683106,0.2970382,0.0071505024,0.0001201632,8.828858e-05,0_S1
c2_p039_20230908_o09,p039_20230908,39,3,2,53,2_S5,0.03190402,0.022945328,0.501481,0.43272787,0.010810507,0.00013133256,2_S5
c2_p039_20230921_o12,p039_20230921,39,3,2,70,4_S7,0.0009278824,0.007001203,0.38140097,0.325664,0.28458884,0.00041711624,2_S5
c2_p039_20231006_o11,p039_20231006,39,3,2,73,4_S7,0.0013551895,0.08673896,0.54547256,0.20762496,0.15601388,0.0027944404,2_S5
c2_p039_20231017_o08,p039_20231017,39,3,2,74,4_S7,0.000258209,0.03144548,0.31473044,0.20268022,0.450711,0.00017461852,4_S7
c2_p039_20231023_o03,p039_20231023,39,3,2,75,4_S7,2.756951e-05,0.039401468,0.06818891,0.008785593,0.88348305,0.00011338424,4_S7
c2_p039_20231027_o05,p039_20231027,39,3,2,76,4_S7,3.5219127e-05,0.0006146981,0.014480981,0.01829816,0.96625626,0.00031473982,4_S7
c2_p039_20231101_o01,p039_20231101,39,3,2,77,4_S7,0.001044789,0.048078246,0.14094834,0.11458445,0.6823538,0.012990441,4_S7
c2_p039_20231106_o03,p039_20231106,39,3,2,78,4_S7,4.616618e-05,0.014096484,0.084270164,0.14021662,0.76123154,0.0001390017,4_S7
c2_p039_20231109_o08,p039_20231109,39,3,2,79,4_S7,3.076247e-05,0.0021098221,0.042518567,0.02749817,0.9266916,0.0011511665,4_S7
c2_p039_20231120_o10,p039_20231120,39,3,2,80,5_S8,0.0022789368,0.011861638,0.024828881,0.011646682,0.903666,0.04571787,4_S7
c2_p039_20231124_o03,p039_20231124,39,3,2,81,5_S8,0.0003155564,0.11147834,0.33714202,0.009927829,0.52762413,0.013512181,4_S7
c2_p039_20231127_o10,p039_20231127,39,3,2,81,5_S8,0.0023416202,0.13274993,0.7408613,0.009328741,0.09190622,0.022812191,2_S5
c2_p039_20231130_o08,p039_20231130,39,3,2,82,5_S8,0.0004303018,0.011641507,0.45865133,0.054991752,0.46578443,0.008500579,4_S7
c2_p045_20230929_o10,p045_20230929,45,3,2,13,0_S1,0.99992216,1.2130268e-05,5.6182034e-05,1.7522261e-07,8.698341e-07,8.575946e-06,0_S1
c2_p045_20231004_o07,p045_20231004,45,3,2,13,0_S1,0.9999155,3.972349e-06,7.8232646e-05,6.970997e-08,3.5143705e-07,1.8931713e-06,0_S1
c2_p045_20231011_o05,p045_20231011,45,3,2,14,0_S1,0.87000847,0.12176724,0.0074435887,0.00070441293,6.371579e-05,1.2542723e-05,0_S1
c2_p045_20231017_o08,p045_20231017,45,3,2,15,0_S1,0.6505805,0.13270043,0.21029922,0.0063311066,6.5144966e-05,2.3558057e-05,0_S1
c2_p045_20231019_o12,p045_20231019,45,3,2,51,2_S5,0.5440113,0.005390555,0.44593588,0.0043059667,0.00027854182,7.777849e-05,0_S1
c2_p045_20231023_o12,p045_20231023,45,3,2,53,2_S5,0.0044646664,0.014970949,0.36178833,0.61586636,0.0028636935,4.6004654e-05,3_S6
c2_p045_20231027_o06,p045_20231027,45,3,2,60,3_S6,0.00024172004,0.00565566,0.21947713,0.77176934,0.0028465278,9.556476e-06,3_S6
c2_p045_20231101_o03,p045_20231101,45,3,2,61,3_S6,5.9445115e-06,0.001498569,0.022289522,0.945037,0.031156389,1.2510484e-05,3_S6
c2_p045_20231106_o08,p045_20231106,45,3,2,66,3_S6,6.163999e-08,2.963876e-05,0.0010257253,0.9986394,0.0003044846,7.113258e-07,3_S6
c2_p045_20231109_o10,p045_20231109,45,3,2,70,4_S7,5.5407592e-05,0.0016103899,0.03768931,0.9326029,0.027931789,0.000110228364,3_S6
c2_p045_20231120_o10,p045_20231120,45,3,2,72,4_S7,7.280328e-05,0.0010518369,0.0015574455,0.124316394,0.8597317,0.013269969,4_S7
c2_p045_20231127_o06,p045_20231127,45,3,2,73,4_S7,6.089257e-07,3.257844e-05,9.4223804e-05,0.0051967436,0.99462587,4.993943e-05,4_S7
c2_p045_20231130_o04,p045_20231130,45,3,2,76,4_S7,5.030557e-07,2.3674013e-06,2.5987443e-05,0.053659257,0.9461803,0.00013171774,4_S7
c2_p045_20231204_o10,p045_20231204,45,3,2,77,4_S7,3.324251e-06,9.053629e-05,0.0017212183,0.007102122,0.9906515,0.00043135168,4_S7
c2_p045_20231211_o03,p045_20231211,45,3,2,78,4_S7,2.345415e-07,8.832679e-06,9.509549e-06,0.0012684201,0.9976503,0.0010626491,4_S7
c2_p045_20231214_o02,p045_20231214,45,3,2,78,4_S7,8.377512e-06,9.2198745e-05,0.00032754353,0.0042590857,0.9867062,0.008606577,4_S7
c2_p045_20231218_o04,p045_20231218,45,3,2,79,4_S7,3.2822983e-05,0.005757131,0.002512024,0.39402106,0.5960288,0.0016481876,4_S7
c2_p045_20231227_o02,p045_20231227,45,3,2,79,4_S7,3.593397e-05,0.0014573535,0.0007532845,0.0092856595,0.9677564,0.020711413,4_S7
c2_p045_20240104_o02,p045_20240104,45,3,2,80,5_S8,3.922355e-06,9.871516e-06,1.2592192e-05,7.661958e-05,0.9319993,0.0678977,4_S7
c2_p046_20230929_o04,p046_20230929,46,3,2,13,0_S1,0.9998055,4.347289e-05,0.0001397867,4.849815e-07,1.194461e-06,9.604151e-06,0_S1
c2_p046_20231004_o06,p046_20231004,46,3,2,13,0_S1,0.99980086,2.0867616e-05,0.00016209233,3.5577833e-07,1.2354665e-06,1.4624207e-05,0_S1
c2_p046_20231011_o05,p046_20231011,46,3,2,14,0_S1,0.97288483,0.020509904,0.0063890563,0.00020071375,9.823267e-06,5.6852814e-06,0_S1
c2_p046_20231017_o09,p046_20231017,46,3,2,52,2_S5,0.8143062,0.018072207,0.16523074,0.0023181543,4.3240958e-05,2.952376e-05,0_S1
c2_p046_20231019_o01,p046_20231019,46,3,2,54,2_S5,0.7722003,0.0033152949,0.2236275,0.0008121578,3.0906143e-05,1.3879211e-05,0_S1
c2_p046_20231023_o06,p046_20231023,46,3,2,60,3_S6,0.069395475,0.014204414,0.8565627,0.05806133,0.0016579725,0.000118109056,2_S5
c2_p046_20231027_o09,p046_20231027,46,3,2,61,3_S6,0.15208434,0.033847235,0.7591264,0.052727334,0.0019894252,0.00022528814,2_S5
c2_p046_20231101_o11,p046_20231101,46,3,2,61,3_S6,0.0005877144,0.00280694,0.44263136,0.51046205,0.043377977,0.00013398519,3_S6
c2_p046_20231106_o12,p046_20231106,46,3,2,65,3_S6,1.4537445e-06,8.369819e-05,0.009440397,0.9892532,0.0012197887,1.3947844e-06,3_S6
c2_p046_20231109_o02,p046_20231109,46,3,2,66,3_S6,0.0014420234,0.010756852,0.14847745,0.8338301,0.0053998553,9.3708644e-05,3_S6
c2_p046_20231120_o12,p046_20231120,46,3,2,71,4_S7,9.3654526e-05,0.00045559573,0.012773776,0.307398,0.67824394,0.0010350785,4_S7
c2_p046_20231127_o10,p046_20231127,46,3,2,71,4_S7,2.8440894e-07,1.7207572e-05,3.4604494e-05,0.05344654,0.9463643,0.0001370148,4_S7
c2_p046_20231130_o02,p046_20231130,46,3,2,72,4_S7,6.6268603e-07,1.1647501e-05,2.7767708e-05,0.01915348,0.980452,0.00035432875,4_S7
c2_p046_20231204_o12,p046_20231204,46,3,2,73,4_S7,2.137644e-08,1.096868e-07,1.9667789e-06,0.0010958248,0.998898,4.0248406e-06,4_S7
c2_p046_20231211_o04,p046_20231211,46,3,2,76,4_S7,1.4781141e-08,2.5462407e-06,1.1326704e-05,0.0025387702,0.9973839,6.345794e-05,4_S7
c2_p046_20231214_o07,p046_20231214,46,3,2,78,4_S7,9.3766465e-07,6.7097467e-06,7.3419274e-06,0.000331486,0.9966181,0.003035391,4_S7
c2_p046_20231218_o07,p046_20231218,46,3,2,79,4_S7,1.9973231e-05,0.0001740745,0.00021903576,0.0027736435,0.98568743,0.011125883,4_S7
c2_p046_20231227_o02,p046_20231227,46,3,2,79,4_S7,1.7959943e-08,1.0528473e-06,1.0916015e-07,2.476021e-05,0.9707717,0.02920237,4_S7
c2_p046_20240104_o03,p046_20240104,46,3,2,81,5_S8,5.9425764e-07,4.8292117e-05,3.930698e-06,0.00216547,0.9496872,0.04809452,4_S7
c2_p048_20230929_o03,p048_20230929,48,3,2,13,0_S1,0.9998006,3.9300518e-05,0.00015279253,4.901731e-07,9.1903956e-07,5.8964297e-06,0_S1
c2_p048_20231004_o10,p048_20231004,48,3,2,13,0_S1,0.999838,1.7552045e-05,0.00013557551,2.5851602e-07,1.1722456e-06,7.463745e-06,0_S1
c2_p048_20231011_o06,p048_20231011,48,3,2,14,0_S1,0.9882081,0.0042359917,0.007452289,9.113163e-05,8.004245e-06,4.513544e-06,0_S1
c2_p048_20231017_o09,p048_20231017,48,3,2,15,0_S1,0.82966834,0.014087347,0.15332294,0.0025609243,0.00021645303,0.00014400331,0_S1
c2_p048_20231019_o04,p048_20231019,48,3,2,16,0_S1,0.8149349,0.0038922864,0.18041761,0.00069989596,3.5922454e-05,1.9351304e-05,0_S1
c2_p048_20231023_o03,p048_20231023,48,3,2,54,2_S5,0.7402386,0.014071649,0.24215254,0.0033498693,0.00014021105,4.7102796e-05,0_S1
c2_p048_20231027_o11,p048_20231027,48,3,2,60,3_S6,0.6263724,0.02130968,0.34182426,0.005526425,0.004727793,0.00023944292,0_S1
c2_p048_20231101_o08,p048_20231101,48,3,2,62,3_S6,0.00055640447,0.0053909617,0.23879711,0.7460921,0.009153484,1.0018173e-05,3_S6
c2_p048_20231106_o11,p048_20231106,48,3,2,65,3_S6,2.0651266e-06,0.0010501336,0.004727995,0.9938285,0.00039001644,1.2950956e-06,3_S6
c2_p048_20231109_o01,p048_20231109,48,3,2,67,3_S6,0.0006525065,0.008064483,0.13360159,0.8004141,0.05719104,7.630803e-05,3_S6
c2_p048_20231120_o10,p048_20231120,48,3,2,70,4_S7,0.00015552063,0.00041596507,0.05143575,0.43120793,0.51640797,0.00037686405,4_S7
c2_p048_20231127_o07,p048_20231127,48,3,2,72,4_S7,1.7163388e-06,0.00016421163,0.00033263754,0.050569527,0.94880843,0.00012344972,4_S7
c2_p048_20231130_o12,p048_20231130,48,3,2,73,4_S7,0.00026274132,0.001965675,0.030278204,0.03358476,0.9309567,0.002952007,4_S7
c2_p048_20231204_o06,p048_20231204,48,3,2,74,4_S7,2.4139533e-07,0.00014657246,1.6588992e-05,0.0004222104,0.9985133,0.000901122,4_S7
c2_p048_20231211_o11,p048_20231211,48,3,2,76,4_S7,1.8548277e-06,2.2517028e-05,0.00015689024,0.011450444,0.98738295,0.0009853068,4_S7
c2_p048_20231214_o07,p048_20231214,48,3,2,77,4_S7,9.340924e-07,1.5491947e-05,1.3176402e-05,0.0012269575,0.99697316,0.0017701972,4_S7
c2_p048_20231218_o10,p048_20231218,48,3,2,78,4_S7,1.701387e-07,8.7368045e-07,1.2004971e-05,0.0017801349,0.9977984,0.000408447,4_S7
c2_p048_20231227_o07,p048_20231227,48,3,2,79,4_S7,7.831857e-06,4.089059e-05,2.8069113e-05,0.00030568198,0.98621976,0.013397642,4_S7
c2_p048_20240104_o10,p048_20240104,48,3,2,80,5_S8,7.116531e-05,0.009585253,0.00067991146,0.0029662075,0.59391934,0.39277813,4_S7
c2_p053_20230929_o12,p053_20230929,53,3,2,13,0_S1,0.9997061,5.72754e-05,0.00021425198,5.686448e-07,1.977863e-06,1.9775187e-05,0_S1
c2_p053_20231004_o05,p053_20231004,53,3,2,13,0_S1,0.99989164,1.5843561e-05,8.019144e-05,1.438133e-07,9.196115e-07,1.1228073e-05,0_S1
c2_p053_20231011_o08,p053_20231011,53,3,2,15,0_S1,0.9999387,3.6239493e-05,2.2326163e-05,1.0551917e-07,6.6314453e-07,1.9344886e-06,0_S1
c2_p053_20231017_o09,p053_20231017,53,3,2,53,2_S5,0.46635097,0.010669629,0.51804054,0.004719224,0.00015417383,6.539814e-05,2_S5
c2_p053_20231019_o12,p053_20231019,53,3,2,54,2_S5,0.94828683,0.001805003,0.04976453,0.0001220582,1.2398122e-05,9.112938e-06,0_S1
c2_p053_20231023_o03,p053_20231023,53,3,2,60,3_S6,0.006511658,0.0030367828,0.93677557,0.05332637,0.00033441395,1.5249768e-05,2_S5
c2_p053_20231027_o06,p053_20231027,53,3,2,63,3_S6,0.00128534,0.0027919693,0.5541732,0.44146317,0.00028087944,5.451802e-06,2_S5
c2_p053_20231101_o01,p053_20231101,53,3,2,65,3_S6,2.1134892e-06,0.00022731854,0.056199886,0.94206053,0.001506933,3.1967447e-06,3_S6
c2_p053_20231106_o02,p053_20231106,53,3,2,67,3_S6,3.432871e-06,0.00057426235,0.009059748,0.9869948,0.0033625832,5.15274e-06,3_S6
c2_p053_20231109_o08,p053_20231109,53,3,2,70,4_S7,4.0490504e-06,0.0001677748,0.0065933825,0.931964,0.061236233,3.454122e-05,3_S6
c2_p053_20231120_o09,p053_20231120,53,3,2,72,4_S7,0.0004210238,0.0058099185,0.010504657,0.08539038,0.87981904,0.018055059,4_S7
c2_p053_20231127_o07,p053_20231127,53,3,2,74,4_S7,2.0549046e-06,1.8237326e-05,7.029074e-05,0.014214688,0.9854438,0.0002510893,4_S7
c2_p053_20231130_o10,p053_20231130,53,3,2,75,4_S7,1.2649101e-05,0.0002990615,0.0031671228,0.056610115,0.938073,0.0018380181,4_S7
c2_p053_20231204_o09,p053_20231204,53,3,2,76,4_S7,9.335588e-06,7.096741e-05,0.0015894809,0.09038268,0.9077113,0.00023621334,4_S7
c2_p053_20231211_o11,p053_20231211,53,3,2,78,4_S7,1.5110205e-06,0.00010341104,0.00023631235,0.005055622,0.9938923,0.00071073475,4_S7
c2_p053_20231214_o06,p053_20231214,53,3,2,80,5_S8,1.792839e-05,0.00026664246,0.00048008136,0.0014034283,0.9442524,0.053579498,4_S7
c2_p053_20231218_o01,p053_20231218,53,3,2,81,5_S8,1.667805e-05,5.9244816e-05,3.349989e-05,0.0015387583,0.048600104,0.94975173,5_S8
c2_p053_20231227_o11,p053_20231227,53,3,2,79,4_S7,0.00042433385,0.02170751,0.0019933786,0.0014916508,0.6865803,0.28780282,4_S7
c2_p053_20240104_o12,p053_20240104,53,3,2,79,4_S7,0.00036993873,0.0041877176,0.0018273859,0.0018524203,0.511113,0.4806496,4_S7
c2_p061_20230929_o12,p061_20230929,61,3,2,13,0_S1,0.99964154,4.93712e-05,0.00028547968,6.915213e-07,2.160552e-06,2.0739113e-05,0_S1
c2_p061_20231004_o04,p061_20231004,61,3,2,13,0_S1,0.99978405,3.6215817e-05,0.00017474647,2.360819e-07,5.3679156e-07,4.229532e-06,0_S1
c2_p061_20231011_o10,p061_20231011,61,3,2,14,0_S1,0.99028087,0.00762567,0.0020318332,4.520189e-05,1.094109e-05,5.3997746e-06,0_S1
c2_p061_20231017_o08,p061_20231017,61,3,2,53,2_S5,0.81767905,0.03371447,0.14576872,0.0027805474,4.4323508e-05,1.28730935e-05,0_S1
c2_p061_20231019_o05,p061_20231019,61,3,2,53,2_S5,0.20571356,0.0074883415,0.78132516,0.0053827795,6.993087e-05,2.0175003e-05,2_S5
c2_p061_20231023_o09,p061_20231023,61,3,2,60,3_S6,0.0033257015,0.0077394554,0.66477126,0.3228589,0.0012146165,9.010734e-05,2_S5
c2_p061_20231027_o04,p061_20231027,61,3,2,61,3_S6,1.9029895e-06,9.6381635e-05,0.010529011,0.9885197,0.0008511306,1.83948e-06,3_S6
c2_p061_20231101_o09,p061_20231101,61,3,2,62,3_S6,0.00016934225,0.004039451,0.3489941,0.64581436,0.0009634924,1.931694e-05,3_S6
c2_p061_20231106_o12,p061_20231106,61,3,2,63,3_S6,5.302802e-06,8.4425694e-05,0.0089729205,0.9833665,0.0075269504,4.3899374e-05,3_S6
c2_p061_20231109_o08,p061_20231109,61,3,2,63,3_S6,1.6728582e-05,0.0003154929,0.046199907,0.9404657,0.012985495,1.6745309e-05,3_S6
c2_p061_20231120_o01,p061_20231120,61,3,2,71,4_S7,0.00017911987,0.003268087,0.0019750954,0.5566658,0.43027747,0.0076344744,3_S6
c2_p061_20231127_o09,p061_20231127,61,3,2,72,4_S7,6.5614777e-06,6.004879e-05,0.00020564781,0.050059315,0.9492881,0.00038040095,4_S7
c2_p061_20231130_o11,p061_20231130,61,3,2,73,4_S7,9.315154e-05,0.0018078221,0.021506043,0.03285851,0.9409817,0.0027527877,4_S7
c2_p061_20231204_o10,p061_20231204,61,3,2,74,4_S7,9.4811224e-07,9.666946e-06,5.231956e-05,0.11459236,0.8852369,0.00010778989,4_S7
c2_p061_20231211_o04,p061_20231211,61,3,2,75,4_S7,1.5122039e-08,5.2935507e-06,2.5948805e-06,0.039190296,0.9605997,0.00020206986,4_S7
c2_p061_20231214_o02,p061_20231214,61,3,2,76,4_S7,3.4411298e-07,3.6413105e-06,6.4077685e-06,0.00077890453,0.9991466,6.410278e-05,4_S7
c2_p061_20231218_o07,p061_20231218,61,3,2,79,4_S7,3.603731e-05,2.1173406e-05,0.00022485138,0.0016041613,0.97254914,0.02556466,4_S7
c2_p061_20231227_o07,p061_20231227,61,3,2,80,5_S8,3.6409028e-06,0.00012359925,7.952736e-06,0.00042135,0.3125733,0.68687016,5_S8
c2_p061_20240104_o08,p061_20240104,61,3,2,82,5_S8,1.6738936e-09,8.854799e-10,5.8301364e-10,3.310522e-09,6.4141605e-06,0.99999356,5_S8
c2_p067_20231006_o09,p067_20231006,67,3,2,13,0_S1,0.9969278,0.00044144414,0.0014799294,9.288848e-06,0.00017283965,0.0009687795,0_S1
c2_p067_20231011_o04,p067_20231011,67,3,2,13,0_S1,0.9997167,6.619038e-05,0.0001968481,9.3375354e-07,3.938518e-06,1.5358268e-05,0_S1
c2_p067_20231017_o06,p067_20231017,67,3,2,13,0_S1,0.9996145,5.8942107e-05,0.0003226238,7.995793e-07,5.838528e-07,2.624549e-06,0_S1
c2_p067_20231019_o08,p067_20231019,67,3,2,14,0_S1,0.99799037,7.500701e-05,0.0019300798,1.6861841e-06,8.4122104e-07,2.0727014e-06,0_S1
c2_p067_20231023_o08,p067_20231023,67,3,2,14,0_S1,0.99959487,0.00010729048,0.0002847257,2.5994036e-06,3.1905656e-06,7.351907e-06,0_S1
c2_p067_20231027_o09,p067_20231027,67,3,2,54,2_S5,0.68994975,0.0031066337,0.30621257,0.0006909746,2.5630132e-05,1.4467483e-05,0_S1
c2_p067_20231101_o12,p067_20231101,67,3,2,60,3_S6,0.027669746,0.0036401402,0.96050006,0.008051276,0.000117144766,2.163745e-05,2_S5
c2_p067_20231106_o01,p067_20231106,67,3,2,63,3_S6,4.324328e-06,4.57204e-05,0.017808383,0.9819288,0.00021227305,5.411401e-07,3_S6
c2_p067_20231109_o12,p067_20231109,67,3,2,69,3_S6,6.1647506e-06,3.144795e-05,0.015193342,0.97987044,0.004891394,7.231807e-06,3_S6
c2_p067_20231120_o09,p067_20231120,67,3,2,70,4_S7,8.936507e-07,0.00019105026,0.0003171586,0.39708912,0.60230607,9.579858e-05,4_S7
c2_p067_20231127_o11,p067_20231127,67,3,2,71,4_S7,2.4670424e-08,1.0302392e-06,7.4459736e-06,0.46205866,0.5379211,1.1753966e-05,4_S7
c2_p067_20231130_o07,p067_20231130,67,3,2,72,4_S7,4.247106e-09,2.576629e-07,5.8032047e-06,0.12593432,0.8740432,1.6348995e-05,4_S7
c2_p067_20231204_o04,p067_20231204,67,3,2,75,4_S7,6.326182e-08,4.3727948e-07,8.0563416e-07,0.008258949,0.9917366,3.0693614e-06,4_S7
c2_p067_20231211_o07,p067_20231211,67,3,2,76,4_S7,4.6280766e-09,4.6750657e-08,3.5876724e-07,0.00086562906,0.99910337,3.0614967e-05,4_S7
c2_p067_20231214_o08,p067_20231214,67,3,2,77,4_S7,6.5482845e-07,6.3574316e-06,1.9418023e-05,0.004817291,0.9936156,0.0015405593,4_S7
c2_p067_20231218_o03,p067_20231218,67,3,2,78,4_S7,6.5351287e-06,1.0009561e-05,0.0013840332,0.022219451,0.97491485,0.001465127,4_S7
c2_p067_20231227_o09,p067_20231227,67,3,2,79,4_S7,1.0974395e-06,5.0972107e-05,1.3236494e-05,0.0014500136,0.99174255,0.0067421123,4_S7
c2_p067_20240115_o07,p067_20240115,67,3,2,79,4_S7,4.5806514e-06,7.628142e-06,1.9442583e-05,0.0019454927,0.97309023,0.0249326,4_S7
c2_p067_20240119_o07,p067_20240119,67,3,2,82,5_S8,5.7241004e-07,4.936836e-07,3.065983e-07,1.1650158e-06,0.0010887553,0.99890864,5_S8
c2_p067_20240126_o04,p067_20240126,67,3,2,86,5_S8,1.6605868e-07,9.316398e-08,1.4613025e-07,6.489569e-08,4.9929313e-05,0.9999496,5_S8
c2_p072_20231006_o01,p072_20231006,72,3,2,13,0_S1,0.9994962,6.961794e-05,0.00023146415,8.1216854e-07,1.4993363e-05,0.00018682468,0_S1
c2_p072_20231011_o06,p072_20231011,72,3,2,13,0_S1,0.99877936,0.00023239129,0.00086745416,6.7410683e-06,2.9002946e-05,8.501878e-05,0_S1
c2_p072_20231017_o06,p072_20231017,72,3,2,13,0_S1,0.999225,7.901783e-05,0.00069032185,1.9054896e-06,9.729877e-07,2.7719186e-06,0_S1
c2_p072_20231019_o10,p072_20231019,72,3,2,14,0_S1,0.9174979,0.00046319427,0.08196726,2.572488e-05,9.5198675e-06,3.637514e-05,0_S1
c2_p072_20231023_o11,p072_20231023,72,3,2,15,0_S1,0.9893986,0.0011509465,0.009112658,5.152913e-05,0.0001802515,0.000106020896,0_S1
c2_p072_20231027_o04,p072_20231027,72,3,2,53,2_S5,0.579837,0.007586189,0.41212705,0.0003790865,3.4663393e-05,3.6016703e-05,0_S1
c2_p072_20231101_o07,p072_20231101,72,3,2,55,2_S5,0.00044262165,0.00014511571,0.9929783,0.0063700476,5.9171758e-05,4.7534486e-06,2_S5
c2_p072_20231106_o02,p072_20231106,72,3,2,63,3_S6,9.729026e-07,8.708549e-06,0.005700399,0.9937801,0.0005094183,4.64124e-07,3_S6
c2_p072_20231109_o03,p072_20231109,72,3,2,65,3_S6,9.2299655e-07,1.0394314e-05,0.0015049332,0.99461776,0.0038508072,1.5158074e-05,3_S6
c2_p072_20231120_o08,p072_20231120,72,3,2,70,4_S7,0.00054946064,0.0024270024,0.0549279,0.85615927,0.08543945,0.00049692777,3_S6
c2_p072_20231127_o07,p072_20231127,72,3,2,72,4_S7,1.7905204e-06,3.2630043e-05,0.00061093527,0.8616276,0.13770634,2.0634183e-05,3_S6
c2_p072_20231130_o08,p072_20231130,72,3,2,75,4_S7,9.4451843e-07,3.364083e-05,0.00041263705,0.007840282,0.99159205,0.00012039159,4_S7
c2_p072_20231204_o12,p072_20231204,72,3,2,76,4_S7,2.0578957e-08,2.228821e-07,8.3307714e-07,0.08195521,0.9180339,9.812646e-06,4_S7
c2_p072_20231211_o11,p072_20231211,72,3,2,77,4_S7,6.619741e-10,8.004379e-07,5.8995766e-07,1.9740484e-05,0.99997807,7.510273e-07,4_S7
c2_p072_20231214_o03,p072_20231214,72,3,2,78,4_S7,8.1006114e-08,2.470011e-07,1.1069526e-06,0.00016983999,0.99956316,0.00026560848,4_S7
c2_p072_20231218_o04,p072_20231218,72,3,2,79,4_S7,3.2984597e-06,1.4198577e-05,0.0005193307,0.0094238175,0.98966825,0.00037107334,4_S7
c2_p072_20231227_o04,p072_20231227,72,3,2,79,4_S7,9.3483825e-09,1.7527617e-08,3.6653546e-07,5.504706e-05,0.9999174,2.7123537e-05,4_S7
c2_p072_20240115_o06,p072_20240115,72,3,2,82,5_S8,1.2173005e-06,1.123935e-06,2.7043022e-06,3.2813432e-06,0.002385717,0.9976059,5_S8
c2_p072_20240119_o01,p072_20240119,72,3,2,83,5_S8,1.6705404e-05,4.1159337e-06,5.792789e-06,1.443574e-06,0.00020608964,0.9997658,5_S8
c2_p072_20240126_o05,p072_20240126,72,3,2,86,5_S8,3.1680554e-06,4.1648764e-07,1.3579157e-06,4.7354504e-07,0.00013008123,0.9998646,5_S8
c2_p076_20231006_o03,p076_20231006,76,3,2,13,0_S1,0.99979204,5.2831245e-05,9.280983e-05,4.2315727e-07,5.281691e-06,5.665971e-05,0_S1
c2_p076_20231011_o12,p076_20231011,76,3,2,13,0_S1,0.9985721,0.00032028565,0.0009929364,6.820377e-06,2.9974108e-05,7.784025e-05,0_S1
c2_p076_20231017_o04,p076_20231017,76,3,2,13,0_S1,0.99888164,9.9603254e-05,0.0010046304,4.332059e-06,2.217132e-06,7.512044e-06,0_S1
c2_p076_20231019_o05,p076_20231019,76,3,2,14,0_S1,0.9858899,0.00039341865,0.01365222,4.5625984e-05,7.296037e-06,1.1509189e-05,0_S1
c2_p076_20231023_o05,p076_20231023,76,3,2,15,0_S1,0.37104768,0.002925848,0.6254018,0.0005406894,4.118433e-05,4.284012e-05,2_S5
c2_p076_20231027_o10,p076_20231027,76,3,2,20,1_S2,0.67346483,0.007956611,0.31633654,0.002211601,1.8517121e-05,1.1844177e-05,0_S1
c2_p076_20231101_o04,p076_20231101,76,3,2,53,2_S5,0.09938843,0.030355282,0.83759964,0.0325566,8.849329e-05,1.1559815e-05,2_S5
c2_p076_20231106_o03,p076_20231106,76,3,2,60,3_S6,0.00047214693,0.0057570008,0.28797808,0.6235586,0.08214937,8.475471e-05,3_S6
c2_p076_20231109_o07,p076_20231109,76,3,2,64,3_S6,4.850396e-06,7.736264e-05,0.008620411,0.98927385,0.0020187248,4.7779085e-06,3_S6
c2_p076_20231120_o04,p076_20231120,76,3,2,68,3_S6,1.2319901e-05,0.00026411063,0.0006124518,0.025864722,0.9677203,0.005526027,4_S7
c2_p076_20231127_o09,p076_20231127,76,3,2,72,4_S7,3.1627323e-07,7.5077437e-06,1.5293157e-05,0.087811135,0.9121062,5.947755e-05,4_S7
c2_p076_20231130_o12,p076_20231130,76,3,2,73,4_S7,1.5512865e-07,1.7559792e-06,4.8368936e-05,0.042535752,0.9574055,8.456929e-06,4_S7
c2_p076_20231204_o11,p076_20231204,76,3,2,74,4_S7,6.0597017e-06,9.1787486e-05,0.0002948549,0.41059044,0.5889713,4.5508354e-05,4_S7
c2_p076_20231211_o04,p076_20231211,76,3,2,75,4_S7,2.7251192e-06,2.8928504e-05,0.0005931288,0.42871824,0.570596,6.0929044e-05,4_S7
c2_p076_20231214_o03,p076_20231214,76,3,2,75,4_S7,4.334118e-05,7.121261e-05,0.00017357431,0.0001284632,0.96833,0.03125336,4_S7
c2_p076_20231218_o03,p076_20231218,76,3,2,76,4_S7,6.752054e-05,4.8628717e-05,0.0002878477,0.0023107794,0.9599194,0.037365913,4_S7
c2_p076_20231227_o11,p076_20231227,76,3,2,78,4_S7,7.599612e-07,4.5843285e-06,1.6798867e-05,0.00012809184,0.995689,0.0041607968,4_S7
c2_p076_20240115_o10,p076_20240115,76,3,2,80,5_S8,0.0004005163,0.0013484425,0.003256794,0.031120159,0.73976904,0.22410502,4_S7
c2_p076_20240119_o12,p076_20240119,76,3,2,84,5_S8,1.1515598e-06,2.3275163e-07,5.936712e-07,2.1015909e-07,0.00031763705,0.99968016,5_S8
c2_p076_20240126_o12,p076_20240126,76,3,2,86,5_S8,1.4652542e-05,1.3107517e-06,6.412464e-06,3.2603213e-05,0.0008289162,0.9991161,5_S8
c2_p093_20231128_o08,p093_20231128,93,3,2,66,3_S6,1.9707922e-08,1.36245e-06,3.872683e-05,0.998871,0.0010887368,1.4665979e-08,3_S6
c2_p093_20231130_o02,p093_20231130,93,3,2,68,3_S6,1.1864083e-09,8.234865e-09,8.746788e-07,0.9999603,3.882889e-05,2.0139572e-09,3_S6
c2_p093_20231204_o07,p093_20231204,93,3,2,69,3_S6,7.6891624e-08,1.705734e-06,3.0979558e-05,0.9123688,0.0875973,1.1536599e-06,3_S6
c2_p093_20231207_o01,p093_20231207,93,3,2,70,4_S7,9.846712e-08,6.498235e-07,3.3600027e-05,0.37421933,0.62573975,6.7098235e-06,4_S7
c2_p093_20231211_o03,p093_20231211,93,3,2,71,4_S7,1.7329512e-08,1.4281798e-06,0.00015337997,0.9848519,0.014993185,1.2638614e-07,3_S6
c2_p093_20231218_o05,p093_20231218,93,3,2,73,4_S7,5.6997196e-06,4.204761e-05,0.00031833886,0.0015977367,0.9969869,0.0010493197,4_S7
c2_p093_20231227_o12,p093_20231227,93,3,2,75,4_S7,6.748913e-06,2.8948907e-05,6.952487e-05,0.00012183436,0.9924429,0.0073299366,4_S7
c2_p093_20240115_o05,p093_20240115,93,3,2,76,4_S7,0.001620084,0.0008815748,0.0077127237,0.01852325,0.9278582,0.043404184,4_S7
c2_p093_20240119_o05,p093_20240119,93,3,2,79,4_S7,3.1232445e-05,1.8904262e-06,2.67927e-05,2.4553265e-06,0.49052203,0.5094156,5_S8
c2_p093_20240126_o07,p093_20240126,93,3,2,83,5_S8,3.2238727e-08,4.0192263e-09,2.8390283e-09,2.8501017e-09,1.7743868e-07,0.99999976,5_S8
c2_p096_20231128_o07,p096_20231128,96,3,2,66,3_S6,5.7486926e-09,4.3058204e-08,2.5495248e-05,0.99664235,0.0033321613,1.6129375e-08,3_S6
c2_p096_20231130_o01,p096_20231130,96,3,2,68,3_S6,4.681654e-08,5.5530528e-08,1.2364023e-06,0.99970645,0.0002920978,2.4943784e-08,3_S6
c2_p096_20231204_o10,p096_20231204,96,3,2,69,3_S6,3.1729667e-06,1.7229655e-05,0.00022135812,0.46454376,0.535208,6.488055e-06,4_S7
c2_p096_20231207_o09,p096_20231207,96,3,2,70,4_S7,3.1820593e-07,5.161341e-06,0.00085350405,0.88609487,0.11304483,1.3329884e-06,3_S6
c2_p096_20231211_o07,p096_20231211,96,3,2,71,4_S7,4.6956476e-08,1.2622374e-06,4.6158555e-05,0.14921965,0.8507308,2.18624e-06,4_S7
c2_p096_20231218_o04,p096_20231218,96,3,2,73,4_S7,4.1113125e-08,1.00259804e-07,2.8546737e-07,1.430214e-05,0.9987576,0.00122778,4_S7
c2_p096_20231227_o10,p096_20231227,96,3,2,76,4_S7,8.4536445e-08,2.1808424e-07,2.6019463e-06,5.185911e-06,0.9996283,0.00036350082,4_S7
c2_p096_20240115_o03,p096_20240115,96,3,2,77,4_S7,3.7326718e-05,1.1075009e-05,0.00017793119,9.788119e-06,0.9900917,0.009672235,4_S7
c2_p096_20240119_o11,p096_20240119,96,3,2,83,5_S8,3.072902e-05,1.6304277e-06,4.512929e-05,2.8780132e-05,0.01595911,0.9839347,5_S8
c2_p096_20240126_o01,p096_20240126,96,3,2,89,5_S8,2.5431182e-08,3.7496983e-09,9.486943e-10,8.3232543e-10,2.0660805e-06,0.99999785,5_S8
c2_p001_20230816_o02,p001_20230816,1,4,2,70,4_S7,2.2005494e-08,0.001281239,1.0984087e-07,0.99781054,0.0009080698,6.5901844e-08,3_S6
c2_p001_20230921_o12,p001_20230921,1,4,2,79,4_S7,9.104728e-06,0.0012276787,0.00018440663,0.03383506,0.96410054,0.0006432202,4_S7
c2_p001_20231005_o07,p001_20231005,1,4,2,87,5_S8,0.0014160847,2.9114919e-05,0.0003686349,4.1578132e-06,2.2994027e-05,0.998159,5_S8
c2_p007_20230816_o09,p007_20230816,7,4,2,67,3_S6,3.5674365e-08,8.962538e-05,2.891984e-06,0.984195,0.015712429,5.99393e-08,3_S6
c2_p007_20230921_o04,p007_20230921,7,4,2,80,5_S8,0.00069042016,0.0020195676,0.07668093,0.00063985825,0.4039529,0.5160163,5_S8
c2_p007_20231005_o11,p007_20231005,7,4,2,83,5_S8,0.00024494692,0.0011612175,0.016508782,0.0014516354,0.28277442,0.69785905,5_S8
c2_p013_20230816_o01,p013_20230816,13,4,2,59,2_S5,0.0006041126,0.018303093,0.006427919,0.019306108,0.95175135,0.0036073865,4_S7
c2_p013_20230921_o12,p013_20230921,13,4,2,75,4_S7,0.00062766764,0.003419103,0.012340618,0.0020168468,0.9488949,0.03270079,4_S7
c2_p013_20231005_o08,p013_20231005,13,4,2,88,5_S8,7.000918e-05,3.8146563e-06,7.7482524e-05,4.41999e-07,3.8244366e-06,0.9998443,5_S8
c2_p023_20230828_o05,p023_20230828,23,4,2,14,0_S1,0.99925417,0.00059586193,0.00014533724,4.2281613e-06,1.88476e-07,2.1707922e-07,0_S1
c2_p023_20230904_o12,p023_20230904,23,4,2,22,1_S2,0.5443774,0.008891985,0.42790094,0.01658872,0.0019660278,0.0002748641,0_S1
c2_p023_20230908_o04,p023_20230908,23,4,2,63,3_S6,1.9710528e-06,0.049123712,6.242569e-05,0.9505801,0.00023149056,3.26746e-07,3_S6
c2_p023_20230921_o02,p023_20230921,23,4,2,70,4_S7,3.5482037e-05,0.0010334837,0.00085936533,0.029431328,0.96675617,0.0018841546,4_S7
c2_p023_20231006_o10,p023_20231006,23,4,2,71,4_S7,0.00017850351,0.15867801,0.0033059188,0.031222414,0.80393267,0.002682497,4_S7
c2_p023_20231017_o05,p023_20231017,23,4,2,73,4_S7,3.9131372e-08,0.0013044826,5.144152e-05,2.3418941e-05,0.9980544,0.0005663596,4_S7
c2_p023_20231023_o06,p023_20231023,23,4,2,77,4_S7,5.101433e-10,3.1930472e-06,2.2952761e-07,3.9946884e-05,0.99995077,5.8632368e-06,4_S7
c2_p023_20231027_o05,p023_20231027,23,4,2,78,4_S7,1.3325493e-07,0.00010343329,1.24857725e-05,0.00021010991,0.9991578,0.00051609724,4_S7
c2_p023_20231101_o08,p023_20231101,23,4,2,79,4_S7,4.640601e-05,0.0006564477,0.0005964565,7.797691e-05,0.8184047,0.18021795,4_S7
c2_p023_20231106_o03,p023_20231106,23,4,2,78,4_S7,1.9664997e-06,7.821681e-05,5.5881017e-05,0.00032664236,0.88654935,0.112987824,4_S7
c2_p023_20231109_o09,p023_20231109,23,4,2,79,4_S7,4.0822182e-05,0.0005472683,0.003014949,0.00026320474,0.9593073,0.036826454,4_S7
c2_p023_20231120_o08,p023_20231120,23,4,2,81,5_S8,0.00020557371,0.00010304917,0.00036659781,1.7071136e-05,0.0012445583,0.99806327,5_S8
c2_p023_20231124_o02,p023_20231124,23,4,2,83,5_S8,0.00024282755,2.4446439e-05,0.00017874509,1.6748334e-06,6.9894384e-05,0.9994824,5_S8
c2_p023_20231127_o12,p023_20231127,23,4,2,84,5_S8,0.00010025961,4.4477205e-05,0.0004843014,5.1181255e-06,0.0015037837,0.99786204,5_S8
c2_p023_20231130_o02,p023_20231130,23,4,2,85,5_S8,3.9917836e-06,1.2299165e-06,2.0521826e-05,8.1419756e-07,0.0020655217,0.997908,5_S8
c2_p034_20230828_o01,p034_20230828,34,4,2,15,0_S1,0.9325974,0.06701225,0.0003186114,6.594998e-05,1.9806373e-06,3.797903e-06,0_S1
c2_p034_20230904_o07,p034_20230904,34,4,2,53,2_S5,0.0010538456,0.025954476,0.046748277,0.9245874,0.0016518974,4.092208e-06,3_S6
c2_p034_20230908_o03,p034_20230908,34,4,2,61,3_S6,1.5697161e-07,1.0399629e-05,1.1041005e-05,0.99990475,7.351855e-05,5.4258642e-08,3_S6
c2_p034_20230921_o01,p034_20230921,34,4,2,70,4_S7,6.230637e-08,1.8413433e-05,5.4070947e-06,0.21622361,0.78374326,9.137792e-06,4_S7
c2_p034_20231006_o01,p034_20231006,34,4,2,72,4_S7,9.5423346e-08,1.1578137e-05,1.1976247e-05,7.021018e-05,0.9993013,0.0006047151,4_S7
c2_p034_20231017_o03,p034_20231017,34,4,2,73,4_S7,5.5247e-08,4.1364736e-05,4.6395282e-05,0.002900423,0.9968014,0.0002104338,4_S7
c2_p034_20231023_o12,p034_20231023,34,4,2,74,4_S7,2.6605249e-10,3.0534838e-07,3.1137085e-07,1.1307614e-05,0.99997854,9.429889e-06,4_S7
c2_p034_20231027_o11,p034_20231027,34,4,2,76,4_S7,7.629136e-10,3.569514e-08,1.09542064e-07,4.3130453e-06,0.9999745,2.0986225e-05,4_S7
c2_p034_20231101_o01,p034_20231101,34,4,2,77,4_S7,1.242944e-08,1.4523522e-06,6.7507203e-06,4.1966836e-05,0.99929404,0.00065568864,4_S7
c2_p034_20231106_o01,p034_20231106,34,4,2,78,4_S7,1.0644208e-07,5.1163756e-06,5.0915e-05,0.00012814345,0.9992937,0.00052204396,4_S7
c2_p034_20231109_o06,p034_20231109,34,4,2,79,4_S7,1.3542069e-07,6.6033217e-06,1.1904435e-05,3.5669364e-06,0.990207,0.009770802,4_S7
c2_p034_20231120_o07,p034_20231120,34,4,2,82,5_S8,1.9547548e-05,1.3796401e-05,0.000102957994,3.218226e-07,9.872484e-05,0.9997646,5_S8
c2_p034_20231124_o06,p034_20231124,34,4,2,86,5_S8,2.0341367e-06,2.4244296e-06,4.169996e-05,4.425823e-08,5.3861597e-05,0.9999,5_S8
c2_p034_20231127_o09,p034_20231127,34,4,2,88,5_S8,0.00018810421,9.920255e-05,0.00562051,7.79755e-06,0.0069342474,0.9871502,5_S8
c2_p034_20231130_o04,p034_20231130,34,4,2,89,5_S8,1.2956884e-06,6.573103e-07,3.4322868e-05,3.817896e-09,8.796397e-05,0.99987566,5_S8
c2_p043_20230929_o05,p043_20230929,43,4,2,13,0_S1,0.99845946,0.0008392101,6.620606e-05,4.1230618e-05,0.00014477418,0.00044919385,0_S1
c2_p043_20231004_o04,p043_20231004,43,4,2,13,0_S1,0.9996044,0.00020152064,3.4782523e-05,8.895426e-06,1.825383e-05,0.00013221506,0_S1
c2_p043_20231011_o05,p043_20231011,43,4,2,14,0_S1,0.9891192,0.0011912783,0.009314982,0.00033121277,3.0285708e-05,1.3091925e-05,0_S1
c2_p043_20231017_o04,p043_20231017,43,4,2,52,2_S5,0.9561135,0.01672611,0.025814068,0.0011894195,0.000105915096,5.094187e-05,0_S1
c2_p043_20231019_o11,p043_20231019,43,4,2,53,2_S5,0.2802399,0.00024070268,0.7190248,0.0004595541,1.7296794e-05,1.7758048e-05,2_S5
c2_p043_20231023_o06,p043_20231023,43,4,2,60,3_S6,0.02219837,0.0018033375,0.87174106,0.06647736,0.037110228,0.00066964806,2_S5
c2_p043_20231027_o06,p043_20231027,43,4,2,61,3_S6,9.1406015e-05,7.950449e-05,0.02586562,0.9509347,0.023020243,8.426328e-06,3_S6
c2_p043_20231101_o09,p043_20231101,43,4,2,64,3_S6,1.9669875e-08,1.0286178e-05,0.00013435136,0.8517858,0.14806935,1.2491498e-07,3_S6
c2_p043_20231106_o12,p043_20231106,43,4,2,70,4_S7,1.2319606e-07,0.0005481165,5.522982e-07,0.9983858,0.001065222,1.6104124e-07,3_S6
c2_p043_20231109_o08,p043_20231109,43,4,2,70,4_S7,6.954893e-07,0.0012514308,7.7858356e-05,0.25228637,0.74636257,2.1089196e-05,4_S7
c2_p043_20231120_o02,p043_20231120,43,4,2,70,4_S7,1.3334136e-05,3.535873e-05,0.0001253711,0.00018626815,0.97492003,0.024719605,4_S7
c2_p043_20231127_o04,p043_20231127,43,4,2,71,4_S7,5.699279e-08,3.438346e-06,6.34655e-06,5.2849373e-05,0.9997737,0.0001637501,4_S7
c2_p043_20231130_o10,p043_20231130,43,4,2,71,4_S7,3.2070373e-09,3.9955016e-06,5.8714163e-06,0.00021341475,0.99972564,5.1128813e-05,4_S7
c2_p043_20231204_o03,p043_20231204,43,4,2,72,4_S7,1.5041302e-06,1.3385062e-05,0.00018602672,1.27154435e-05,0.960363,0.039423488,4_S7
c2_p043_20231211_o08,p043_20231211,43,4,2,74,4_S7,2.6766435e-07,1.6285354e-05,7.164084e-06,0.003909117,0.9959203,0.0001468651,4_S7
c2_p043_20231214_o05,p043_20231214,43,4,2,76,4_S7,8.3439e-05,7.056029e-05,8.569005e-05,1.2701076e-05,0.11885096,0.8808967,5_S8
c2_p043_20231218_o05,p043_20231218,43,4,2,77,4_S7,7.072954e-07,1.5660766e-05,5.036114e-05,0.00024731245,0.99766254,0.0020235253,4_S7
c2_p043_20231227_o04,p043_20231227,43,4,2,78,4_S7,1.4878239e-07,2.7021179e-06,1.8769719e-06,6.6452885e-05,0.993541,0.0063877874,4_S7
c2_p043_20240104_o11,p043_20240104,43,4,2,79,4_S7,8.5739275e-06,1.0918572e-05,0.00015205334,2.327227e-06,0.19032453,0.80950165,5_S8
c2_p050_20230929_o08,p050_20230929,50,4,2,13,0_S1,0.9994848,0.00037223028,2.2325414e-05,1.5627342e-05,2.6040316e-05,7.9011625e-05,0_S1
c2_p050_20231004_o06,p050_20231004,50,4,2,13,0_S1,0.9997627,0.00017483858,1.4854151e-05,6.988649e-06,7.135465e-06,3.3411387e-05,0_S1
c2_p050_20231011_o09,p050_20231011,50,4,2,14,0_S1,0.9959632,0.0019512653,0.0020200643,5.5857545e-05,3.7460823e-06,5.8143532e-06,0_S1
c2_p050_20231017_o01,p050_20231017,50,4,2,15,0_S1,0.25851834,0.013295019,0.7071537,0.0208246,0.00015537904,5.291878e-05,2_S5
c2_p050_20231019_o04,p050_20231019,50,4,2,16,0_S1,0.18285918,0.006380134,0.8010797,0.009482034,0.000110944944,8.7973836e-05,2_S5
c2_p050_20231023_o12,p050_20231023,50,4,2,20,1_S2,0.044075873,0.0016995627,0.92475253,0.02908342,0.00030278007,8.586298e-05,2_S5
c2_p050_20231027_o02,p050_20231027,50,4,2,21,1_S2,0.0002853384,3.760095e-05,0.1289429,0.80647516,0.06423753,2.138365e-05,3_S6
c2_p050_20231101_o02,p050_20231101,50,4,2,54,2_S5,1.0112964e-05,1.6834387e-05,0.04377912,0.91739386,0.03879759,2.518123e-06,3_S6
c2_p050_20231106_o03,p050_20231106,50,4,2,67,3_S6,2.3469858e-07,3.7688198e-05,1.268134e-05,0.99896514,0.0009841525,3.7570327e-08,3_S6
c2_p050_20231109_o10,p050_20231109,50,4,2,69,3_S6,6.6695295e-11,6.005555e-08,6.2093946e-08,0.9821169,0.01788294,9.362967e-10,3_S6
c2_p050_20231120_o05,p050_20231120,50,4,2,70,4_S7,0.00087644835,0.002314734,0.006694559,0.019223355,0.835697,0.13519387,4_S7
c2_p050_20231127_o04,p050_20231127,50,4,2,72,4_S7,1.29074315e-05,0.000112873095,0.00042200348,0.036329042,0.96161205,0.0015111207,4_S7
c2_p050_20231130_o08,p050_20231130,50,4,2,74,4_S7,1.9649319e-07,1.06607895e-05,2.0870486e-05,0.00013392129,0.99931777,0.0005165382,4_S7
c2_p050_20231204_o03,p050_20231204,50,4,2,75,4_S7,3.2613766e-08,1.13649676e-07,5.5684022e-06,4.447423e-05,0.9999138,3.6035875e-05,4_S7
c2_p050_20231211_o06,p050_20231211,50,4,2,76,4_S7,5.011313e-08,1.6573078e-06,1.0922263e-05,8.484632e-05,0.9984201,0.0014824637,4_S7
c2_p050_20231214_o10,p050_20231214,50,4,2,78,4_S7,2.4193765e-05,2.0586705e-05,1.1488383e-05,7.373395e-05,0.8066013,0.19326869,4_S7
c2_p050_20231218_o11,p050_20231218,50,4,2,79,4_S7,8.388395e-08,5.636506e-06,6.6666007e-06,0.016970763,0.98298717,2.9692315e-05,4_S7
c2_p050_20231227_o12,p050_20231227,50,4,2,81,5_S8,1.3140118e-07,5.3421413e-06,1.1701211e-06,3.74181e-06,0.9505065,0.04948315,4_S7
c2_p050_20240104_o12,p050_20240104,50,4,2,79,4_S7,4.6108216e-05,1.4874216e-05,0.00012889507,4.1664734e-06,0.24732271,0.75248325,5_S8
c2_p051_20230929_o07,p051_20230929,51,4,2,13,0_S1,0.9990409,0.0006711514,4.6249068e-05,3.0615152e-05,5.0267467e-05,0.0001608654,0_S1
c2_p051_20231004_o08,p051_20231004,51,4,2,13,0_S1,0.9993906,0.00041777286,0.00012346933,2.9130753e-05,1.2813772e-05,2.620754e-05,0_S1
c2_p051_20231011_o01,p051_20231011,51,4,2,15,0_S1,0.8458962,0.009049991,0.14336976,0.0015142661,6.645875e-05,0.00010339317,0_S1
c2_p051_20231017_o06,p051_20231017,51,4,2,52,2_S5,0.056191053,0.21432889,0.25488237,0.0065569934,0.45613697,0.011903705,4_S7
c2_p051_20231019_o09,p051_20231019,51,4,2,60,3_S6,0.029538518,0.00030668845,0.9667109,0.001511315,0.0012661563,0.0006663953,2_S5
c2_p051_20231023_o10,p051_20231023,51,4,2,65,3_S6,0.0011376912,0.0001836706,0.70502645,0.29113764,0.002512235,2.2614415e-06,2_S5
c2_p051_20231027_o11,p051_20231027,51,4,2,66,3_S6,0.00037721163,0.0002974338,0.10359286,0.31876257,0.5769071,6.278646e-05,4_S7
c2_p051_20231101_o03,p051_20231101,51,4,2,69,3_S6,0.00014727011,0.00207608,0.04031772,0.4627827,0.4940092,0.00066703703,4_S7
c2_p051_20231106_o01,p051_20231106,51,4,2,70,4_S7,6.123699e-09,7.98868e-06,3.5772077e-06,0.9926674,0.0073208762,2.2219703e-07,3_S6
c2_p051_20231109_o08,p051_20231109,51,4,2,71,4_S7,3.230611e-06,9.819038e-05,0.00135848,0.89631057,0.10221667,1.292762e-05,3_S6
c2_p051_20231120_o04,p051_20231120,51,4,2,72,4_S7,9.566937e-05,0.00022524486,0.0004897942,0.0038025808,0.9796988,0.015687905,4_S7
c2_p051_20231127_o06,p051_20231127,51,4,2,75,4_S7,5.7092143e-07,1.1211264e-05,1.3614335e-05,0.0055499976,0.9943099,0.000114629176,4_S7
c2_p051_20231130_o10,p051_20231130,51,4,2,76,4_S7,2.2260358e-11,2.203927e-08,1.5872384e-08,0.007216128,0.9927838,8.481579e-09,4_S7
c2_p051_20231204_o12,p051_20231204,51,4,2,77,4_S7,5.254269e-10,5.7453448e-08,3.4085517e-08,0.0012384419,0.99876094,6.2546104e-07,4_S7
c2_p051_20231211_o09,p051_20231211,51,4,2,78,4_S7,2.3984515e-07,0.00030851507,7.125708e-06,0.009095378,0.99052507,6.37468e-05,4_S7
c2_p051_20231214_o05,p051_20231214,51,4,2,79,4_S7,9.290841e-05,6.811159e-05,0.00016539876,0.0006263703,0.6233735,0.3756737,4_S7
c2_p051_20231218_o11,p051_20231218,51,4,2,79,4_S7,8.351688e-09,1.6715703e-06,2.1242697e-07,0.0008129754,0.9990995,8.5647844e-05,4_S7
c2_p051_20231227_o05,p051_20231227,51,4,2,81,5_S8,0.0003026222,6.7201894e-05,0.00038682428,2.7066512e-06,0.00014897212,0.9990916,5_S8
c2_p051_20240104_o02,p051_20240104,51,4,2,82,5_S8,8.415303e-05,0.00018823273,0.0008504096,7.1211393e-06,0.0058798846,0.99299026,5_S8
c2_p055_20230929_o05,p055_20230929,55,4,2,13,0_S1,0.9988128,0.0008264161,2.478649e-05,3.7336005e-05,9.5867086e-05,0.00020284497,0_S1
c2_p055_20231004_o05,p055_20231004,55,4,2,13,0_S1,0.9998568,0.00012425298,6.5265654e-06,3.483661e-06,1.997484e-06,6.8724225e-06,0_S1
c2_p055_20231011_o09,p055_20231011,55,4,2,14,0_S1,0.29956025,0.14429094,0.49369785,0.060767207,0.00149535,0.00018840768,2_S5
c2_p055_20231017_o12,p055_20231017,55,4,2,20,1_S2,0.9134016,0.037673272,0.047166064,0.0017107703,1.69353e-05,3.1320957e-05,0_S1
c2_p055_20231019_o02,p055_20231019,55,4,2,54,2_S5,0.0036281652,0.00057644193,0.93976825,0.055904742,0.00011935972,3.0619503e-06,2_S5
c2_p055_20231023_o03,p055_20231023,55,4,2,55,2_S5,8.495891e-05,0.00030852956,0.14771564,0.84672576,0.0051599913,5.07509e-06,3_S6
c2_p055_20231027_o04,p055_20231027,55,4,2,60,3_S6,1.680851e-05,0.00015340291,0.0018069876,0.9944226,0.0035991254,1.0586551e-06,3_S6
c2_p055_20231101_o04,p055_20231101,55,4,2,63,3_S6,6.385322e-05,0.0008401084,0.051637992,0.74425364,0.20316109,4.3329615e-05,3_S6
c2_p055_20231106_o05,p055_20231106,55,4,2,67,3_S6,1.04366514e-07,1.1586348e-05,1.440181e-05,0.91248584,0.0874853,2.7324686e-06,3_S6
c2_p055_20231109_o04,p055_20231109,55,4,2,69,3_S6,1.9108433e-07,0.0011383811,2.8209939e-05,0.60560787,0.39320862,1.6704626e-05,3_S6
c2_p055_20231120_o04,p055_20231120,55,4,2,71,4_S7,7.4496027e-09,1.9964998e-06,1.3603412e-07,0.0007423367,0.9991762,7.935258e-05,4_S7
c2_p055_20231127_o09,p055_20231127,55,4,2,72,4_S7,6.0203342e-06,0.00024953295,9.409963e-05,0.10315305,0.8954132,0.0010840836,4_S7
c2_p055_20231130_o08,p055_20231130,55,4,2,75,4_S7,5.422375e-07,9.919098e-06,3.8912138e-05,0.00027136246,0.9983563,0.0013228467,4_S7
c2_p055_20231204_o11,p055_20231204,55,4,2,76,4_S7,7.01028e-08,6.662405e-07,5.1899065e-06,1.8072467e-05,0.99539834,0.0045775985,4_S7
c2_p055_20231211_o04,p055_20231211,55,4,2,77,4_S7,3.385339e-08,2.1909726e-05,1.4351342e-05,0.00234763,0.9970732,0.0005428659,4_S7
c2_p055_20231214_o05,p055_20231214,55,4,2,78,4_S7,2.9774253e-10,5.985077e-09,6.592402e-10,9.726466e-07,0.9999957,3.3329115e-06,4_S7
c2_p055_20231218_o07,p055_20231218,55,4,2,79,4_S7,3.6351258e-10,3.0580385e-09,1.9504216e-09,1.2704358e-08,0.9992901,0.0007098449,4_S7
c2_p055_20231227_o04,p055_20231227,55,4,2,79,4_S7,6.727475e-06,9.901846e-06,2.0466528e-05,1.2851923e-06,0.12769733,0.8722643,5_S8
c2_p055_20240104_o11,p055_20240104,55,4,2,80,5_S8,5.197483e-05,0.00017067668,0.0009773794,1.0504817e-05,0.01193949,0.98685,5_S8
c2_p056_20230929_o09,p056_20230929,56,4,2,13,0_S1,0.9993249,0.0004702992,2.6354512e-05,2.7342774e-05,3.7488047e-05,0.000113664944,0_S1
c2_p056_20231004_o08,p056_20231004,56,4,2,13,0_S1,0.99882096,0.0011047091,3.5569723e-05,1.0756898e-05,4.289998e-06,2.3702161e-05,0_S1
c2_p056_20231011_o07,p056_20231011,56,4,2,14,0_S1,0.027477633,0.006968658,0.9648404,0.00045839854,0.00022635928,2.8494362e-05,2_S5
c2_p056_20231017_o09,p056_20231017,56,4,2,15,0_S1,0.63073874,0.06288166,0.30098912,0.0049711466,0.00020305208,0.00021624763,0_S1
c2_p056_20231019_o11,p056_20231019,56,4,2,16,0_S1,0.033104777,0.00079126924,0.95668334,0.008336763,0.0009943821,8.9516405e-05,2_S5
c2_p056_20231023_o12,p056_20231023,56,4,2,20,1_S2,0.00019998907,0.000102777514,0.6937893,0.3025338,0.003369066,5.043779e-06,2_S5
c2_p056_20231027_o11,p056_20231027,56,4,2,55,2_S5,0.00023778717,6.565404e-05,0.21750583,0.6742786,0.10790661,5.5101937e-06,3_S6
c2_p056_20231101_o09,p056_20231101,56,4,2,56,2_S5,6.076219e-08,7.037445e-07,8.069044e-06,0.9998099,0.00018128542,4.2114518e-08,3_S6
c2_p056_20231106_o08,p056_20231106,56,4,2,65,3_S6,3.1944452e-08,2.57546e-06,1.4755424e-05,0.9808234,0.01915856,7.29358e-07,3_S6
c2_p056_20231109_o05,p056_20231109,56,4,2,67,3_S6,9.289127e-06,0.00029226916,0.00014819675,0.1581065,0.8413492,9.4443705e-05,4_S7
c2_p056_20231120_o07,p056_20231120,56,4,2,70,4_S7,4.4682447e-06,4.759364e-05,2.5096597e-05,0.0005850295,0.99490213,0.0044355216,4_S7
c2_p056_20231127_o07,p056_20231127,56,4,2,72,4_S7,7.5836276e-08,4.976525e-06,1.7022344e-06,0.0007145798,0.99901867,0.00026000076,4_S7
c2_p056_20231130_o06,p056_20231130,56,4,2,73,4_S7,2.0375526e-05,1.4199524e-05,0.00022410876,7.931011e-06,0.34120554,0.65852785,5_S8
c2_p056_20231204_o10,p056_20231204,56,4,2,74,4_S7,7.368102e-08,3.3283027e-06,7.3022143e-06,4.853027e-06,0.98446876,0.01551563,4_S7
c2_p056_20231211_o02,p056_20231211,56,4,2,76,4_S7,5.1211623e-06,3.10933e-05,0.0007635949,8.377032e-06,0.7169292,0.28226256,4_S7
c2_p056_20231214_o04,p056_20231214,56,4,2,78,4_S7,5.104123e-06,4.1529083e-06,1.4329194e-05,6.125365e-07,0.08865836,0.91131747,5_S8
c2_p056_20231218_o05,p056_20231218,56,4,2,80,5_S8,2.6771875e-06,4.1373764e-06,4.959185e-05,1.707306e-06,0.6432676,0.35667425,4_S7
c2_p056_20231227_o02,p056_20231227,56,4,2,82,5_S8,3.6458675e-06,3.4868077e-07,2.0477926e-06,1.6601014e-08,8.190835e-06,0.9999858,5_S8
c2_p056_20240104_o07,p056_20240104,56,4,2,83,5_S8,4.0991813e-06,7.2478433e-06,2.1255715e-05,1.9346353e-07,0.00016091389,0.9998062,5_S8
c2_p062_20231006_o05,p062_20231006,62,4,2,13,0_S1,0.9993587,0.00028657357,1.5419899e-05,1.2744336e-05,4.883629e-05,0.00027774207,0_S1
c2_p062_20231011_o05,p062_20231011,62,4,2,13,0_S1,0.9994518,0.0004010527,5.7983892e-05,1.077166e-05,1.7660073e-05,6.0731723e-05,0_S1
c2_p062_20231017_o08,p062_20231017,62,4,2,13,0_S1,0.97054213,0.019644145,0.008621533,0.00050579343,0.0003452605,0.0003411314,0_S1
c2_p062_20231019_o01,p062_20231019,62,4,2,14,0_S1,0.9995677,5.127654e-05,0.00033068302,1.0259407e-05,1.0925207e-05,2.9154953e-05,0_S1
c2_p062_20231023_o07,p062_20231023,62,4,2,14,0_S1,0.98322845,0.006125076,0.0071899816,0.0029479135,0.0003549396,0.00015366591,0_S1
c2_p062_20231027_o07,p062_20231027,62,4,2,14,0_S1,0.8965112,0.00051178964,0.10226452,0.0003180333,5.201673e-05,0.00034240045,0_S1
c2_p062_20231101_o04,p062_20231101,62,4,2,51,2_S5,0.00011978764,3.702793e-06,0.9998635,1.2060004e-05,8.481725e-07,9.671033e-08,2_S5
c2_p062_20231106_o01,p062_20231106,62,4,2,53,2_S5,2.9244711e-05,0.0015166865,0.02127439,0.92401296,0.053137418,2.9273788e-05,3_S6
c2_p062_20231109_o06,p062_20231109,62,4,2,60,3_S6,3.1499178e-07,1.1218704e-05,0.00022119062,0.9875196,0.012245739,1.8861082e-06,3_S6
c2_p062_20231120_o05,p062_20231120,62,4,2,70,4_S7,9.9649284e-08,4.3136647e-06,8.026744e-07,0.08668402,0.9132896,2.1216834e-05,4_S7
c2_p062_20231127_o06,p062_20231127,62,4,2,72,4_S7,8.677793e-08,6.3543157e-06,1.9323022e-06,0.027414741,0.97257113,5.715975e-06,4_S7
c2_p062_20231130_o08,p062_20231130,62,4,2,73,4_S7,5.625305e-09,3.811288e-07,8.330877e-07,0.00027947384,0.99971014,9.133485e-06,4_S7
c2_p062_20231204_o08,p062_20231204,62,4,2,75,4_S7,1.1608825e-09,1.3295438e-07,1.5713408e-07,0.0019654196,0.99803346,8.82521e-07,4_S7
c2_p062_20231211_o06,p062_20231211,62,4,2,77,4_S7,9.8216175e-12,2.7107314e-09,6.2264918e-09,3.2840312e-06,0.9999964,3.3466623e-07,4_S7
c2_p062_20231214_o08,p062_20231214,62,4,2,78,4_S7,7.17944e-08,9.019715e-08,3.9462526e-07,7.5199646e-06,0.99968696,0.00030499065,4_S7
c2_p062_20231218_o11,p062_20231218,62,4,2,79,4_S7,1.2132231e-10,2.1860701e-07,1.4810944e-07,1.5356918e-05,0.99998355,7.832471e-07,4_S7
c2_p062_20231227_o04,p062_20231227,62,4,2,79,4_S7,1.4429052e-08,8.8963894e-08,2.2103669e-07,1.5965057e-07,0.99238986,0.0076097036,4_S7
c2_p062_20240115_o04,p062_20240115,62,4,2,82,5_S8,2.4443812e-06,3.059937e-05,7.1925155e-05,1.4766572e-06,0.08098092,0.9189127,5_S8
c2_p062_20240119_o12,p062_20240119,62,4,2,83,5_S8,3.359585e-05,5.928182e-06,4.244755e-05,2.8088243e-07,6.0586913e-06,0.99991167,5_S8
c2_p062_20240126_o06,p062_20240126,62,4,2,86,5_S8,2.0556055e-05,5.4315078e-05,8.087792e-05,2.8331531e-05,0.0003445457,0.99947137,5_S8
c2_p071_20231006_o01,p071_20231006,71,4,2,13,0_S1,0.99810696,0.0012717758,0.00015958206,3.4157718e-05,8.457246e-05,0.00034297787,0_S1
c2_p071_20231011_o09,p071_20231011,71,4,2,13,0_S1,0.99987054,9.878786e-05,5.233009e-06,3.0965136e-06,3.94148e-06,1.8359755e-05,0_S1
c2_p071_20231017_o07,p071_20231017,71,4,2,13,0_S1,0.99906915,0.00080965745,6.719584e-05,1.8850436e-05,1.2689581e-05,2.2463057e-05,0_S1
c2_p071_20231019_o06,p071_20231019,71,4,2,13,0_S1,0.9974848,0.00033900555,0.00170766,8.9032575e-05,0.00012688401,0.00025256985,0_S1
c2_p071_20231023_o08,p071_20231023,71,4,2,14,0_S1,0.99811316,0.0008379209,0.0010267708,1.6256403e-05,1.3431322e-06,4.604523e-06,0_S1
c2_p071_20231027_o07,p071_20231027,71,4,2,51,2_S5,0.028744318,0.0001749446,0.97055763,0.0004963232,1.592338e-05,1.0864241e-05,2_S5
c2_p071_20231101_o06,p071_20231101,71,4,2,60,3_S6,0.0002940813,0.00018624631,0.9881164,0.011192582,0.00020849847,2.2266418e-06,2_S5
c2_p071_20231106_o08,p071_20231106,71,4,2,68,3_S6,4.0261332e-07,3.415158e-06,0.00015006796,0.9992632,0.00058231637,5.3342075e-07,3_S6
c2_p071_20231109_o07,p071_20231109,71,4,2,69,3_S6,5.81279e-07,0.00011023429,0.0002552389,0.9830639,0.01656823,1.7765911e-06,3_S6
c2_p071_20231120_o09,p071_20231120,71,4,2,70,4_S7,4.928285e-06,0.00054336834,0.0012845054,0.13567443,0.86246544,2.7228789e-05,4_S7
c2_p071_20231127_o12,p071_20231127,71,4,2,72,4_S7,1.9502245e-06,2.1881333e-05,6.409472e-05,0.017588813,0.98225397,6.9278525e-05,4_S7
c2_p071_20231130_o10,p071_20231130,71,4,2,73,4_S7,2.41218e-06,2.7939235e-05,0.0003401927,0.15815729,0.8413498,0.00012236534,4_S7
c2_p071_20231204_o04,p071_20231204,71,4,2,74,4_S7,1.7590313e-06,2.3013281e-05,6.741787e-05,0.0135620935,0.98628795,5.773186e-05,4_S7
c2_p071_20231211_o09,p071_20231211,71,4,2,75,4_S7,5.4170563e-08,1.1719799e-06,7.049915e-06,0.007971664,0.99199134,2.8708911e-05,4_S7
c2_p071_20231214_o09,p071_20231214,71,4,2,76,4_S7,5.1761524e-09,7.3039317e-09,8.3756646e-08,4.563859e-07,0.999913,8.64399e-05,4_S7
c2_p071_20231218_o05,p071_20231218,71,4,2,77,4_S7,6.5135254e-07,7.341752e-07,3.4534238e-05,7.828648e-06,0.9940196,0.0059367423,4_S7
c2_p071_20231227_o04,p071_20231227,71,4,2,78,4_S7,1.5534847e-06,9.834082e-07,4.8645506e-06,3.27094e-07,0.7033769,0.29661533,4_S7
c2_p071_20240115_o07,p071_20240115,71,4,2,79,4_S7,4.8682115e-05,0.0014152053,0.0019030434,0.00015740278,0.26402235,0.73245335,5_S8
c2_p071_20240119_o07,p071_20240119,71,4,2,82,5_S8,0.00030031675,6.752375e-05,0.00040355593,3.6646286e-06,0.00018468061,0.9990402,5_S8
c2_p071_20240126_o10,p071_20240126,71,4,2,85,5_S8,0.00014672305,0.0007905693,0.0014035671,7.708923e-05,0.0018838256,0.99569833,5_S8
c2_p074_20231006_o10,p074_20231006,74,4,2,13,0_S1,0.9996618,0.00020419895,1.307537e-05,7.4424092e-06,1.6844935e-05,9.66717e-05,0_S1
c2_p074_20231011_o05,p074_20231011,74,4,2,13,0_S1,0.9989095,0.0005193477,5.2341627e-05,4.588924e-05,0.00011490723,0.00035795852,0_S1
c2_p074_20231017_o02,p074_20231017,74,4,2,13,0_S1,0.99774325,0.0011308893,0.0008687093,6.0318376e-05,5.389725e-05,0.00014298146,0_S1
c2_p074_20231019_o11,p074_20231019,74,4,2,13,0_S1,0.95091826,0.0030911227,0.040469963,0.0002875978,0.00075490656,0.004478261,0_S1
c2_p074_20231023_o07,p074_20231023,74,4,2,13,0_S1,0.9969754,0.002028223,0.0005404957,0.00011243898,0.00012031622,0.00022308803,0_S1
c2_p074_20231027_o05,p074_20231027,74,4,2,20,1_S2,0.83921295,0.0008671315,0.15799695,0.00033208373,0.00038710152,0.0012038419,0_S1
c2_p074_20231101_o03,p074_20231101,74,4,2,53,2_S5,0.0005860191,2.551374e-05,0.9991673,0.00018174223,3.4431047e-05,5.017623e-06,2_S5
c2_p074_20231106_o11,p074_20231106,74,4,2,60,3_S6,5.6070597e-08,2.4649746e-06,0.00029982452,0.9994099,0.00028770938,3.856525e-08,3_S6
c2_p074_20231109_o08,p074_20231109,74,4,2,70,4_S7,1.92021e-06,7.2279436e-05,0.0030054306,0.98338115,0.013536936,2.2612467e-06,3_S6
c2_p074_20231120_o05,p074_20231120,74,4,2,72,4_S7,4.6291126e-07,4.0312776e-07,4.6085817e-05,9.842935e-05,0.9997969,5.765641e-05,4_S7
c2_p074_20231127_o09,p074_20231127,74,4,2,73,4_S7,9.114229e-08,1.4172393e-06,4.779043e-06,0.69170547,0.30828795,2.9650343e-07,3_S6
c2_p074_20231130_o10,p074_20231130,74,4,2,74,4_S7,4.051664e-09,1.297827e-07,1.0659586e-06,0.0011672567,0.9988224,9.127611e-06,4_S7
c2_p074_20231204_o05,p074_20231204,74,4,2,75,4_S7,9.877339e-07,5.34506e-06,2.3396278e-05,0.28546152,0.7144795,2.916861e-05,4_S7
c2_p074_20231211_o12,p074_20231211,74,4,2,78,4_S7,1.4410517e-10,1.7431846e-09,4.20451e-08,3.884009e-05,0.9999608,4.0070753e-07,4_S7
c2_p074_20231214_o08,p074_20231214,74,4,2,79,4_S7,6.5880613e-07,5.5996196e-07,9.476505e-06,1.6714084e-05,0.99863833,0.0013341622,4_S7
c2_p074_20231218_o04,p074_20231218,74,4,2,79,4_S7,7.806546e-09,4.0995674e-09,1.96091e-06,9.502383e-07,0.9999325,6.463275e-05,4_S7
c2_p074_20231227_o03,p074_20231227,74,4,2,81,5_S8,5.4548903e-09,2.3651255e-08,4.138097e-07,6.70395e-07,0.9995567,0.000442253,4_S7
c2_p074_20240115_o10,p074_20240115,74,4,2,82,5_S8,2.5686152e-06,1.965434e-05,2.1549211e-05,6.255095e-07,0.00020433353,0.99975127,5_S8
c2_p074_20240119_o11,p074_20240119,74,4,2,83,5_S8,1.6246366e-06,8.556784e-07,3.9251145e-06,1.08238005e-07,0.006586833,0.99340665,5_S8
c2_p074_20240126_o08,p074_20240126,74,4,2,88,5_S8,9.824659e-06,1.2009916e-05,3.6964262e-05,1.3536305e-06,2.970737e-05,0.9999101,5_S8
c2_p080_20231006_o02,p080_20231006,80,4,2,13,0_S1,0.9994404,0.00035448308,3.3164943e-05,1.599786e-05,2.4369507e-05,0.00013154068,0_S1
c2_p080_20231011_o09,p080_20231011,80,4,2,13,0_S1,0.9978387,0.0016383788,0.00018478156,5.062498e-05,6.991727e-05,0.00021765655,0_S1
c2_p080_20231017_o09,p080_20231017,80,4,2,13,0_S1,0.99885464,0.00068107224,0.00019974394,3.3071494e-05,4.569488e-05,0.00018575761,0_S1
c2_p080_20231019_o08,p080_20231019,80,4,2,13,0_S1,0.85118353,0.0098280795,0.13738258,0.0007002025,0.00030221543,0.00060336565,0_S1
c2_p080_20231023_o06,p080_20231023,80,4,2,14,0_S1,0.0019450884,0.0014415751,0.99504554,0.0009953288,0.00043094423,0.0001415517,2_S5
c2_p080_20231027_o05,p080_20231027,80,4,2,52,2_S5,0.00084019837,0.002049795,0.9808419,0.014165211,0.0019134828,0.00018945332,2_S5
c2_p080_20231101_o06,p080_20231101,80,4,2,53,2_S5,0.00034763367,0.021459667,0.75595826,0.20827004,0.013837622,0.00012673857,2_S5
c2_p080_20231106_o06,p080_20231106,80,4,2,62,3_S6,7.5578856e-07,5.9637572e-05,4.3582255e-05,0.9912935,0.008563342,3.9110233e-05,3_S6
c2_p080_20231109_o01,p080_20231109,80,4,2,69,3_S6,5.111676e-08,9.075906e-06,2.758762e-05,0.8498299,0.15012868,4.6889313e-06,3_S6
c2_p080_20231120_o11,p080_20231120,80,4,2,70,4_S7,3.3865494e-11,4.851522e-09,3.3776442e-09,9.912677e-06,0.9999895,6.043722e-07,4_S7
c2_p080_20231127_o05,p080_20231127,80,4,2,73,4_S7,2.3316248e-07,1.0243203e-06,3.746165e-06,0.00045677566,0.99942017,0.0001181107,4_S7
c2_p080_20231130_o11,p080_20231130,80,4,2,74,4_S7,3.5502126e-08,3.232811e-06,3.2241528e-06,0.0018954515,0.9980773,2.0851558e-05,4_S7
c2_p080_20231204_o05,p080_20231204,80,4,2,76,4_S7,5.7271595e-08,5.694757e-07,2.8247698e-06,9.1997856e-05,0.99989295,1.1551111e-05,4_S7
c2_p080_20231211_o10,p080_20231211,80,4,2,77,4_S7,2.3267e-12,7.279885e-10,8.1582024e-10,2.4232302e-06,0.9999975,7.025403e-08,4_S7
c2_p080_20231214_o03,p080_20231214,80,4,2,78,4_S7,2.1833705e-08,1.5351063e-08,5.069249e-07,8.1093157e-07,0.99995184,4.6798188e-05,4_S7
c2_p080_20231218_o06,p080_20231218,80,4,2,79,4_S7,2.0800543e-07,1.6127625e-06,2.8929417e-05,1.6737555e-05,0.98840106,0.011551436,4_S7
c2_p080_20231227_o03,p080_20231227,80,4,2,81,5_S8,2.4218029e-05,5.3805987e-05,0.0009024331,5.0427603e-05,0.06891423,0.9300549,5_S8
c2_p080_20240115_o06,p080_20240115,80,4,2,85,5_S8,0.000103792394,4.134175e-05,0.0027793138,0.00011440326,0.0046583517,0.9923029,5_S8
c2_p080_20240119_o03,p080_20240119,80,4,2,88,5_S8,8.650998e-07,3.0117516e-07,2.498901e-06,5.6667545e-08,4.871313e-07,0.9999958,5_S8
c2_p080_20240126_o10,p080_20240126,80,4,2,89,5_S8,3.3472492e-07,1.1432006e-06,9.749048e-07,3.2890235e-08,7.823878e-06,0.9999896,5_S8
c2_p081_20231006_o05,p081_20231006,81,4,2,13,0_S1,0.99914515,0.00065522816,6.0170794e-05,2.1911537e-05,2.2750542e-05,9.477486e-05,0_S1
c2_p081_20231011_o08,p081_20231011,81,4,2,13,0_S1,0.99978226,0.00015788911,1.3452608e-05,1.10857345e-05,8.136977e-06,2.7250695e-05,0_S1
c2_p081_20231017_o10,p081_20231017,81,4,2,13,0_S1,0.9790308,0.0162366,0.0019096228,0.00059058925,0.0010663435,0.0011660272,0_S1
c2_p081_20231019_o12,p081_20231019,81,4,2,13,0_S1,0.9790759,0.00060835085,0.020067278,9.953347e-05,3.6943537e-05,0.000111909125,0_S1
c2_p081_20231023_o01,p081_20231023,81,4,2,14,0_S1,0.09671402,0.3046223,0.32779208,0.22887549,0.039206147,0.0027899705,2_S5
c2_p081_20231027_o01,p081_20231027,81,4,2,53,2_S5,0.0050185523,0.003879476,0.75277936,0.22136967,0.016644422,0.00030846734,2_S5
c2_p081_20231101_o04,p081_20231101,81,4,2,54,2_S5,9.1884955e-05,0.0002900882,0.8703701,0.1283902,0.00084130984,1.6461783e-05,2_S5
c2_p081_20231106_o12,p081_20231106,81,4,2,60,3_S6,5.285516e-10,2.2187903e-07,1.1244351e-06,0.9773766,0.022622107,3.6099421e-09,3_S6
c2_p081_20231109_o01,p081_20231109,81,4,2,64,3_S6,1.9109457e-06,0.0006759577,0.0006624582,0.67892283,0.31961006,0.00012682471,3_S6
c2_p081_20231120_o04,p081_20231120,81,4,2,67,3_S6,2.1333206e-07,2.1158924e-06,5.570584e-06,0.00011567484,0.99907196,0.0008044368,4_S7
c2_p081_20231127_o06,p081_20231127,81,4,2,72,4_S7,7.2018656e-06,5.3628937e-05,0.00024258702,0.028647197,0.9709762,7.318185e-05,4_S7
c2_p081_20231130_o09,p081_20231130,81,4,2,73,4_S7,2.938812e-07,2.5706966e-06,1.153476e-05,3.466018e-05,0.9974744,0.0024766524,4_S7
c2_p081_20231204_o12,p081_20231204,81,4,2,75,4_S7,1.5104296e-05,0.0001502315,0.0028634311,0.03081416,0.9652973,0.0008598523,4_S7
c2_p081_20231211_o11,p081_20231211,81,4,2,77,4_S7,7.570519e-09,3.409318e-07,5.1569855e-06,0.00035928536,0.9996253,9.906261e-06,4_S7
c2_p081_20231214_o05,p081_20231214,81,4,2,78,4_S7,4.5810626e-08,3.5149153e-08,7.282862e-07,6.6180564e-07,0.9990244,0.0009742221,4_S7
c2_p081_20231218_o09,p081_20231218,81,4,2,79,4_S7,7.7454576e-10,2.4172366e-09,1.9439433e-08,1.1502527e-07,0.9987802,0.0012196567,4_S7
c2_p081_20231227_o04,p081_20231227,81,4,2,79,4_S7,1.946599e-10,5.358621e-10,5.772323e-09,9.181632e-09,0.99966896,0.00033105412,4_S7
c2_p081_20240115_o02,p081_20240115,81,4,2,83,5_S8,2.929536e-06,4.667851e-06,6.6451335e-05,4.097639e-07,0.0011447006,0.9987809,5_S8
c2_p081_20240119_o07,p081_20240119,81,4,2,85,5_S8,5.4791835e-05,7.9453035e-05,0.0003222602,6.336503e-06,0.0015537136,0.99798346,5_S8
c2_p081_20240126_o04,p081_20240126,81,4,2,89,5_S8,2.6817802e-06,1.2739335e-06,1.0586374e-05,3.225956e-08,2.428066e-05,0.99996114,5_S8
c2_p084_20231128_o12,p084_20231128,84,4,2,66,3_S6,1.13327644e-07,1.732674e-05,4.905534e-05,0.9729619,0.026970819,7.490232e-07,3_S6
c2_p084_20231130_o05,p084_20231130,84,4,2,68,3_S6,3.1932252e-08,7.815852e-08,1.7747299e-06,0.99951756,0.0004804774,2.089269e-08,3_S6
c2_p084_20231204_o01,p084_20231204,84,4,2,69,3_S6,5.236048e-07,3.7585152e-05,3.843071e-06,0.9866672,0.013285252,5.6052663e-06,3_S6
c2_p084_20231207_o12,p084_20231207,84,4,2,70,4_S7,2.7185776e-10,2.651171e-08,1.4378513e-06,5.5064515e-06,0.99998796,5.1330617e-06,4_S7
c2_p084_20231211_o05,p084_20231211,84,4,2,71,4_S7,6.642159e-09,9.151103e-07,8.547208e-07,0.0012144332,0.99876416,1.965215e-05,4_S7
c2_p084_20231218_o01,p084_20231218,84,4,2,73,4_S7,1.4590636e-12,1.5173808e-11,8.1769713e-10,2.5955649e-09,0.99999714,2.8662841e-06,4_S7
c2_p084_20231227_o02,p084_20231227,84,4,2,75,4_S7,1.2696921e-12,1.7443599e-09,1.9235975e-08,4.104966e-06,0.9999958,1.2592158e-08,4_S7
c2_p084_20240115_o07,p084_20240115,84,4,2,76,4_S7,1.7840414e-07,6.3539403e-07,1.6974045e-05,1.4081643e-05,0.9786977,0.021270381,4_S7
c2_p084_20240119_o10,p084_20240119,84,4,2,78,4_S7,2.6112532e-06,0.00013949667,7.193312e-05,0.004438593,0.9950477,0.00029970304,4_S7
c2_p084_20240126_o09,p084_20240126,84,4,2,80,5_S8,4.049699e-06,2.5837138e-05,4.5750992e-05,9.0258584e-07,0.06687458,0.9330489,5_S8
c2_p090_20231128_o07,p090_20231128,90,4,2,65,3_S6,1.2723981e-05,0.00059650093,0.0024935557,0.9266341,0.07011558,0.00014760267,3_S6
c2_p090_20231130_o09,p090_20231130,90,4,2,67,3_S6,6.588565e-07,3.389215e-06,6.6160396e-06,0.9987318,0.0012564764,9.782951e-07,3_S6
c2_p090_20231204_o06,p090_20231204,90,4,2,65,3_S6,7.379713e-05,0.00017851082,0.00030152343,0.5401545,0.45865875,0.0006329247,3_S6
c2_p090_20231207_o05,p090_20231207,90,4,2,67,3_S6,4.660943e-08,2.0448517e-06,2.7157412e-05,0.0008227729,0.9990459,0.00010212122,4_S7
c2_p090_20231211_o10,p090_20231211,90,4,2,69,3_S6,6.184642e-07,1.5153907e-05,2.9251176e-05,0.03340556,0.9664049,0.00014457788,4_S7
c2_p090_20231218_o03,p090_20231218,90,4,2,71,4_S7,3.0858735e-10,6.5623174e-10,7.3105837e-09,5.756974e-10,0.9994825,0.00051744265,4_S7
c2_p090_20231227_o11,p090_20231227,90,4,2,73,4_S7,5.948697e-11,4.1348036e-09,2.6449146e-07,3.3012503e-07,0.9999975,1.960506e-06,4_S7
c2_p090_20240115_o03,p090_20240115,90,4,2,76,4_S7,2.0011628e-08,4.6391612e-08,2.8464063e-07,2.0774458e-08,0.9854915,0.014508252,4_S7
c2_p090_20240119_o02,p090_20240119,90,4,2,78,4_S7,3.934189e-06,9.867082e-06,5.1908493e-05,0.00010465793,0.998078,0.0017516639,4_S7
c2_p090_20240126_o01,p090_20240126,90,4,2,80,5_S8,2.3008368e-05,1.1010768e-05,6.8940666e-05,2.2081847e-06,0.014541198,0.9853536,5_S8
c2_p092_20231128_o01,p092_20231128,92,4,2,68,3_S6,2.2217919e-06,2.0557909e-05,7.137645e-05,0.9879822,0.011923284,4.4901952e-07,3_S6
c2_p092_20231130_o06,p092_20231130,92,4,2,69,3_S6,5.3429335e-07,2.8488375e-06,1.372273e-05,0.9991887,0.00079392793,2.3158444e-07,3_S6
c2_p092_20231204_o09,p092_20231204,92,4,2,70,4_S7,7.011144e-08,8.327325e-07,9.2918316e-07,0.99977773,0.00022026878,1.117507e-07,3_S6
c2_p092_20231207_o10,p092_20231207,92,4,2,71,4_S7,2.998114e-11,4.594669e-09,9.200519e-08,1.0309714e-07,0.9999989,8.8600126e-07,4_S7
c2_p092_20231211_o06,p092_20231211,92,4,2,72,4_S7,2.3022024e-07,3.4404034e-06,9.1344855e-06,0.0054464457,0.9944952,4.5511853e-05,4_S7
c2_p092_20231218_o07,p092_20231218,92,4,2,74,4_S7,0.00013107063,0.00019252526,0.002943804,0.0013942042,0.9799509,0.015387501,4_S7
c2_p092_20231227_o02,p092_20231227,92,4,2,75,4_S7,1.8318185e-07,2.2285194e-06,1.990813e-05,4.6907167e-05,0.9998154,0.000115358445,4_S7
c2_p092_20240115_o09,p092_20240115,92,4,2,76,4_S7,7.280733e-07,3.6874728e-05,0.00015178476,0.00014315282,0.99460524,0.0050622504,4_S7
c2_p092_20240119_o10,p092_20240119,92,4,2,78,4_S7,4.9965614e-08,1.0028261e-05,3.8707087e-05,2.8874367e-06,0.9960756,0.0038727396,4_S7
c2_p092_20240126_o07,p092_20240126,92,4,2,83,5_S8,1.2049297e-05,1.6231452e-06,1.4505285e-05,4.4378112e-08,1.0447197e-05,0.9999614,5_S8
c2_p100_20231128_o09,p100_20231128,100,4,2,66,3_S6,1.5083634e-07,1.959724e-06,2.100708e-05,0.9775198,0.02245588,1.1753012e-06,3_S6
c2_p100_20231130_o12,p100_20231130,100,4,2,68,3_S6,4.807825e-06,8.545402e-06,0.0004002126,0.9987784,0.00080745574,6.7209794e-07,3_S6
c2_p100_20231204_o03,p100_20231204,100,4,2,69,3_S6,1.4015661e-06,2.8139453e-05,3.00351e-05,0.43028125,0.56964767,1.1450869e-05,4_S7
c2_p100_20231207_o12,p100_20231207,100,4,2,68,3_S6,4.763853e-09,4.8649057e-05,2.0866946e-05,0.0008171497,0.9991111,2.2190168e-06,4_S7
c2_p100_20231211_o07,p100_20231211,100,4,2,69,3_S6,1.7197834e-06,0.00012061053,0.00014946684,0.35228762,0.6473005,0.00014007889,4_S7
c2_p100_20231218_o11,p100_20231218,100,4,2,70,4_S7,1.4727469e-06,1.4524356e-06,4.9852283e-06,1.6682266e-06,0.9713946,0.028595878,4_S7
c2_p100_20231227_o01,p100_20231227,100,4,2,72,4_S7,3.04595e-10,6.324704e-09,4.7866404e-08,6.384996e-08,0.999972,2.7964075e-05,4_S7
c2_p100_20240115_o08,p100_20240115,100,4,2,75,4_S7,1.7499604e-08,2.296976e-06,1.1562198e-06,1.0494708e-05,0.99920136,0.0007846917,4_S7
c2_p100_20240119_o04,p100_20240119,100,4,2,77,4_S7,1.00295466e-07,9.198474e-07,1.6719316e-05,5.179669e-06,0.99762756,0.0023494572,4_S7
c2_p100_20240126_o12,p100_20240126,100,4,2,79,4_S7,1.4964684e-08,3.6110802e-07,2.5500908e-06,7.621158e-09,0.89842385,0.10157322,4_S7
