image_id,session,plant,fold,camera,bbch,cls,p_0_S1,p_1_S2,p_2_S5,p_3_S6,p_4_S7,p_5_S8,pred
c2_p005_20230816_o02,p005_20230816,5,0,2,65,3_S6,6.896324e-06,0.0007916156,0.012541541,0.008490459,0.9779139,0.00025566484,4_S7
c2_p005_20230921_o07,p005_20230921,5,0,2,77,4_S7,0.00016441243,0.002446856,0.02086896,0.009133511,0.74260587,0.22478051,4_S7
c2_p005_20231005_o09,p005_20231005,5,0,2,79,4_S7,0.00021744064,8.639488e-05,0.1048025,0.0003181033,0.5439481,0.35062754,4_S7
c2_p006_20230816_o04,p006_20230816,6,0,2,65,3_S6,7.872568e-07,1.9998854e-05,0.0042636194,0.94796,0.047755316,2.3195402e-07,3_S6
c2_p006_20230921_o02,p006_20230921,6,0,2,78,4_S7,0.00077651127,9.199765e-05,0.00139054,0.007440498,0.9648613,0.025439102,4_S7
c2_p006_20231005_o07,p006_20231005,6,0,2,79,4_S7,1.3585237e-05,2.5770112e-06,0.0002521277,7.915933e-05,0.79854256,0.2011099,4_S7
c2_p008_20230816_o06,p008_20230816,8,0,2,63,3_S6,2.1701185e-06,4.1560394e-05,0.007955739,0.99191964,8.0853795e-05,7.288821e-08,3_S6
c2_p008_20230921_o03,p008_20230921,8,0,2,73,4_S7,0.00018111004,0.00061454275,0.12209254,0.029858645,0.8420432,0.005209966,4_S7
c2_p008_20231005_o11,p008_20231005,8,0,2,76,4_S7,1.0668151e-05,2.0443927e-05,9.604954e-05,4.1123935e-06,0.0642947,0.9355741,5_S8
c2_p010_20230816_o07,p010_20230816,10,0,2,64,3_S6,2.0512047e-05,0.00015316343,0.00881096,0.9836623,0.0073524686,6.0125416e-07,3_S6
c2_p010_20230921_o05,p010_20230921,10,0,2,72,4_S7,9.480316e-08,8.187021e-08,0.00045058568,1.2730253e-05,0.9995079,2.8499991e-05,4_S7
c2_p010_20231005_o03,p010_20231005,10,0,2,85,5_S8,3.2057163e-05,0.00018328639,0.00088995893,5.75368e-06,0.0018057065,0.99708325,5_S8
c2_p016_20230816_o05,p016_20230816,16,0,2,70,4_S7,2.9662406e-08,8.067227e-07,4.053346e-06,0.92145234,0.07854257,1.667972e-07,3_S6
c2_p016_20230921_o12,p016_20230921,16,0,2,75,4_S7,1.3577128e-05,1.0086404e-05,0.005015917,0.08843567,0.90580136,0.000723455,4_S7
c2_p016_20231005_o09,p016_20231005,16,0,2,77,4_S7,0.0008680533,0.005324281,0.10888996,0.0025227666,0.8755172,0.0068777893,4_S7
c2_p017_20230816_o06,p017_20230816,17,0,2,71,4_S7,8.84795e-10,3.9785526e-08,2.0257738e-07,0.9410197,0.058980078,7.1257404e-09,3_S6
c2_p017_20230921_o10,p017_20230921,17,0,2,74,4_S7,1.7181966e-06,2.3967139e-05,0.00091727,0.0015686018,0.9973137,0.00017489167,4_S7
c2_p017_20231005_o06,p017_20231005,17,0,2,72,4_S7,3.0090546e-06,2.720703e-06,5.7032295e-05,2.6321172e-07,0.0007142243,0.99922276,5_S8
c2_p025_20230828_o11,p025_20230828,25,0,2,16,0_S1,0.9994153,0.00036132697,0.00022320083,1.0156188e-07,1.13390355e-08,1.916737e-07,0_S1
c2_p025_20230904_o03,p025_20230904,25,0,2,22,1_S2,0.030958878,0.022376359,0.80029106,0.14549488,0.00085366855,2.5142486e-05,2_S5
c2_p025_20230908_o12,p025_20230908,25,0,2,61,3_S6,0.00083434506,0.0072311326,0.08820642,0.89943486,0.004288429,4.7550066e-06,3_S6
c2_p025_20230921_o07,p025_20230921,25,0,2,70,4_S7,3.0995903e-08,1.6576545e-05,7.510397e-06,0.003238629,0.99670464,3.2643286e-05,4_S7
c2_p025_20231006_o12,p025_20231006,25,0,2,72,4_S7,1.2710971e-05,0.0021280288,0.00017328821,0.013264452,0.98276615,0.0016553958,4_S7
c2_p025_20231017_o04,p025_20231017,25,0,2,75,4_S7,2.6851578e-11,6.1996563e-10,8.8853763e-10,3.9644427e-05,0.9999598,5.532945e-07,4_S7
c2_p025_20231023_o02,p025_20231023,25,0,2,76,4_S7,8.251321e-09,5.10874e-07,8.833659e-08,0.00045167212,0.9993705,0.00017718208,4_S7
c2_p025_20231027_o12,p025_20231027,25,0,2,77,4_S7,8.045163e-09,1.5519252e-06,1.7449585e-07,6.6504713e-06,0.9997123,0.00027938117,4_S7
c2_p025_20231101_o07,p025_20231101,25,0,2,78,4_S7,1.8919053e-07,7.120688e-06,7.420164e-06,4.739532e-07,0.9996848,0.00030000566,4_S7
c2_p025_20231106_o01,p025_20231106,25,0,2,79,4_S7,2.2330163e-07,1.0948243e-06,3.2907199e-06,3.6812286e-05,0.9996574,0.00030113483,4_S7
c2_p025_20231109_o12,p025_20231109,25,0,2,79,4_S7,2.6968614e-09,1.5266998e-07,5.7506902e-08,3.3512478e-07,0.99968255,0.00031699476,4_S7
c2_p025_20231120_o02,p025_20231120,25,0,2,81,5_S8,9.642214e-07,9.877285e-07,2.8885884e-06,9.383904e-07,0.00329709,0.9966972,5_S8
c2_p025_20231124_o04,p025_20231124,25,0,2,81,5_S8,8.4174295e-05,0.00452738,0.0052012894,3.4859226e-05,0.015598027,0.97455424,5_S8
c2_p025_20231127_o09,p025_20231127,25,0,2,81,5_S8,1.2367447e-07,1.1690224e-06,8.155023e-05,1.3652034e-07,0.00032992082,0.9995871,5_S8
c2_p025_20231130_o12,p025_20231130,25,0,2,81,5_S8,1.2821087e-06,6.3209995e-06,2.9993576e-05,8.56852e-07,0.00014884568,0.9998128,5_S8
c2_p030_20230828_o03,p030_20230828,30,0,2,15,0_S1,0.9935191,0.004848504,0.0016268325,1.0111172e-06,4.1588044e-07,4.0396776e-06,0_S1
c2_p030_20230904_o12,p030_20230904,30,0,2,53,2_S5,0.04711977,0.0016216387,0.95031893,0.0007316512,0.00020722339,7.928338e-07,2_S5
c2_p030_20230908_o03,p030_20230908,30,0,2,62,3_S6,9.2157116e-08,4.824612e-06,0.00019442491,0.999795,5.7222423e-06,4.4316123e-10,3_S6
c2_p030_20230921_o03,p030_20230921,30,0,2,70,4_S7,1.4552018e-08,1.5877298e-07,4.753361e-06,0.07724695,0.92274487,3.343852e-06,4_S7
c2_p030_20231006_o12,p030_20231006,30,0,2,73,4_S7,3.9430294e-08,6.376691e-07,3.7101843e-05,0.008097145,0.99184835,1.6767235e-05,4_S7
c2_p030_20231017_o02,p030_20231017,30,0,2,75,4_S7,5.761726e-09,1.9365082e-08,1.704121e-06,6.544286e-06,0.999918,7.3806e-05,4_S7
c2_p030_20231023_o04,p030_20231023,30,0,2,76,4_S7,5.0666955e-09,8.7495744e-07,5.7503433e-07,1.2858091e-07,0.99998987,8.585798e-06,4_S7
c2_p030_20231027_o04,p030_20231027,30,0,2,77,4_S7,5.625264e-07,9.128079e-06,8.025857e-06,1.4447636e-06,0.9998982,8.264763e-05,4_S7
c2_p030_20231101_o01,p030_20231101,30,0,2,78,4_S7,3.549921e-08,3.6982067e-07,1.0442891e-06,3.728236e-07,0.99972326,0.00027496257,4_S7
c2_p030_20231106_o08,p030_20231106,30,0,2,79,4_S7,1.2438593e-08,9.198997e-08,1.3138255e-07,4.0588443e-06,0.99982774,0.00016794786,4_S7
c2_p030_20231109_o04,p030_20231109,30,0,2,79,4_S7,3.059552e-06,1.1181512e-06,3.4543455e-06,8.551169e-06,0.9995086,0.00047518982,4_S7
c2_p030_20231120_o03,p030_20231120,30,0,2,81,5_S8,4.493228e-06,8.07368e-07,1.4028562e-05,2.7100992e-05,0.97851276,0.02144079,4_S7
c2_p030_20231124_o10,p030_20231124,30,0,2,82,5_S8,3.7036618e-05,0.0023966485,0.20309924,1.9005773e-06,0.007156965,0.7873083,5_S8
c2_p030_20231127_o02,p030_20231127,30,0,2,85,5_S8,2.1231563e-06,8.249802e-06,6.694552e-05,8.566276e-07,0.00073600654,0.99918586,5_S8
c2_p030_20231130_o06,p030_20231130,30,0,2,87,5_S8,2.3429366e-05,0.0015325045,0.013425522,1.9873021e-05,2.2685252e-05,0.984976,5_S8
c2_p035_20230828_o11,p035_20230828,35,0,2,14,0_S1,0.99756753,0.0018307181,0.0006007238,7.5059216e-07,2.1618858e-08,2.2012614e-07,0_S1
c2_p035_20230904_o01,p035_20230904,35,0,2,16,0_S1,0.047123436,0.040236663,0.9011661,0.006669939,0.004427054,0.00037676693,2_S5
c2_p035_20230908_o08,p035_20230908,35,0,2,52,2_S5,5.362371e-06,7.4702343e-06,0.16954492,0.83034444,9.778092e-05,6.319818e-09,3_S6
c2_p035_20230921_o06,p035_20230921,35,0,2,52,2_S5,0.0006175404,0.025996462,0.17219853,0.6791543,0.121902354,0.0001307538,3_S6
c2_p035_20231006_o07,p035_20231006,35,0,2,52,2_S5,5.0444114e-06,0.005641909,0.004929443,1.1791592e-05,0.9863533,0.0030585288,4_S7
c2_p035_20231017_o05,p035_20231017,35,0,2,52,2_S5,2.4736108e-05,0.0026928366,0.003339469,0.010782704,0.9826597,0.0005005254,4_S7
c2_p035_20231023_o05,p035_20231023,35,0,2,52,2_S5,7.965863e-05,0.031793613,0.0209956,0.0012505803,0.9341112,0.011769417,4_S7
c2_p035_20231027_o02,p035_20231027,35,0,2,52,2_S5,0.00013000642,0.26804352,0.026350617,0.02166154,0.68107295,0.0027413848,4_S7
c2_p035_20231101_o11,p035_20231101,35,0,2,52,2_S5,0.0006358047,0.027571496,0.0029431628,0.084784634,0.8681471,0.015917817,4_S7
c2_p035_20231106_o08,p035_20231106,35,0,2,52,2_S5,4.1634216e-06,3.0964584e-05,0.0007734416,0.009780367,0.989389,2.2083914e-05,4_S7
c2_p035_20231109_o09,p035_20231109,35,0,2,52,2_S5,4.5370292e-05,0.23251179,0.00043865055,0.07037279,0.69022226,0.006409224,4_S7
c2_p035_20231120_o07,p035_20231120,35,0,2,52,2_S5,2.6397533e-05,0.035410248,0.00066009694,0.06454062,0.87703836,0.022324298,4_S7
c2_p035_20231124_o01,p035_20231124,35,0,2,52,2_S5,3.667325e-05,0.002241872,0.028877426,0.002393519,0.82690257,0.13954797,4_S7
c2_p035_20231127_o10,p035_20231127,35,0,2,52,2_S5,0.0003644616,0.56241506,0.35569006,0.000522285,0.0036575338,0.07735063,1_S2
c2_p035_20231130_o06,p035_20231130,35,0,2,52,2_S5,9.447237e-05,0.007563451,0.016863888,0.000164324,0.90673596,0.06857789,4_S7
c2_p036_20230828_o07,p036_20230828,36,0,2,51,2_S5,0.99813974,0.0014903367,0.00036913386,2.396817e-07,1.8350262e-08,6.034626e-07,0_S1
c2_p036_20230904_o04,p036_20230904,36,0,2,60,3_S6,0.0029933695,0.91713536,0.07765365,0.0004038202,0.0017847253,2.8966311e-05,1_S2
c2_p036_20230908_o01,p036_20230908,36,0,2,63,3_S6,2.896953e-09,1.1598416e-08,5.64481e-07,0.9998919,0.000107504384,4.3220802e-10,3_S6
c2_p036_20230921_o03,p036_20230921,36,0,2,70,4_S7,5.1432085e-07,9.5291405e-05,0.0001063022,0.020492947,0.97927195,3.300546e-05,4_S7
c2_p036_20231006_o01,p036_20231006,36,0,2,72,4_S7,6.945186e-07,0.0016732218,0.0002622371,0.0002861884,0.9976254,0.00015229707,4_S7
c2_p036_20231017_o03,p036_20231017,36,0,2,73,4_S7,2.7982009e-07,0.00018087105,1.4744893e-05,7.091014e-05,0.99910116,0.0006320333,4_S7
c2_p036_20231023_o02,p036_20231023,36,0,2,74,4_S7,1.0399542e-05,0.0012976663,0.00016457353,0.0016710797,0.9964181,0.00043806533,4_S7
c2_p036_20231027_o05,p036_20231027,36,0,2,75,4_S7,1.0213661e-06,0.00024413347,1.6593887e-05,0.057284072,0.93965244,0.002801812,4_S7
c2_p036_20231101_o09,p036_20231101,36,0,2,76,4_S7,0.0001116269,0.0002455854,0.001970434,0.0001802561,0.9842514,0.013240767,4_S7
c2_p036_20231106_o06,p036_20231106,36,0,2,77,4_S7,1.5630459e-06,0.00010935269,0.00020300694,0.0016785762,0.99773216,0.00027532296,4_S7
c2_p036_20231109_o04,p036_20231109,36,0,2,78,4_S7,1.2606134e-05,0.005544848,0.00012963418,0.0031788878,0.9156158,0.07551824,4_S7
c2_p036_20231120_o10,p036_20231120,36,0,2,81,5_S8,1.38377745e-05,0.00017494534,0.00011996006,7.4374625e-06,0.0008827941,0.9988011,5_S8
c2_p036_20231124_o08,p036_20231124,36,0,2,82,5_S8,8.45463e-06,9.735541e-05,0.010166958,4.806363e-06,0.00018505316,0.98953736,5_S8
c2_p036_20231127_o04,p036_20231127,36,0,2,83,5_S8,3.8573064e-05,0.00023166958,0.00042580068,0.0001049504,0.00045445995,0.9987446,5_S8
c2_p036_20231130_o05,p036_20231130,36,0,2,84,5_S8,3.2693647e-06,3.9051333e-06,4.5271943e-05,9.70931e-06,0.00016120571,0.99977666,5_S8
c2_p054_20230929_o02,p054_20230929,54,0,2,13,0_S1,0.999846,9.213525e-05,4.7246045e-05,5.7030024e-06,9.776443e-07,8.058584e-06,0_S1
c2_p054_20231004_o11,p054_20231004,54,0,2,13,0_S1,0.9994135,0.00034268713,0.00018955208,1.6937649e-05,7.709228e-06,2.961078e-05,0_S1
c2_p054_20231011_o12,p054_20231011,54,0,2,14,0_S1,0.6969525,0.0020859132,0.2952063,0.0057003973,3.0254938e-05,2.4573364e-05,0_S1
c2_p054_20231017_o04,p054_20231017,54,0,2,53,2_S5,0.0009926608,0.023886712,0.666095,0.20400172,0.10432168,0.0007022759,2_S5
c2_p054_20231019_o06,p054_20231019,54,0,2,53,2_S5,0.0065532983,0.015649613,0.974815,0.0010221757,0.0019411143,1.8751194e-05,2_S5
c2_p054_20231023_o06,p054_20231023,54,0,2,60,3_S6,0.0003723793,0.003845729,0.9228135,0.06854907,0.0043959706,2.3345063e-05,2_S5
c2_p054_20231027_o07,p054_20231027,54,0,2,65,3_S6,3.2207456e-05,0.0012092919,0.006560047,0.9906623,0.0014873219,4.8917456e-05,3_S6
c2_p054_20231101_o11,p054_20231101,54,0,2,65,3_S6,1.9801381e-07,9.47698e-06,0.054058343,0.94492173,0.0010101638,1.1239616e-07,3_S6
c2_p054_20231106_o02,p054_20231106,54,0,2,68,3_S6,0.001426317,0.0072731515,0.55009305,0.33339152,0.107298,0.0005179954,2_S5
c2_p054_20231109_o05,p054_20231109,54,0,2,70,4_S7,3.365571e-05,0.00097095163,0.009224621,0.30853292,0.6793702,0.0018676186,4_S7
c2_p054_20231120_o02,p054_20231120,54,0,2,71,4_S7,7.88071e-05,0.0009210264,9.096829e-05,0.0053487476,0.9851208,0.008439659,4_S7
c2_p054_20231127_o02,p054_20231127,54,0,2,73,4_S7,7.059232e-09,6.183596e-08,7.6614015e-07,0.00077187346,0.99917525,5.2051764e-05,4_S7
c2_p054_20231130_o04,p054_20231130,54,0,2,75,4_S7,7.1221366e-05,0.002104274,0.031238139,0.0063306526,0.86964834,0.090607375,4_S7
c2_p054_20231204_o04,p054_20231204,54,0,2,78,4_S7,4.5858316e-05,0.0009121433,0.0034607407,0.05909629,0.931047,0.005437901,4_S7
c2_p054_20231211_o04,p054_20231211,54,0,2,79,4_S7,8.1037605e-08,7.003639e-07,3.592507e-05,0.02675144,0.97319317,1.8584558e-05,4_S7
c2_p054_20231214_o11,p054_20231214,54,0,2,79,4_S7,4.291477e-07,1.860624e-05,5.012293e-06,0.00032586235,0.9933863,0.006263823,4_S7
c2_p054_20231218_o07,p054_20231218,54,0,2,79,4_S7,3.8160033e-07,3.1219773e-07,1.2720435e-06,1.0695405e-05,0.9977181,0.002269316,4_S7
c2_p054_20231227_o03,p054_20231227,54,0,2,79,4_S7,2.772194e-07,1.8800846e-06,4.7661544e-07,2.8748057e-06,0.9942742,0.005720283,4_S7
c2_p054_20240104_o08,p054_20240104,54,0,2,82,5_S8,1.8707804e-06,7.165568e-06,7.3587216e-06,2.0421157e-05,0.9556607,0.04430245,4_S7
c2_p057_20230929_o10,p057_20230929,57,0,2,13,0_S1,0.99986553,9.1175374e-05,2.7086513e-05,2.9527778e-06,1.0306467e-06,1.2201421e-05,0_S1
c2_p057_20231004_o08,p057_20231004,57,0,2,13,0_S1,0.9996722,0.00021893457,0.000102767495,1.6279473e-06,1.636369e-07,4.4300036e-06,0_S1
c2_p057_20231011_o05,p057_20231011,57,0,2,21,1_S2,0.8485016,0.0025217845,0.14716674,0.0017906482,1.1534608e-05,7.656276e-06,0_S1
c2_p057_20231017_o10,p057_20231017,57,0,2,60,3_S6,0.03960479,0.005565651,0.90898025,0.045691773,0.00015309411,4.510878e-06,2_S5
c2_p057_20231019_o01,p057_20231019,57,0,2,61,3_S6,0.00028767114,0.0034314767,0.032243133,0.9629236,0.0011007282,1.3390885e-05,3_S6
c2_p057_20231023_o09,p057_20231023,57,0,2,64,3_S6,2.6386304e-09,1.5143561e-06,0.00017404088,0.999592,0.00023245197,5.072036e-09,3_S6
c2_p057_20231027_o05,p057_20231027,57,0,2,65,3_S6,7.3528616e-05,0.006895985,0.0052902475,0.70733446,0.27949333,0.0009124864,3_S6
c2_p057_20231101_o02,p057_20231101,57,0,2,67,3_S6,7.0052577e-09,3.6737886e-06,2.3582412e-05,0.034582824,0.965389,8.4164657e-07,4_S7
c2_p057_20231106_o11,p057_20231106,57,0,2,70,4_S7,1.6492304e-07,4.257544e-06,0.00012008829,0.9509883,0.048772324,0.000114853814,3_S6
c2_p057_20231109_o10,p057_20231109,57,0,2,71,4_S7,1.5097937e-08,1.1150155e-05,1.6862175e-06,0.004425763,0.99538475,0.0001766509,4_S7
c2_p057_20231120_o05,p057_20231120,57,0,2,73,4_S7,1.14475704e-07,2.2610373e-06,2.807433e-06,6.2674924e-05,0.9947271,0.0052050427,4_S7
c2_p057_20231127_o04,p057_20231127,57,0,2,75,4_S7,3.9679633e-09,8.826249e-08,9.394435e-08,8.29272e-06,0.9999082,8.331368e-05,4_S7
c2_p057_20231130_o12,p057_20231130,57,0,2,77,4_S7,4.314542e-09,1.8796999e-07,5.8929654e-08,2.0898535e-05,0.9994029,0.0005760476,4_S7
c2_p057_20231204_o04,p057_20231204,57,0,2,78,4_S7,1.8348805e-09,1.0875134e-07,3.6481177e-07,2.626045e-07,0.9999931,6.1812316e-06,4_S7
c2_p057_20231211_o11,p057_20231211,57,0,2,79,4_S7,2.7820667e-08,6.8093857e-07,1.5395979e-06,1.5053738e-06,0.9980478,0.0019484869,4_S7
c2_p057_20231214_o03,p057_20231214,57,0,2,79,4_S7,2.1603003e-07,5.608274e-07,1.1540444e-06,3.4633106e-06,0.99891484,0.0010796972,4_S7
c2_p057_20231218_o08,p057_20231218,57,0,2,79,4_S7,4.3686807e-08,3.076673e-07,1.5923257e-07,0.00056980463,0.99068683,0.0087429555,4_S7
c2_p057_20231227_o02,p057_20231227,57,0,2,80,5_S8,1.0565973e-07,7.14966e-07,3.7955065e-08,6.8518e-06,0.025286725,0.97470564,5_S8
c2_p057_20240104_o06,p057_20240104,57,0,2,83,5_S8,2.1611024e-06,2.3684574e-06,1.7670476e-06,1.6801607e-06,0.0052006184,0.9947915,5_S8
c2_p066_20231006_o04,p066_20231006,66,0,2,13,0_S1,0.999948,2.876943e-05,9.514459e-06,1.4570511e-06,2.661345e-06,9.617949e-06,0_S1
c2_p066_20231011_o07,p066_20231011,66,0,2,13,0_S1,0.99997437,1.0368365e-05,1.0892888e-05,2.8263419e-06,4.2755744e-07,1.052189e-06,0_S1
c2_p066_20231017_o07,p066_20231017,66,0,2,13,0_S1,0.99991703,6.566783e-05,1.4716683e-05,4.7562702e-07,1.2218153e-07,2.026635e-06,0_S1
c2_p066_20231019_o05,p066_20231019,66,0,2,13,0_S1,0.9927933,0.0069628325,0.00022842115,3.3356441e-06,1.5923889e-06,1.0531227e-05,0_S1
c2_p066_20231023_o07,p066_20231023,66,0,2,13,0_S1,0.99981755,1.9677962e-05,0.00015260931,8.106205e-06,2.1696165e-07,1.9016984e-06,0_S1
c2_p066_20231027_o12,p066_20231027,66,0,2,14,0_S1,0.7165019,0.006664385,0.27669078,6.219415e-05,7.201229e-05,8.759859e-06,0_S1
c2_p066_20231101_o05,p066_20231101,66,0,2,53,2_S5,0.00039296248,2.2817145e-05,0.9993303,0.0002538117,1.5807913e-07,8.9398435e-09,2_S5
c2_p066_20231106_o03,p066_20231106,66,0,2,60,3_S6,6.5190025e-06,0.00043109665,0.06154908,0.9375345,0.00047692205,1.823404e-06,3_S6
c2_p066_20231109_o11,p066_20231109,66,0,2,65,3_S6,1.0049313e-07,2.4390763e-06,0.00015539135,0.9989361,0.0009050025,9.2070013e-07,3_S6
c2_p066_20231120_o02,p066_20231120,66,0,2,67,3_S6,1.3232662e-09,1.0046978e-07,3.0976278e-07,0.005169744,0.99482936,4.0736973e-07,4_S7
c2_p066_20231127_o08,p066_20231127,66,0,2,70,4_S7,8.996703e-09,2.5834327e-06,8.5898e-07,0.015087359,0.9849036,5.663227e-06,4_S7
c2_p066_20231130_o08,p066_20231130,66,0,2,71,4_S7,1.2508518e-08,2.228766e-06,1.1104897e-05,0.0040649944,0.9959204,1.229156e-06,4_S7
c2_p066_20231204_o07,p066_20231204,66,0,2,73,4_S7,6.815622e-09,3.7424644e-07,9.4215926e-07,0.000106777545,0.9998913,6.205026e-07,4_S7
c2_p066_20231211_o01,p066_20231211,66,0,2,75,4_S7,1.1164018e-08,6.766117e-07,2.786716e-06,2.2018801e-05,0.99991214,6.239158e-05,4_S7
c2_p066_20231214_o01,p066_20231214,66,0,2,78,4_S7,9.362704e-09,4.469551e-08,2.7225855e-07,2.5286163e-05,0.9999738,6.709402e-07,4_S7
c2_p066_20231218_o11,p066_20231218,66,0,2,79,4_S7,1.2313444e-07,3.2730818e-06,1.0292773e-05,0.0021574332,0.99773407,9.4768366e-05,4_S7
c2_p066_20231227_o10,p066_20231227,66,0,2,80,5_S8,9.761407e-07,8.9799985e-05,2.9120578e-05,9.400014e-05,0.99826354,0.001522596,4_S7
c2_p066_20240115_o04,p066_20240115,66,0,2,82,5_S8,4.99147e-07,2.0023217e-06,4.2062325e-06,7.7693585e-07,0.00022194479,0.99977046,5_S8
c2_p066_20240119_o05,p066_20240119,66,0,2,82,5_S8,3.1207026e-07,2.44546e-07,1.7950905e-06,2.1660007e-08,1.4628519e-05,0.9999831,5_S8
c2_p066_20240126_o07,p066_20240126,66,0,2,84,5_S8,9.965809e-06,3.4501568e-06,2.682567e-05,1.3441947e-05,0.0003940682,0.9995522,5_S8
c2_p069_20231006_o11,p069_20231006,69,0,2,13,0_S1,0.99989927,4.6592406e-05,3.9291164e-05,3.0736794e-06,2.594075e-06,9.142585e-06,0_S1
c2_p069_20231011_o06,p069_20231011,69,0,2,13,0_S1,0.99997854,2.9290911e-06,1.2979534e-05,3.2888022e-06,8.5520367e-07,1.4083355e-06,0_S1
c2_p069_20231017_o08,p069_20231017,69,0,2,13,0_S1,0.9997322,7.443435e-05,0.00018718824,2.652812e-06,6.180977e-07,2.9061569e-06,0_S1
c2_p069_20231019_o12,p069_20231019,69,0,2,14,0_S1,0.99846774,0.0014042199,0.00012701486,3.8400376e-07,6.4122204e-08,5.07569e-07,0_S1
c2_p069_20231023_o09,p069_20231023,69,0,2,14,0_S1,0.9983524,7.2291978e-06,0.0016381284,1.9007452e-06,7.1413716e-08,2.2007298e-07,0_S1
c2_p069_20231027_o12,p069_20231027,69,0,2,15,0_S1,0.0005086464,3.8019307e-06,0.99945647,3.02256e-05,7.957007e-07,1.3872151e-09,2_S5
c2_p069_20231101_o08,p069_20231101,69,0,2,53,2_S5,0.0004999819,6.324904e-05,0.96701247,0.03238187,4.2086238e-05,3.6756717e-07,2_S5
c2_p069_20231106_o12,p069_20231106,69,0,2,61,3_S6,1.2595946e-08,1.4952296e-06,6.390948e-05,0.9992041,0.000730397,2.2683885e-08,3_S6
c2_p069_20231109_o11,p069_20231109,69,0,2,66,3_S6,2.7486198e-08,1.9737224e-06,0.00028490883,0.9963468,0.0033662333,4.920155e-08,3_S6
c2_p069_20231120_o06,p069_20231120,69,0,2,70,4_S7,1.116542e-06,6.1384315e-05,0.00028572165,0.97999305,0.019642044,1.664734e-05,3_S6
c2_p069_20231127_o09,p069_20231127,69,0,2,72,4_S7,7.572992e-10,2.3397064e-07,1.2017456e-07,0.017866803,0.98213136,1.4838454e-06,4_S7
c2_p069_20231130_o07,p069_20231130,69,0,2,73,4_S7,9.4982615e-06,0.00045791312,0.0058727106,0.0025339157,0.9734098,0.017716156,4_S7
c2_p069_20231204_o04,p069_20231204,69,0,2,74,4_S7,1.101726e-05,8.857714e-05,6.9457994e-05,0.13885653,0.86017877,0.00079569535,4_S7
c2_p069_20231211_o05,p069_20231211,69,0,2,76,4_S7,8.8458006e-07,6.427554e-06,3.2466098e-05,0.00017986589,0.9925809,0.007199515,4_S7
c2_p069_20231214_o05,p069_20231214,69,0,2,77,4_S7,1.434971e-07,1.1053834e-06,2.9544406e-06,1.4891883e-05,0.99997556,5.3794897e-06,4_S7
c2_p069_20231218_o05,p069_20231218,69,0,2,78,4_S7,1.0678284e-05,2.229403e-05,0.00011651108,0.00033551126,0.9894621,0.010052863,4_S7
c2_p069_20231227_o06,p069_20231227,69,0,2,79,4_S7,1.2807183e-07,6.7004153e-06,2.340298e-06,8.52473e-06,0.9164521,0.083530225,4_S7
c2_p069_20240115_o04,p069_20240115,69,0,2,82,5_S8,7.708583e-06,6.2381114e-05,3.801343e-05,4.291167e-05,0.38097012,0.6188788,5_S8
c2_p069_20240119_o06,p069_20240119,69,0,2,82,5_S8,5.414123e-05,9.785957e-06,2.4937635e-05,3.3141685e-06,8.894726e-05,0.99981886,5_S8
c2_p069_20240126_o09,p069_20240126,69,0,2,84,5_S8,4.165729e-06,1.5776832e-06,2.7310127e-05,1.6881792e-07,2.0089654e-05,0.9999467,5_S8
c2_p070_20231006_o08,p070_20231006,70,0,2,13,0_S1,0.9999473,2.6364289e-05,1.8867097e-05,1.9261972e-06,1.2432704e-06,4.3905043e-06,0_S1
c2_p070_20231011_o08,p070_20231011,70,0,2,13,0_S1,0.9999374,7.067012e-06,3.9129478e-05,1.3922909e-05,1.6014299e-06,9.208209e-07,0_S1
c2_p070_20231017_o03,p070_20231017,70,0,2,13,0_S1,0.99972004,0.00014764113,0.00012266278,4.0949362e-06,9.570092e-07,4.6546993e-06,0_S1
c2_p070_20231019_o02,p070_20231019,70,0,2,14,0_S1,0.99702376,0.0020713515,0.00089312857,4.482285e-06,1.7805507e-06,5.5957385e-06,0_S1
c2_p070_20231023_o03,p070_20231023,70,0,2,14,0_S1,0.90078354,5.1187588e-05,0.099155575,7.882496e-06,9.457006e-07,8.5720626e-07,0_S1
c2_p070_20231027_o01,p070_20231027,70,0,2,21,1_S2,0.00023155562,6.0896426e-05,0.9991315,0.00052547065,5.0631774e-05,4.004953e-08,2_S5
c2_p070_20231101_o12,p070_20231101,70,0,2,60,3_S6,1.7368666e-05,0.0009726098,0.037089437,0.96188074,3.8493738e-05,1.3826888e-06,3_S6
c2_p070_20231106_o08,p070_20231106,70,0,2,62,3_S6,1.0127206e-07,1.8129207e-06,7.440517e-05,0.9977253,0.0021979387,4.6768992e-07,3_S6
c2_p070_20231109_o07,p070_20231109,70,0,2,65,3_S6,2.165855e-05,0.0007582451,0.00719407,0.99015546,0.0018417512,2.8772682e-05,3_S6
c2_p070_20231120_o03,p070_20231120,70,0,2,70,4_S7,7.153929e-08,3.5236203e-06,3.3009426e-06,0.00024296048,0.9996387,0.00011138796,4_S7
c2_p070_20231127_o07,p070_20231127,70,0,2,71,4_S7,4.838414e-06,0.0002481756,0.00019011904,0.3307087,0.6686995,0.00014856346,4_S7
c2_p070_20231130_o09,p070_20231130,70,0,2,73,4_S7,2.3360222e-05,0.00062324264,0.011324629,0.030817788,0.95038366,0.006827411,4_S7
c2_p070_20231204_o04,p070_20231204,70,0,2,75,4_S7,1.2255441e-06,5.8531327e-06,2.8381677e-05,0.025479017,0.9744343,5.118841e-05,4_S7
c2_p070_20231211_o04,p070_20231211,70,0,2,76,4_S7,6.441517e-08,4.204583e-06,3.3465876e-05,0.00018123309,0.99909055,0.0006903728,4_S7
c2_p070_20231214_o02,p070_20231214,70,0,2,77,4_S7,5.590779e-09,1.14822605e-08,4.2954245e-08,1.6846665e-06,0.99999285,5.4046873e-06,4_S7
c2_p070_20231218_o04,p070_20231218,70,0,2,78,4_S7,1.6668783e-10,1.4151046e-09,2.2158382e-09,3.738218e-08,0.9998646,0.00013532747,4_S7
c2_p070_20231227_o05,p070_20231227,70,0,2,79,4_S7,2.3211166e-10,1.8263169e-08,4.044956e-09,2.41709e-06,0.9980611,0.001936479,4_S7
c2_p070_20240115_o04,p070_20240115,70,0,2,83,5_S8,6.5846265e-08,4.195666e-08,1.6374536e-07,6.4142716e-07,0.00046934103,0.99952984,5_S8
c2_p070_20240119_o04,p070_20240119,70,0,2,84,5_S8,4.7020317e-06,4.3261102e-07,4.171084e-06,3.4749042e-05,0.0033715859,0.9965843,5_S8
c2_p070_20240126_o01,p070_20240126,70,0,2,88,5_S8,7.97371e-06,3.382631e-06,0.00011128712,1.5676361e-06,9.113366e-05,0.99978477,5_S8
c2_p075_20231006_o05,p075_20231006,75,0,2,13,0_S1,0.99998415,5.600195e-06,7.977941e-06,2.977719e-07,1.7291829e-07,1.8048149e-06,0_S1
c2_p075_20231011_o01,p075_20231011,75,0,2,13,0_S1,0.999894,3.28416e-05,4.877548e-05,6.497477e-06,5.2284176e-06,1.2601635e-05,0_S1
c2_p075_20231017_o05,p075_20231017,75,0,2,13,0_S1,0.9995472,0.00021241268,0.00022468415,6.33255e-06,9.544777e-07,8.362842e-06,0_S1
c2_p075_20231019_o07,p075_20231019,75,0,2,14,0_S1,0.996971,0.002690705,0.00032289044,4.2034003e-06,1.850007e-06,9.21813e-06,0_S1
c2_p075_20231023_o02,p075_20231023,75,0,2,14,0_S1,0.99777704,3.8044516e-05,0.0021546176,1.3381297e-05,5.1844686e-06,1.16281235e-05,0_S1
c2_p075_20231027_o04,p075_20231027,75,0,2,53,2_S5,0.19383626,0.004612395,0.80153704,9.991411e-06,3.6758875e-06,6.701423e-07,2_S5
c2_p075_20231101_o01,p075_20231101,75,0,2,53,2_S5,4.8302795e-06,1.2334199e-05,0.9838621,0.016112754,7.931436e-06,3.1371648e-09,2_S5
c2_p075_20231106_o12,p075_20231106,75,0,2,54,2_S5,3.463845e-09,3.4163527e-06,2.4822979e-05,0.9999713,4.0195334e-07,7.179334e-11,3_S6
c2_p075_20231109_o04,p075_20231109,75,0,2,60,3_S6,1.1271295e-06,0.000107279375,0.00048825197,0.9901522,0.0092465095,4.5626466e-06,3_S6
c2_p075_20231120_o06,p075_20231120,75,0,2,68,3_S6,2.1476961e-07,1.9881725e-05,0.00015990116,0.021982174,0.97782,1.7839142e-05,4_S7
c2_p075_20231127_o12,p075_20231127,75,0,2,73,4_S7,1.6802525e-06,0.0002908849,0.0002162111,0.18615204,0.813059,0.00028027734,4_S7
c2_p075_20231130_o09,p075_20231130,75,0,2,74,4_S7,2.5175097e-05,0.00024210088,0.00286198,0.042270165,0.95266783,0.0019327174,4_S7
c2_p075_20231204_o11,p075_20231204,75,0,2,75,4_S7,1.7994132e-07,1.4468934e-06,4.3944867e-05,0.092719376,0.9072313,3.7858877e-06,4_S7
c2_p075_20231211_o03,p075_20231211,75,0,2,76,4_S7,2.9357055e-09,1.0809616e-07,1.09574e-06,0.014721983,0.9852764,3.9615156e-07,4_S7
c2_p075_20231214_o09,p075_20231214,75,0,2,77,4_S7,1.172203e-07,3.002019e-07,2.063704e-07,2.5594702e-05,0.9999653,8.418949e-06,4_S7
c2_p075_20231218_o05,p075_20231218,75,0,2,78,4_S7,4.096074e-09,2.3879172e-08,8.887738e-08,3.6480733e-06,0.9998926,0.00010355784,4_S7
c2_p075_20231227_o06,p075_20231227,75,0,2,80,5_S8,3.0810852e-06,8.872717e-06,1.2736079e-05,0.00012373197,0.9647557,0.03509581,4_S7
c2_p075_20240115_o08,p075_20240115,75,0,2,83,5_S8,5.0249426e-05,0.00018163581,0.00015164998,0.000104238636,0.048596412,0.95091575,5_S8
c2_p075_20240119_o11,p075_20240119,75,0,2,85,5_S8,1.8393365e-07,1.4255292e-07,4.825461e-07,4.2476433e-08,5.1587493e-05,0.99994767,5_S8
c2_p075_20240126_o03,p075_20240126,75,0,2,87,5_S8,1.1566207e-07,6.8451875e-08,3.8918972e-07,2.4960395e-08,1.6319478e-05,0.9999831,5_S8
c2_p079_20231006_o12,p079_20231006,79,0,2,13,0_S1,0.99999034,5.086095e-06,3.3988788e-06,2.1606039e-07,7.704164e-08,7.611915e-07,0_S1
c2_p079_20231011_o01,p079_20231011,79,0,2,13,0_S1,0.9999471,1.2536315e-05,2.8166012e-05,4.035805e-06,1.9728193e-06,6.249716e-06,0_S1
c2_p079_20231017_o11,p079_20231017,79,0,2,13,0_S1,0.99980694,0.00013014769,5.207017e-05,4.4059093e-06,1.2220239e-06,5.218453e-06,0_S1
c2_p079_20231019_o05,p079_20231019,79,0,2,14,0_S1,0.9924683,0.00735,0.00017303819,1.8578296e-06,6.975211e-07,5.9996532e-06,0_S1
c2_p079_20231023_o12,p079_20231023,79,0,2,14,0_S1,0.1516251,3.7864414e-05,0.84817004,0.00016347002,3.291388e-06,1.3838996e-07,2_S5
c2_p079_20231027_o09,p079_20231027,79,0,2,20,1_S2,0.27685696,0.006974485,0.715226,0.0003553542,0.0005353006,5.196159e-05,2_S5
c2_p079_20231101_o10,p079_20231101,79,0,2,52,2_S5,0.0011357795,4.2254596e-05,0.99503326,0.0035013629,0.0002867706,4.8685695e-07,2_S5
c2_p079_20231106_o01,p079_20231106,79,0,2,65,3_S6,4.590731e-10,9.933358e-08,3.1273755e-06,0.9996667,0.00033012585,2.5906126e-09,3_S6
c2_p079_20231109_o11,p079_20231109,79,0,2,69,3_S6,3.466854e-08,8.79948e-06,3.2507647e-05,0.9995745,0.00038416722,4.6526676e-08,3_S6
c2_p079_20231120_o05,p079_20231120,79,0,2,70,4_S7,2.2182847e-07,1.07961905e-05,7.7700104e-05,0.58213013,0.4177717,9.453639e-06,3_S6
c2_p079_20231127_o10,p079_20231127,79,0,2,73,4_S7,2.967629e-07,4.520347e-06,6.460471e-05,0.015878351,0.9839532,9.903537e-05,4_S7
c2_p079_20231130_o04,p079_20231130,79,0,2,74,4_S7,1.7143664e-06,0.00015360623,0.00012566974,0.03894292,0.9606303,0.0001458377,4_S7
c2_p079_20231204_o12,p079_20231204,79,0,2,75,4_S7,4.6933892e-09,2.1606738e-07,7.936645e-08,4.292455e-05,0.9999559,8.1484205e-07,4_S7
c2_p079_20231211_o12,p079_20231211,79,0,2,76,4_S7,8.473116e-10,1.1255461e-08,6.849575e-07,9.801958e-07,0.99999774,5.6817146e-07,4_S7
c2_p079_20231214_o03,p079_20231214,79,0,2,77,4_S7,6.405827e-06,3.2077419e-06,6.711969e-06,4.8279697e-05,0.99992657,8.795933e-06,4_S7
c2_p079_20231218_o08,p079_20231218,79,0,2,78,4_S7,2.4346718e-07,2.406042e-06,2.5026206e-06,0.00010365099,0.9986174,0.0012737472,4_S7
c2_p079_20231227_o02,p079_20231227,79,0,2,79,4_S7,7.939551e-10,4.5618953e-09,1.6905393e-08,1.5435792e-07,0.99998534,1.4551453e-05,4_S7
c2_p079_20240115_o08,p079_20240115,79,0,2,81,5_S8,4.6778212e-05,2.1656702e-05,0.0003902114,7.3275e-05,0.09489176,0.9045763,5_S8
c2_p079_20240119_o02,p079_20240119,79,0,2,82,5_S8,8.446509e-07,1.7051413e-07,8.072245e-07,1.9110093e-08,1.6242697e-05,0.999982,5_S8
c2_p079_20240126_o01,p079_20240126,79,0,2,87,5_S8,8.296542e-09,1.1920003e-08,6.5375056e-09,3.486623e-09,8.9559435e-06,0.99999106,5_S8
c2_p086_20231128_o05,p086_20231128,86,0,2,68,3_S6,3.725171e-07,5.406718e-06,3.9320064e-05,0.9999088,4.583927e-05,1.7307849e-07,3_S6
c2_p086_20231130_o03,p086_20231130,86,0,2,69,3_S6,2.6868322e-06,8.944021e-06,3.5231038e-05,0.9972523,0.0027006587,2.523943e-07,3_S6
c2_p086_20231204_o11,p086_20231204,86,0,2,78,4_S7,2.8690291e-08,5.073489e-06,2.7459907e-06,0.98270273,0.017289177,1.8621182e-07,3_S6
c2_p086_20231207_o03,p086_20231207,86,0,2,67,3_S6,6.112351e-05,0.00038351695,0.0022205047,0.34603128,0.64826816,0.0030354422,4_S7
c2_p086_20231211_o08,p086_20231211,86,0,2,71,4_S7,1.6438051e-08,2.8537195e-07,8.0599057e-07,0.0008062717,0.9991849,7.694489e-06,4_S7
c2_p086_20231218_o10,p086_20231218,86,0,2,72,4_S7,7.788502e-08,1.8087969e-06,3.2767934e-07,0.000106041334,0.9997695,0.00012214843,4_S7
c2_p086_20231227_o01,p086_20231227,86,0,2,73,4_S7,1.4574594e-10,6.7952804e-10,1.3789594e-08,2.658829e-07,0.9999927,6.9763514e-06,4_S7
c2_p086_20240115_o09,p086_20240115,86,0,2,75,4_S7,9.692375e-09,1.3391323e-07,1.2896241e-07,6.275881e-07,0.9995546,0.00044449585,4_S7
c2_p086_20240119_o04,p086_20240119,86,0,2,78,4_S7,4.8700134e-08,1.03104284e-07,2.4995927e-07,1.7874462e-06,0.9989605,0.0010373533,4_S7
c2_p086_20240126_o02,p086_20240126,86,0,2,81,5_S8,4.8280655e-09,1.6833324e-08,3.058225e-08,1.8176671e-06,0.9672211,0.032777116,4_S7
c2_p087_20231128_o09,p087_20231128,87,0,2,66,3_S6,6.502257e-08,3.3925191e-06,8.910513e-06,0.9995604,0.0004268286,4.145965e-07,3_S6
c2_p087_20231130_o06,p087_20231130,87,0,2,68,3_S6,3.7663253e-07,6.0362436e-06,5.280282e-06,0.9999391,4.9162074e-05,1.05133635e-08,3_S6
c2_p087_20231204_o03,p087_20231204,87,0,2,69,3_S6,8.601124e-07,5.810625e-06,8.247835e-06,0.9985085,0.0014759399,5.78389e-07,3_S6
c2_p087_20231207_o11,p087_20231207,87,0,2,70,4_S7,2.6637063e-06,1.0103719e-05,0.00023766673,0.003154975,0.9965598,3.483007e-05,4_S7
c2_p087_20231211_o07,p087_20231211,87,0,2,71,4_S7,8.357077e-07,3.623162e-06,1.4920601e-05,0.00390931,0.9955852,0.0004860767,4_S7
c2_p087_20231218_o06,p087_20231218,87,0,2,73,4_S7,1.7110614e-07,4.784868e-06,1.2219392e-05,0.00011059118,0.9998697,2.5439424e-06,4_S7
c2_p087_20231227_o07,p087_20231227,87,0,2,75,4_S7,6.475946e-07,2.7987002e-07,1.0803161e-05,0.00013642007,0.9996482,0.00020369864,4_S7
c2_p087_20240115_o10,p087_20240115,87,0,2,78,4_S7,3.437112e-07,5.680326e-06,7.1703646e-05,2.836463e-05,0.89688396,0.103009924,4_S7
c2_p087_20240119_o03,p087_20240119,87,0,2,79,4_S7,4.1864908e-07,7.6744465e-07,1.1140817e-05,6.534142e-05,0.99711716,0.0028050782,4_S7
c2_p087_20240126_o10,p087_20240126,87,0,2,81,5_S8,1.365152e-06,0.00010148461,0.0001670308,4.205686e-06,0.01242475,0.9873011,5_S8
c2_p091_20231128_o07,p091_20231128,91,0,2,68,3_S6,2.3059427e-07,0.000108959684,2.192489e-05,0.99920315,0.0006635225,2.3196699e-06,3_S6
c2_p091_20231130_o10,p091_20231130,91,0,2,69,3_S6,1.27330155e-08,2.5924288e-07,6.026175e-07,0.9998876,0.00011155295,7.957122e-09,3_S6
c2_p091_20231204_o09,p091_20231204,91,0,2,67,3_S6,5.0042225e-08,1.2460868e-06,6.3613976e-07,0.9929709,0.007026969,1.4512922e-07,3_S6
c2_p091_20231207_o06,p091_20231207,91,0,2,70,4_S7,5.4701808e-08,1.3764675e-06,1.1270097e-05,0.0056021763,0.99438125,3.9638917e-06,4_S7
c2_p091_20231211_o07,p091_20231211,91,0,2,71,4_S7,3.1958493e-07,9.4274465e-06,9.500353e-06,0.0026515252,0.99727315,5.6052704e-05,4_S7
c2_p091_20231218_o10,p091_20231218,91,0,2,72,4_S7,7.7757445e-09,3.4057244e-08,4.636766e-08,0.00016724545,0.99983,2.6447756e-06,4_S7
c2_p091_20231227_o12,p091_20231227,91,0,2,74,4_S7,8.326503e-09,5.0402164e-08,8.4622464e-08,1.5448802e-06,0.9999871,1.1135162e-05,4_S7
c2_p091_20240115_o12,p091_20240115,91,0,2,76,4_S7,3.902108e-06,1.256808e-05,3.173821e-05,0.00025457455,0.9929536,0.0067435983,4_S7
c2_p091_20240119_o06,p091_20240119,91,0,2,79,4_S7,3.16086e-07,9.203612e-08,1.550939e-05,3.8569124e-06,0.9990938,0.0008864996,4_S7
c2_p091_20240126_o10,p091_20240126,91,0,2,82,5_S8,3.6874028e-06,1.22791e-05,1.1864277e-05,3.989905e-06,0.019430134,0.9805381,5_S8
c2_p094_20231128_o02,p094_20231128,94,0,2,68,3_S6,9.0097725e-09,9.779392e-07,2.2030026e-06,0.9999368,6.001271e-05,4.3235877e-09,3_S6
c2_p094_20231130_o09,p094_20231130,94,0,2,69,3_S6,1.7460801e-06,1.0259592e-05,1.4346799e-05,0.9996792,0.00029451103,4.8151406e-08,3_S6
c2_p094_20231204_o04,p094_20231204,94,0,2,70,4_S7,8.210443e-08,1.2114539e-06,4.4484927e-06,0.99998033,1.3943384e-05,6.859228e-09,3_S6
c2_p094_20231207_o11,p094_20231207,94,0,2,71,4_S7,2.036089e-06,3.6567606e-05,0.00017429433,0.0021278234,0.99696904,0.0006902513,4_S7
c2_p094_20231211_o08,p094_20231211,94,0,2,72,4_S7,1.0584825e-05,6.57291e-05,0.00043403453,0.19405414,0.80519164,0.00024392601,4_S7
c2_p094_20231218_o10,p094_20231218,94,0,2,74,4_S7,1.3120332e-08,5.2733805e-07,3.8729038e-07,3.3315115e-05,0.9997315,0.00023433864,4_S7
c2_p094_20231227_o06,p094_20231227,94,0,2,76,4_S7,5.179005e-09,1.2341656e-06,3.044053e-08,1.6134185e-05,0.99959046,0.00039213666,4_S7
c2_p094_20240115_o02,p094_20240115,94,0,2,77,4_S7,3.5343e-09,3.8352757e-09,3.011422e-09,6.6572966e-08,0.9999809,1.900168e-05,4_S7
c2_p094_20240119_o07,p094_20240119,94,0,2,80,5_S8,7.292615e-06,3.307579e-06,4.6919635e-05,1.2129642e-05,0.23797454,0.76195586,5_S8
c2_p094_20240126_o11,p094_20240126,94,0,2,83,5_S8,2.0035122e-06,1.2782838e-05,2.2954953e-05,5.1464926e-06,0.0065287706,0.9934284,5_S8
c2_p101_20231128_o11,p101_20231128,101,0,2,65,3_S6,2.1866721e-07,6.324686e-05,4.551236e-05,0.8383836,0.1611983,0.00030913434,3_S6
c2_p101_20231130_o10,p101_20231130,101,0,2,69,3_S6,2.9207635e-07,5.468935e-06,3.8246973e-05,0.9960508,0.0039052304,3.1120777e-08,3_S6
c2_p101_20231204_o12,p101_20231204,101,0,2,69,3_S6,6.9975556e-08,1.7425082e-05,3.8396174e-06,0.99903417,0.00094443647,7.5080116e-08,3_S6
c2_p101_20231207_o05,p101_20231207,101,0,2,69,3_S6,3.2072243e-05,0.000418748,0.0009913305,0.056897905,0.9404307,0.0012292191,4_S7
c2_p101_20231211_o05,p101_20231211,101,0,2,70,4_S7,1.9493895e-07,5.1293714e-06,3.6377892e-06,0.003266736,0.9967163,7.9181345e-06,4_S7
c2_p101_20231218_o06,p101_20231218,101,0,2,71,4_S7,2.3202798e-08,1.2323366e-07,1.3130158e-07,9.756799e-06,0.9999331,5.68736e-05,4_S7
c2_p101_20231227_o05,p101_20231227,101,0,2,73,4_S7,1.6365981e-11,1.0939014e-09,1.3629075e-09,2.98924e-08,0.99999917,7.864044e-07,4_S7
c2_p101_20240115_o11,p101_20240115,101,0,2,75,4_S7,2.7615155e-09,5.924325e-08,2.1962177e-07,1.5927551e-06,0.9997358,0.0002623639,4_S7
c2_p101_20240119_o06,p101_20240119,101,0,2,77,4_S7,2.3999016e-06,8.300156e-06,3.882987e-05,0.00018716941,0.99886924,0.00089410535,4_S7
c2_p101_20240126_o12,p101_20240126,101,0,2,79,4_S7,1.30603e-09,1.2183305e-07,3.3749906e-08,4.727999e-06,0.9973544,0.0026407999,4_S7
c2_p002_20230816_o10,p002_20230816,2,1,2,68,3_S6,0.005643935,0.03900647,0.40430745,0.45974094,0.09093054,0.0003707274,3_S6
c2_p002_20230921_o04,p002_20230921,2,1,2,77,4_S7,0.00027528233,0.00015105186,0.00936651,0.025836207,0.9534467,0.010924264,4_S7
c2_p002_20231005_o12,p002_20231005,2,1,2,79,4_S7,0.0015120789,0.00013295366,0.055472184,0.00045034854,0.71093,0.2315024,4_S7
c2_p026_20230828_o08,p026_20230828,26,1,2,16,0_S1,0.868664,0.05240681,0.06634306,0.011925999,0.00050576776,0.00015432696,0_S1
c2_p026_20230904_o02,p026_20230904,26,1,2,53,2_S5,0.10821993,0.48368284,0.30384403,0.09689459,0.006980493,0.00037816633,1_S2
c2_p026_20230908_o09,p026_20230908,26,1,2,64,3_S6,0.0019137503,0.00784831,0.03827311,0.8499383,0.09955837,0.0024681124,3_S6
c2_p026_20230921_o01,p026_20230921,26,1,2,70,4_S7,0.0005136688,0.0033208246,0.058023665,0.38727584,0.54515463,0.005711384,4_S7
c2_p026_20231006_o10,p026_20231006,26,1,2,71,4_S7,8.5881e-06,2.429074e-05,0.0018665538,0.0027773033,0.99220604,0.0031170927,4_S7
c2_p026_20231017_o11,p026_20231017,26,1,2,74,4_S7,0.00021453752,0.00041255148,0.0151523,0.010805211,0.9646459,0.008769461,4_S7
c2_p026_20231023_o10,p026_20231023,26,1,2,75,4_S7,0.00015686925,0.0011015064,0.087444045,0.01003798,0.8950654,0.0061941864,4_S7
c2_p026_20231027_o04,p026_20231027,26,1,2,76,4_S7,1.7648732e-08,1.6732041e-07,3.1211555e-05,8.209612e-06,0.671841,0.32811937,4_S7
c2_p026_20231101_o09,p026_20231101,26,1,2,77,4_S7,1.9079807e-06,4.0419407e-05,0.002602419,0.0018806624,0.9884034,0.007071268,4_S7
c2_p026_20231106_o07,p026_20231106,26,1,2,78,4_S7,1.4556231e-05,0.00023046289,0.06989433,0.005483462,0.92340946,0.0009677603,4_S7
c2_p026_20231109_o07,p026_20231109,26,1,2,79,4_S7,8.5247314e-07,3.2640528e-05,0.0022070652,0.0016095869,0.99287885,0.0032710566,4_S7
c2_p026_20231120_o07,p026_20231120,26,1,2,84,5_S8,5.0053738e-14,3.378444e-14,3.2901332e-10,9.050812e-14,1.5405986e-07,0.9999999,5_S8
c2_p026_20231124_o02,p026_20231124,26,1,2,85,5_S8,5.311408e-08,4.199394e-08,7.585875e-06,5.8321497e-08,0.0020043212,0.997988,5_S8
c2_p026_20231127_o02,p026_20231127,26,1,2,86,5_S8,7.2110884e-10,1.2981728e-09,2.2379213e-06,8.704755e-10,0.00024478944,0.99975294,5_S8
c2_p026_20231130_o12,p026_20231130,26,1,2,89,5_S8,1.5871551e-10,3.532867e-11,3.0278606e-08,5.6680524e-12,1.0409052e-07,0.9999999,5_S8
c2_p027_20230828_o04,p027_20230828,27,1,2,20,1_S2,0.54985714,0.23345362,0.18838075,0.027890343,0.0002910575,0.00012711105,0_S1
c2_p027_20230904_o07,p027_20230904,27,1,2,60,3_S6,0.009752451,0.40009966,0.22476068,0.34978843,0.014656599,0.0009422395,1_S2
c2_p027_20230908_o02,p027_20230908,27,1,2,66,3_S6,5.4267537e-07,0.00024921584,0.00088144245,0.9512605,0.047591075,1.7314193e-05,3_S6
c2_p027_20230921_o09,p027_20230921,27,1,2,68,3_S6,1.0415834e-05,1.7946626e-05,0.0012759416,0.009197173,0.9881628,0.0013357275,4_S7
c2_p027_20231006_o08,p027_20231006,27,1,2,70,4_S7,0.004125805,0.0060613435,0.32319614,0.15214339,0.49727905,0.01719427,4_S7
c2_p027_20231017_o07,p027_20231017,27,1,2,72,4_S7,1.6891338e-05,0.00010326143,0.0048879627,0.016147345,0.9754004,0.0034442495,4_S7
c2_p027_20231023_o07,p027_20231023,27,1,2,73,4_S7,4.5602712e-05,0.00026574483,0.0126714865,0.0024806987,0.983077,0.001459499,4_S7
c2_p027_20231027_o08,p027_20231027,27,1,2,74,4_S7,1.9885756e-05,0.0002491842,0.028663032,0.016829032,0.95231146,0.0019275204,4_S7
c2_p027_20231101_o07,p027_20231101,27,1,2,75,4_S7,4.640245e-06,5.249391e-05,0.017459257,0.00239372,0.9779304,0.0021593997,4_S7
c2_p027_20231106_o09,p027_20231106,27,1,2,76,4_S7,4.347095e-05,0.00027405584,0.055133406,0.0011105874,0.91980016,0.023638377,4_S7
c2_p027_20231109_o07,p027_20231109,27,1,2,77,4_S7,2.6134723e-05,0.0002470687,0.003989496,0.0013259776,0.9487227,0.045688678,4_S7
c2_p027_20231120_o11,p027_20231120,27,1,2,78,4_S7,4.0732866e-05,0.00010237429,0.020862741,0.00014039209,0.89017826,0.08867549,4_S7
c2_p027_20231124_o04,p027_20231124,27,1,2,79,4_S7,2.8063218e-05,0.00015892832,0.08165393,0.000400396,0.80132914,0.11642955,4_S7
c2_p027_20231127_o07,p027_20231127,27,1,2,79,4_S7,3.008028e-06,2.2987713e-05,0.0035632856,7.977682e-05,0.94917303,0.0471578,4_S7
c2_p027_20231130_o01,p027_20231130,27,1,2,79,4_S7,1.9761408e-06,4.9713112e-06,0.000851636,2.5569066e-06,0.93873453,0.060404263,4_S7
c2_p032_20230828_o10,p032_20230828,32,1,2,15,0_S1,0.937324,0.0067121554,0.0541152,0.0013654041,0.0003333694,0.00014994056,0_S1
c2_p032_20230904_o08,p032_20230904,32,1,2,60,3_S6,0.43462035,0.09667985,0.42666307,0.03836177,0.0032792115,0.0003957208,0_S1
c2_p032_20230908_o03,p032_20230908,32,1,2,64,3_S6,0.004497846,0.009190673,0.47707102,0.4460359,0.061513014,0.0016915362,2_S5
c2_p032_20230921_o05,p032_20230921,32,1,2,72,4_S7,9.850661e-06,2.0267911e-05,0.00048025194,0.004843261,0.9939182,0.0007282108,4_S7
c2_p032_20231006_o03,p032_20231006,32,1,2,74,4_S7,1.1795638e-05,0.0004235689,0.0019197642,0.03680789,0.95993257,0.0009043875,4_S7
c2_p032_20231017_o05,p032_20231017,32,1,2,75,4_S7,1.4428971e-05,0.00016592232,0.00378153,0.065707564,0.9295372,0.00079344935,4_S7
c2_p032_20231023_o01,p032_20231023,32,1,2,76,4_S7,1.07453396e-07,1.499975e-06,0.00035044586,0.001107978,0.99234927,0.0061907712,4_S7
c2_p032_20231027_o05,p032_20231027,32,1,2,77,4_S7,6.2317613e-06,0.00010763325,0.0032859002,0.0035439897,0.9858444,0.0072118104,4_S7
c2_p032_20231101_o07,p032_20231101,32,1,2,78,4_S7,2.900126e-05,0.00017950479,0.0034396786,0.0011543658,0.9826292,0.012568198,4_S7
c2_p032_20231106_o12,p032_20231106,32,1,2,79,4_S7,2.7426458e-06,3.7404745e-06,0.0039963783,2.2722474e-05,0.94858646,0.047388043,4_S7
c2_p032_20231109_o09,p032_20231109,32,1,2,80,5_S8,6.15019e-08,6.711666e-08,4.213118e-05,2.0268502e-07,0.03352937,0.96642804,5_S8
c2_p032_20231120_o03,p032_20231120,32,1,2,81,5_S8,9.279101e-12,5.852553e-13,1.7838298e-08,3.1478655e-13,1.0184895e-06,0.9999989,5_S8
c2_p032_20231124_o08,p032_20231124,32,1,2,83,5_S8,7.851036e-10,9.821033e-10,2.1798726e-07,1.0543065e-09,0.00038803165,0.9996118,5_S8
c2_p032_20231127_o06,p032_20231127,32,1,2,85,5_S8,1.0507917e-05,2.6451387e-05,0.0024241628,1.3049395e-05,0.345755,0.6517709,5_S8
c2_p032_20231130_o12,p032_20231130,32,1,2,87,5_S8,2.3878692e-09,3.527494e-09,1.353885e-06,2.3685185e-09,2.2555821e-05,0.99997604,5_S8
c2_p041_20230828_o08,p041_20230828,41,1,2,14,0_S1,0.877469,0.0057857167,0.112952545,0.0032966777,0.0004526489,4.3450127e-05,0_S1
c2_p041_20230904_o09,p041_20230904,41,1,2,53,2_S5,0.05910297,0.05670925,0.4627502,0.41965848,0.0016536791,0.00012534916,2_S5
c2_p041_20230908_o07,p041_20230908,41,1,2,60,3_S6,0.013438018,0.0060347104,0.08508548,0.89297706,0.0024229365,4.1701114e-05,3_S6
c2_p041_20230921_o02,p041_20230921,41,1,2,66,3_S6,1.4634497e-05,2.0105594e-05,0.0024340618,0.004380592,0.99262565,0.0005249552,4_S7
c2_p041_20231006_o11,p041_20231006,41,1,2,72,4_S7,6.5889304e-05,4.8510577e-05,0.00286036,0.0039481944,0.99262154,0.00045540385,4_S7
c2_p041_20231017_o04,p041_20231017,41,1,2,73,4_S7,0.0024502845,0.0014436523,0.007327347,0.17366247,0.8128936,0.0022225839,4_S7
c2_p041_20231023_o01,p041_20231023,41,1,2,74,4_S7,3.7714442e-05,0.0013719817,0.19337654,0.4738895,0.33111817,0.00020598879,3_S6
c2_p041_20231027_o02,p041_20231027,41,1,2,75,4_S7,3.4583387e-05,0.00012888733,0.06699404,0.0012243122,0.9185057,0.013112469,4_S7
c2_p041_20231101_o04,p041_20231101,41,1,2,76,4_S7,0.0004201084,0.003450459,0.05613725,0.057226446,0.87430876,0.008456996,4_S7
c2_p041_20231106_o10,p041_20231106,41,1,2,77,4_S7,0.011649092,0.0027705573,0.08167073,0.052630577,0.8441858,0.007093178,4_S7
c2_p041_20231109_o11,p041_20231109,41,1,2,78,4_S7,0.0043583466,0.001626647,0.10794298,0.0014400166,0.7962701,0.08836188,4_S7
c2_p041_20231120_o03,p041_20231120,41,1,2,80,5_S8,8.6097265e-05,6.7018605e-05,0.23896399,8.011811e-05,0.022750987,0.7380517,5_S8
c2_p041_20231124_o04,p041_20231124,41,1,2,85,5_S8,7.756134e-07,6.589021e-07,0.00031031284,1.3546793e-06,0.0009812085,0.9987056,5_S8
c2_p041_20231127_o12,p041_20231127,41,1,2,85,5_S8,6.3726673e-09,6.8945677e-10,1.4048478e-06,7.0425227e-10,3.839807e-06,0.99999475,5_S8
c2_p041_20231130_o10,p041_20231130,41,1,2,85,5_S8,2.8885555e-07,1.0409248e-07,0.00012697761,2.3336385e-08,4.652488e-05,0.99982613,5_S8
c2_p042_20230929_o04,p042_20230929,42,1,2,13,0_S1,0.99987495,2.6775829e-06,0.000119722084,1.5911806e-06,5.075031e-07,6.7777546e-07,0_S1
c2_p042_20231004_o03,p042_20231004,42,1,2,14,0_S1,0.99909425,9.6010495e-05,0.00069342484,6.7925953e-06,3.983365e-05,6.97367e-05,0_S1
c2_p042_20231011_o08,p042_20231011,42,1,2,14,0_S1,0.99455947,0.00056697475,0.00467934,0.00017824641,1.2103844e-05,3.886007e-06,0_S1
c2_p042_20231017_o05,p042_20231017,42,1,2,15,0_S1,0.3501941,0.04134117,0.4840219,0.12091227,0.003177176,0.00035332574,2_S5
c2_p042_20231019_o03,p042_20231019,42,1,2,15,0_S1,0.19633862,0.2326309,0.52326316,0.04200951,0.005430873,0.00032692504,2_S5
c2_p042_20231023_o04,p042_20231023,42,1,2,53,2_S5,0.014151676,0.17832944,0.21200168,0.5777853,0.017577302,0.00015459638,3_S6
c2_p042_20231027_o06,p042_20231027,42,1,2,54,2_S5,6.277668e-05,0.0036608442,0.0048027546,0.54822457,0.4423095,0.0009395139,3_S6
c2_p042_20231101_o01,p042_20231101,42,1,2,55,2_S5,0.0002202181,0.008995152,0.48621815,0.36155236,0.14264719,0.00036694843,2_S5
c2_p042_20231106_o09,p042_20231106,42,1,2,62,3_S6,1.25747965e-05,0.0020160694,0.0045283996,0.96241486,0.030967645,6.0526712e-05,3_S6
c2_p042_20231109_o01,p042_20231109,42,1,2,68,3_S6,7.676425e-06,0.0006853029,0.012979153,0.34879947,0.63731676,0.00021165023,4_S7
c2_p042_20231120_o09,p042_20231120,42,1,2,70,4_S7,4.6466335e-05,0.00093837496,0.011549693,0.037641093,0.94062084,0.009203573,4_S7
c2_p042_20231127_o06,p042_20231127,42,1,2,72,4_S7,0.00017421127,0.0005162586,0.053606175,0.0012267813,0.78760326,0.15687336,4_S7
c2_p042_20231130_o09,p042_20231130,42,1,2,74,4_S7,8.357995e-06,8.07874e-05,0.015517152,0.00032425323,0.97177786,0.01229156,4_S7
c2_p042_20231204_o05,p042_20231204,42,1,2,76,4_S7,7.009777e-05,0.0002949198,0.019655995,0.00029788454,0.85648715,0.12319396,4_S7
c2_p042_20231211_o09,p042_20231211,42,1,2,80,5_S8,3.9791448e-07,2.682425e-06,0.00012686307,8.1508195e-05,0.99489504,0.0048934855,4_S7
c2_p042_20231214_o04,p042_20231214,42,1,2,82,5_S8,0.00016340273,0.000869185,0.014686008,0.0016483658,0.70848626,0.27414677,4_S7
c2_p042_20231218_o06,p042_20231218,42,1,2,82,5_S8,3.3440683e-05,6.0785154e-05,0.0018872189,6.5523775e-05,0.9856916,0.012261334,4_S7
c2_p042_20231227_o05,p042_20231227,42,1,2,83,5_S8,4.19284e-05,7.954412e-05,0.002067473,2.9826713e-05,0.8434578,0.15432341,4_S7
c2_p042_20240104_o10,p042_20240104,42,1,2,84,5_S8,2.460212e-05,2.500666e-05,0.0012803846,5.705799e-06,0.79032207,0.20834231,4_S7
c2_p044_20230929_o03,p044_20230929,44,1,2,13,0_S1,0.99950373,5.361774e-06,0.0004833035,5.7196535e-06,1.1376098e-06,7.35002e-07,0_S1
c2_p044_20231004_o09,p044_20231004,44,1,2,13,0_S1,0.9991942,4.8306214e-05,0.00073925103,8.2256975e-06,6.700781e-06,3.3814454e-06,0_S1
c2_p044_20231011_o05,p044_20231011,44,1,2,15,0_S1,0.8697902,0.008345674,0.117251895,0.0045001167,8.217325e-05,2.9882045e-05,0_S1
c2_p044_20231017_o06,p044_20231017,44,1,2,20,1_S2,0.10767123,0.15051001,0.5743304,0.16675244,0.00066749187,6.841017e-05,2_S5
c2_p044_20231019_o11,p044_20231019,44,1,2,51,2_S5,0.22127514,0.29563943,0.36291125,0.09136831,0.028106442,0.00069942366,2_S5
c2_p044_20231023_o10,p044_20231023,44,1,2,54,2_S5,0.009940287,0.22632015,0.341439,0.38979548,0.032068167,0.00043682114,3_S6
c2_p044_20231027_o10,p044_20231027,44,1,2,55,2_S5,4.1340783e-05,0.01287612,0.13844758,0.39729264,0.45100674,0.0003355328,4_S7
c2_p044_20231101_o04,p044_20231101,44,1,2,59,2_S5,0.0012873181,0.021288933,0.28013146,0.2885184,0.40329644,0.0054774294,4_S7
c2_p044_20231106_o08,p044_20231106,44,1,2,61,3_S6,1.09944585e-05,4.9798404e-05,0.002315268,0.010845933,0.98522085,0.0015571236,4_S7
c2_p044_20231109_o10,p044_20231109,44,1,2,68,3_S6,1.5454721e-07,1.766e-05,0.0014029845,0.008073202,0.99041957,8.652006e-05,4_S7
c2_p044_20231120_o09,p044_20231120,44,1,2,70,4_S7,1.3938784e-07,1.9877746e-06,7.1280774e-05,0.00011558365,0.9994122,0.0003988908,4_S7
c2_p044_20231127_o09,p044_20231127,44,1,2,71,4_S7,2.3547564e-07,4.7794657e-07,4.6283814e-05,1.2935788e-05,0.9990386,0.0009014132,4_S7
c2_p044_20231130_o02,p044_20231130,44,1,2,72,4_S7,0.00028731427,0.00078036723,0.031768657,0.00035843457,0.84736425,0.11944091,4_S7
c2_p044_20231204_o12,p044_20231204,44,1,2,72,4_S7,2.2912232e-06,1.8951181e-05,0.00058971933,8.021769e-05,0.9874665,0.011842334,4_S7
c2_p044_20231211_o04,p044_20231211,44,1,2,73,4_S7,4.8376285e-05,0.00043260463,0.024965113,0.0013651361,0.958005,0.015183716,4_S7
c2_p044_20231214_o08,p044_20231214,44,1,2,74,4_S7,1.4570022e-06,1.0121551e-05,0.0005470206,2.3731349e-05,0.9768447,0.02257282,4_S7
c2_p044_20231218_o02,p044_20231218,44,1,2,76,4_S7,1.4616485e-06,3.3679191e-06,0.00047216087,8.162799e-06,0.98876053,0.010754266,4_S7
c2_p044_20231227_o01,p044_20231227,44,1,2,79,4_S7,1.1341682e-07,1.0163569e-06,5.677362e-05,6.4384585e-06,0.99287194,0.0070636985,4_S7
c2_p044_20240104_o10,p044_20240104,44,1,2,81,5_S8,1.3826558e-07,1.2571198e-06,5.9681453e-05,1.5534259e-06,0.9820872,0.01785011,4_S7
c2_p047_20230929_o09,p047_20230929,47,1,2,13,0_S1,0.9995828,8.451383e-06,0.0003970236,8.256804e-06,1.8091491e-06,1.6062756e-06,0_S1
c2_p047_20231004_o08,p047_20231004,47,1,2,13,0_S1,0.99971086,6.629192e-06,0.00026392602,2.036502e-06,7.831998e-06,8.663132e-06,0_S1
c2_p047_20231011_o11,p047_20231011,47,1,2,14,0_S1,0.9900968,0.0004353813,0.009154602,0.00029496424,1.1624803e-05,6.71959e-06,0_S1
c2_p047_20231017_o03,p047_20231017,47,1,2,15,0_S1,0.72487915,0.068766564,0.1961956,0.009930318,0.00016000513,6.8421694e-05,0_S1
c2_p047_20231019_o10,p047_20231019,47,1,2,15,0_S1,0.15179825,0.03669364,0.8002137,0.009894422,0.0013307608,6.9302e-05,2_S5
c2_p047_20231023_o08,p047_20231023,47,1,2,16,0_S1,0.023787834,0.12359125,0.36194208,0.47439203,0.016019111,0.00026766874,3_S6
c2_p047_20231027_o06,p047_20231027,47,1,2,17,0_S1,4.181094e-05,0.0014500262,0.029715754,0.26769552,0.700454,0.0006428141,4_S7
c2_p047_20231101_o01,p047_20231101,47,1,2,55,2_S5,0.00040168015,0.0126963435,0.4841832,0.48671976,0.015953125,4.5931116e-05,3_S6
c2_p047_20231106_o02,p047_20231106,47,1,2,61,3_S6,0.0059795394,0.044317983,0.17060421,0.74796087,0.030078946,0.0010584138,3_S6
c2_p047_20231109_o06,p047_20231109,47,1,2,65,3_S6,0.00021382373,0.002775131,0.25023264,0.1764249,0.5673208,0.0030326557,4_S7
c2_p047_20231120_o12,p047_20231120,47,1,2,70,4_S7,5.0412505e-06,9.786513e-06,0.0012314487,5.3497886e-05,0.9935895,0.005110584,4_S7
c2_p047_20231127_o10,p047_20231127,47,1,2,71,4_S7,1.1726477e-05,4.253828e-05,0.033216327,0.00067983376,0.95867175,0.007377787,4_S7
c2_p047_20231130_o09,p047_20231130,47,1,2,72,4_S7,1.3824802e-05,4.389024e-05,0.018557759,0.0006076101,0.9642304,0.016546527,4_S7
c2_p047_20231204_o10,p047_20231204,47,1,2,74,4_S7,6.9549134e-07,6.508943e-06,0.0012432397,0.00014271347,0.9956377,0.0029691285,4_S7
c2_p047_20231211_o12,p047_20231211,47,1,2,76,4_S7,4.3192947e-05,0.00028906664,0.025558297,0.00059418636,0.9425845,0.030930873,4_S7
c2_p047_20231214_o02,p047_20231214,47,1,2,78,4_S7,5.8599257e-05,9.203716e-05,0.0054951846,0.00018519799,0.96529496,0.028874118,4_S7
c2_p047_20231218_o04,p047_20231218,47,1,2,79,4_S7,8.0434365e-05,0.00032242623,0.03761623,0.0006528491,0.9343355,0.026992625,4_S7
c2_p047_20231227_o05,p047_20231227,47,1,2,81,5_S8,3.5400244e-05,7.811779e-05,0.02258237,5.9642367e-05,0.9051061,0.072138324,4_S7
c2_p047_20240104_o11,p047_20240104,47,1,2,82,5_S8,1.11725626e-07,4.2416136e-08,5.9487406e-06,1.9540497e-08,0.018907664,0.9810862,5_S8
c2_p049_20230929_o05,p049_20230929,49,1,2,13,0_S1,0.99956566,4.154633e-06,0.00042040276,7.2817197e-06,1.3063637e-06,1.24081e-06,0_S1
c2_p049_20231004_o04,p049_20231004,49,1,2,13,0_S1,0.9997348,1.0173291e-05,0.00024990304,1.6927889e-06,1.9583301e-06,1.5212402e-06,0_S1
c2_p049_20231011_o12,p049_20231011,49,1,2,15,0_S1,0.9826339,0.0035306667,0.012622877,0.0011747874,3.2186075e-05,5.4946067e-06,0_S1
c2_p049_20231017_o12,p049_20231017,49,1,2,15,0_S1,0.6463541,0.17791083,0.15880913,0.016295452,0.00037974893,0.0002507224,0_S1
c2_p049_20231019_o06,p049_20231019,49,1,2,16,0_S1,0.09657318,0.07643616,0.577252,0.18841746,0.060911532,0.00040974296,2_S5
c2_p049_20231023_o11,p049_20231023,49,1,2,20,1_S2,0.010869119,0.43984973,0.2878283,0.25739926,0.004002151,5.1482326e-05,1_S2
c2_p049_20231027_o11,p049_20231027,49,1,2,55,2_S5,2.4786984e-06,0.0009203565,0.0031982267,0.3761766,0.61966056,4.174256e-05,4_S7
c2_p049_20231101_o07,p049_20231101,49,1,2,60,3_S6,0.00031093025,0.008842012,0.17375635,0.69201165,0.12455423,0.00052483473,3_S6
c2_p049_20231106_o02,p049_20231106,49,1,2,62,3_S6,5.5984195e-08,1.129291e-05,9.663848e-05,0.5094599,0.4904252,6.9143457e-06,3_S6
c2_p049_20231109_o07,p049_20231109,49,1,2,64,3_S6,0.00045360005,0.005886171,0.11571444,0.3549224,0.51979893,0.0032244439,4_S7
c2_p049_20231120_o05,p049_20231120,49,1,2,71,4_S7,3.3336103e-06,4.1673164e-05,0.0007246789,0.0011452201,0.9967848,0.0013002403,4_S7
c2_p049_20231127_o07,p049_20231127,49,1,2,72,4_S7,0.00014237476,0.0003531062,0.029820742,0.00039241003,0.7076323,0.26165903,4_S7
c2_p049_20231130_o11,p049_20231130,49,1,2,73,4_S7,7.572346e-08,1.2964213e-06,4.9192906e-05,3.250832e-05,0.9964239,0.0034929765,4_S7
c2_p049_20231204_o12,p049_20231204,49,1,2,74,4_S7,4.401005e-08,1.1170235e-06,0.00029280357,8.455758e-05,0.99856925,0.0010521811,4_S7
c2_p049_20231211_o03,p049_20231211,49,1,2,75,4_S7,2.801957e-08,2.2356213e-07,3.7753558e-05,2.4938909e-06,0.99943095,0.00052849425,4_S7
c2_p049_20231214_o11,p049_20231214,49,1,2,77,4_S7,5.38547e-06,1.7317594e-05,0.0008734665,6.526641e-05,0.95286304,0.0461755,4_S7
c2_p049_20231218_o12,p049_20231218,49,1,2,78,4_S7,8.5148923e-07,2.4656076e-06,0.00014367176,8.398842e-06,0.99724317,0.0026014133,4_S7
c2_p049_20231227_o12,p049_20231227,49,1,2,79,4_S7,4.6739842e-07,1.5495812e-06,0.00048800485,2.2452462e-06,0.9865899,0.012917821,4_S7
c2_p049_20240104_o08,p049_20240104,49,1,2,82,5_S8,2.3868171e-11,2.671705e-12,7.0557378e-09,7.0479224e-13,2.7578676e-07,0.99999976,5_S8
c2_p059_20230929_o08,p059_20230929,59,1,2,13,0_S1,0.9996784,4.8003685e-06,0.00030570498,7.819996e-06,1.6573863e-06,1.7032805e-06,0_S1
c2_p059_20231004_o06,p059_20231004,59,1,2,13,0_S1,0.99848527,5.1375362e-05,0.0014401592,1.8385166e-05,2.1659166e-06,2.6860348e-06,0_S1
c2_p059_20231011_o03,p059_20231011,59,1,2,15,0_S1,0.97416806,0.005589169,0.019098757,0.001119094,1.6101885e-05,8.85932e-06,0_S1
c2_p059_20231017_o11,p059_20231017,59,1,2,53,2_S5,0.42161664,0.07725553,0.41223645,0.07923455,0.008850624,0.000806218,0_S1
c2_p059_20231019_o12,p059_20231019,59,1,2,60,3_S6,0.0011858739,0.046792682,0.3033699,0.62773395,0.020891972,2.5669098e-05,3_S6
c2_p059_20231023_o05,p059_20231023,59,1,2,64,3_S6,0.00011329424,0.0312835,0.0394213,0.92748934,0.0016843494,8.188917e-06,3_S6
c2_p059_20231027_o02,p059_20231027,59,1,2,62,3_S6,6.31192e-06,0.0010536027,0.035893098,0.9175566,0.045486372,3.987672e-06,3_S6
c2_p059_20231101_o08,p059_20231101,59,1,2,65,3_S6,0.0005246529,0.011515747,0.14527564,0.6127859,0.22943996,0.00045813393,3_S6
c2_p059_20231106_o10,p059_20231106,59,1,2,70,4_S7,1.4328665e-05,0.0014553921,0.03018802,0.41976076,0.5482932,0.0002883884,4_S7
c2_p059_20231109_o01,p059_20231109,59,1,2,71,4_S7,2.3654882e-06,0.00017302604,0.13547556,0.07104217,0.7931303,0.00017659791,4_S7
c2_p059_20231120_o11,p059_20231120,59,1,2,72,4_S7,6.2725226e-06,0.00031505292,0.0020447152,0.0091794655,0.98470116,0.0037534095,4_S7
c2_p059_20231127_o04,p059_20231127,59,1,2,74,4_S7,1.3785618e-05,6.833269e-05,0.009950923,0.00047843298,0.97798276,0.011505752,4_S7
c2_p059_20231130_o08,p059_20231130,59,1,2,75,4_S7,5.82926e-05,0.0005202867,0.052154914,0.0010286468,0.9233443,0.022893466,4_S7
c2_p059_20231204_o04,p059_20231204,59,1,2,76,4_S7,5.5409684e-05,0.00015535542,0.090663135,0.0008241215,0.89432985,0.013972159,4_S7
c2_p059_20231211_o04,p059_20231211,59,1,2,77,4_S7,1.0798215e-05,5.813859e-05,0.014149914,0.00012971267,0.96932465,0.016326938,4_S7
c2_p059_20231214_o04,p059_20231214,59,1,2,78,4_S7,1.1803048e-05,1.9541449e-05,0.00038876513,4.5176897e-05,0.96393746,0.03559721,4_S7
c2_p059_20231218_o10,p059_20231218,59,1,2,79,4_S7,3.9017406e-05,9.01342e-05,0.001674192,0.00013185515,0.9642905,0.033774365,4_S7
c2_p059_20231227_o01,p059_20231227,59,1,2,81,5_S8,8.29254e-08,6.5529525e-07,1.7284789e-05,2.223827e-06,0.98562765,0.014352097,4_S7
c2_p059_20240104_o01,p059_20240104,59,1,2,83,5_S8,4.667868e-06,1.048044e-05,0.00024323793,3.7821308e-06,0.75950414,0.24023362,4_S7
c2_p073_20231006_o05,p073_20231006,73,1,2,13,0_S1,0.9998809,8.4004505e-06,0.00010163349,6.586293e-06,9.476283e-07,1.4359737e-06,0_S1
c2_p073_20231011_o09,p073_20231011,73,1,2,13,0_S1,0.9998481,9.363899e-06,0.00012970535,8.855211e-06,2.4474127e-06,1.4779614e-06,0_S1
c2_p073_20231017_o10,p073_20231017,73,1,2,13,0_S1,0.99937975,7.4483605e-06,0.0006013461,9.452101e-06,1.3894517e-06,5.437778e-07,0_S1
c2_p073_20231019_o10,p073_20231019,73,1,2,13,0_S1,0.99838555,0.0002791597,0.0013075133,1.5856174e-05,9.1589345e-06,2.767591e-06,0_S1
c2_p073_20231023_o10,p073_20231023,73,1,2,14,0_S1,0.9966943,7.2980365e-05,0.0031817823,3.8638897e-05,7.605969e-06,4.730506e-06,0_S1
c2_p073_20231027_o09,p073_20231027,73,1,2,51,2_S5,0.5489532,0.08145085,0.35685748,0.0053797667,0.0066777593,0.000680969,0_S1
c2_p073_20231101_o05,p073_20231101,73,1,2,53,2_S5,0.0046338276,0.0046812566,0.9090436,0.060467742,0.021073094,0.00010049027,2_S5
c2_p073_20231106_o05,p073_20231106,73,1,2,69,3_S6,9.259655e-05,0.0033861336,0.2622467,0.66073114,0.072921075,0.00062234217,3_S6
c2_p073_20231109_o08,p073_20231109,73,1,2,70,4_S7,0.0004600325,0.0076185344,0.097935565,0.5461474,0.3426882,0.005150233,3_S6
c2_p073_20231120_o05,p073_20231120,73,1,2,71,4_S7,1.710592e-06,3.939362e-05,0.0009483678,0.0038359975,0.9944765,0.00069810555,4_S7
c2_p073_20231127_o01,p073_20231127,73,1,2,72,4_S7,1.1633246e-05,4.5666082e-05,0.0025510413,0.00053824164,0.9931317,0.003721689,4_S7
c2_p073_20231130_o08,p073_20231130,73,1,2,75,4_S7,6.282641e-05,0.0006319935,0.011726698,0.0033962582,0.34917936,0.63500285,5_S8
c2_p073_20231204_o07,p073_20231204,73,1,2,76,4_S7,0.00025287934,0.0013320234,0.004623143,0.14464311,0.8159384,0.03321041,4_S7
c2_p073_20231211_o03,p073_20231211,73,1,2,77,4_S7,5.797592e-07,4.3639684e-06,0.00018136433,0.00012459948,0.99902964,0.0006594815,4_S7
c2_p073_20231214_o01,p073_20231214,73,1,2,78,4_S7,0.0013700814,0.0003752531,0.0004482445,0.0040098825,0.9569351,0.03686155,4_S7
c2_p073_20231218_o10,p073_20231218,73,1,2,79,4_S7,3.462743e-05,0.00020955333,0.0002324737,0.00062800624,0.99514055,0.0037547438,4_S7
c2_p073_20231227_o06,p073_20231227,73,1,2,79,4_S7,8.070174e-06,5.2204858e-05,5.8823825e-05,0.00020467467,0.99380255,0.0058736685,4_S7
c2_p073_20240115_o08,p073_20240115,73,1,2,84,5_S8,1.2932976e-08,1.2865016e-09,4.7480626e-07,4.996795e-10,3.475245e-05,0.9999647,5_S8
c2_p073_20240119_o05,p073_20240119,73,1,2,85,5_S8,4.1419315e-10,1.1206386e-12,1.2076081e-09,2.6581024e-13,1.01980696e-07,0.9999999,5_S8
c2_p073_20240126_o11,p073_20240126,73,1,2,86,5_S8,9.540804e-10,1.8011103e-12,6.5998944e-09,7.2812947e-13,3.8592436e-08,1.0,5_S8
c2_p077_20231006_o11,p077_20231006,77,1,2,13,0_S1,0.99993515,6.2258464e-06,5.3026895e-05,3.4781242e-06,9.1319816e-07,1.1102662e-06,0_S1
c2_p077_20231011_o02,p077_20231011,77,1,2,13,0_S1,0.9998565,5.295443e-06,0.0001324914,4.3464306e-06,7.2089995e-07,5.673516e-07,0_S1
c2_p077_20231017_o10,p077_20231017,77,1,2,13,0_S1,0.99740523,4.1320618e-05,0.0024987762,4.604068e-05,6.6898497e-06,1.9788135e-06,0_S1
c2_p077_20231019_o08,p077_20231019,77,1,2,14,0_S1,0.9980604,0.00037359062,0.0014495708,4.1569372e-05,6.2113926e-05,1.2717091e-05,0_S1
c2_p077_20231023_o12,p077_20231023,77,1,2,20,1_S2,0.9787578,0.00068231573,0.016402593,0.0031478459,0.00092923956,8.023723e-05,0_S1
c2_p077_20231027_o07,p077_20231027,77,1,2,53,2_S5,0.23985346,0.18274382,0.5709156,0.005529921,0.00086553924,9.167903e-05,2_S5
c2_p077_20231101_o04,p077_20231101,77,1,2,55,2_S5,0.028894002,0.055106204,0.8611248,0.04684331,0.007927238,0.00010449045,2_S5
c2_p077_20231106_o05,p077_20231106,77,1,2,60,3_S6,1.32048235e-05,0.0015317411,0.021987567,0.95692575,0.01949975,4.2069907e-05,3_S6
c2_p077_20231109_o04,p077_20231109,77,1,2,69,3_S6,0.000563829,0.013700649,0.2254981,0.6642684,0.0955942,0.0003748586,3_S6
c2_p077_20231120_o05,p077_20231120,77,1,2,70,4_S7,2.3064154e-05,0.00023878252,0.0031302655,0.004439263,0.9759596,0.016209124,4_S7
c2_p077_20231127_o12,p077_20231127,77,1,2,73,4_S7,1.0573988e-05,3.91492e-05,0.00231444,0.00034539544,0.9907767,0.0065136882,4_S7
c2_p077_20231130_o11,p077_20231130,77,1,2,75,4_S7,1.0788988e-06,6.573271e-06,0.00024305873,3.9337043e-05,0.99516416,0.004545725,4_S7
c2_p077_20231204_o03,p077_20231204,77,1,2,76,4_S7,1.0104587e-05,1.5979615e-05,0.00030993592,0.00026557164,0.99552625,0.003872101,4_S7
c2_p077_20231211_o12,p077_20231211,77,1,2,77,4_S7,6.791593e-08,3.5361884e-07,5.504132e-05,4.0021823e-06,0.99971586,0.00022456523,4_S7
c2_p077_20231214_o09,p077_20231214,77,1,2,78,4_S7,8.437609e-06,5.885451e-05,0.000116259645,0.00026373894,0.99222,0.007332761,4_S7
c2_p077_20231218_o07,p077_20231218,77,1,2,79,4_S7,1.2687249e-06,6.757237e-06,2.799224e-05,1.42129265e-05,0.9979966,0.0019531255,4_S7
c2_p077_20231227_o07,p077_20231227,77,1,2,79,4_S7,1.5073837e-05,2.4824532e-05,0.0003751613,4.9860384e-05,0.9930534,0.0064816806,4_S7
c2_p077_20240115_o09,p077_20240115,77,1,2,81,5_S8,0.0001522448,9.0518835e-05,0.0026424886,4.7109024e-05,0.52668214,0.47038546,4_S7
c2_p077_20240119_o08,p077_20240119,77,1,2,84,5_S8,2.5223337e-10,3.9380925e-12,2.451904e-09,4.182994e-13,7.904687e-06,0.99999213,5_S8
c2_p077_20240126_o01,p077_20240126,77,1,2,88,5_S8,8.866278e-08,1.65768e-08,1.954689e-06,9.562547e-09,0.0010992785,0.9988986,5_S8
c2_p078_20231006_o07,p078_20231006,78,1,2,13,0_S1,0.99996674,3.4671891e-06,2.6841171e-05,2.0139826e-06,3.4439313e-07,5.6588595e-07,0_S1
c2_p078_20231011_o06,p078_20231011,78,1,2,13,0_S1,0.9998913,3.5478745e-06,0.000102380596,2.2623847e-06,1.8440029e-07,2.2719033e-07,0_S1
c2_p078_20231017_o03,p078_20231017,78,1,2,13,0_S1,0.99878746,4.9899016e-05,0.0011400213,1.9718786e-05,1.7726811e-06,1.1538973e-06,0_S1
c2_p078_20231019_o05,p078_20231019,78,1,2,14,0_S1,0.9977029,0.00031539067,0.0019321109,2.904472e-05,1.65727e-05,4.066853e-06,0_S1
c2_p078_20231023_o06,p078_20231023,78,1,2,51,2_S5,0.9800259,0.0029646773,0.015913725,0.0008564122,0.00018794587,5.1300998e-05,0_S1
c2_p078_20231027_o12,p078_20231027,78,1,2,53,2_S5,0.2661673,0.10482428,0.6099679,0.009327463,0.008895889,0.0008171972,2_S5
c2_p078_20231101_o05,p078_20231101,78,1,2,60,3_S6,0.0016046617,0.020618757,0.5915149,0.3214901,0.06446169,0.0003099152,2_S5
c2_p078_20231106_o09,p078_20231106,78,1,2,63,3_S6,6.7026554e-06,0.0021008677,0.008341758,0.97184616,0.01767186,3.2523658e-05,3_S6
c2_p078_20231109_o05,p078_20231109,78,1,2,70,4_S7,0.0001583613,0.015254842,0.09848896,0.71576655,0.168709,0.0016222228,3_S6
c2_p078_20231120_o11,p078_20231120,78,1,2,71,4_S7,4.779672e-05,0.0021646738,0.014607157,0.26457775,0.7161541,0.002448469,4_S7
c2_p078_20231127_o10,p078_20231127,78,1,2,72,4_S7,2.5349323e-07,7.139074e-06,6.558225e-05,0.0005263526,0.99848145,0.0009191909,4_S7
c2_p078_20231130_o12,p078_20231130,78,1,2,74,4_S7,3.9539724e-08,3.306112e-07,3.046724e-05,8.5680085e-06,0.9988519,0.0011087012,4_S7
c2_p078_20231204_o03,p078_20231204,78,1,2,76,4_S7,3.8196868e-06,3.7795508e-05,0.00065033336,0.0027567605,0.99098724,0.005564127,4_S7
c2_p078_20231211_o08,p078_20231211,78,1,2,78,4_S7,2.0720736e-06,3.1310734e-05,0.001759259,0.00028400382,0.9935522,0.0043711998,4_S7
c2_p078_20231214_o03,p078_20231214,78,1,2,79,4_S7,1.6718577e-07,1.5113386e-05,1.901459e-05,0.00016425611,0.99081004,0.008991481,4_S7
c2_p078_20231218_o05,p078_20231218,78,1,2,79,4_S7,2.7248748e-07,6.848727e-07,3.2552214e-06,9.329212e-07,0.99907136,0.00092352123,4_S7
c2_p078_20231227_o04,p078_20231227,78,1,2,79,4_S7,2.3686518e-06,9.533585e-06,3.546405e-05,5.1658044e-05,0.998706,0.0011949525,4_S7
c2_p078_20240115_o06,p078_20240115,78,1,2,83,5_S8,0.00012944432,0.0006644836,0.0031954336,0.0003103609,0.78738177,0.20831844,4_S7
c2_p078_20240119_o01,p078_20240119,78,1,2,84,5_S8,2.1152735e-14,3.1959220000000004e-17,9.268205e-14,1.0968646499999998e-17,1.2269359e-10,1.0,5_S8
c2_p078_20240126_o09,p078_20240126,78,1,2,89,5_S8,2.373246e-12,3.1062777e-13,3.1872568e-10,2.1252053e-13,6.680051e-07,0.9999993,5_S8
c2_p083_20231128_o06,p083_20231128,83,1,2,68,3_S6,0.0020782866,0.0075996895,0.06094466,0.1748387,0.64189965,0.112639,4_S7
c2_p083_20231130_o04,p083_20231130,83,1,2,69,3_S6,3.8682698e-05,0.0007918107,0.0032884446,0.82314247,0.16780698,0.004931637,3_S6
c2_p083_20231204_o09,p083_20231204,83,1,2,70,4_S7,0.0009643663,0.0023182898,0.01253285,0.08022357,0.8846242,0.019336728,4_S7
c2_p083_20231207_o03,p083_20231207,83,1,2,71,4_S7,2.9134559e-05,0.0010422512,0.006156092,0.033603113,0.949096,0.010073321,4_S7
c2_p083_20231211_o05,p083_20231211,83,1,2,73,4_S7,2.5706107e-05,0.00017218407,0.0063350564,0.0011655169,0.97268796,0.019613607,4_S7
c2_p083_20231218_o06,p083_20231218,83,1,2,75,4_S7,3.0642641e-07,1.1575677e-06,4.908104e-06,2.7798599e-06,0.9975177,0.002473158,4_S7
c2_p083_20231227_o02,p083_20231227,83,1,2,77,4_S7,9.400285e-06,3.2199125e-05,0.00022076583,0.00023141663,0.9964181,0.0030880547,4_S7
c2_p083_20240115_o01,p083_20240115,83,1,2,78,4_S7,9.4670014e-07,1.6732648e-06,3.8667673e-05,5.110945e-06,0.9878028,0.012150806,4_S7
c2_p083_20240119_o03,p083_20240119,83,1,2,79,4_S7,2.0968046e-06,8.5009315e-06,7.4323965e-05,0.0011966511,0.9971927,0.0015257119,4_S7
c2_p083_20240126_o04,p083_20240126,83,1,2,83,5_S8,2.6743514e-16,1.2081170499999998e-17,2.6124028e-14,2.5230653e-18,3.9793138e-11,1.0,5_S8
c2_p085_20231128_o03,p085_20231128,85,1,2,65,3_S6,0.0003370643,0.0052799094,0.036873385,0.5941108,0.35329676,0.0101021025,3_S6
c2_p085_20231130_o01,p085_20231130,85,1,2,68,3_S6,0.00019098265,0.0020676416,0.0054783993,0.8317611,0.15564735,0.004854503,3_S6
c2_p085_20231204_o03,p085_20231204,85,1,2,69,3_S6,4.455839e-06,0.00034196867,0.00025758383,0.9477563,0.051575083,6.463111e-05,3_S6
c2_p085_20231207_o03,p085_20231207,85,1,2,70,4_S7,3.832195e-05,0.0006799605,0.0051545375,0.014311923,0.9727235,0.0070917765,4_S7
c2_p085_20231211_o11,p085_20231211,85,1,2,71,4_S7,0.00048905134,0.0038018262,0.08794131,0.019235454,0.8357253,0.05280696,4_S7
c2_p085_20231218_o12,p085_20231218,85,1,2,72,4_S7,3.0158783e-06,6.7655465e-06,0.00010909535,2.7455653e-05,0.99474275,0.0051109153,4_S7
c2_p085_20231227_o07,p085_20231227,85,1,2,74,4_S7,7.927927e-08,8.2543244e-07,1.8199622e-06,4.1268337e-05,0.99958724,0.00036876375,4_S7
c2_p085_20240115_o05,p085_20240115,85,1,2,77,4_S7,4.0893997e-06,8.0125155e-06,5.994453e-05,0.0011587347,0.9982951,0.00047406982,4_S7
c2_p085_20240119_o04,p085_20240119,85,1,2,79,4_S7,2.1105948e-06,5.822259e-07,6.3916596e-05,9.032361e-06,0.9915877,0.00833653,4_S7
c2_p085_20240126_o02,p085_20240126,85,1,2,81,5_S8,2.00443e-12,7.427636e-14,2.7281146e-11,9.142488e-15,5.449937e-08,1.0,5_S8
c2_p089_20231128_o06,p089_20231128,89,1,2,64,3_S6,0.00012587004,0.0062755044,0.017004404,0.5188185,0.45362273,0.0041529806,3_S6
c2_p089_20231130_o04,p089_20231130,89,1,2,67,3_S6,3.148323e-05,0.00077560864,0.006637081,0.86571914,0.12590635,0.00093030964,3_S6
c2_p089_20231204_o06,p089_20231204,89,1,2,68,3_S6,0.00029823312,0.0010216457,0.003242773,0.33802867,0.645535,0.011873731,4_S7
c2_p089_20231207_o04,p089_20231207,89,1,2,70,4_S7,8.2936356e-07,1.827015e-05,0.0021966312,0.0006965667,0.9959875,0.0011001632,4_S7
c2_p089_20231211_o02,p089_20231211,89,1,2,71,4_S7,1.4208993e-06,3.5287077e-05,0.000114222676,0.0010983875,0.99577785,0.0029727821,4_S7
c2_p089_20231218_o03,p089_20231218,89,1,2,73,4_S7,1.8471796e-07,9.005574e-07,4.0995524e-06,6.200148e-06,0.99961936,0.0003692174,4_S7
c2_p089_20231227_o04,p089_20231227,89,1,2,74,4_S7,2.1386004e-05,4.0194052e-05,0.00032816647,0.00014733436,0.9959155,0.0035474512,4_S7
c2_p089_20240115_o10,p089_20240115,89,1,2,77,4_S7,3.5726657e-06,1.9653673e-05,0.00012697784,4.735553e-05,0.9827063,0.017096167,4_S7
c2_p089_20240119_o08,p089_20240119,89,1,2,78,4_S7,0.0042873034,0.0010284408,0.048954763,0.0014817691,0.7750537,0.16919401,4_S7
c2_p089_20240126_o03,p089_20240126,89,1,2,81,5_S8,1.0149237e-05,3.8343274e-05,0.0004199973,1.3354439e-05,0.73718053,0.26233768,4_S7
c2_p097_20231128_o06,p097_20231128,97,1,2,64,3_S6,0.000112435715,0.010029757,0.03590902,0.9009057,0.05225302,0.0007899807,3_S6
c2_p097_20231130_o01,p097_20231130,97,1,2,67,3_S6,1.3759164e-05,0.00032158138,0.0016794199,0.77533567,0.21928482,0.0033647406,3_S6
c2_p097_20231204_o03,p097_20231204,97,1,2,69,3_S6,1.4928077e-05,0.00050276745,0.0012344163,0.8819263,0.11600491,0.00031660753,3_S6
c2_p097_20231207_o08,p097_20231207,97,1,2,68,3_S6,1.0369222e-05,0.00056100753,0.0012249969,0.026215652,0.97076213,0.0012256874,4_S7
c2_p097_20231211_o06,p097_20231211,97,1,2,69,3_S6,3.0648248e-06,2.3755958e-05,0.0022453403,0.00073218707,0.99333537,0.0036602512,4_S7
c2_p097_20231218_o06,p097_20231218,97,1,2,71,4_S7,2.9630728e-08,3.449113e-07,2.6709054e-06,1.0019541e-05,0.9996908,0.0002962152,4_S7
c2_p097_20231227_o08,p097_20231227,97,1,2,72,4_S7,5.941096e-06,9.245009e-06,8.2669685e-05,1.0658714e-05,0.98692375,0.012967759,4_S7
c2_p097_20240115_o08,p097_20240115,97,1,2,75,4_S7,1.6291176e-07,5.094852e-07,4.856039e-06,1.2090393e-06,0.9820998,0.017893579,4_S7
c2_p097_20240119_o09,p097_20240119,97,1,2,79,4_S7,0.00037054552,0.0002322379,0.015347083,0.0010366678,0.88652384,0.09648955,4_S7
c2_p097_20240126_o08,p097_20240126,97,1,2,80,5_S8,5.970419e-08,5.698995e-07,7.0028777e-06,7.313936e-07,0.7746895,0.22530207,4_S7
c2_p099_20231128_o03,p099_20231128,99,1,2,65,3_S6,6.392516e-05,0.0064026047,0.00998654,0.9091978,0.07401119,0.0003379302,3_S6
c2_p099_20231130_o08,p099_20231130,99,1,2,66,3_S6,2.4484005e-05,0.0005967075,0.00134705,0.91394347,0.08179836,0.0022899695,3_S6
c2_p099_20231204_o05,p099_20231204,99,1,2,68,3_S6,2.246812e-05,0.0010135182,0.0014951809,0.71646243,0.2788816,0.002124735,3_S6
c2_p099_20231207_o08,p099_20231207,99,1,2,70,4_S7,4.1832427e-05,0.00039843723,0.015157922,0.0030274051,0.9617749,0.01959952,4_S7
c2_p099_20231211_o05,p099_20231211,99,1,2,71,4_S7,2.8496597e-05,0.00024171916,0.0037093132,0.006173743,0.9790192,0.010827494,4_S7
c2_p099_20231218_o12,p099_20231218,99,1,2,72,4_S7,8.897615e-09,4.7495377e-07,1.8136305e-06,5.216541e-05,0.9997298,0.00021575038,4_S7
c2_p099_20231227_o05,p099_20231227,99,1,2,74,4_S7,1.949788e-06,3.1650496e-05,6.955293e-05,0.00025401186,0.9962847,0.0033580384,4_S7
c2_p099_20240115_o12,p099_20240115,99,1,2,78,4_S7,3.6297052e-08,2.1932187e-06,5.6939816e-06,2.2820848e-05,0.9993685,0.0006007615,4_S7
c2_p099_20240119_o05,p099_20240119,99,1,2,79,4_S7,5.7206876e-06,0.00016305794,0.0003103499,0.013690753,0.9843538,0.001476242,4_S7
c2_p099_20240126_o09,p099_20240126,99,1,2,80,5_S8,6.677287e-08,8.0462115e-07,8.174889e-06,1.8860774e-06,0.97908074,0.020908318,4_S7
c2_p003_20230816_o02,p003_20230816,3,2,2,64,3_S6,0.0003129167,0.002242839,0.086131066,0.90532166,0.0059761563,1.538045e-05,3_S6
c2_p003_20230921_o08,p003_20230921,3,2,2,77,4_S7,3.4544595e-08,2.4062803e-08,6.411879e-08,0.00018929687,0.99980944,1.1667671e-06,4_S7
c2_p003_20231005_o08,p003_20231005,3,2,2,79,4_S7,9.795992e-06,1.6116926e-06,7.505588e-05,0.0005622866,0.998995,0.00035635039,4_S7
c2_p004_20230816_o11,p004_20230816,4,2,2,61,3_S6,0.00043122773,5.331117e-05,0.024654154,0.9714712,0.0033687514,2.1420641e-05,3_S6
c2_p004_20230921_o02,p004_20230921,4,2,2,79,4_S7,0.000103602055,6.858069e-05,0.00018347893,0.029955674,0.96955127,0.00013754603,4_S7
c2_p004_20231005_o12,p004_20231005,4,2,2,82,5_S8,0.0010537263,0.00028676994,0.008440634,0.008299166,0.9617626,0.020157076,4_S7
c2_p009_20230816_o11,p009_20230816,9,2,2,64,3_S6,1.07824405e-07,6.495745e-09,9.788478e-06,0.99114823,0.008841736,8.191919e-08,3_S6
c2_p009_20230921_o10,p009_20230921,9,2,2,75,4_S7,0.0019037876,9.18442e-05,3.8382284e-05,9.648417e-06,0.9795655,0.018390866,4_S7
c2_p009_20231005_o01,p009_20231005,9,2,2,84,5_S8,0.0004467465,3.333601e-05,2.8925539e-05,5.4666646e-07,0.007311325,0.99217904,5_S8
c2_p014_20230816_o08,p014_20230816,14,2,2,69,3_S6,2.0583898e-06,7.187303e-06,0.00023605676,0.9967469,0.00300745,2.875642e-07,3_S6
c2_p014_20230921_o02,p014_20230921,14,2,2,76,4_S7,0.0035120854,2.2766217e-05,0.0015146966,5.6832632e-05,0.9935969,0.0012967644,4_S7
c2_p014_20231005_o06,p014_20231005,14,2,2,79,4_S7,9.010291e-08,2.3401536e-09,6.005618e-08,1.4225554e-07,0.9998374,0.00016221116,4_S7
c2_p015_20230816_o01,p015_20230816,15,2,2,66,3_S6,3.0121155e-06,2.4589187e-06,4.681374e-05,0.72044873,0.2794946,4.383442e-06,3_S6
c2_p015_20230921_o12,p015_20230921,15,2,2,73,4_S7,8.193021e-06,1.2889203e-06,5.420162e-05,0.00011850809,0.9996853,0.00013248932,4_S7
c2_p015_20231005_o06,p015_20231005,15,2,2,77,4_S7,2.559386e-06,2.429736e-06,3.5248613e-05,2.7712888e-06,0.9986284,0.0013286882,4_S7
c2_p018_20230816_o11,p018_20230816,18,2,2,68,3_S6,1.5412098e-07,1.1423814e-05,1.0078231e-05,0.9996432,0.0003351268,7.43232e-08,3_S6
c2_p018_20230921_o10,p018_20230921,18,2,2,78,4_S7,0.0003423727,0.00016350628,0.00010340771,0.0002505809,0.9977302,0.0014099915,4_S7
c2_p018_20231005_o05,p018_20231005,18,2,2,89,5_S8,0.000106780295,2.4813018e-05,5.104121e-05,0.0008865197,0.6984442,0.3004867,4_S7
c2_p019_20230816_o03,p019_20230816,19,2,2,70,4_S7,1.5433894e-05,2.0536197e-06,6.763916e-05,0.67284924,0.32706428,1.3028725e-06,3_S6
c2_p019_20230921_o01,p019_20230921,19,2,2,78,4_S7,9.615546e-06,6.158306e-06,1.5331729e-05,0.0027348748,0.9968335,0.00040049804,4_S7
c2_p019_20231005_o07,p019_20231005,19,2,2,85,5_S8,0.0005465453,2.9990038e-05,0.0002161172,0.00011669126,0.013299722,0.98579097,5_S8
c2_p020_20230816_o03,p020_20230816,20,2,2,70,4_S7,5.8465903e-06,0.00029676332,8.965314e-06,0.99025375,0.0094341915,5.242982e-07,3_S6
c2_p020_20230921_o01,p020_20230921,20,2,2,72,4_S7,0.00014938385,1.4526891e-05,0.0029357055,0.0025928149,0.98301893,0.011288611,4_S7
c2_p020_20231005_o10,p020_20231005,20,2,2,78,4_S7,9.53115e-07,3.6932727e-07,2.7277689e-05,4.175628e-06,0.99798775,0.0019794737,4_S7
c2_p022_20230828_o11,p022_20230828,22,2,2,19,0_S1,0.94936156,0.0026877983,0.047766883,0.00016688688,1.24608005e-05,4.3947243e-06,0_S1
c2_p022_20230904_o01,p022_20230904,22,2,2,53,2_S5,0.0051757693,0.8564668,0.070553035,0.06697029,0.0008179243,1.6081456e-05,1_S2
c2_p022_20230908_o03,p022_20230908,22,2,2,63,3_S6,4.8880873e-09,1.3484234e-06,9.058479e-06,0.999905,8.4602885e-05,3.982736e-09,3_S6
c2_p022_20230921_o11,p022_20230921,22,2,2,70,4_S7,4.0332884e-10,6.000156e-10,1.0367409e-07,0.00052742375,0.9994723,1.334733e-07,4_S7
c2_p022_20231006_o06,p022_20231006,22,2,2,72,4_S7,1.0180396e-06,2.411884e-07,1.4540813e-05,0.00011546258,0.99986506,3.5787455e-06,4_S7
c2_p022_20231017_o03,p022_20231017,22,2,2,75,4_S7,3.003992e-09,3.4904507e-10,1.7925045e-08,0.00032744103,0.9996698,2.7378921e-06,4_S7
c2_p022_20231023_o02,p022_20231023,22,2,2,77,4_S7,2.7082428e-10,1.6274199e-10,2.0174071e-10,7.403029e-07,0.99999774,1.4712476e-06,4_S7
c2_p022_20231027_o12,p022_20231027,22,2,2,78,4_S7,3.485406e-08,1.3366548e-07,9.149091e-06,2.4442977e-06,0.9998838,0.00010451634,4_S7
c2_p022_20231101_o10,p022_20231101,22,2,2,79,4_S7,8.374899e-10,5.6184204e-09,5.276845e-07,8.606208e-06,0.9999027,8.822915e-05,4_S7
c2_p022_20231106_o07,p022_20231106,22,2,2,80,5_S8,9.116058e-07,5.558763e-08,4.4985703e-07,2.0128984e-07,0.99506456,0.004933745,4_S7
c2_p022_20231109_o10,p022_20231109,22,2,2,80,5_S8,2.0058662e-06,7.4758134e-07,1.3673399e-05,0.00011017906,0.99857974,0.0012935749,4_S7
c2_p022_20231120_o03,p022_20231120,22,2,2,84,5_S8,2.3763928e-07,3.5096416e-08,6.545875e-07,5.6644606e-10,0.0026600172,0.99733907,5_S8
c2_p022_20231124_o02,p022_20231124,22,2,2,86,5_S8,3.2204173e-06,8.656731e-07,6.648458e-07,4.0987995e-08,0.001630139,0.9983651,5_S8
c2_p022_20231127_o03,p022_20231127,22,2,2,88,5_S8,1.5316016e-07,1.1349757e-07,1.0871194e-06,7.441422e-08,8.751388e-06,0.99998975,5_S8
c2_p022_20231130_o04,p022_20231130,22,2,2,89,5_S8,1.1723853e-08,2.0852726e-08,5.7528467e-08,6.6720287e-09,9.274115e-06,0.9999907,5_S8
c2_p024_20230828_o03,p024_20230828,24,2,2,15,0_S1,0.9945167,0.005047856,0.000425502,8.044472e-06,1.051775e-06,9.0308646e-07,0_S1
c2_p024_20230904_o03,p024_20230904,24,2,2,17,0_S1,0.0012297219,0.9828435,0.015735283,0.00017140717,1.8199979e-05,1.8358307e-06,1_S2
c2_p024_20230908_o11,p024_20230908,24,2,2,23,1_S2,4.4189496e-06,0.00015649134,0.00078445044,0.9958643,0.0031898865,3.985548e-07,3_S6
c2_p024_20230921_o04,p024_20230921,24,2,2,28,1_S2,1.3855482e-06,2.6957542e-07,0.0031510207,0.841376,0.15547098,3.3553812e-07,3_S6
c2_p024_20231006_o08,p024_20231006,24,2,2,29,1_S2,1.5105802e-06,2.157432e-07,0.00014208545,0.0019168279,0.9978388,0.00010061693,4_S7
c2_p024_20231017_o08,p024_20231017,24,2,2,29,1_S2,3.422366e-08,5.6728403e-08,1.724803e-05,8.8465225e-05,0.99984455,4.9638173e-05,4_S7
c2_p024_20231023_o12,p024_20231023,24,2,2,29,1_S2,2.6513933e-07,5.823386e-07,0.008028659,0.0043588723,0.98704576,0.00056589063,4_S7
c2_p024_20231027_o10,p024_20231027,24,2,2,29,1_S2,1.914815e-06,3.650232e-05,0.23644926,0.00039888406,0.7380377,0.025075715,4_S7
c2_p024_20231101_o07,p024_20231101,24,2,2,29,1_S2,5.4292883e-07,4.8010106e-06,0.00021061336,1.6170361e-05,0.8605351,0.13923277,4_S7
c2_p024_20231106_o04,p024_20231106,24,2,2,29,1_S2,9.0527436e-07,5.154311e-07,0.006245682,0.00012623315,0.9935226,0.000104128296,4_S7
c2_p024_20231109_o02,p024_20231109,24,2,2,29,1_S2,6.626918e-07,1.6889102e-06,0.037565477,6.243467e-06,0.34107903,0.6213469,5_S8
c2_p024_20231120_o03,p024_20231120,24,2,2,29,1_S2,5.244037e-06,5.732791e-05,0.052562185,0.00034775215,0.5264173,0.42061016,4_S7
c2_p024_20231124_o02,p024_20231124,24,2,2,29,1_S2,1.4019497e-07,8.6529127e-07,0.05903342,1.639644e-07,0.01672174,0.92424375,5_S8
c2_p024_20231127_o07,p024_20231127,24,2,2,51,2_S5,2.5608529e-08,4.8372215e-07,0.9868847,1.738574e-07,0.0001758802,0.012938681,2_S5
c2_p024_20231130_o09,p024_20231130,24,2,2,51,2_S5,7.989142e-07,5.8160426e-06,0.025405211,1.0821675e-06,0.05265655,0.9219305,5_S8
c2_p028_20230828_o02,p028_20230828,28,2,2,15,0_S1,0.995424,0.0031443618,0.00140728,2.4109713e-05,1.595387e-07,1.7126993e-07,0_S1
c2_p028_20230904_o08,p028_20230904,28,2,2,51,2_S5,0.19313413,0.08925915,0.576827,0.13924447,0.0015118488,2.3439608e-05,2_S5
c2_p028_20230908_o06,p028_20230908,28,2,2,61,3_S6,9.640133e-07,6.1587634e-05,0.0011481362,0.9985122,0.00027706652,1.1953912e-07,3_S6
c2_p028_20230921_o11,p028_20230921,28,2,2,70,4_S7,2.2229967e-08,1.0529198e-07,1.5051208e-06,0.003222771,0.996772,3.5425214e-06,4_S7
c2_p028_20231006_o03,p028_20231006,28,2,2,73,4_S7,2.4607803e-07,5.8477347e-09,2.4020203e-06,2.8565462e-05,0.99994564,2.3151182e-05,4_S7
c2_p028_20231017_o02,p028_20231017,28,2,2,74,4_S7,0.00022378929,6.2500054e-05,0.0017334749,0.07893902,0.9189377,0.00010350058,4_S7
c2_p028_20231023_o10,p028_20231023,28,2,2,75,4_S7,3.4250305e-10,7.4673503e-11,1.03676765e-08,1.4577893e-05,0.99998486,5.897513e-07,4_S7
c2_p028_20231027_o04,p028_20231027,28,2,2,76,4_S7,4.6253476e-06,3.3359258e-06,0.0033934622,0.0013527093,0.9950867,0.00015911844,4_S7
c2_p028_20231101_o04,p028_20231101,28,2,2,77,4_S7,2.7380088e-07,3.5441457e-07,5.5067092e-05,5.470587e-05,0.999506,0.00038368066,4_S7
c2_p028_20231106_o12,p028_20231106,28,2,2,78,4_S7,7.499468e-05,4.2681884e-05,0.0004329422,7.5205485e-06,0.85364306,0.14579883,4_S7
c2_p028_20231109_o10,p028_20231109,28,2,2,79,4_S7,2.8999067e-10,1.9392558e-10,3.650601e-10,1.3053751e-08,0.99974614,0.0002538256,4_S7
c2_p028_20231120_o10,p028_20231120,28,2,2,81,5_S8,4.1832577e-06,5.3462954e-06,2.4819465e-06,1.1301674e-06,0.00057408743,0.9994128,5_S8
c2_p028_20231124_o08,p028_20231124,28,2,2,84,5_S8,2.9244936e-07,2.4258918e-07,4.7777253e-06,8.5522565e-08,0.0027402507,0.9972543,5_S8
c2_p028_20231127_o07,p028_20231127,28,2,2,86,5_S8,1.2214389e-08,1.968461e-08,3.0550843e-06,2.8516425e-09,0.00029597964,0.999701,5_S8
c2_p028_20231130_o06,p028_20231130,28,2,2,89,5_S8,1.4298254e-07,9.824506e-08,2.4845042e-07,2.5022034e-08,2.5660049e-05,0.9999738,5_S8
c2_p033_20230828_o06,p033_20230828,33,2,2,16,0_S1,0.9917258,0.0022186863,0.005626345,0.00042165007,5.525254e-06,1.9039579e-06,0_S1
c2_p033_20230904_o10,p033_20230904,33,2,2,52,2_S5,0.05636842,0.08532676,0.08315694,0.77489084,0.00024669158,1.03187995e-05,3_S6
c2_p033_20230908_o11,p033_20230908,33,2,2,61,3_S6,1.7592339e-10,9.047763e-08,1.1176609e-07,0.9940698,0.0059299264,1.2785931e-09,3_S6
c2_p033_20230921_o04,p033_20230921,33,2,2,70,4_S7,4.782579e-07,9.338574e-08,2.1739319e-05,0.0018172674,0.9980641,9.630967e-05,4_S7
c2_p033_20231006_o08,p033_20231006,33,2,2,72,4_S7,2.7921436e-08,1.628052e-09,8.935273e-07,0.0011392647,0.9988545,5.2497535e-06,4_S7
c2_p033_20231017_o11,p033_20231017,33,2,2,73,4_S7,7.61285e-07,7.136101e-08,2.330114e-06,0.014796722,0.9851827,1.7398896e-05,4_S7
c2_p033_20231023_o03,p033_20231023,33,2,2,74,4_S7,1.4067008e-08,2.0895226e-09,3.196564e-08,0.0035962432,0.99639183,1.1865276e-05,4_S7
c2_p033_20231027_o06,p033_20231027,33,2,2,75,4_S7,5.141084e-09,3.6801286e-09,1.4805744e-07,2.2056858e-05,0.9998956,8.2219514e-05,4_S7
c2_p033_20231101_o02,p033_20231101,33,2,2,76,4_S7,1.923541e-08,1.5514441e-09,1.986911e-08,2.1560345e-05,0.9999665,1.1986506e-05,4_S7
c2_p033_20231106_o01,p033_20231106,33,2,2,77,4_S7,1.2987976e-09,4.8526347e-09,1.7665131e-07,2.4146123e-06,0.99993277,6.467611e-05,4_S7
c2_p033_20231109_o06,p033_20231109,33,2,2,78,4_S7,1.0618942e-07,3.2280486e-08,4.3893444e-05,3.0010762e-05,0.99758744,0.002338555,4_S7
c2_p033_20231120_o10,p033_20231120,33,2,2,83,5_S8,1.8188332e-05,4.424593e-06,3.7093453e-06,1.047864e-05,0.11084098,0.8891222,5_S8
c2_p033_20231124_o09,p033_20231124,33,2,2,85,5_S8,5.980502e-07,3.424792e-07,2.9345782e-05,3.2014037e-07,0.0024252988,0.997544,5_S8
c2_p033_20231127_o07,p033_20231127,33,2,2,87,5_S8,9.48123e-07,3.023951e-07,4.3326363e-06,1.8495305e-07,0.000588602,0.9994055,5_S8
c2_p033_20231130_o02,p033_20231130,33,2,2,89,5_S8,2.1142726e-07,2.987058e-07,8.6657765e-06,9.1205145e-08,0.67173964,0.32825106,4_S7
c2_p040_20230828_o08,p040_20230828,40,2,2,14,0_S1,0.9569397,0.0018391394,0.040714573,0.00046389745,2.8476275e-05,1.4185245e-05,0_S1
c2_p040_20230904_o01,p040_20230904,40,2,2,54,2_S5,0.067351304,0.17702973,0.08177042,0.6737262,0.00011729067,5.1187776e-06,3_S6
c2_p040_20230908_o05,p040_20230908,40,2,2,62,3_S6,6.044242e-07,4.3501015e-05,0.03037967,0.96806306,0.0015129641,2.7616667e-07,3_S6
c2_p040_20230921_o04,p040_20230921,40,2,2,65,3_S6,8.958901e-08,2.80595e-07,3.294986e-05,0.4733281,0.5266363,2.2996492e-06,4_S7
c2_p040_20231006_o03,p040_20231006,40,2,2,71,4_S7,1.3992829e-08,1.3874717e-09,1.1428922e-07,0.014494741,0.9854995,5.6211397e-06,4_S7
c2_p040_20231017_o12,p040_20231017,40,2,2,72,4_S7,2.0037906e-08,2.406719e-08,9.728889e-08,0.020306356,0.97968537,8.177388e-06,4_S7
c2_p040_20231023_o04,p040_20231023,40,2,2,73,4_S7,1.5030373e-09,6.8837203e-09,4.5578003e-07,0.00065051275,0.9993487,2.6108552e-07,4_S7
c2_p040_20231027_o07,p040_20231027,40,2,2,74,4_S7,1.6403072e-06,8.249702e-06,9.160236e-05,0.000654137,0.9952982,0.0039461665,4_S7
c2_p040_20231101_o10,p040_20231101,40,2,2,75,4_S7,1.079128e-08,3.160905e-08,1.14426314e-07,7.1822324e-05,0.9998062,0.00012177047,4_S7
c2_p040_20231106_o09,p040_20231106,40,2,2,76,4_S7,2.3792877e-08,1.3391582e-07,2.4130345e-06,0.0003582304,0.9995339,0.000105406616,4_S7
c2_p040_20231109_o12,p040_20231109,40,2,2,77,4_S7,2.0818748e-08,9.6900095e-08,5.174833e-07,1.399478e-05,0.99907,0.00091545697,4_S7
c2_p040_20231120_o10,p040_20231120,40,2,2,81,5_S8,0.00025874266,0.00022230193,0.00028405638,0.00030227035,0.07601767,0.922915,5_S8
c2_p040_20231124_o11,p040_20231124,40,2,2,82,5_S8,2.4325702e-06,6.256435e-06,0.003598648,9.581419e-06,0.29450998,0.701873,5_S8
c2_p040_20231127_o01,p040_20231127,40,2,2,84,5_S8,6.7668117e-07,6.6368415e-07,0.0005044666,1.895438e-07,0.028350523,0.9711435,5_S8
c2_p040_20231130_o10,p040_20231130,40,2,2,87,5_S8,2.9763603e-07,3.5703485e-07,5.3106237e-07,3.0380556e-07,0.0009899266,0.9990086,5_S8
c2_p052_20230929_o06,p052_20230929,52,2,2,13,0_S1,0.99994457,5.2418007e-05,2.2898803e-06,3.256653e-08,1.0943019e-07,6.469093e-07,0_S1
c2_p052_20231004_o08,p052_20231004,52,2,2,13,0_S1,0.9999715,2.2228975e-05,1.3778971e-06,3.9604053e-08,5.510876e-07,4.247627e-06,0_S1
c2_p052_20231011_o09,p052_20231011,52,2,2,14,0_S1,0.9999932,2.6220878e-06,3.505931e-06,2.562394e-07,3.8164924e-07,8.803627e-08,0_S1
c2_p052_20231017_o12,p052_20231017,52,2,2,52,2_S5,0.038081937,0.92402005,0.018946504,0.018929893,1.5071284e-05,6.448334e-06,1_S2
c2_p052_20231019_o07,p052_20231019,52,2,2,53,2_S5,0.04181767,0.028770002,0.3996571,0.52939576,0.00035305318,6.395211e-06,3_S6
c2_p052_20231023_o08,p052_20231023,52,2,2,61,3_S6,8.167279e-05,0.977146,0.009571658,0.013094451,0.00010581701,4.2785342e-07,1_S2
c2_p052_20231027_o05,p052_20231027,52,2,2,68,3_S6,0.00012555823,3.3864453e-05,0.61399436,0.36081246,0.025025034,8.791887e-06,2_S5
c2_p052_20231101_o08,p052_20231101,52,2,2,67,3_S6,9.151163e-06,6.6995212e-06,0.00553249,0.91539615,0.07905514,3.509642e-07,3_S6
c2_p052_20231106_o11,p052_20231106,52,2,2,68,3_S6,1.541397e-06,9.034226e-07,4.764068e-05,0.5710665,0.42888314,2.4984496e-07,3_S6
c2_p052_20231109_o12,p052_20231109,52,2,2,70,4_S7,1.5012148e-05,8.395316e-05,0.04517036,0.4211934,0.5335177,1.9576226e-05,4_S7
c2_p052_20231120_o10,p052_20231120,52,2,2,72,4_S7,1.0213247e-09,5.0481694e-09,8.345023e-09,1.9689367e-05,0.99997544,4.8854613e-06,4_S7
c2_p052_20231127_o06,p052_20231127,52,2,2,73,4_S7,4.0617913e-12,2.1550875e-12,1.25194e-09,5.938553e-11,0.9999999,8.919226e-08,4_S7
c2_p052_20231130_o11,p052_20231130,52,2,2,75,4_S7,9.471267e-10,3.3115903e-09,1.1416132e-07,4.4487587e-07,0.9998642,0.00013513796,4_S7
c2_p052_20231204_o07,p052_20231204,52,2,2,76,4_S7,1.9139215e-09,2.431725e-09,4.068635e-07,4.443394e-07,0.99999654,2.6072175e-06,4_S7
c2_p052_20231211_o03,p052_20231211,52,2,2,77,4_S7,3.9556453e-06,1.2200802e-05,0.00062332366,4.4628146e-06,0.8292789,0.17007716,4_S7
c2_p052_20231214_o10,p052_20231214,52,2,2,78,4_S7,2.122351e-07,2.9706206e-07,2.4213287e-07,6.0821014e-07,0.9845478,0.015450847,4_S7
c2_p052_20231218_o12,p052_20231218,52,2,2,79,4_S7,1.6161907e-08,2.2983585e-08,1.1922682e-08,5.6890485e-07,0.99838793,0.0016115275,4_S7
c2_p052_20231227_o07,p052_20231227,52,2,2,79,4_S7,1.4410875e-07,5.682135e-07,4.706249e-06,1.889889e-07,0.1455497,0.8544447,5_S8
c2_p052_20240104_o09,p052_20240104,52,2,2,84,5_S8,6.4534646e-07,4.804682e-06,3.0820793e-05,9.696712e-06,0.5339188,0.46603525,4_S7
c2_p058_20230929_o02,p058_20230929,58,2,2,13,0_S1,0.9998988,7.1298615e-05,2.429761e-05,1.3336012e-07,7.9229324e-07,4.5929764e-06,0_S1
c2_p058_20231004_o04,p058_20231004,58,2,2,13,0_S1,0.99773705,0.0019665314,0.00028939638,6.312452e-07,8.338256e-07,5.615989e-06,0_S1
c2_p058_20231011_o04,p058_20231011,58,2,2,14,0_S1,0.9986777,0.0007418885,0.00057733216,8.91217e-07,1.0338397e-06,1.2274282e-06,0_S1
c2_p058_20231017_o11,p058_20231017,58,2,2,52,2_S5,0.29316795,0.00034264373,0.69299996,0.0053806305,0.0080057625,0.00010306267,2_S5
c2_p058_20231019_o06,p058_20231019,58,2,2,53,2_S5,0.8035514,0.03194606,0.15842165,0.0058850017,0.00016051014,3.5297857e-05,0_S1
c2_p058_20231023_o05,p058_20231023,58,2,2,54,2_S5,0.0049300515,0.53169817,0.042472,0.42004248,0.0008458667,1.1429965e-05,1_S2
c2_p058_20231027_o04,p058_20231027,58,2,2,55,2_S5,0.009333419,0.22417112,0.5113485,0.09216862,0.15445448,0.008523876,2_S5
c2_p058_20231101_o11,p058_20231101,58,2,2,59,2_S5,0.016378634,0.08019899,0.48691377,0.4145771,0.0018956499,3.5859135e-05,2_S5
c2_p058_20231106_o06,p058_20231106,58,2,2,63,3_S6,0.00049606664,0.00038104097,0.73531777,0.07666005,0.18689455,0.00025054062,2_S5
c2_p058_20231109_o03,p058_20231109,58,2,2,64,3_S6,6.1469436e-06,2.7205867e-06,0.00012656937,0.021700043,0.97721326,0.0009512776,4_S7
c2_p058_20231120_o02,p058_20231120,58,2,2,67,3_S6,1.2847975e-10,1.6005032e-10,4.1455187e-10,1.1011334e-07,0.99999964,2.6812324e-07,4_S7
c2_p058_20231127_o04,p058_20231127,58,2,2,71,4_S7,1.1202431e-10,4.454209e-11,2.6290665e-09,1.686261e-10,0.9999987,1.3239707e-06,4_S7
c2_p058_20231130_o06,p058_20231130,58,2,2,73,4_S7,2.412028e-10,2.3416022e-10,6.6303935e-10,3.8156554e-07,0.9999989,7.1752623e-07,4_S7
c2_p058_20231204_o05,p058_20231204,58,2,2,74,4_S7,6.4600867e-09,1.3849383e-08,7.3514286e-08,4.48572e-06,0.99959284,0.0004025789,4_S7
c2_p058_20231211_o10,p058_20231211,58,2,2,75,4_S7,8.9478675e-08,6.3226025e-08,1.6744931e-07,5.9974366e-07,0.9999348,6.4330095e-05,4_S7
c2_p058_20231214_o07,p058_20231214,58,2,2,76,4_S7,6.430773e-09,2.0062692e-09,1.6720313e-09,3.7234644e-09,0.99999046,9.561355e-06,4_S7
c2_p058_20231218_o02,p058_20231218,58,2,2,78,4_S7,5.44959e-06,4.1563657e-05,3.614345e-05,1.3688356e-05,0.98703766,0.012865536,4_S7
c2_p058_20231227_o11,p058_20231227,58,2,2,79,4_S7,6.661263e-07,3.3641888e-06,1.130742e-06,1.0583004e-06,0.8505817,0.14941205,4_S7
c2_p058_20240104_o09,p058_20240104,58,2,2,81,5_S8,1.3639729e-05,3.321392e-05,5.1209167e-06,2.557646e-06,0.003899552,0.99604577,5_S8
c2_p060_20230929_o11,p060_20230929,60,2,2,13,0_S1,0.99982065,0.00016198536,1.0112149e-05,1.01347204e-07,9.972503e-07,6.1686715e-06,0_S1
c2_p060_20231004_o12,p060_20231004,60,2,2,13,0_S1,0.9998671,0.00011883909,1.3836001e-05,5.0610925e-08,4.34358e-08,1.3848383e-07,0_S1
c2_p060_20231011_o10,p060_20231011,60,2,2,53,2_S5,0.9420371,0.05586874,0.0018898767,0.00019523017,8.108295e-06,8.99596e-07,0_S1
c2_p060_20231017_o06,p060_20231017,60,2,2,60,3_S6,0.10575883,0.45664555,0.08870441,0.34874433,0.00013690437,9.90457e-06,1_S2
c2_p060_20231019_o10,p060_20231019,60,2,2,67,3_S6,0.398665,0.028386738,0.5059288,0.06343126,0.0035637363,2.4444498e-05,2_S5
c2_p060_20231023_o02,p060_20231023,60,2,2,67,3_S6,6.642373e-05,0.0005011755,0.035924334,0.95553714,0.0079681445,2.711123e-06,3_S6
c2_p060_20231027_o01,p060_20231027,60,2,2,67,3_S6,1.1638185e-06,6.441483e-07,0.200193,0.048169285,0.7515633,7.2614566e-05,4_S7
c2_p060_20231101_o12,p060_20231101,60,2,2,70,4_S7,8.253982e-05,2.6546606e-06,0.10736806,0.626388,0.26615712,1.565036e-06,3_S6
c2_p060_20231106_o05,p060_20231106,60,2,2,70,4_S7,4.8017785e-07,2.8860015e-07,2.0728683e-06,0.035408966,0.9645739,1.42909685e-05,4_S7
c2_p060_20231109_o03,p060_20231109,60,2,2,70,4_S7,1.463568e-09,3.0775764e-09,4.773049e-07,0.0071703605,0.99282527,3.902787e-06,4_S7
c2_p060_20231120_o12,p060_20231120,60,2,2,71,4_S7,3.43145e-10,5.873207e-11,5.717322e-09,1.04355486e-07,0.99999964,2.019961e-07,4_S7
c2_p060_20231127_o10,p060_20231127,60,2,2,72,4_S7,6.252162e-07,2.910033e-07,8.53716e-06,2.1707538e-07,0.99083483,0.009155582,4_S7
c2_p060_20231130_o11,p060_20231130,60,2,2,73,4_S7,7.337631e-08,5.536517e-08,2.859519e-06,9.022601e-08,0.9997551,0.00024180935,4_S7
c2_p060_20231204_o03,p060_20231204,60,2,2,74,4_S7,4.0328715e-07,3.4161675e-07,1.747099e-05,1.30371345e-05,0.9993961,0.00057264545,4_S7
c2_p060_20231211_o10,p060_20231211,60,2,2,75,4_S7,2.67352e-06,6.2161675e-06,0.0057996283,1.5527182e-07,0.94159853,0.052592803,4_S7
c2_p060_20231214_o05,p060_20231214,60,2,2,77,4_S7,5.523979e-08,1.073603e-07,6.3094154e-07,1.1181792e-06,0.998938,0.0010601258,4_S7
c2_p060_20231218_o11,p060_20231218,60,2,2,78,4_S7,1.0613586e-06,3.1529882e-07,3.1873662e-07,1.9280982e-07,0.87062794,0.12937027,4_S7
c2_p060_20231227_o04,p060_20231227,60,2,2,79,4_S7,1.4605229e-07,7.103871e-07,1.6624009e-06,7.581087e-07,0.8978397,0.102156974,4_S7
c2_p060_20240104_o06,p060_20240104,60,2,2,84,5_S8,4.5479416e-07,5.571872e-07,3.0897124e-07,1.9538827e-07,0.0057673366,0.9942311,5_S8
c2_p063_20231006_o02,p063_20231006,63,2,2,13,0_S1,0.9999546,3.589363e-05,8.858328e-07,1.6313294e-08,1.1954085e-06,7.4330537e-06,0_S1
c2_p063_20231011_o08,p063_20231011,63,2,2,13,0_S1,0.9999074,6.839492e-05,1.618677e-06,2.7358487e-08,2.9876749e-06,1.9513922e-05,0_S1
c2_p063_20231017_o02,p063_20231017,63,2,2,13,0_S1,0.99993336,6.371152e-05,2.8152747e-06,4.3172214e-08,1.6119698e-08,4.7546447e-08,0_S1
c2_p063_20231019_o11,p063_20231019,63,2,2,14,0_S1,0.9997843,0.00015661471,5.4914213e-05,3.103489e-06,3.5221763e-07,7.2631246e-07,0_S1
c2_p063_20231023_o07,p063_20231023,63,2,2,14,0_S1,0.9996501,0.000117677526,0.0002106228,8.801565e-06,5.2147393e-06,7.607776e-06,0_S1
c2_p063_20231027_o11,p063_20231027,63,2,2,14,0_S1,0.5785689,0.012734236,0.4079696,0.00047176064,0.00022247722,3.301182e-05,0_S1
c2_p063_20231101_o11,p063_20231101,63,2,2,53,2_S5,0.000966657,0.0020981112,0.8121296,0.18464056,0.00014920832,1.5841022e-05,2_S5
c2_p063_20231106_o09,p063_20231106,63,2,2,60,3_S6,0.0034160218,0.009870057,0.76871634,0.21254711,0.0053089093,0.00014150186,2_S5
c2_p063_20231109_o01,p063_20231109,63,2,2,64,3_S6,1.5288726e-05,7.0018155e-05,0.04603154,0.476159,0.47754708,0.00017702012,4_S7
c2_p063_20231120_o10,p063_20231120,63,2,2,70,4_S7,3.7856626e-10,7.819558e-09,2.9494835e-08,0.0011281439,0.99887115,7.1422386e-07,4_S7
c2_p063_20231127_o03,p063_20231127,63,2,2,71,4_S7,1.1014103e-08,2.7534968e-09,1.528618e-07,5.650006e-08,0.99992156,7.8291334e-05,4_S7
c2_p063_20231130_o03,p063_20231130,63,2,2,72,4_S7,2.2184997e-08,5.063131e-07,0.00035500788,0.0031976225,0.99603325,0.0004136145,4_S7
c2_p063_20231204_o02,p063_20231204,63,2,2,75,4_S7,4.9574805e-07,9.3356357e-07,0.00011564276,0.0014338554,0.99840826,4.083306e-05,4_S7
c2_p063_20231211_o06,p063_20231211,63,2,2,78,4_S7,3.0822367e-08,3.165404e-07,1.1291669e-05,8.5782915e-05,0.99922943,0.0006731936,4_S7
c2_p063_20231214_o04,p063_20231214,63,2,2,79,4_S7,4.1661332e-07,1.8051567e-05,3.7358104e-06,9.08812e-05,0.99982965,5.732959e-05,4_S7
c2_p063_20231218_o01,p063_20231218,63,2,2,79,4_S7,4.711488e-10,1.2032888e-08,4.480099e-08,1.4587782e-05,0.9999639,2.1503902e-05,4_S7
c2_p063_20231227_o09,p063_20231227,63,2,2,79,4_S7,1.5854414e-05,4.5360735e-05,0.0010413317,0.0001190371,0.28981948,0.708959,5_S8
c2_p063_20240115_o10,p063_20240115,63,2,2,83,5_S8,7.2538234e-07,2.4589879e-06,8.0286045e-06,3.5745593e-06,0.013237329,0.98674786,5_S8
c2_p063_20240119_o04,p063_20240119,63,2,2,84,5_S8,2.6332534e-06,1.6729056e-06,1.7763581e-06,1.4166536e-06,0.0028574392,0.99713504,5_S8
c2_p063_20240126_o04,p063_20240126,63,2,2,85,5_S8,2.6290456e-07,2.218311e-08,8.098937e-08,5.537098e-08,2.3495375e-06,0.99999726,5_S8
c2_p064_20231006_o06,p064_20231006,64,2,2,13,0_S1,0.99993944,5.2269977e-05,1.1762886e-06,1.6394365e-08,1.3420129e-06,5.8029414e-06,0_S1
c2_p064_20231011_o05,p064_20231011,64,2,2,13,0_S1,0.99999607,3.6397973e-06,1.3821285e-07,4.401142e-09,1.4505387e-07,2.9729009e-08,0_S1
c2_p064_20231017_o07,p064_20231017,64,2,2,13,0_S1,0.99977595,0.00020577355,1.78842e-05,2.0572753e-07,4.6299224e-08,2.3548051e-07,0_S1
c2_p064_20231019_o12,p064_20231019,64,2,2,13,0_S1,0.99891067,0.0008454037,0.00023901406,2.6820405e-06,4.4267793e-07,1.7769216e-06,0_S1
c2_p064_20231023_o03,p064_20231023,64,2,2,13,0_S1,0.9996854,0.00017442738,0.00010249627,1.3833203e-06,7.23678e-06,2.9010076e-05,0_S1
c2_p064_20231027_o03,p064_20231027,64,2,2,14,0_S1,0.01376808,0.09350965,0.8923567,0.00032649655,2.2806462e-05,1.6327374e-05,2_S5
c2_p064_20231101_o07,p064_20231101,64,2,2,52,2_S5,0.004080508,0.0013894084,0.96827894,0.02622488,2.4745079e-05,1.4799831e-06,2_S5
c2_p064_20231106_o03,p064_20231106,64,2,2,61,3_S6,1.7058346e-05,5.774018e-05,0.005985225,0.99277484,0.0011613272,3.7951147e-06,3_S6
c2_p064_20231109_o05,p064_20231109,64,2,2,65,3_S6,1.9777426e-07,3.72123e-07,0.00062041334,0.99746025,0.0019184778,1.8487478e-07,3_S6
c2_p064_20231120_o05,p064_20231120,64,2,2,69,3_S6,2.4938206e-08,1.4748547e-07,1.0681774e-06,0.0022715554,0.99771166,1.5567204e-05,4_S7
c2_p064_20231127_o01,p064_20231127,64,2,2,69,3_S6,2.3963212e-10,1.8342348e-10,1.1462651e-08,9.759677e-08,0.99999833,1.5976314e-06,4_S7
c2_p064_20231130_o05,p064_20231130,64,2,2,71,4_S7,4.6192397e-08,1.19469e-06,6.578071e-05,0.00023472749,0.9993125,0.00038579432,4_S7
c2_p064_20231204_o02,p064_20231204,64,2,2,73,4_S7,3.143235e-07,6.6112403e-07,5.0378476e-05,9.636157e-05,0.99930024,0.0005519831,4_S7
c2_p064_20231211_o05,p064_20231211,64,2,2,75,4_S7,7.3443887e-09,4.631847e-08,2.4141755e-06,0.00016098096,0.99978334,5.329396e-05,4_S7
c2_p064_20231214_o05,p064_20231214,64,2,2,77,4_S7,2.3689526e-07,4.849301e-07,2.9408168e-06,2.9536645e-06,0.9998054,0.00018800345,4_S7
c2_p064_20231218_o04,p064_20231218,64,2,2,78,4_S7,1.855071e-06,1.4687652e-05,3.072975e-05,0.00053700176,0.99457353,0.004842153,4_S7
c2_p064_20231227_o06,p064_20231227,64,2,2,79,4_S7,5.3178e-07,7.7959487e-07,0.0005645929,3.3293974e-05,0.99077576,0.008624977,4_S7
c2_p064_20240115_o06,p064_20240115,64,2,2,79,4_S7,9.2878514e-07,2.77708e-06,2.5791902e-05,3.1338684e-05,0.16879109,0.8311481,5_S8
c2_p064_20240119_o04,p064_20240119,64,2,2,81,5_S8,7.638432e-06,1.0412149e-05,2.099861e-05,1.8586092e-05,0.7873642,0.2125782,4_S7
c2_p064_20240126_o08,p064_20240126,64,2,2,82,5_S8,1.3391728e-05,7.5588724e-07,3.0830688e-06,6.994722e-07,0.0006518462,0.9993303,5_S8
c2_p065_20231006_o07,p065_20231006,65,2,2,13,0_S1,0.99994373,4.51981e-05,1.1645781e-06,2.076328e-08,2.5031093e-06,7.314756e-06,0_S1
c2_p065_20231011_o03,p065_20231011,65,2,2,13,0_S1,0.9999906,7.1655786e-06,1.9148997e-07,2.3470761e-08,1.7584739e-06,1.9842408e-07,0_S1
c2_p065_20231017_o12,p065_20231017,65,2,2,13,0_S1,0.99971324,0.0002696933,1.6455066e-05,1.6028545e-07,1.4727961e-07,3.2489595e-07,0_S1
c2_p065_20231019_o08,p065_20231019,65,2,2,13,0_S1,0.99194336,0.0076387306,0.00041149676,2.7202698e-06,5.2382165e-07,3.1910663e-06,0_S1
c2_p065_20231023_o07,p065_20231023,65,2,2,13,0_S1,0.9237318,0.036037408,0.04001402,0.00017459724,1.4589794e-05,2.7689392e-05,0_S1
c2_p065_20231027_o10,p065_20231027,65,2,2,51,2_S5,0.020731285,0.0008814925,0.96619505,0.011906699,0.00026973436,1.5678354e-05,2_S5
c2_p065_20231101_o02,p065_20231101,65,2,2,52,2_S5,0.00040211098,0.0008566742,0.9381475,0.060385175,0.00020584508,2.6838861e-06,2_S5
c2_p065_20231106_o10,p065_20231106,65,2,2,60,3_S6,6.427988e-08,3.3441563e-06,0.00022407177,0.9993987,0.00037387418,3.1247307e-08,3_S6
c2_p065_20231109_o10,p065_20231109,65,2,2,68,3_S6,2.7929505e-05,0.00013721843,0.008455662,0.738226,0.2529717,0.00018149422,3_S6
c2_p065_20231120_o12,p065_20231120,65,2,2,70,4_S7,1.1271183e-08,5.271246e-08,9.960083e-07,0.0020142752,0.99795866,2.6072164e-05,4_S7
c2_p065_20231127_o07,p065_20231127,65,2,2,73,4_S7,7.799046e-08,4.9170993e-08,1.4609114e-06,9.45742e-07,0.99997413,2.3304448e-05,4_S7
c2_p065_20231130_o04,p065_20231130,65,2,2,74,4_S7,3.2827505e-05,8.676761e-05,0.074757546,0.0093072485,0.9122614,0.0035541945,4_S7
c2_p065_20231204_o03,p065_20231204,65,2,2,75,4_S7,9.444068e-05,0.00010837906,0.00058816903,0.5459119,0.43707806,0.016219048,3_S6
c2_p065_20231211_o04,p065_20231211,65,2,2,76,4_S7,3.5913502e-06,3.5860419e-06,0.0011141172,0.00062259677,0.9956286,0.002627492,4_S7
c2_p065_20231214_o09,p065_20231214,65,2,2,78,4_S7,1.2196201e-06,1.5061067e-07,3.6123794e-07,1.0511717e-06,0.9999894,7.889753e-06,4_S7
c2_p065_20231218_o10,p065_20231218,65,2,2,79,4_S7,6.220276e-07,6.415233e-07,6.344409e-06,0.0007349559,0.99834096,0.0009164874,4_S7
c2_p065_20231227_o06,p065_20231227,65,2,2,79,4_S7,7.64956e-05,0.00027473742,4.8238686e-05,0.00016293759,0.84419423,0.15524344,4_S7
c2_p065_20240115_o10,p065_20240115,65,2,2,79,4_S7,5.4885025e-08,1.3038668e-07,7.923209e-06,2.0118955e-08,0.00052966597,0.9994622,5_S8
c2_p065_20240119_o12,p065_20240119,65,2,2,80,5_S8,2.9935338e-06,3.4811717e-06,1.9440296e-05,7.325781e-06,0.935311,0.06465581,4_S7
c2_p065_20240126_o08,p065_20240126,65,2,2,88,5_S8,2.4532783e-08,4.0595007e-09,4.0287336e-08,1.398131e-09,1.1250817e-06,0.9999988,5_S8
c2_p068_20231006_o01,p068_20231006,68,2,2,13,0_S1,0.9999368,5.6139364e-05,1.7904837e-06,2.3658625e-08,2.1853543e-06,3.039039e-06,0_S1
c2_p068_20231011_o11,p068_20231011,68,2,2,13,0_S1,0.99998164,1.62525e-05,5.9689586e-07,1.45716115e-08,5.0211355e-07,1.0374933e-06,0_S1
c2_p068_20231017_o11,p068_20231017,68,2,2,13,0_S1,0.9997104,0.00026038926,2.8753733e-05,3.207891e-07,3.9159985e-08,1.6978768e-07,0_S1
c2_p068_20231019_o07,p068_20231019,68,2,2,14,0_S1,0.9947744,0.0048244637,0.00039290352,5.6547897e-06,5.8203625e-07,2.0592101e-06,0_S1
c2_p068_20231023_o06,p068_20231023,68,2,2,14,0_S1,0.98540175,0.010112564,0.0043647815,8.516042e-05,2.4258987e-05,1.1348303e-05,0_S1
c2_p068_20231027_o01,p068_20231027,68,2,2,52,2_S5,0.8779482,0.06366874,0.057154585,0.00091173354,0.00020355693,0.00011315428,0_S1
c2_p068_20231101_o04,p068_20231101,68,2,2,52,2_S5,0.021022981,0.0031920045,0.9627903,0.0121453935,0.00081685,3.2478507e-05,2_S5
c2_p068_20231106_o10,p068_20231106,68,2,2,64,3_S6,2.5900679e-06,1.3731087e-05,0.081547566,0.8962594,0.02217137,5.3694434e-06,3_S6
c2_p068_20231109_o05,p068_20231109,68,2,2,65,3_S6,4.9600862e-06,0.0004572116,0.0014894975,0.64930284,0.34864277,0.00010273858,3_S6
c2_p068_20231120_o02,p068_20231120,68,2,2,67,3_S6,1.709277e-08,7.878947e-08,1.3490097e-07,0.8679727,0.13202704,3.7556877e-08,3_S6
c2_p068_20231127_o08,p068_20231127,68,2,2,68,3_S6,1.9558606e-09,5.4976863e-09,2.785202e-07,2.4127937e-06,0.9999938,3.543551e-06,4_S7
c2_p068_20231130_o09,p068_20231130,68,2,2,69,3_S6,1.2112342e-07,7.263352e-07,2.4090337e-05,2.7475922e-05,0.9997565,0.00019109611,4_S7
c2_p068_20231204_o06,p068_20231204,68,2,2,70,4_S7,4.231795e-06,3.2005824e-05,3.6622874e-05,0.8418841,0.15793248,0.000110584864,3_S6
c2_p068_20231211_o09,p068_20231211,68,2,2,71,4_S7,0.00011081077,0.00012048073,0.0011651969,0.0009194069,0.9931044,0.004579667,4_S7
c2_p068_20231214_o02,p068_20231214,68,2,2,73,4_S7,1.3260909e-05,0.0011711064,0.00042976064,0.011244825,0.98249304,0.004648059,4_S7
c2_p068_20231218_o03,p068_20231218,68,2,2,75,4_S7,2.6495512e-08,2.9638056e-07,1.9815384e-06,4.9763614e-05,0.99981934,0.00012854583,4_S7
c2_p068_20231227_o02,p068_20231227,68,2,2,78,4_S7,2.4818123e-06,2.7216996e-05,6.9936934e-05,0.0015644633,0.9551629,0.04317305,4_S7
c2_p068_20240115_o09,p068_20240115,68,2,2,79,4_S7,3.4058678e-05,5.5505516e-05,0.0014648043,1.6458991e-05,0.06264253,0.9357866,5_S8
c2_p068_20240119_o02,p068_20240119,68,2,2,80,5_S8,0.00030297888,0.000729743,0.0012968138,0.00039617647,0.5608289,0.4364453,4_S7
c2_p068_20240126_o07,p068_20240126,68,2,2,81,5_S8,1.0868418e-06,6.4907986e-06,0.00035666098,7.3412193e-06,0.053592406,0.946036,5_S8
c2_p082_20231128_o11,p082_20231128,82,2,2,67,3_S6,8.973713e-08,1.3489658e-06,2.0729185e-05,0.99969876,0.00027801865,1.0194537e-06,3_S6
c2_p082_20231130_o12,p082_20231130,82,2,2,68,3_S6,1.6927379e-05,0.00016868308,6.4308275e-05,0.9951279,0.004469114,0.00015307342,3_S6
c2_p082_20231204_o10,p082_20231204,82,2,2,69,3_S6,4.987366e-06,7.358857e-05,0.00075283716,0.32980788,0.66922116,0.00013945237,4_S7
c2_p082_20231207_o01,p082_20231207,82,2,2,70,4_S7,2.2052604e-05,0.00014981003,0.009452524,0.013949131,0.97357655,0.002849908,4_S7
c2_p082_20231211_o01,p082_20231211,82,2,2,72,4_S7,6.238773e-05,8.922663e-05,0.0064645396,0.0053913463,0.95238686,0.03560554,4_S7
c2_p082_20231218_o08,p082_20231218,82,2,2,73,4_S7,2.263598e-09,1.0873844e-08,1.3222737e-08,3.1795523e-07,0.99998176,1.7936738e-05,4_S7
c2_p082_20231227_o08,p082_20231227,82,2,2,74,4_S7,3.2514066e-10,1.4712458e-10,1.3455825e-09,2.6849116e-09,0.99999285,7.1661275e-06,4_S7
c2_p082_20240115_o01,p082_20240115,82,2,2,76,4_S7,1.5548175e-06,7.424778e-07,6.0293087e-06,5.1767033e-06,0.99979097,0.00019552695,4_S7
c2_p082_20240119_o10,p082_20240119,82,2,2,78,4_S7,8.293758e-10,3.5622446e-11,8.868896e-10,2.696989e-10,0.99999547,4.529064e-06,4_S7
c2_p082_20240126_o02,p082_20240126,82,2,2,84,5_S8,8.5590233e-07,1.0850194e-06,2.3751134e-06,9.743673e-07,0.0028129246,0.9971819,5_S8
c2_p088_20231128_o06,p088_20231128,88,2,2,67,3_S6,8.3492405e-06,0.00013726448,0.00069388753,0.9876753,0.010801837,0.000683351,3_S6
c2_p088_20231130_o05,p088_20231130,88,2,2,68,3_S6,4.2364428e-09,2.22397e-07,6.0858696e-07,0.99999154,7.5701346e-06,1.1245371e-08,3_S6
c2_p088_20231204_o12,p088_20231204,88,2,2,69,3_S6,2.6843607e-06,1.8159735e-05,2.8213712e-05,0.99388266,0.006048057,2.024258e-05,3_S6
c2_p088_20231207_o09,p088_20231207,88,2,2,71,4_S7,6.7640286e-08,1.2767656e-06,3.4549703e-05,0.0012826512,0.99853027,0.00015111876,4_S7
c2_p088_20231211_o09,p088_20231211,88,2,2,73,4_S7,2.7403712e-07,1.5850502e-06,3.7216196e-05,0.00010567013,0.9987612,0.001094111,4_S7
c2_p088_20231218_o08,p088_20231218,88,2,2,75,4_S7,4.570218e-09,7.329286e-08,2.091375e-07,6.8034815e-06,0.9999846,8.251697e-06,4_S7
c2_p088_20231227_o06,p088_20231227,88,2,2,77,4_S7,9.864253e-09,2.7320157e-08,2.8916238e-05,1.3693065e-05,0.9999492,8.120172e-06,4_S7
c2_p088_20240115_o06,p088_20240115,88,2,2,78,4_S7,6.077668e-06,1.9367837e-05,0.0006135436,3.79176e-05,0.8392572,0.16006584,4_S7
c2_p088_20240119_o05,p088_20240119,88,2,2,79,4_S7,4.46214e-08,4.9184003e-08,2.5705089e-07,1.2864359e-07,0.9579051,0.04209448,4_S7
c2_p088_20240126_o12,p088_20240126,88,2,2,80,5_S8,1.13755645e-08,5.7999088e-08,1.5920261e-07,9.631919e-08,0.026643163,0.9733566,5_S8
c2_p095_20231128_o10,p095_20231128,95,2,2,66,3_S6,1.4890697e-06,3.0817908e-05,3.569258e-05,0.9958643,0.0040246393,4.2969463e-05,3_S6
c2_p095_20231130_o12,p095_20231130,95,2,2,68,3_S6,3.0411458e-05,0.0005631556,0.002529745,0.97200924,0.024392292,0.0004752034,3_S6
c2_p095_20231204_o04,p095_20231204,95,2,2,70,4_S7,5.4634523e-07,2.7532185e-05,1.0240678e-05,0.9991122,0.00084688934,2.6566718e-06,3_S6
c2_p095_20231207_o01,p095_20231207,95,2,2,70,4_S7,1.2119063e-05,3.7077363e-05,0.00084307534,0.355368,0.643607,0.00013279713,4_S7
c2_p095_20231211_o05,p095_20231211,95,2,2,71,4_S7,6.740218e-06,3.3861143e-05,0.00010013616,0.08696469,0.9089114,0.003983214,4_S7
c2_p095_20231218_o04,p095_20231218,95,2,2,73,4_S7,3.2735937e-08,6.49119e-07,9.081119e-07,4.8270555e-05,0.9998573,9.2822185e-05,4_S7
c2_p095_20231227_o01,p095_20231227,95,2,2,75,4_S7,4.0328256e-09,4.010108e-08,4.2800462e-08,8.568869e-06,0.9999788,1.2626943e-05,4_S7
c2_p095_20240115_o10,p095_20240115,95,2,2,78,4_S7,7.547415e-08,2.0919086e-07,4.101704e-05,2.5657188e-05,0.96121514,0.038717896,4_S7
c2_p095_20240119_o08,p095_20240119,95,2,2,79,4_S7,1.6340805e-07,1.2303664e-08,1.0520591e-06,2.16089e-07,0.992671,0.0073276125,4_S7
c2_p095_20240126_o04,p095_20240126,95,2,2,80,5_S8,3.036099e-07,1.8890128e-06,1.4552763e-06,7.2133383e-07,0.00044141995,0.9995542,5_S8
c2_p098_20231128_o06,p098_20231128,98,2,2,66,3_S6,6.6392545e-07,7.873156e-06,1.7678823e-05,0.99896085,0.0010065427,6.4018745e-06,3_S6
c2_p098_20231130_o01,p098_20231130,98,2,2,68,3_S6,4.0928416e-07,7.644908e-06,3.0552944e-06,0.9977276,0.002257712,3.710077e-06,3_S6
c2_p098_20231204_o01,p098_20231204,98,2,2,69,3_S6,6.1472674e-05,0.00024454974,0.00021156186,0.8438745,0.15542321,0.0001847235,3_S6
c2_p098_20231207_o07,p098_20231207,98,2,2,70,4_S7,4.623691e-08,5.075292e-07,2.4371764e-06,0.012230055,0.9877643,2.657909e-06,4_S7
c2_p098_20231211_o06,p098_20231211,98,2,2,71,4_S7,8.819476e-06,0.00086202356,0.00023771483,0.8492069,0.14961305,7.1457005e-05,3_S6
c2_p098_20231218_o03,p098_20231218,98,2,2,72,4_S7,3.1342924e-13,2.8429956e-12,4.964665e-12,4.528463e-09,0.99999976,1.9851353e-07,4_S7
c2_p098_20231227_o06,p098_20231227,98,2,2,73,4_S7,1.2093739e-08,3.1191118e-07,5.0714247e-05,0.000159171,0.9996792,0.00011060058,4_S7
c2_p098_20240115_o06,p098_20240115,98,2,2,77,4_S7,2.5157183e-07,6.742127e-07,3.696097e-05,6.2246945e-05,0.9762449,0.02365495,4_S7
c2_p098_20240119_o11,p098_20240119,98,2,2,79,4_S7,9.9385076e-08,2.9063374e-09,2.6257284e-08,7.47314e-09,0.9999751,2.4751967e-05,4_S7
c2_p098_20240126_o01,p098_20240126,98,2,2,81,5_S8,2.0760802e-07,1.3223803e-06,9.889037e-06,1.6543315e-06,0.03789977,0.96208715,5_S8
c2_p011_20230816_o10,p011_20230816,11,3,2,27,1_S2,0.00022483357,0.009332318,0.023399549,0.93290925,0.034018036,0.00011596829,3_S6
c2_p011_20230921_o03,p011_20230921,11,3,2,51,2_S5,0.0023048178,0.09922994,0.0570997,0.47898933,0.3590279,0.003348374,3_S6
c2_p011_20231005_o04,p011_20231005,11,3,2,52,2_S5,0.009987758,0.017696466,0.1250277,0.16668296,0.65488267,0.025722472,4_S7
c2_p012_20230816_o02,p012_20230816,12,3,2,65,3_S6,0.0054538604,0.025915237,0.12661523,0.83271873,0.009212408,8.448542e-05,3_S6
c2_p012_20230921_o07,p012_20230921,12,3,2,79,4_S7,1.4073252e-06,1.8999017e-05,4.181741e-06,3.0560284e-05,0.99918586,0.0007590144,4_S7
c2_p012_20231005_o12,p012_20231005,12,3,2,82,5_S8,0.0046840888,0.016981391,0.02760474,0.03755574,0.6105179,0.3026561,4_S7
c2_p021_20230816_o03,p021_20230816,21,3,2,64,3_S6,1.9405781e-05,0.008671058,0.0012566585,0.8867418,0.103150845,0.00016022417,3_S6
c2_p021_20230921_o05,p021_20230921,21,3,2,83,5_S8,1.3452315e-06,9.278889e-05,9.546551e-06,0.0002954294,0.9948437,0.0047572176,4_S7
c2_p021_20231005_o06,p021_20231005,21,3,2,83,5_S8,3.316509e-06,0.00014191035,7.631459e-06,0.0001757078,0.98181516,0.017856343,4_S7
c2_p029_20230828_o07,p029_20230828,29,3,2,20,1_S2,0.3667508,0.021982918,0.5573812,0.05083445,0.0029038342,0.00014686325,2_S5
c2_p029_20230904_o12,p029_20230904,29,3,2,52,2_S5,0.05834222,0.047442112,0.41193068,0.34466147,0.13384123,0.003782342,2_S5
c2_p029_20230908_o12,p029_20230908,29,3,2,60,3_S6,0.007542211,0.018095745,0.11863669,0.82041574,0.03467005,0.00063964026,3_S6
c2_p029_20230921_o12,p029_20230921,29,3,2,65,3_S6,0.10023689,0.025554895,0.2519176,0.10081396,0.51953036,0.0019462887,4_S7
c2_p029_20231006_o05,p029_20231006,29,3,2,71,4_S7,0.00022878246,0.00726881,0.0013239242,0.11436035,0.8763069,0.00051116303,4_S7
c2_p029_20231017_o07,p029_20231017,29,3,2,72,4_S7,4.6652207e-05,0.0027115082,0.00097484136,0.03953263,0.95661974,0.00011468679,4_S7
c2_p029_20231023_o03,p029_20231023,29,3,2,73,4_S7,5.6918856e-05,0.007898164,0.0018753655,0.010108781,0.9792909,0.00076987495,4_S7
c2_p029_20231027_o12,p029_20231027,29,3,2,74,4_S7,3.3492754e-05,0.0016316093,0.00047351848,0.00368563,0.98610944,0.0080662975,4_S7
c2_p029_20231101_o01,p029_20231101,29,3,2,75,4_S7,1.8183875e-05,0.0011544572,0.00033005077,0.0112144295,0.9867503,0.00053255627,4_S7
c2_p029_20231106_o10,p029_20231106,29,3,2,76,4_S7,3.1925806e-06,2.5679454e-05,5.593466e-05,0.00025747984,0.99790716,0.0017505557,4_S7
c2_p029_20231109_o06,p029_20231109,29,3,2,79,4_S7,0.00031158485,0.009318388,0.0037588987,0.006195683,0.9225904,0.05782496,4_S7
c2_p029_20231120_o06,p029_20231120,29,3,2,81,5_S8,4.9191123e-05,0.00040954916,7.341923e-05,9.283481e-06,0.002022114,0.9974366,5_S8
c2_p029_20231124_o02,p029_20231124,29,3,2,83,5_S8,3.107813e-06,0.0008853784,0.0006124917,0.0007565351,0.5505979,0.44714463,4_S7
c2_p029_20231127_o01,p029_20231127,29,3,2,87,5_S8,1.6078964e-05,0.0026705042,0.008213092,0.0005011865,0.1057088,0.88289034,5_S8
c2_p029_20231130_o11,p029_20231130,29,3,2,89,5_S8,6.246031e-05,0.00011463487,0.0008542033,0.00027934607,0.1396207,0.8590687,5_S8
c2_p031_20230828_o09,p031_20230828,31,3,2,14,0_S1,0.9106997,0.00682362,0.08162215,0.00069930754,0.00013690112,1.838025e-05,0_S1
c2_p031_20230904_o07,p031_20230904,31,3,2,22,1_S2,0.045087248,0.04672962,0.36067668,0.5230389,0.023969281,0.000498231,3_S6
c2_p031_20230908_o05,p031_20230908,31,3,2,61,3_S6,0.004434528,0.049772,0.21693186,0.70228064,0.025735926,0.00084502547,3_S6
c2_p031_20230921_o05,p031_20230921,31,3,2,63,3_S6,0.0012210847,0.0034618306,0.019426966,0.55823773,0.41675708,0.000895349,3_S6
c2_p031_20231006_o09,p031_20231006,31,3,2,71,4_S7,0.00023712293,0.0071765548,0.0028460724,0.090115264,0.897975,0.0016500056,4_S7
c2_p031_20231017_o11,p031_20231017,31,3,2,73,4_S7,7.915815e-06,0.00014034171,4.8606922e-05,0.0002068853,0.99932027,0.00027602114,4_S7
c2_p031_20231023_o06,p031_20231023,31,3,2,74,4_S7,8.321482e-05,0.004022963,0.005683521,0.018976977,0.969638,0.0015952793,4_S7
c2_p031_20231027_o08,p031_20231027,31,3,2,75,4_S7,2.4901405e-05,0.00045771987,0.001071107,0.005077574,0.98518074,0.008188059,4_S7
c2_p031_20231101_o08,p031_20231101,31,3,2,76,4_S7,0.0001481575,0.002276447,0.002611229,0.05536379,0.9318815,0.0077188406,4_S7
c2_p031_20231106_o02,p031_20231106,31,3,2,77,4_S7,0.00020638312,0.009872088,0.003928439,0.1384277,0.8394501,0.008115333,4_S7
c2_p031_20231109_o08,p031_20231109,31,3,2,79,4_S7,3.4124857e-06,7.804129e-05,0.0001135271,0.00043325993,0.9859212,0.013450568,4_S7
c2_p031_20231120_o08,p031_20231120,31,3,2,80,5_S8,6.460778e-05,0.00065874733,0.0004962121,0.00036514836,0.3816482,0.61676705,5_S8
c2_p031_20231124_o01,p031_20231124,31,3,2,81,5_S8,1.7047412e-05,0.00010992417,0.0017310191,0.00012512582,0.19461384,0.8034031,5_S8
c2_p031_20231127_o12,p031_20231127,31,3,2,84,5_S8,8.3087696e-07,8.632897e-06,8.19762e-05,3.9747606e-06,0.0036997893,0.9962048,5_S8
c2_p031_20231130_o04,p031_20231130,31,3,2,85,5_S8,0.00044526663,0.021054583,0.0655685,0.00436522,0.48151833,0.42704815,4_S7
c2_p037_20230828_o10,p037_20230828,37,3,2,14,0_S1,0.54629654,0.019842591,0.41747078,0.0150611345,0.0012348475,9.402482e-05,0_S1
c2_p037_20230904_o12,p037_20230904,37,3,2,54,2_S5,0.24459147,0.061577845,0.58444893,0.10742744,0.0018421684,0.00011215507,2_S5
c2_p037_20230908_o09,p037_20230908,37,3,2,60,3_S6,0.000110745095,0.006511377,0.009391728,0.96861666,0.015296354,7.311948e-05,3_S6
c2_p037_20230921_o03,p037_20230921,37,3,2,70,4_S7,7.9612764e-05,0.0067058518,0.02877025,0.8958928,0.06851076,4.077328e-05,3_S6
c2_p037_20231006_o12,p037_20231006,37,3,2,71,4_S7,0.013222784,0.0538876,0.267933,0.24260053,0.41520905,0.0071470547,4_S7
c2_p037_20231017_o03,p037_20231017,37,3,2,73,4_S7,1.5611915e-05,0.015318156,0.00030082898,0.010262695,0.97326994,0.000832618,4_S7
c2_p037_20231023_o08,p037_20231023,37,3,2,75,4_S7,0.019817641,0.25389144,0.36435843,0.18936501,0.16982064,0.0027468354,2_S5
c2_p037_20231027_o06,p037_20231027,37,3,2,76,4_S7,0.047189593,0.0802027,0.4425966,0.2907687,0.122294836,0.016947458,2_S5
c2_p037_20231101_o03,p037_20231101,37,3,2,77,4_S7,0.0012269472,0.05385144,0.021125084,0.060867053,0.8490929,0.013836626,4_S7
c2_p037_20231106_o04,p037_20231106,37,3,2,78,4_S7,0.012517796,0.032711998,0.023072403,0.067043796,0.5272092,0.3374448,4_S7
c2_p037_20231109_o01,p037_20231109,37,3,2,79,4_S7,0.010641559,0.027127724,0.25870928,0.1350195,0.54825616,0.020245772,4_S7
c2_p037_20231120_o07,p037_20231120,37,3,2,80,5_S8,0.0011293428,0.048465572,0.015785895,0.0036058892,0.440761,0.49025223,5_S8
c2_p037_20231124_o06,p037_20231124,37,3,2,85,5_S8,0.0001930328,0.0014367454,0.0135982465,0.0009245757,0.16429858,0.8195488,5_S8
c2_p037_20231127_o03,p037_20231127,37,3,2,87,5_S8,6.4428646e-06,0.00046359084,0.000582697,2.902627e-05,0.023109084,0.97580916,5_S8
c2_p037_20231130_o12,p037_20231130,37,3,2,89,5_S8,0.0011823468,0.016192866,0.21905711,0.0018887543,0.10798319,0.6536957,5_S8
c2_p038_20230828_o11,p038_20230828,38,3,2,14,0_S1,0.74267036,0.019107465,0.23267859,0.0052840295,0.00022986249,2.9772567e-05,0_S1
c2_p038_20230904_o08,p038_20230904,38,3,2,60,3_S6,0.24123737,0.09159331,0.57003284,0.08480712,0.011353882,0.00097543537,2_S5
c2_p038_20230908_o03,p038_20230908,38,3,2,62,3_S6,0.00036695288,0.01786973,0.018390277,0.93698674,0.026249511,0.0001367503,3_S6
c2_p038_20230921_o04,p038_20230921,38,3,2,71,4_S7,0.000103990395,0.006099126,0.010960921,0.75723416,0.22548869,0.00011311758,3_S6
c2_p038_20231006_o09,p038_20231006,38,3,2,72,4_S7,0.0002431338,0.005218094,0.007528078,0.116777495,0.8675994,0.002633758,4_S7
c2_p038_20231017_o11,p038_20231017,38,3,2,73,4_S7,0.00039354048,0.05527001,0.025503078,0.48151216,0.43599722,0.001324017,3_S6
c2_p038_20231023_o09,p038_20231023,38,3,2,74,4_S7,0.0010017235,0.011099382,0.010933432,0.116371565,0.8573446,0.0032492704,4_S7
c2_p038_20231027_o07,p038_20231027,38,3,2,75,4_S7,2.6889025e-05,0.0022086492,0.0005668178,0.0010617593,0.9928843,0.0032515966,4_S7
c2_p038_20231101_o06,p038_20231101,38,3,2,76,4_S7,8.5027925e-05,0.0013806805,0.00037161415,0.0018862571,0.9631261,0.033150256,4_S7
c2_p038_20231106_o03,p038_20231106,38,3,2,77,4_S7,0.0022015765,0.016354417,0.009238268,0.020028848,0.895218,0.056958847,4_S7
c2_p038_20231109_o06,p038_20231109,38,3,2,78,4_S7,0.0009767765,0.029669547,0.0487946,0.0119807115,0.83517975,0.073398605,4_S7
c2_p038_20231120_o10,p038_20231120,38,3,2,79,4_S7,6.5588e-05,0.0014523516,0.00054275536,0.00014705093,0.07864266,0.91914964,5_S8
c2_p038_20231124_o08,p038_20231124,38,3,2,79,4_S7,5.0426654e-05,0.0040734364,0.06643908,0.00034970403,0.17319438,0.755893,5_S8
c2_p038_20231127_o12,p038_20231127,38,3,2,79,4_S7,2.3179038e-05,0.0039044735,0.0040965267,0.00032310883,0.14746642,0.84418625,5_S8
c2_p038_20231130_o10,p038_20231130,38,3,2,80,5_S8,0.0010469613,0.0130013125,0.10570643,0.000904512,0.063367836,0.8159729,5_S8
c2_p039_20230828_o07,p039_20230828,39,3,2,14,0_S1,0.94525385,0.005329031,0.04888443,0.00048341518,4.2215623e-05,7.0415217e-06,0_S1
c2_p039_20230904_o03,p039_20230904,39,3,2,17,0_S1,0.16143754,0.034329534,0.66975087,0.13318582,0.0011888747,0.00010735257,2_S5
c2_p039_20230908_o09,p039_20230908,39,3,2,53,2_S5,0.017471774,0.031904798,0.10047906,0.72921526,0.120257474,0.00067171437,3_S6
c2_p039_20230921_o12,p039_20230921,39,3,2,70,4_S7,0.00039453615,0.012299667,0.0247623,0.2629163,0.6986615,0.00096576504,4_S7
c2_p039_20231006_o11,p039_20231006,39,3,2,73,4_S7,0.0018106777,0.018441504,0.10045616,0.71523607,0.16000102,0.004054552,3_S6
c2_p039_20231017_o08,p039_20231017,39,3,2,74,4_S7,0.007606626,0.06899156,0.040788293,0.5178258,0.35461792,0.010169799,3_S6
c2_p039_20231023_o03,p039_20231023,39,3,2,75,4_S7,0.0036399472,0.13410266,0.1757657,0.23631626,0.44489115,0.005284309,4_S7
c2_p039_20231027_o05,p039_20231027,39,3,2,76,4_S7,0.0005340853,0.0148864845,0.01818578,0.029018214,0.92203337,0.015342059,4_S7
c2_p039_20231101_o01,p039_20231101,39,3,2,77,4_S7,0.00706221,0.15313795,0.1073837,0.4218756,0.28758863,0.022951867,3_S6
c2_p039_20231106_o03,p039_20231106,39,3,2,78,4_S7,0.016458018,0.09539644,0.13308918,0.3980496,0.30969083,0.047315933,3_S6
c2_p039_20231109_o08,p039_20231109,39,3,2,79,4_S7,0.0044945893,0.1454717,0.3698238,0.005447517,0.32769874,0.14706366,2_S5
c2_p039_20231120_o10,p039_20231120,39,3,2,80,5_S8,0.009381906,0.12902826,0.17337357,0.008254196,0.23826098,0.4417011,5_S8
c2_p039_20231124_o03,p039_20231124,39,3,2,81,5_S8,5.0662085e-05,0.0017987859,0.008153309,8.684558e-05,0.011410554,0.97849977,5_S8
c2_p039_20231127_o10,p039_20231127,39,3,2,81,5_S8,0.00031768097,0.02527818,0.15587367,0.0021848527,0.10596086,0.7103847,5_S8
c2_p039_20231130_o08,p039_20231130,39,3,2,82,5_S8,0.0026576351,0.014355221,0.71725166,0.0067460886,0.044490147,0.21449926,2_S5
c2_p045_20230929_o10,p045_20230929,45,3,2,13,0_S1,0.99775654,0.00056383194,0.0016703453,6.2048152e-06,1.6394295e-06,1.490389e-06,0_S1
c2_p045_20231004_o07,p045_20231004,45,3,2,13,0_S1,0.9908489,0.0018909806,0.007235805,1.9225927e-05,3.5690716e-06,1.4938886e-06,0_S1
c2_p045_20231011_o05,p045_20231011,45,3,2,14,0_S1,0.62036896,0.21508573,0.13203673,0.029924825,0.002408218,0.00017554814,0_S1
c2_p045_20231017_o08,p045_20231017,45,3,2,15,0_S1,0.1373167,0.21517439,0.4597611,0.18491669,0.0027252284,0.000105930405,2_S5
c2_p045_20231019_o12,p045_20231019,45,3,2,51,2_S5,0.2661255,0.024383161,0.66621375,0.03990969,0.0030817338,0.0002861492,2_S5
c2_p045_20231023_o12,p045_20231023,45,3,2,53,2_S5,0.13154902,0.072958894,0.29184085,0.47977266,0.021747129,0.0021313813,3_S6
c2_p045_20231027_o06,p045_20231027,45,3,2,60,3_S6,0.036859978,0.07317548,0.37324682,0.43471876,0.07898875,0.0030102683,3_S6
c2_p045_20231101_o03,p045_20231101,45,3,2,61,3_S6,0.00083877915,0.024766486,0.009173639,0.82550704,0.13873494,0.0009790296,3_S6
c2_p045_20231106_o08,p045_20231106,45,3,2,66,3_S6,3.795057e-06,0.00055509526,0.0009320295,0.9919269,0.006569687,1.2481592e-05,3_S6
c2_p045_20231109_o10,p045_20231109,45,3,2,70,4_S7,0.0038640404,0.041565273,0.029889205,0.62700284,0.2848189,0.012859796,3_S6
c2_p045_20231120_o10,p045_20231120,45,3,2,72,4_S7,0.0010136641,0.003866855,0.0045513725,0.061374072,0.90139914,0.027794957,4_S7
c2_p045_20231127_o06,p045_20231127,45,3,2,73,4_S7,3.2556732e-06,5.547795e-05,0.00018089662,0.0028927673,0.9758995,0.020968057,4_S7
c2_p045_20231130_o04,p045_20231130,45,3,2,76,4_S7,0.0004423902,0.0015790465,0.0033895096,0.005287401,0.97583395,0.013467746,4_S7
c2_p045_20231204_o10,p045_20231204,45,3,2,77,4_S7,9.977794e-06,0.00017497611,0.0005828339,0.001626546,0.9937138,0.0038918678,4_S7
c2_p045_20231211_o03,p045_20231211,45,3,2,78,4_S7,5.72798e-07,5.4735166e-05,5.287063e-05,0.0004932615,0.99422354,0.005175046,4_S7
c2_p045_20231214_o02,p045_20231214,45,3,2,78,4_S7,3.0511271e-06,5.9491736e-05,9.3910865e-05,8.348376e-05,0.9874577,0.012302324,4_S7
c2_p045_20231218_o04,p045_20231218,45,3,2,79,4_S7,2.6804887e-06,0.00021408744,0.00015161946,0.00095519517,0.9978225,0.00085377257,4_S7
c2_p045_20231227_o02,p045_20231227,45,3,2,79,4_S7,4.3281812e-05,0.0028203928,0.0018764822,0.0008754827,0.8359833,0.15840118,4_S7
c2_p045_20240104_o02,p045_20240104,45,3,2,80,5_S8,9.0099034e-05,0.0005888906,0.0026391123,0.000673389,0.83460027,0.16140823,4_S7
c2_p046_20230929_o04,p046_20230929,46,3,2,13,0_S1,0.9955772,0.0015043193,0.0029028207,9.317447e-06,3.5876767e-06,2.7642207e-06,0_S1
c2_p046_20231004_o06,p046_20231004,46,3,2,13,0_S1,0.9830214,0.0027982928,0.014120276,4.8529193e-05,6.7136443e-06,4.8742945e-06,0_S1
c2_p046_20231011_o05,p046_20231011,46,3,2,14,0_S1,0.5386535,0.25074086,0.17518568,0.030957084,0.0039367974,0.00052609027,0_S1
c2_p046_20231017_o09,p046_20231017,46,3,2,52,2_S5,0.23897435,0.13000055,0.45649338,0.17150055,0.002838642,0.00019259148,2_S5
c2_p046_20231019_o01,p046_20231019,46,3,2,54,2_S5,0.21710183,0.018636877,0.7280829,0.03533712,0.0008065559,3.4660818e-05,2_S5
c2_p046_20231023_o06,p046_20231023,46,3,2,60,3_S6,0.22317998,0.063983135,0.411048,0.27464095,0.025221929,0.0019259865,2_S5
c2_p046_20231027_o09,p046_20231027,46,3,2,61,3_S6,0.0620739,0.041457456,0.51530993,0.34172508,0.03846059,0.00097303314,2_S5
c2_p046_20231101_o11,p046_20231101,46,3,2,61,3_S6,0.0067501375,0.042933524,0.21765469,0.6592366,0.07270665,0.00071843434,3_S6
c2_p046_20231106_o12,p046_20231106,46,3,2,65,3_S6,7.46072e-05,0.0021979234,0.0027739387,0.9528402,0.04192432,0.00018900109,3_S6
c2_p046_20231109_o02,p046_20231109,46,3,2,66,3_S6,0.0008073858,0.00693529,0.02327584,0.86586696,0.1026938,0.00042077698,3_S6
c2_p046_20231120_o12,p046_20231120,46,3,2,71,4_S7,0.00014083041,0.0011610114,0.0038528664,0.023275983,0.96992034,0.0016489044,4_S7
c2_p046_20231127_o10,p046_20231127,46,3,2,71,4_S7,4.6089562e-07,4.6754332e-05,1.9259181e-05,0.0017783241,0.9979615,0.00019364333,4_S7
c2_p046_20231130_o02,p046_20231130,46,3,2,72,4_S7,7.134462e-05,0.0011760974,0.0033579033,0.004476203,0.8738168,0.117101595,4_S7
c2_p046_20231204_o12,p046_20231204,46,3,2,73,4_S7,8.01166e-08,1.8444015e-06,1.4152215e-06,0.00011071185,0.9998398,4.6082565e-05,4_S7
c2_p046_20231211_o04,p046_20231211,46,3,2,76,4_S7,4.6719542e-05,0.00750075,0.0023590485,0.003022561,0.931443,0.05562787,4_S7
c2_p046_20231214_o07,p046_20231214,46,3,2,78,4_S7,1.562922e-05,0.00033009792,0.00022671487,0.00078741024,0.9807824,0.017857753,4_S7
c2_p046_20231218_o07,p046_20231218,46,3,2,79,4_S7,9.250639e-06,0.000118512115,0.00016150357,0.0005481863,0.9962824,0.0028801716,4_S7
c2_p046_20231227_o02,p046_20231227,46,3,2,79,4_S7,4.60687e-07,2.1488579e-05,2.4743902e-06,2.9052148e-05,0.92925936,0.07068721,4_S7
c2_p046_20240104_o03,p046_20240104,46,3,2,81,5_S8,5.810941e-05,0.006829389,0.0003903415,0.0002925238,0.09423552,0.8981941,5_S8
c2_p048_20230929_o03,p048_20230929,48,3,2,13,0_S1,0.9967237,0.0012259927,0.0020359948,8.752822e-06,2.8505822e-06,2.7346257e-06,0_S1
c2_p048_20231004_o10,p048_20231004,48,3,2,13,0_S1,0.98979187,0.0021297594,0.008031663,3.2497617e-05,8.550837e-06,5.7716343e-06,0_S1
c2_p048_20231011_o06,p048_20231011,48,3,2,14,0_S1,0.5738479,0.20570469,0.18215345,0.036780614,0.0013811477,0.00013223136,0_S1
c2_p048_20231017_o09,p048_20231017,48,3,2,15,0_S1,0.53003496,0.099649265,0.32302463,0.044904135,0.0021326712,0.00025431727,0_S1
c2_p048_20231019_o04,p048_20231019,48,3,2,16,0_S1,0.47874832,0.07878622,0.417599,0.024169195,0.0005952817,0.000102006125,0_S1
c2_p048_20231023_o03,p048_20231023,48,3,2,54,2_S5,0.57312256,0.08962995,0.29581362,0.03734728,0.0031486123,0.00093799114,0_S1
c2_p048_20231027_o11,p048_20231027,48,3,2,60,3_S6,0.08219717,0.07339658,0.6446782,0.093449764,0.102522686,0.0037557168,2_S5
c2_p048_20231101_o08,p048_20231101,48,3,2,62,3_S6,0.00568133,0.03244933,0.030818624,0.6397372,0.28946626,0.0018472214,3_S6
c2_p048_20231106_o11,p048_20231106,48,3,2,65,3_S6,5.5082637e-05,0.006008978,0.0029842013,0.9627357,0.028027289,0.00018876414,3_S6
c2_p048_20231109_o01,p048_20231109,48,3,2,67,3_S6,0.0069087106,0.07064705,0.3394908,0.35892633,0.22291291,0.0011142174,3_S6
c2_p048_20231120_o10,p048_20231120,48,3,2,70,4_S7,0.0001565973,0.0007042449,0.006495073,0.0034505767,0.9878976,0.0012958779,4_S7
c2_p048_20231127_o07,p048_20231127,48,3,2,72,4_S7,1.8519644e-05,0.0027217418,0.0010519029,0.004825836,0.9874927,0.003889368,4_S7
c2_p048_20231130_o12,p048_20231130,48,3,2,73,4_S7,0.00040546904,0.00791403,0.0738558,0.012675665,0.793865,0.11128399,4_S7
c2_p048_20231204_o06,p048_20231204,48,3,2,74,4_S7,7.3347844e-10,3.4193495e-06,1.1192951e-07,8.268337e-06,0.9998696,0.00011859585,4_S7
c2_p048_20231211_o11,p048_20231211,48,3,2,76,4_S7,0.00017600457,0.008214987,0.049978495,0.0017786822,0.8644033,0.07544847,4_S7
c2_p048_20231214_o07,p048_20231214,48,3,2,77,4_S7,3.23999e-07,9.104104e-06,4.745885e-06,7.9931306e-05,0.9990872,0.00081864255,4_S7
c2_p048_20231218_o10,p048_20231218,48,3,2,78,4_S7,2.40915e-06,3.4653855e-05,0.00014395987,0.00018843263,0.99572706,0.0039035347,4_S7
c2_p048_20231227_o07,p048_20231227,48,3,2,79,4_S7,9.683244e-05,0.0019166573,0.0005920928,0.002020377,0.7998424,0.19553158,4_S7
c2_p048_20240104_o10,p048_20240104,48,3,2,80,5_S8,1.0816774e-05,0.005974494,0.0003317576,0.0003481239,0.2041237,0.78921103,5_S8
c2_p053_20230929_o12,p053_20230929,53,3,2,13,0_S1,0.9986811,0.00053266494,0.00077841285,2.9420546e-06,2.6951968e-06,2.198187e-06,0_S1
c2_p053_20231004_o05,p053_20231004,53,3,2,13,0_S1,0.9955857,0.0010996758,0.0032964537,1.1257736e-05,3.3132994e-06,3.6609185e-06,0_S1
c2_p053_20231011_o08,p053_20231011,53,3,2,15,0_S1,0.5826427,0.17945807,0.21052527,0.025870174,0.0013061471,0.00019767319,0_S1
c2_p053_20231017_o09,p053_20231017,53,3,2,53,2_S5,0.089447275,0.048626725,0.6360812,0.21649681,0.009166595,0.0001813425,2_S5
c2_p053_20231019_o12,p053_20231019,53,3,2,54,2_S5,0.6674756,0.024463767,0.3007253,0.0070622205,0.00023395315,3.9262144e-05,0_S1
c2_p053_20231023_o03,p053_20231023,53,3,2,60,3_S6,0.18683483,0.033354964,0.53126913,0.2263814,0.02075632,0.0014034014,2_S5
c2_p053_20231027_o06,p053_20231027,53,3,2,63,3_S6,0.047329213,0.019505147,0.4540056,0.45430237,0.024142262,0.0007154599,3_S6
c2_p053_20231101_o01,p053_20231101,53,3,2,65,3_S6,0.00025655582,0.0013332979,0.007355524,0.9798621,0.011138364,5.4200915e-05,3_S6
c2_p053_20231106_o02,p053_20231106,53,3,2,67,3_S6,9.701479e-05,0.001561733,0.0012546454,0.93858844,0.05827501,0.0002231539,3_S6
c2_p053_20231109_o08,p053_20231109,53,3,2,70,4_S7,0.00084354065,0.0027224876,0.012986441,0.91427034,0.067866005,0.0013112101,3_S6
c2_p053_20231120_o09,p053_20231120,53,3,2,72,4_S7,3.3371641e-06,5.0578048e-05,3.944954e-05,0.00042279152,0.99814546,0.0013383405,4_S7
c2_p053_20231127_o07,p053_20231127,53,3,2,74,4_S7,4.3485637e-05,0.00020500779,0.0009345417,0.014081624,0.9787387,0.00599659,4_S7
c2_p053_20231130_o10,p053_20231130,53,3,2,75,4_S7,0.00040917017,0.0056778053,0.01407871,0.006244943,0.62171984,0.35186958,4_S7
c2_p053_20231204_o09,p053_20231204,53,3,2,76,4_S7,0.00016650403,0.001901882,0.017610474,0.0068754936,0.8849172,0.08852852,4_S7
c2_p053_20231211_o11,p053_20231211,53,3,2,78,4_S7,4.2635813e-05,0.0017057701,0.002505546,0.0013417015,0.9113214,0.08308302,4_S7
c2_p053_20231214_o06,p053_20231214,53,3,2,80,5_S8,3.108278e-06,7.3432115e-05,8.359844e-05,5.114687e-05,0.92826897,0.071519785,4_S7
c2_p053_20231218_o01,p053_20231218,53,3,2,81,5_S8,7.8632445e-05,0.00017407215,0.00022106817,6.1000967e-05,0.05287967,0.9465854,5_S8
c2_p053_20231227_o11,p053_20231227,53,3,2,79,4_S7,2.0104144e-05,0.0011975754,0.0003765774,0.00015425448,0.20901878,0.7892326,5_S8
c2_p053_20240104_o12,p053_20240104,53,3,2,79,4_S7,5.7452362e-05,0.0018829696,0.00085873733,0.000113852926,0.24239375,0.7546932,5_S8
c2_p061_20230929_o12,p061_20230929,61,3,2,13,0_S1,0.99838555,0.0006043185,0.0010017244,3.2746318e-06,2.2233405e-06,2.856991e-06,0_S1
c2_p061_20231004_o04,p061_20231004,61,3,2,13,0_S1,0.98981434,0.001977881,0.008182435,1.5650294e-05,4.3810014e-06,5.288787e-06,0_S1
c2_p061_20231011_o10,p061_20231011,61,3,2,14,0_S1,0.5426125,0.11351276,0.33303273,0.008630904,0.0017289068,0.00048224948,0_S1
c2_p061_20231017_o08,p061_20231017,61,3,2,53,2_S5,0.093260475,0.084926955,0.68685424,0.1323949,0.0024609643,0.00010244878,2_S5
c2_p061_20231019_o05,p061_20231019,61,3,2,53,2_S5,0.08597799,0.018549897,0.38462117,0.5071217,0.0035568282,0.00017246911,3_S6
c2_p061_20231023_o09,p061_20231023,61,3,2,60,3_S6,0.0019617872,0.0032017708,0.10782137,0.8726421,0.014300264,7.267614e-05,3_S6
c2_p061_20231027_o04,p061_20231027,61,3,2,61,3_S6,0.003978792,0.0076071573,0.0437435,0.87117827,0.07173751,0.001754711,3_S6
c2_p061_20231101_o09,p061_20231101,61,3,2,62,3_S6,0.0058495514,0.012187873,0.048470713,0.8872044,0.045136817,0.0011506329,3_S6
c2_p061_20231106_o12,p061_20231106,61,3,2,63,3_S6,0.031980045,0.015210606,0.04254481,0.7119787,0.16547702,0.03280878,3_S6
c2_p061_20231109_o08,p061_20231109,61,3,2,63,3_S6,0.00037700727,0.0030958657,0.029315425,0.89831746,0.06845051,0.00044372477,3_S6
c2_p061_20231120_o01,p061_20231120,61,3,2,71,4_S7,0.00026123112,0.004535246,0.0018614813,0.018044494,0.94358546,0.031712122,4_S7
c2_p061_20231127_o09,p061_20231127,61,3,2,72,4_S7,5.0345265e-05,0.00092780945,0.0014046475,0.009509094,0.9808672,0.007240757,4_S7
c2_p061_20231130_o11,p061_20231130,61,3,2,73,4_S7,0.00012831287,0.00130445,0.0070143393,0.0038858927,0.9402938,0.04737315,4_S7
c2_p061_20231204_o10,p061_20231204,61,3,2,74,4_S7,0.0011009476,0.01188761,0.025941642,0.05708686,0.41685948,0.4871234,5_S8
c2_p061_20231211_o04,p061_20231211,61,3,2,75,4_S7,8.312092e-12,7.360972e-09,3.1793224e-10,4.7578206e-07,0.99931335,0.0006861616,4_S7
c2_p061_20231214_o02,p061_20231214,61,3,2,76,4_S7,1.3967806e-10,1.1303334e-08,3.452323e-09,1.19103106e-07,0.9999734,2.648415e-05,4_S7
c2_p061_20231218_o07,p061_20231218,61,3,2,79,4_S7,1.5362083e-06,1.1905187e-05,3.459257e-05,2.1099642e-05,0.9993488,0.0005820326,4_S7
c2_p061_20231227_o07,p061_20231227,61,3,2,80,5_S8,1.6558846e-07,9.163434e-06,6.1992455e-07,3.0168815e-06,0.16483285,0.83515424,5_S8
c2_p061_20240104_o08,p061_20240104,61,3,2,82,5_S8,6.5006707e-06,4.9830044e-07,2.6571328e-07,1.0751222e-08,1.2600858e-05,0.9999802,5_S8
c2_p067_20231006_o09,p067_20231006,67,3,2,13,0_S1,0.99750644,0.00089060835,0.0015640386,7.6158694e-06,2.6595537e-05,4.6238156e-06,0_S1
c2_p067_20231011_o04,p067_20231011,67,3,2,13,0_S1,0.989908,0.0037357397,0.006302339,2.1641701e-05,1.7088347e-05,1.5112866e-05,0_S1
c2_p067_20231017_o06,p067_20231017,67,3,2,13,0_S1,0.98333824,0.0061332583,0.010430481,8.822046e-05,7.1943346e-06,2.5419085e-06,0_S1
c2_p067_20231019_o08,p067_20231019,67,3,2,14,0_S1,0.9380688,0.011020243,0.050535973,0.0002910196,6.004189e-05,2.3869945e-05,0_S1
c2_p067_20231023_o08,p067_20231023,67,3,2,14,0_S1,0.9160381,0.034163084,0.047944237,0.0012390898,0.00040829973,0.00020710596,0_S1
c2_p067_20231027_o09,p067_20231027,67,3,2,54,2_S5,0.43112317,0.030458413,0.4324719,0.09747221,0.0076895985,0.0007847352,2_S5
c2_p067_20231101_o12,p067_20231101,67,3,2,60,3_S6,0.012582651,0.009242706,0.6527002,0.3217397,0.0036785163,5.623682e-05,2_S5
c2_p067_20231106_o01,p067_20231106,67,3,2,63,3_S6,0.006649624,0.0018308777,0.04386541,0.93469965,0.01280166,0.0001526949,3_S6
c2_p067_20231109_o12,p067_20231109,67,3,2,69,3_S6,0.0013189221,0.0026820444,0.07338206,0.81987166,0.10172361,0.0010217025,3_S6
c2_p067_20231120_o09,p067_20231120,67,3,2,70,4_S7,1.9767522e-05,0.00068693253,0.00017614332,0.124834515,0.8731245,0.0011581966,4_S7
c2_p067_20231127_o11,p067_20231127,67,3,2,71,4_S7,2.8136126e-06,3.0259891e-05,1.5160082e-05,0.014774742,0.9835382,0.0016388402,4_S7
c2_p067_20231130_o07,p067_20231130,67,3,2,72,4_S7,1.4179487e-05,0.00010563304,0.0003247917,0.045240525,0.9533836,0.0009311577,4_S7
c2_p067_20231204_o04,p067_20231204,67,3,2,75,4_S7,0.000108047985,0.0005596052,0.00050927565,0.27913046,0.7144901,0.0052024643,4_S7
c2_p067_20231211_o07,p067_20231211,67,3,2,76,4_S7,7.7511295e-06,3.237334e-05,0.0002675683,0.047516458,0.9513078,0.00086818135,4_S7
c2_p067_20231214_o08,p067_20231214,67,3,2,77,4_S7,7.256207e-08,8.816194e-07,1.1732432e-06,2.4989537e-05,0.9999658,7.0633187e-06,4_S7
c2_p067_20231218_o03,p067_20231218,67,3,2,78,4_S7,1.4185955e-08,1.3982327e-07,3.2413348e-06,3.5583365e-05,0.9999552,5.9044205e-06,4_S7
c2_p067_20231227_o09,p067_20231227,67,3,2,79,4_S7,7.3586053e-09,1.9161173e-07,1.5452024e-07,2.7790402e-06,0.9998004,0.0001965329,4_S7
c2_p067_20240115_o07,p067_20240115,67,3,2,79,4_S7,1.4842145e-08,9.377662e-08,2.339483e-07,1.0772198e-06,0.99822956,0.0017690042,4_S7
c2_p067_20240119_o07,p067_20240119,67,3,2,82,5_S8,4.0135536e-05,1.8699555e-05,2.8928762e-05,1.7193734e-05,0.011369292,0.9885257,5_S8
c2_p067_20240126_o04,p067_20240126,67,3,2,86,5_S8,5.011345e-05,0.00012024309,0.00011876697,7.2518137e-06,0.00033761462,0.9993661,5_S8
c2_p072_20231006_o01,p072_20231006,72,3,2,13,0_S1,0.9959246,0.0013627313,0.0026699346,1.0481262e-05,2.224986e-05,1.0037533e-05,0_S1
c2_p072_20231011_o06,p072_20231011,72,3,2,13,0_S1,0.9422677,0.02104653,0.036062505,0.00032360732,0.00019306585,0.000106610314,0_S1
c2_p072_20231017_o06,p072_20231017,72,3,2,13,0_S1,0.9667105,0.009081044,0.024035849,0.00015517887,1.2468693e-05,4.953247e-06,0_S1
c2_p072_20231019_o10,p072_20231019,72,3,2,14,0_S1,0.7453962,0.043559752,0.20653144,0.0029135507,0.0011272349,0.0004718861,0_S1
c2_p072_20231023_o11,p072_20231023,72,3,2,15,0_S1,0.780795,0.09611466,0.12045115,0.00208248,0.0004929695,6.381705e-05,0_S1
c2_p072_20231027_o04,p072_20231027,72,3,2,53,2_S5,0.12053992,0.026371792,0.791547,0.056731716,0.003897294,0.00091226003,2_S5
c2_p072_20231101_o07,p072_20231101,72,3,2,55,2_S5,0.01072517,0.0046371697,0.30777222,0.6361059,0.03992079,0.0008387454,3_S6
c2_p072_20231106_o02,p072_20231106,72,3,2,63,3_S6,0.001579547,0.00092079956,0.042799562,0.94209164,0.012528613,7.98894e-05,3_S6
c2_p072_20231109_o03,p072_20231109,72,3,2,65,3_S6,0.00039009698,0.0006979821,0.013354008,0.95206934,0.03320769,0.00028075735,3_S6
c2_p072_20231120_o08,p072_20231120,72,3,2,70,4_S7,0.00014149444,0.0014997111,0.004806688,0.093652114,0.89927506,0.00062486174,4_S7
c2_p072_20231127_o07,p072_20231127,72,3,2,72,4_S7,0.00040776664,0.0005313073,0.0022893548,0.34420288,0.65072465,0.0018440195,4_S7
c2_p072_20231130_o08,p072_20231130,72,3,2,75,4_S7,0.00012263993,0.002228131,0.0058266353,0.047442272,0.93009037,0.014290023,4_S7
c2_p072_20231204_o12,p072_20231204,72,3,2,76,4_S7,3.2223104e-06,7.961004e-05,5.2453892e-05,0.008129341,0.990408,0.0013274753,4_S7
c2_p072_20231211_o11,p072_20231211,72,3,2,77,4_S7,8.5523277e-07,0.00014928036,7.651241e-05,0.0007401603,0.9972574,0.0017758377,4_S7
c2_p072_20231214_o03,p072_20231214,72,3,2,78,4_S7,3.3231804e-06,3.38114e-05,4.4763445e-05,0.00015752677,0.99834335,0.0014172124,4_S7
c2_p072_20231218_o04,p072_20231218,72,3,2,79,4_S7,2.25507e-06,4.1602845e-05,0.00023383524,0.00047530595,0.99819475,0.001052251,4_S7
c2_p072_20231227_o04,p072_20231227,72,3,2,79,4_S7,3.422304e-06,4.317993e-05,0.00023858198,0.00041855755,0.9921251,0.0071711927,4_S7
c2_p072_20240115_o06,p072_20240115,72,3,2,82,5_S8,0.00012172529,6.8168774e-06,2.5488496e-05,2.745279e-07,3.5978836e-05,0.9998098,5_S8
c2_p072_20240119_o01,p072_20240119,72,3,2,83,5_S8,3.1310625e-05,8.889823e-06,1.1101909e-05,8.675579e-08,1.2015021e-05,0.99993646,5_S8
c2_p072_20240126_o05,p072_20240126,72,3,2,86,5_S8,0.00013609957,1.4602656e-05,1.01104315e-05,6.854699e-07,1.2144823e-05,0.99982625,5_S8
c2_p076_20231006_o03,p076_20231006,76,3,2,13,0_S1,0.99809545,0.00063226715,0.0012523464,4.7752387e-06,1.0301195e-05,4.877221e-06,0_S1
c2_p076_20231011_o12,p076_20231011,76,3,2,13,0_S1,0.95981,0.018168403,0.02152128,0.00027203702,0.00016028924,6.792947e-05,0_S1
c2_p076_20231017_o04,p076_20231017,76,3,2,13,0_S1,0.9367869,0.01268305,0.04972297,0.0006353132,0.00014661855,2.5199812e-05,0_S1
c2_p076_20231019_o05,p076_20231019,76,3,2,14,0_S1,0.84850276,0.017520277,0.13247976,0.0012367389,0.00017114825,8.9370005e-05,0_S1
c2_p076_20231023_o05,p076_20231023,76,3,2,15,0_S1,0.23626631,0.063887626,0.6558924,0.04228683,0.0014543955,0.00021242927,2_S5
c2_p076_20231027_o10,p076_20231027,76,3,2,20,1_S2,0.08090342,0.019060569,0.5868521,0.30484185,0.00781993,0.0005221236,2_S5
c2_p076_20231101_o04,p076_20231101,76,3,2,53,2_S5,0.023606393,0.010102758,0.55004644,0.40664467,0.009460616,0.0001390944,2_S5
c2_p076_20231106_o03,p076_20231106,76,3,2,60,3_S6,0.016347295,0.009350054,0.25037348,0.5971994,0.12602325,0.00070650305,3_S6
c2_p076_20231109_o07,p076_20231109,76,3,2,64,3_S6,0.009028133,0.0060306573,0.07334233,0.8843417,0.025894579,0.0013626023,3_S6
c2_p076_20231120_o04,p076_20231120,76,3,2,68,3_S6,0.0004317292,0.0019936177,0.014735857,0.026103875,0.9554852,0.0012497491,4_S7
c2_p076_20231127_o09,p076_20231127,76,3,2,72,4_S7,9.830471e-05,0.000596878,0.00043373532,0.00840123,0.96584255,0.024627315,4_S7
c2_p076_20231130_o12,p076_20231130,76,3,2,73,4_S7,0.00015180449,0.00036583922,0.005209534,0.3358194,0.65800065,0.0004528619,4_S7
c2_p076_20231204_o11,p076_20231204,76,3,2,74,4_S7,0.0012612347,0.0033515322,0.0036578926,0.51125336,0.3794229,0.10105308,3_S6
c2_p076_20231211_o04,p076_20231211,76,3,2,75,4_S7,2.2506465e-05,0.00016925434,0.002070167,0.008073558,0.9864878,0.003176679,4_S7
c2_p076_20231214_o03,p076_20231214,76,3,2,75,4_S7,8.96773e-06,3.78858e-05,4.643233e-05,9.5620584e-05,0.98479,0.015021074,4_S7
c2_p076_20231218_o03,p076_20231218,76,3,2,76,4_S7,7.014687e-05,0.00020501316,0.0017418624,0.00026212106,0.955652,0.042068772,4_S7
c2_p076_20231227_o11,p076_20231227,76,3,2,78,4_S7,5.0669856e-05,0.0012803578,0.0032485863,0.0026739654,0.8343092,0.15843727,4_S7
c2_p076_20240115_o10,p076_20240115,76,3,2,80,5_S8,0.004443477,0.030456126,0.099347375,0.016271811,0.27924228,0.5702388,5_S8
c2_p076_20240119_o12,p076_20240119,76,3,2,84,5_S8,1.1607953e-06,1.8642829e-06,1.4594793e-06,2.2397042e-07,0.00010913777,0.99988604,5_S8
c2_p076_20240126_o12,p076_20240126,76,3,2,86,5_S8,0.00010876632,4.1867217e-05,1.0258213e-05,6.3096936e-06,3.9306124e-05,0.9997936,5_S8
c2_p093_20231128_o08,p093_20231128,93,3,2,66,3_S6,2.9351602e-05,0.00013192202,0.0015654464,0.86849815,0.12969887,7.632782e-05,3_S6
c2_p093_20231130_o02,p093_20231130,93,3,2,68,3_S6,0.0002489384,0.000104200066,0.0005916908,0.9740873,0.024874965,9.283677e-05,3_S6
c2_p093_20231204_o07,p093_20231204,93,3,2,69,3_S6,0.0001609667,0.0003623492,0.0004942506,0.57913816,0.4177447,0.0020996027,3_S6
c2_p093_20231207_o01,p093_20231207,93,3,2,70,4_S7,0.00022188373,0.00056245294,0.0011520337,0.057148956,0.93894535,0.0019693922,4_S7
c2_p093_20231211_o03,p093_20231211,93,3,2,71,4_S7,1.6210608e-05,8.6239714e-05,0.00023265011,0.18632056,0.81295204,0.00039227825,4_S7
c2_p093_20231218_o05,p093_20231218,93,3,2,73,4_S7,5.0043973e-09,5.083704e-07,2.0837642e-06,5.0676654e-06,0.9999089,8.348155e-05,4_S7
c2_p093_20231227_o12,p093_20231227,93,3,2,75,4_S7,1.4271624e-05,0.00018609405,0.0006504805,0.00015118031,0.9789257,0.020072289,4_S7
c2_p093_20240115_o05,p093_20240115,93,3,2,76,4_S7,0.00064974936,0.0005371922,0.0018894896,0.005869311,0.82392055,0.16713363,4_S7
c2_p093_20240119_o05,p093_20240119,93,3,2,79,4_S7,0.0001847112,2.5990774e-05,0.00036798953,3.638515e-05,0.9864972,0.012887754,4_S7
c2_p093_20240126_o07,p093_20240126,93,3,2,83,5_S8,1.0578502e-05,1.2245287e-07,2.6806714e-07,8.2595647e-10,1.1865242e-06,0.99998784,5_S8
c2_p096_20231128_o07,p096_20231128,96,3,2,66,3_S6,1.2555971e-05,1.0268537e-05,0.00038659642,0.998052,0.0015364802,2.0718292e-06,3_S6
c2_p096_20231130_o01,p096_20231130,96,3,2,68,3_S6,0.0022307043,0.0007409911,0.0014953635,0.7685131,0.22626851,0.0007512924,3_S6
c2_p096_20231204_o10,p096_20231204,96,3,2,69,3_S6,0.0033656901,0.0063465293,0.008902578,0.75477564,0.19692574,0.029683862,3_S6
c2_p096_20231207_o09,p096_20231207,96,3,2,70,4_S7,3.8955077e-05,4.7710924e-05,0.0014192406,0.5427537,0.45565873,8.1643346e-05,3_S6
c2_p096_20231211_o07,p096_20231211,96,3,2,71,4_S7,5.5380997e-06,3.3533575e-05,0.00017111479,0.06880395,0.9302162,0.0007696235,4_S7
c2_p096_20231218_o04,p096_20231218,96,3,2,73,4_S7,3.033246e-09,5.277777e-08,2.2511098e-07,6.7294485e-07,0.9999082,9.0775466e-05,4_S7
c2_p096_20231227_o10,p096_20231227,96,3,2,76,4_S7,0.0001435733,0.00034087227,0.0018086103,0.00020846885,0.9436291,0.0538694,4_S7
c2_p096_20240115_o03,p096_20240115,96,3,2,77,4_S7,0.00016518707,0.00025333572,0.0073047234,0.00010534713,0.98234046,0.009830901,4_S7
c2_p096_20240119_o11,p096_20240119,96,3,2,83,5_S8,0.0012642606,0.0022703388,0.0054921326,0.0025000705,0.09815555,0.8903176,5_S8
c2_p096_20240126_o01,p096_20240126,96,3,2,89,5_S8,1.0297903e-05,5.565448e-07,9.052881e-07,6.464233e-09,5.6555104e-06,0.9999826,5_S8
c2_p001_20230816_o02,p001_20230816,1,4,2,70,4_S7,1.6695566e-09,1.432284e-05,9.38342e-07,0.99820197,0.0017827647,2.5368512e-09,3_S6
c2_p001_20230921_o12,p001_20230921,1,4,2,79,4_S7,1.0963125e-05,0.0005520495,0.0003988696,0.023362346,0.9608212,0.0148545345,4_S7
c2_p001_20231005_o07,p001_20231005,1,4,2,87,5_S8,1.9880503e-05,1.365323e-06,1.14301165e-05,2.6526477e-06,0.00015142957,0.9998134,5_S8
c2_p007_20230816_o09,p007_20230816,7,4,2,67,3_S6,2.423802e-10,2.0134346e-06,9.563901e-07,0.9628972,0.037099775,4.373806e-09,3_S6
c2_p007_20230921_o04,p007_20230921,7,4,2,80,5_S8,0.00015079463,0.0032413837,0.0039160945,0.0011296478,0.71539485,0.27616718,4_S7
c2_p007_20231005_o11,p007_20231005,7,4,2,83,5_S8,2.8204896e-08,5.219766e-07,1.0987775e-07,7.813888e-05,0.102237195,0.89768404,5_S8
c2_p013_20230816_o01,p013_20230816,13,4,2,59,2_S5,2.3099756e-05,0.017918184,0.007169807,0.25461504,0.720168,0.00010592094,4_S7
c2_p013_20230921_o12,p013_20230921,13,4,2,75,4_S7,0.00081473397,0.0045101005,0.03395276,0.0031480454,0.9020967,0.055477694,4_S7
c2_p013_20231005_o08,p013_20231005,13,4,2,88,5_S8,5.1931493e-05,5.776062e-06,8.447501e-05,3.258995e-05,7.310981e-05,0.9997522,5_S8
c2_p023_20230828_o05,p023_20230828,23,4,2,14,0_S1,0.98900056,0.00063310214,0.010324692,4.1124316e-05,2.1149067e-07,3.070616e-07,0_S1
c2_p023_20230904_o12,p023_20230904,23,4,2,22,1_S2,0.22698392,0.019334145,0.7399633,0.013457195,0.00013116917,0.00013034753,2_S5
c2_p023_20230908_o04,p023_20230908,23,4,2,63,3_S6,1.126198e-06,0.008375621,0.00013262352,0.9911583,0.0003317244,5.6050874e-07,3_S6
c2_p023_20230921_o02,p023_20230921,23,4,2,70,4_S7,5.687517e-08,0.00011172525,2.1442083e-05,0.03367701,0.9661678,2.2080761e-05,4_S7
c2_p023_20231006_o10,p023_20231006,23,4,2,71,4_S7,9.390211e-08,4.3891185e-05,1.176492e-05,0.00413509,0.9957729,3.62052e-05,4_S7
c2_p023_20231017_o05,p023_20231017,23,4,2,73,4_S7,7.1494364e-12,5.4434583e-08,3.2326788e-09,1.0596488e-05,0.99998915,2.3639056e-07,4_S7
c2_p023_20231023_o06,p023_20231023,23,4,2,77,4_S7,5.3580416e-09,2.902587e-07,4.0091436e-07,0.006277343,0.9936941,2.7887088e-05,4_S7
c2_p023_20231027_o05,p023_20231027,23,4,2,78,4_S7,2.9164823e-07,1.21442545e-05,1.6482605e-05,0.00023904473,0.9681105,0.031621456,4_S7
c2_p023_20231101_o08,p023_20231101,23,4,2,79,4_S7,7.2851486e-05,0.0009804412,0.0074897828,0.0035711413,0.31014922,0.6777366,5_S8
c2_p023_20231106_o03,p023_20231106,23,4,2,78,4_S7,6.492381e-06,1.9776287e-05,0.00029155525,0.00056197564,0.40678883,0.5923313,5_S8
c2_p023_20231109_o09,p023_20231109,23,4,2,79,4_S7,0.000107826374,3.440778e-05,0.006619885,6.487652e-05,0.926236,0.06693699,4_S7
c2_p023_20231120_o08,p023_20231120,23,4,2,81,5_S8,3.1192336e-05,6.722894e-06,0.0009649095,3.094071e-05,0.007880824,0.99108535,5_S8
c2_p023_20231124_o02,p023_20231124,23,4,2,83,5_S8,1.4019994e-06,2.6727326e-07,1.7985238e-05,1.591147e-07,0.0001879037,0.9997924,5_S8
c2_p023_20231127_o12,p023_20231127,23,4,2,84,5_S8,3.6633649e-06,1.0884703e-06,0.00026141616,1.4583688e-06,0.008284089,0.9914484,5_S8
c2_p023_20231130_o02,p023_20231130,23,4,2,85,5_S8,6.4807755e-06,1.0687555e-06,0.00028346968,2.3337689e-06,0.004076162,0.9956305,5_S8
c2_p034_20230828_o01,p034_20230828,34,4,2,15,0_S1,0.98956877,0.006444511,0.0039352374,5.0957384e-05,9.808742e-08,3.8962878e-07,0_S1
c2_p034_20230904_o07,p034_20230904,34,4,2,53,2_S5,0.00038800956,0.0010499012,0.18794115,0.81061023,1.0497505e-05,1.5717796e-07,3_S6
c2_p034_20230908_o03,p034_20230908,34,4,2,61,3_S6,3.6082875e-07,4.597571e-06,0.0022054825,0.9977837,5.7806706e-06,6.055439e-10,3_S6
c2_p034_20230921_o01,p034_20230921,34,4,2,70,4_S7,1.766843e-11,3.5693713e-08,2.4505812e-08,0.0020143972,0.99798536,1.9495255e-07,4_S7
c2_p034_20231006_o01,p034_20231006,34,4,2,72,4_S7,6.466043e-10,2.8656189e-07,5.3118022e-08,0.00022416041,0.9997731,2.5092447e-06,4_S7
c2_p034_20231017_o03,p034_20231017,34,4,2,73,4_S7,7.770499e-12,1.9540654e-08,1.40024685e-08,3.0419435e-05,0.99996746,2.0774453e-06,4_S7
c2_p034_20231023_o12,p034_20231023,34,4,2,74,4_S7,1.0100628e-11,2.993184e-10,2.924352e-08,3.6039523e-07,0.9999721,2.7573311e-05,4_S7
c2_p034_20231027_o11,p034_20231027,34,4,2,76,4_S7,1.5349171e-07,2.0305316e-07,1.2758534e-05,0.00037283218,0.9993048,0.00030927465,4_S7
c2_p034_20231101_o01,p034_20231101,34,4,2,77,4_S7,3.7271444e-09,1.6065833e-07,1.9118227e-07,1.8107508e-05,0.99814,0.0018414591,4_S7
c2_p034_20231106_o01,p034_20231106,34,4,2,78,4_S7,3.83729e-09,9.2119826e-08,5.9225573e-07,3.3313405e-05,0.9994018,0.0005641531,4_S7
c2_p034_20231109_o06,p034_20231109,34,4,2,79,4_S7,5.098793e-06,1.162634e-05,0.00010438528,0.00075575005,0.6523413,0.3467818,4_S7
c2_p034_20231120_o07,p034_20231120,34,4,2,82,5_S8,1.9525498e-05,3.085388e-05,0.0003862461,3.824816e-06,0.00096369395,0.9985959,5_S8
c2_p034_20231124_o06,p034_20231124,34,4,2,86,5_S8,1.4128365e-06,1.10504764e-07,0.00016342397,1.7601144e-07,0.0002903728,0.99954456,5_S8
c2_p034_20231127_o09,p034_20231127,34,4,2,88,5_S8,1.6026994e-05,8.494567e-06,0.00905053,3.2269056e-06,0.012209771,0.9787119,5_S8
c2_p034_20231130_o04,p034_20231130,34,4,2,89,5_S8,4.4486737e-06,1.9803103e-07,0.00014706534,1.3199451e-07,0.0007270546,0.9991211,5_S8
c2_p043_20230929_o05,p043_20230929,43,4,2,13,0_S1,0.9978599,0.0014506609,0.00041715152,8.837555e-05,9.5749056e-05,8.815728e-05,0_S1
c2_p043_20231004_o04,p043_20231004,43,4,2,13,0_S1,0.9991804,4.7288315e-05,0.0007662516,2.3321695e-06,1.0840258e-06,2.7070312e-06,0_S1
c2_p043_20231011_o05,p043_20231011,43,4,2,14,0_S1,0.99625814,4.068083e-05,0.0035989457,0.000100809775,8.437354e-07,5.3411907e-07,0_S1
c2_p043_20231017_o04,p043_20231017,43,4,2,52,2_S5,0.99583095,0.0011065652,0.0030450504,1.6931552e-05,7.419639e-08,3.8038633e-07,0_S1
c2_p043_20231019_o11,p043_20231019,43,4,2,53,2_S5,0.436697,0.0011723934,0.5617623,0.00036353775,3.7337852e-06,1.0801484e-06,2_S5
c2_p043_20231023_o06,p043_20231023,43,4,2,60,3_S6,0.64734584,0.043901876,0.24055125,0.06750473,0.00044423735,0.0002520284,0_S1
c2_p043_20231027_o06,p043_20231027,43,4,2,61,3_S6,0.18923068,0.0308707,0.21472014,0.56074846,0.0035705206,0.00085950305,3_S6
c2_p043_20231101_o09,p043_20231101,43,4,2,64,3_S6,2.1364367e-06,0.0007799699,0.00088290847,0.9205182,0.07779965,1.7092416e-05,3_S6
c2_p043_20231106_o12,p043_20231106,43,4,2,70,4_S7,2.3724597e-06,1.3062001e-05,2.0101345e-06,0.9998795,0.00010279097,3.4159197e-07,3_S6
c2_p043_20231109_o08,p043_20231109,43,4,2,70,4_S7,5.9865635e-10,7.010459e-08,6.4150085e-09,0.99903774,0.00096194365,2.6023827e-07,3_S6
c2_p043_20231120_o02,p043_20231120,43,4,2,70,4_S7,3.6893427e-05,0.000157879,0.0014682731,0.0023600953,0.9681657,0.027811062,4_S7
c2_p043_20231127_o04,p043_20231127,43,4,2,71,4_S7,2.3704683e-06,4.951799e-05,0.0038412325,0.0042097075,0.98416233,0.007734926,4_S7
c2_p043_20231130_o10,p043_20231130,43,4,2,71,4_S7,4.6042874e-07,2.6955826e-05,0.0003051189,0.0013299254,0.9859016,0.012435971,4_S7
c2_p043_20231204_o03,p043_20231204,43,4,2,72,4_S7,2.0520029e-06,2.1831682e-05,0.015258692,4.4448076e-05,0.95992655,0.024746409,4_S7
c2_p043_20231211_o08,p043_20231211,43,4,2,74,4_S7,3.8996557e-08,4.95642e-07,4.0344994e-06,0.0044228295,0.9948455,0.00072713994,4_S7
c2_p043_20231214_o05,p043_20231214,43,4,2,76,4_S7,1.0009441e-05,0.00011695355,0.00040428576,0.0010281721,0.5049923,0.49344826,4_S7
c2_p043_20231218_o05,p043_20231218,43,4,2,77,4_S7,4.0406754e-05,0.00039763146,0.0073954226,0.25794175,0.5808428,0.15338194,4_S7
c2_p043_20231227_o04,p043_20231227,43,4,2,78,4_S7,2.2220907e-05,0.000121302306,0.001269051,0.008430579,0.65410495,0.33605188,4_S7
c2_p043_20240104_o11,p043_20240104,43,4,2,79,4_S7,3.402501e-06,5.8834935e-06,0.0003982731,0.00013118662,0.15121342,0.8482478,5_S8
c2_p050_20230929_o08,p050_20230929,50,4,2,13,0_S1,0.9993192,0.0005079256,0.00013646859,1.2027556e-05,6.6822818e-06,1.7627628e-05,0_S1
c2_p050_20231004_o06,p050_20231004,50,4,2,13,0_S1,0.9999616,2.8056488e-06,3.5326586e-05,1.4698796e-07,4.7584265e-08,1.4770053e-07,0_S1
c2_p050_20231011_o09,p050_20231011,50,4,2,14,0_S1,0.99962556,3.9017773e-06,0.00036625014,4.297677e-06,2.1055214e-08,1.21709105e-08,0_S1
c2_p050_20231017_o01,p050_20231017,50,4,2,15,0_S1,0.87927383,0.0058904216,0.11464929,0.00018546288,3.7203566e-07,6.2254827e-07,0_S1
c2_p050_20231019_o04,p050_20231019,50,4,2,16,0_S1,0.89343,0.022883793,0.083053544,0.0006252074,2.1160708e-06,5.3142844e-06,0_S1
c2_p050_20231023_o12,p050_20231023,50,4,2,20,1_S2,0.110146135,0.017903296,0.7931525,0.07867032,0.00011816562,9.52151e-06,2_S5
c2_p050_20231027_o02,p050_20231027,50,4,2,21,1_S2,0.0009680126,0.00011882398,0.015380574,0.9830912,0.00043850165,2.9807031e-06,3_S6
c2_p050_20231101_o02,p050_20231101,50,4,2,54,2_S5,8.363246e-07,8.110928e-06,0.007250623,0.94076717,0.05197315,1.5856423e-07,3_S6
c2_p050_20231106_o03,p050_20231106,50,4,2,67,3_S6,2.1222324e-05,3.3482713e-05,9.9055214e-05,0.9996979,0.00014779113,6.0709544e-07,3_S6
c2_p050_20231109_o10,p050_20231109,50,4,2,69,3_S6,3.6597378e-08,1.8798569e-06,1.9052364e-06,0.98811764,0.011877081,1.3882826e-06,3_S6
c2_p050_20231120_o05,p050_20231120,50,4,2,70,4_S7,0.0005977939,0.00067923346,0.021211399,0.19365075,0.763559,0.020301813,4_S7
c2_p050_20231127_o04,p050_20231127,50,4,2,72,4_S7,6.4752646e-07,2.951234e-06,0.00039721263,0.010718387,0.9878961,0.0009847764,4_S7
c2_p050_20231130_o08,p050_20231130,50,4,2,74,4_S7,4.0789623e-06,1.0318905e-05,0.0009971041,0.0021562704,0.9890041,0.0078281695,4_S7
c2_p050_20231204_o03,p050_20231204,50,4,2,75,4_S7,7.06409e-08,2.1678272e-07,5.8092803e-05,0.00020274601,0.9997136,2.5288604e-05,4_S7
c2_p050_20231211_o06,p050_20231211,50,4,2,76,4_S7,7.972241e-06,2.9941883e-05,0.010763477,0.0003619358,0.9624255,0.026411217,4_S7
c2_p050_20231214_o10,p050_20231214,50,4,2,78,4_S7,7.629161e-05,1.3137049e-05,0.0007796437,0.00015463609,0.76922256,0.22975378,4_S7
c2_p050_20231218_o11,p050_20231218,50,4,2,79,4_S7,1.9835339e-07,6.125908e-08,2.5910133e-05,4.34744e-05,0.99771994,0.0022103689,4_S7
c2_p050_20231227_o12,p050_20231227,50,4,2,81,5_S8,1.0473939e-08,6.64691e-08,4.311336e-06,1.5776514e-07,0.23646729,0.7635281,5_S8
c2_p050_20240104_o12,p050_20240104,50,4,2,79,4_S7,6.2011344e-07,8.5347494e-08,9.3704475e-05,1.6631593e-07,0.20126593,0.7986395,5_S8
c2_p051_20230929_o07,p051_20230929,51,4,2,13,0_S1,0.9990382,0.0007041369,0.00019375319,2.4220803e-05,1.2343081e-05,2.7345255e-05,0_S1
c2_p051_20231004_o08,p051_20231004,51,4,2,13,0_S1,0.9993954,8.3348015e-05,0.0005158585,2.6748341e-06,6.4554547e-07,2.1968117e-06,0_S1
c2_p051_20231011_o01,p051_20231011,51,4,2,15,0_S1,0.23869672,0.0024277526,0.74703103,0.010717786,0.0010332611,9.345477e-05,2_S5
c2_p051_20231017_o06,p051_20231017,51,4,2,52,2_S5,0.8851254,0.0077015995,0.10489158,0.0011922038,0.00091694604,0.00017225019,0_S1
c2_p051_20231019_o09,p051_20231019,51,4,2,60,3_S6,0.02719513,0.00016783332,0.97175163,0.0008167045,6.684052e-05,1.8454975e-06,2_S5
c2_p051_20231023_o10,p051_20231023,51,4,2,65,3_S6,0.011605215,0.007869064,0.26765874,0.7126176,0.00024409979,5.2743053e-06,3_S6
c2_p051_20231027_o11,p051_20231027,51,4,2,66,3_S6,0.10426034,0.009418151,0.6892238,0.18347754,0.012889567,0.0007305993,2_S5
c2_p051_20231101_o03,p051_20231101,51,4,2,69,3_S6,0.0007240066,0.004192277,0.030128399,0.9113612,0.052987188,0.00060693093,3_S6
c2_p051_20231106_o01,p051_20231106,51,4,2,70,4_S7,1.5771301e-06,2.4612798e-05,0.0009567115,0.98274934,0.016261559,6.218059e-06,3_S6
c2_p051_20231109_o08,p051_20231109,51,4,2,71,4_S7,1.024874e-05,0.000283968,0.00065456086,0.99783164,0.0011988821,2.0659927e-05,3_S6
c2_p051_20231120_o04,p051_20231120,51,4,2,72,4_S7,0.00240502,0.0012828412,0.038293764,0.02623914,0.924542,0.007237288,4_S7
c2_p051_20231127_o06,p051_20231127,51,4,2,75,4_S7,3.952883e-07,1.229197e-05,0.0012038351,0.00783884,0.99086,8.4637395e-05,4_S7
c2_p051_20231130_o10,p051_20231130,51,4,2,76,4_S7,1.2167997e-05,0.00061098184,0.005801726,0.034227736,0.95746887,0.0018784448,4_S7
c2_p051_20231204_o12,p051_20231204,51,4,2,77,4_S7,8.953412e-09,3.114477e-06,5.0113285e-05,0.002676485,0.9972398,3.0372528e-05,4_S7
c2_p051_20231211_o09,p051_20231211,51,4,2,78,4_S7,7.1266154e-06,0.00049806054,0.0052792993,0.0009202012,0.9875129,0.005782327,4_S7
c2_p051_20231214_o05,p051_20231214,51,4,2,79,4_S7,0.0006592978,0.00017232123,0.0081691,0.16594009,0.76234376,0.0627155,4_S7
c2_p051_20231218_o11,p051_20231218,51,4,2,79,4_S7,1.37843645e-05,0.0019348352,0.0011435022,0.037114292,0.9439095,0.015884096,4_S7
c2_p051_20231227_o05,p051_20231227,51,4,2,81,5_S8,0.0001332278,1.9814406e-05,0.00037041656,6.926238e-05,0.0038638948,0.9955433,5_S8
c2_p051_20240104_o02,p051_20240104,51,4,2,82,5_S8,5.205168e-06,5.6829153e-06,8.141337e-05,1.02826025e-05,0.054685727,0.94521177,5_S8
c2_p055_20230929_o05,p055_20230929,55,4,2,13,0_S1,0.99637246,0.0028366903,0.0004042218,0.00013013599,0.00012730446,0.0001291921,0_S1
c2_p055_20231004_o05,p055_20231004,55,4,2,13,0_S1,0.9990952,7.5078155e-05,0.00082195783,4.409614e-06,1.079719e-06,2.3771256e-06,0_S1
c2_p055_20231011_o09,p055_20231011,55,4,2,14,0_S1,0.9989919,9.058984e-05,0.0008981439,1.9052368e-05,1.0646008e-07,9.842549e-08,0_S1
c2_p055_20231017_o12,p055_20231017,55,4,2,20,1_S2,0.92924184,0.00029319877,0.07041288,5.2107942e-05,2.0926967e-08,2.3358545e-08,0_S1
c2_p055_20231019_o02,p055_20231019,55,4,2,54,2_S5,0.33714718,0.35708433,0.29828435,0.0070167235,0.00010841798,0.00035896682,1_S2
c2_p055_20231023_o03,p055_20231023,55,4,2,55,2_S5,0.0031239844,0.057360854,0.07901349,0.8600513,0.00041449326,3.5942438e-05,3_S6
c2_p055_20231027_o04,p055_20231027,55,4,2,60,3_S6,0.0005927742,0.0013518267,0.039595634,0.9535112,0.0049267504,2.1801152e-05,3_S6
c2_p055_20231101_o04,p055_20231101,55,4,2,63,3_S6,0.0007973073,0.0093935095,0.04722575,0.7240466,0.21589333,0.0026435528,3_S6
c2_p055_20231106_o05,p055_20231106,55,4,2,67,3_S6,2.1311783e-08,3.5512016e-07,4.465227e-06,0.9981263,0.0018686592,1.7171918e-07,3_S6
c2_p055_20231109_o04,p055_20231109,55,4,2,69,3_S6,5.411984e-07,4.5286888e-05,4.7564008e-05,0.23155,0.7673863,0.00097036734,4_S7
c2_p055_20231120_o04,p055_20231120,55,4,2,71,4_S7,2.3372036e-07,1.2041753e-05,3.869553e-05,0.2063931,0.79336166,0.00019426973,4_S7
c2_p055_20231127_o09,p055_20231127,55,4,2,72,4_S7,4.077639e-06,7.6448334e-05,0.00053046783,0.2508529,0.7474539,0.0010822411,4_S7
c2_p055_20231130_o08,p055_20231130,55,4,2,75,4_S7,7.094489e-08,3.3161726e-07,0.00024035109,3.138109e-05,0.99962854,9.925855e-05,4_S7
c2_p055_20231204_o11,p055_20231204,55,4,2,76,4_S7,2.6003988e-07,1.8160091e-06,0.00012103588,8.994494e-05,0.972547,0.02723992,4_S7
c2_p055_20231211_o04,p055_20231211,55,4,2,77,4_S7,3.7676034e-07,5.244853e-06,0.00026408493,0.0019763361,0.9819609,0.01579308,4_S7
c2_p055_20231214_o05,p055_20231214,55,4,2,78,4_S7,2.4502535e-07,1.4789319e-05,3.8468374e-06,0.0014408366,0.9977239,0.0008164039,4_S7
c2_p055_20231218_o07,p055_20231218,55,4,2,79,4_S7,1.7756278e-07,7.088186e-07,4.1455673e-06,2.2896369e-05,0.99392635,0.006045835,4_S7
c2_p055_20231227_o04,p055_20231227,55,4,2,79,4_S7,1.5033875e-05,2.2551996e-05,0.0021669944,5.547772e-05,0.36839306,0.62934685,5_S8
c2_p055_20240104_o11,p055_20240104,55,4,2,80,5_S8,6.87989e-06,1.1638945e-05,0.001136858,3.4415072e-05,0.42585513,0.5729551,5_S8
c2_p056_20230929_o09,p056_20230929,56,4,2,13,0_S1,0.9990853,0.0006908088,0.00018090456,2.2810747e-05,5.6188064e-06,1.455084e-05,0_S1
c2_p056_20231004_o08,p056_20231004,56,4,2,13,0_S1,0.9996176,3.034393e-05,0.00034984472,1.3185352e-06,1.5021361e-07,7.876059e-07,0_S1
c2_p056_20231011_o07,p056_20231011,56,4,2,14,0_S1,0.98189145,0.0015519281,0.0153784845,0.0011616057,1.3709203e-05,2.9078885e-06,0_S1
c2_p056_20231017_o09,p056_20231017,56,4,2,15,0_S1,0.567981,0.0039673247,0.42531374,0.0027306632,4.713254e-06,2.5524832e-06,0_S1
c2_p056_20231019_o11,p056_20231019,56,4,2,16,0_S1,0.16893165,0.015552234,0.7838551,0.030752515,0.00078583584,0.00012268228,2_S5
c2_p056_20231023_o12,p056_20231023,56,4,2,20,1_S2,0.0026361884,0.0127442805,0.4199795,0.5643517,0.00028194595,6.4261967e-06,3_S6
c2_p056_20231027_o11,p056_20231027,56,4,2,55,2_S5,0.0015474898,0.000911737,0.43260127,0.5072882,0.05743097,0.00022034973,3_S6
c2_p056_20231101_o09,p056_20231101,56,4,2,56,2_S5,4.137276e-05,0.0005082374,0.0009277423,0.997926,0.000588883,7.662517e-06,3_S6
c2_p056_20231106_o08,p056_20231106,56,4,2,65,3_S6,5.6881895e-06,7.19474e-05,0.0009009792,0.9623992,0.036587924,3.4313955e-05,3_S6
c2_p056_20231109_o05,p056_20231109,56,4,2,67,3_S6,1.1012411e-05,0.00012300244,0.0013916951,0.0074210707,0.9889361,0.0021171272,4_S7
c2_p056_20231120_o07,p056_20231120,56,4,2,70,4_S7,5.1947873e-06,3.5504636e-05,8.030716e-05,0.004391305,0.99241525,0.0030724052,4_S7
c2_p056_20231127_o07,p056_20231127,56,4,2,72,4_S7,1.4169511e-05,0.00013851211,0.00051317783,0.037503853,0.9385348,0.023295462,4_S7
c2_p056_20231130_o06,p056_20231130,56,4,2,73,4_S7,8.92155e-06,1.5415535e-06,0.002604913,1.4926672e-05,0.976225,0.021144548,4_S7
c2_p056_20231204_o10,p056_20231204,56,4,2,74,4_S7,1.1251092e-08,6.124514e-09,7.126384e-05,3.2732896e-07,0.9982796,0.0016488312,4_S7
c2_p056_20231211_o02,p056_20231211,56,4,2,76,4_S7,8.469336e-06,8.280693e-07,0.0066624936,8.283036e-06,0.96365213,0.029667757,4_S7
c2_p056_20231214_o04,p056_20231214,56,4,2,78,4_S7,4.375701e-05,7.5713588e-06,0.00039266047,5.5035318e-05,0.6154888,0.38401213,4_S7
c2_p056_20231218_o05,p056_20231218,56,4,2,80,5_S8,1.5015117e-05,1.3024817e-06,0.0006863679,1.3431409e-05,0.9708928,0.02839111,4_S7
c2_p056_20231227_o02,p056_20231227,56,4,2,82,5_S8,9.5086214e-08,2.7066134e-09,1.5750551e-06,3.2045435e-08,9.180586e-05,0.99990654,5_S8
c2_p056_20240104_o07,p056_20240104,56,4,2,83,5_S8,7.090501e-08,2.7255565e-08,1.938964e-06,1.6873184e-08,0.000500622,0.9994973,5_S8
c2_p062_20231006_o05,p062_20231006,62,4,2,13,0_S1,0.997858,0.0011729043,0.0005046677,5.6017478e-05,9.277678e-05,0.00031561212,0_S1
c2_p062_20231011_o05,p062_20231011,62,4,2,13,0_S1,0.9997074,9.968075e-05,0.00016565606,1.5028802e-05,7.269478e-06,4.9621117e-06,0_S1
c2_p062_20231017_o08,p062_20231017,62,4,2,13,0_S1,0.9957419,0.0014522306,0.0025831666,0.00014342676,3.5285335e-05,4.391142e-05,0_S1
c2_p062_20231019_o01,p062_20231019,62,4,2,14,0_S1,0.9998714,1.0585409e-06,0.00012743892,8.2306045e-08,9.251759e-09,4.063959e-08,0_S1
c2_p062_20231023_o07,p062_20231023,62,4,2,14,0_S1,0.9989967,0.00012399523,0.000692119,0.00017307332,5.143931e-06,8.973819e-06,0_S1
c2_p062_20231027_o07,p062_20231027,62,4,2,14,0_S1,0.2821111,0.00029654003,0.7153824,0.0020017696,5.928692e-05,0.0001489001,2_S5
c2_p062_20231101_o04,p062_20231101,62,4,2,51,2_S5,0.03835939,0.0049329996,0.9230439,0.033419747,0.00015375315,9.0164685e-05,2_S5
c2_p062_20231106_o01,p062_20231106,62,4,2,53,2_S5,9.707598e-05,0.00042144064,0.00082597294,0.9973688,0.0012458047,4.0834067e-05,3_S6
c2_p062_20231109_o06,p062_20231109,62,4,2,60,3_S6,2.896406e-07,4.237462e-06,4.436811e-05,0.99799323,0.0019560275,1.8839233e-06,3_S6
c2_p062_20231120_o05,p062_20231120,62,4,2,70,4_S7,2.6282694e-06,8.695834e-05,0.00041218326,0.43907425,0.5600346,0.00038941894,4_S7
c2_p062_20231127_o06,p062_20231127,62,4,2,72,4_S7,4.9422866e-09,1.4020458e-06,2.9425465e-07,0.0011293191,0.9987429,0.00012614026,4_S7
c2_p062_20231130_o08,p062_20231130,62,4,2,73,4_S7,2.8728364e-06,4.8449307e-05,0.0010261425,0.026251066,0.9711293,0.0015421466,4_S7
c2_p062_20231204_o08,p062_20231204,62,4,2,75,4_S7,5.588044e-08,6.3171738e-06,9.258798e-06,0.0040493407,0.99583817,9.690611e-05,4_S7
c2_p062_20231211_o06,p062_20231211,62,4,2,77,4_S7,4.1244456e-07,2.0927886e-05,0.00027185984,0.0022716615,0.9963458,0.0010893326,4_S7
c2_p062_20231214_o08,p062_20231214,62,4,2,78,4_S7,4.016393e-05,0.00010958141,0.00017585783,0.0017402291,0.996743,0.001191234,4_S7
c2_p062_20231218_o11,p062_20231218,62,4,2,79,4_S7,1.5186231e-09,2.4931146e-07,1.3751863e-06,1.0770676e-05,0.99998116,6.4211868e-06,4_S7
c2_p062_20231227_o04,p062_20231227,62,4,2,79,4_S7,2.3255272e-07,3.7404689e-06,7.0081005e-05,3.953921e-05,0.9914972,0.008389159,4_S7
c2_p062_20240115_o04,p062_20240115,62,4,2,82,5_S8,1.0927677e-06,6.495338e-05,0.00018976974,0.00014589432,0.8465833,0.15301497,4_S7
c2_p062_20240119_o12,p062_20240119,62,4,2,83,5_S8,1.6399953e-06,9.906432e-07,7.144395e-06,1.2917818e-05,0.00013586941,0.99984145,5_S8
c2_p062_20240126_o06,p062_20240126,62,4,2,86,5_S8,2.0675564e-07,2.0846987e-07,4.3991247e-07,4.727234e-07,1.2836709e-05,0.9999858,5_S8
c2_p071_20231006_o01,p071_20231006,71,4,2,13,0_S1,0.9955544,0.0025255654,0.0010693296,0.000119113734,0.00026650925,0.00046511128,0_S1
c2_p071_20231011_o09,p071_20231011,71,4,2,13,0_S1,0.9995111,0.00035488873,9.066157e-05,1.1767098e-05,1.1702279e-05,1.9884199e-05,0_S1
c2_p071_20231017_o07,p071_20231017,71,4,2,13,0_S1,0.99869114,0.0003106189,0.000979815,1.1981954e-05,2.0856792e-06,4.3726154e-06,0_S1
c2_p071_20231019_o06,p071_20231019,71,4,2,13,0_S1,0.9993625,2.6361724e-06,0.00063415593,6.588251e-07,3.9406835e-08,9.018628e-08,0_S1
c2_p071_20231023_o08,p071_20231023,71,4,2,14,0_S1,0.9988721,0.00021347874,0.00090588577,7.6273004e-06,1.9283115e-07,5.8330903e-07,0_S1
c2_p071_20231027_o07,p071_20231027,71,4,2,51,2_S5,0.20968111,0.001037079,0.788489,0.00078353216,3.4997504e-06,5.7912384e-06,2_S5
c2_p071_20231101_o06,p071_20231101,71,4,2,60,3_S6,0.00030933562,0.0016315228,0.64135367,0.35612515,0.0005737609,6.655231e-06,2_S5
c2_p071_20231106_o08,p071_20231106,71,4,2,68,3_S6,7.7567233e-07,7.805764e-06,1.877523e-05,0.9999529,1.910337e-05,6.4497493e-07,3_S6
c2_p071_20231109_o07,p071_20231109,71,4,2,69,3_S6,4.693848e-08,4.25043e-06,4.863441e-05,0.9997061,0.00024068996,2.2141711e-07,3_S6
c2_p071_20231120_o09,p071_20231120,71,4,2,70,4_S7,3.1406332e-06,0.0002764534,0.00036609767,0.4271172,0.5721019,0.00013518715,4_S7
c2_p071_20231127_o12,p071_20231127,71,4,2,72,4_S7,5.8925597e-08,1.1448066e-05,4.9136688e-05,0.12568358,0.8742538,1.99744e-06,4_S7
c2_p071_20231130_o10,p071_20231130,71,4,2,73,4_S7,8.611609e-06,0.00013280823,0.0023436637,0.20572932,0.7730666,0.018719072,4_S7
c2_p071_20231204_o04,p071_20231204,71,4,2,74,4_S7,3.4561282e-07,5.737311e-07,6.937785e-05,0.027245369,0.97267807,6.2927634e-06,4_S7
c2_p071_20231211_o09,p071_20231211,71,4,2,75,4_S7,5.980443e-06,2.304186e-05,0.0007264265,0.68634856,0.31131044,0.0015855526,3_S6
c2_p071_20231214_o09,p071_20231214,71,4,2,76,4_S7,1.5437014e-05,1.8027408e-06,2.2501117e-05,0.000671465,0.9991179,0.00017078755,4_S7
c2_p071_20231218_o05,p071_20231218,71,4,2,77,4_S7,1.5964388e-05,3.264663e-06,0.010145213,0.0012686542,0.9536561,0.0349108,4_S7
c2_p071_20231227_o04,p071_20231227,71,4,2,78,4_S7,3.433002e-07,3.3285e-07,3.6994465e-05,7.9248395e-07,0.11203631,0.88792527,5_S8
c2_p071_20240115_o07,p071_20240115,71,4,2,79,4_S7,9.359745e-06,7.550737e-05,0.0040342407,9.108784e-06,0.21818559,0.7776863,5_S8
c2_p071_20240119_o07,p071_20240119,71,4,2,82,5_S8,9.158217e-06,3.7783125e-06,2.0362777e-05,3.497265e-06,0.0004755829,0.99948764,5_S8
c2_p071_20240126_o10,p071_20240126,71,4,2,85,5_S8,6.2288773e-06,4.4284716e-06,3.722089e-05,3.74141e-05,0.0013858264,0.99852896,5_S8
c2_p074_20231006_o10,p074_20231006,74,4,2,13,0_S1,0.9977665,0.0014508268,0.0005130202,6.055875e-05,6.287561e-05,0.00014625165,0_S1
c2_p074_20231011_o05,p074_20231011,74,4,2,13,0_S1,0.98795205,0.0040183393,0.0031486598,0.0010200593,0.0032189353,0.00064192084,0_S1
c2_p074_20231017_o02,p074_20231017,74,4,2,13,0_S1,0.99938166,0.00023561642,0.00034541788,1.1447126e-05,8.865339e-06,1.7002476e-05,0_S1
c2_p074_20231019_o11,p074_20231019,74,4,2,13,0_S1,0.9980393,1.8574381e-05,0.0019367939,2.2445347e-06,6.458048e-07,2.517548e-06,0_S1
c2_p074_20231023_o07,p074_20231023,74,4,2,13,0_S1,0.99944454,0.00022936822,0.00031092975,1.064149e-05,9.297385e-07,3.4695222e-06,0_S1
c2_p074_20231027_o05,p074_20231027,74,4,2,20,1_S2,0.31096768,0.00058787473,0.6877438,0.0006526748,2.2595983e-05,2.5379337e-05,2_S5
c2_p074_20231101_o03,p074_20231101,74,4,2,53,2_S5,0.001216326,0.0010402966,0.64073795,0.3566646,0.00032281358,1.7924332e-05,2_S5
c2_p074_20231106_o11,p074_20231106,74,4,2,60,3_S6,5.508833e-08,3.4038092e-06,1.5271366e-05,0.9999627,1.8402698e-05,1.2594604e-07,3_S6
c2_p074_20231109_o08,p074_20231109,74,4,2,70,4_S7,2.7082615e-07,7.3046153e-06,0.00033168064,0.999474,0.00018628962,4.9362586e-07,3_S6
c2_p074_20231120_o05,p074_20231120,74,4,2,72,4_S7,3.258234e-05,6.123404e-05,0.0008575936,0.03929362,0.95931005,0.00044496416,4_S7
c2_p074_20231127_o09,p074_20231127,74,4,2,73,4_S7,1.2574904e-07,1.6424067e-06,2.0139275e-06,0.17013605,0.82985926,1.0357235e-06,4_S7
c2_p074_20231130_o10,p074_20231130,74,4,2,74,4_S7,2.9834456e-07,1.3831185e-06,0.0001177333,0.027520904,0.9716062,0.0007534501,4_S7
c2_p074_20231204_o05,p074_20231204,74,4,2,75,4_S7,4.963117e-07,9.421669e-06,4.671136e-05,0.15462306,0.84530133,1.8887518e-05,4_S7
c2_p074_20231211_o12,p074_20231211,74,4,2,78,4_S7,3.308641e-08,3.544361e-07,0.0001964973,0.00061747304,0.99917704,8.59983e-06,4_S7
c2_p074_20231214_o08,p074_20231214,74,4,2,79,4_S7,9.254743e-07,3.5778703e-06,1.8142135e-05,2.017792e-05,0.9973067,0.002650378,4_S7
c2_p074_20231218_o04,p074_20231218,74,4,2,79,4_S7,1.5221553e-06,3.9501873e-07,0.00012424655,0.0012426571,0.99792,0.0007112634,4_S7
c2_p074_20231227_o03,p074_20231227,74,4,2,81,5_S8,1.1608301e-07,1.11327196e-07,9.399749e-06,8.060975e-06,0.99616927,0.003813015,4_S7
c2_p074_20240115_o10,p074_20240115,74,4,2,82,5_S8,2.82952e-07,8.034373e-07,2.0403804e-06,4.9958584e-07,0.00017007843,0.9998264,5_S8
c2_p074_20240119_o11,p074_20240119,74,4,2,83,5_S8,3.5169878e-06,4.6255707e-05,5.127712e-05,0.0011108126,0.2813784,0.7174098,5_S8
c2_p074_20240126_o08,p074_20240126,74,4,2,88,5_S8,1.5291536e-07,6.3481934e-08,7.907192e-08,4.6533904e-07,1.9326103e-06,0.99999726,5_S8
c2_p080_20231006_o02,p080_20231006,80,4,2,13,0_S1,0.9893964,0.008264516,0.0012221539,0.0003464508,0.00031839203,0.00045213985,0_S1
c2_p080_20231011_o09,p080_20231011,80,4,2,13,0_S1,0.99698836,0.0015035163,0.0011151755,7.1950686e-05,0.0001571654,0.00016396567,0_S1
c2_p080_20231017_o09,p080_20231017,80,4,2,13,0_S1,0.9505733,0.017276812,0.025958026,0.002997428,0.0030096218,0.00018479416,0_S1
c2_p080_20231019_o08,p080_20231019,80,4,2,13,0_S1,0.9978999,2.013299e-05,0.0020778957,1.2094881e-06,2.0751071e-07,7.051116e-07,0_S1
c2_p080_20231023_o06,p080_20231023,80,4,2,14,0_S1,0.0678049,0.11313387,0.5841879,0.22726172,0.0069160624,0.0006955319,2_S5
c2_p080_20231027_o05,p080_20231027,80,4,2,52,2_S5,0.0032900432,0.003546697,0.6437496,0.3385354,0.009437497,0.001440725,2_S5
c2_p080_20231101_o06,p080_20231101,80,4,2,53,2_S5,0.0018645901,0.03046661,0.14556846,0.8217063,0.0003105138,8.345928e-05,3_S6
c2_p080_20231106_o06,p080_20231106,80,4,2,62,3_S6,4.4566086e-06,1.5140097e-05,4.4840235e-05,0.99932003,0.00045401847,0.00016153736,3_S6
c2_p080_20231109_o01,p080_20231109,80,4,2,69,3_S6,6.104087e-07,1.669933e-05,0.00012924656,0.9932301,0.00659353,2.9835286e-05,3_S6
c2_p080_20231120_o11,p080_20231120,80,4,2,70,4_S7,1.9279032e-08,1.1335072e-06,1.0112926e-06,0.011146682,0.98884565,5.5159735e-06,4_S7
c2_p080_20231127_o05,p080_20231127,80,4,2,73,4_S7,7.4236175e-07,5.7864863e-06,4.1281597e-05,0.061166346,0.9387708,1.4979032e-05,4_S7
c2_p080_20231130_o11,p080_20231130,80,4,2,74,4_S7,3.897562e-08,1.5286906e-06,0.00014483032,0.0016162368,0.9980963,0.00014120196,4_S7
c2_p080_20231204_o05,p080_20231204,80,4,2,76,4_S7,3.484275e-07,2.9603516e-06,9.371622e-06,0.076526016,0.9234538,7.5862586e-06,4_S7
c2_p080_20231211_o10,p080_20231211,80,4,2,77,4_S7,1.6217543e-08,1.92068e-07,2.8386364e-06,0.0048740874,0.9950983,2.453003e-05,4_S7
c2_p080_20231214_o03,p080_20231214,80,4,2,78,4_S7,5.6282006e-06,8.46712e-06,3.3158045e-05,0.0028144121,0.99695396,0.00018436667,4_S7
c2_p080_20231218_o06,p080_20231218,80,4,2,79,4_S7,4.8362864e-07,2.6267855e-06,8.7942426e-05,0.0007784475,0.9270572,0.07207325,4_S7
c2_p080_20231227_o03,p080_20231227,80,4,2,81,5_S8,1.0536029e-06,3.364068e-06,9.554123e-05,6.2789615e-05,0.054134384,0.9457028,5_S8
c2_p080_20240115_o06,p080_20240115,80,4,2,85,5_S8,8.081709e-06,4.5011006e-06,1.9678082e-05,8.592054e-06,0.0005644854,0.99939466,5_S8
c2_p080_20240119_o03,p080_20240119,80,4,2,88,5_S8,5.24756e-08,3.940419e-08,1.6510724e-07,4.543964e-07,1.757343e-05,0.99998176,5_S8
c2_p080_20240126_o10,p080_20240126,80,4,2,89,5_S8,8.933358e-09,4.2599058e-09,5.9385094e-08,3.0290914e-09,9.001427e-06,0.99999094,5_S8
c2_p081_20231006_o05,p081_20231006,81,4,2,13,0_S1,0.9913291,0.0069583305,0.0012056306,0.00021141696,9.177672e-05,0.0002036742,0_S1
c2_p081_20231011_o08,p081_20231011,81,4,2,13,0_S1,0.99921846,0.00028813284,0.00044323454,2.0229154e-05,1.3044293e-05,1.6781021e-05,0_S1
c2_p081_20231017_o10,p081_20231017,81,4,2,13,0_S1,0.98617876,0.006553219,0.005081436,0.0011821088,0.00088537374,0.00011909387,0_S1
c2_p081_20231019_o12,p081_20231019,81,4,2,13,0_S1,0.9840577,3.1340925e-05,0.015895022,6.5549834e-06,2.167202e-06,7.24854e-06,0_S1
c2_p081_20231023_o01,p081_20231023,81,4,2,14,0_S1,0.15591227,0.13377027,0.5726739,0.1349058,0.002573431,0.00016431863,2_S5
c2_p081_20231027_o01,p081_20231027,81,4,2,53,2_S5,0.0016032311,9.7424214e-05,0.9626596,0.035620198,1.8657787e-05,8.7615956e-07,2_S5
c2_p081_20231101_o04,p081_20231101,81,4,2,54,2_S5,0.00010699548,0.0009459719,0.02858092,0.97027934,7.593204e-05,1.08248605e-05,3_S6
c2_p081_20231106_o12,p081_20231106,81,4,2,60,3_S6,8.203667e-09,2.613569e-07,2.2035142e-06,0.9999602,3.7397043e-05,2.294176e-08,3_S6
c2_p081_20231109_o01,p081_20231109,81,4,2,64,3_S6,2.2422952e-07,6.0687275e-06,5.7295915e-06,0.9894058,0.010565031,1.713533e-05,3_S6
c2_p081_20231120_o04,p081_20231120,81,4,2,67,3_S6,2.4429768e-05,0.00013630716,0.0007009439,0.0011889819,0.9935899,0.004359532,4_S7
c2_p081_20231127_o06,p081_20231127,81,4,2,72,4_S7,4.4161112e-08,1.5318674e-06,4.0432487e-06,0.022630211,0.97735846,5.699932e-06,4_S7
c2_p081_20231130_o09,p081_20231130,81,4,2,73,4_S7,2.707062e-07,3.441402e-07,0.00033211664,0.0015471624,0.9975109,0.00060925545,4_S7
c2_p081_20231204_o12,p081_20231204,81,4,2,75,4_S7,4.7128557e-05,6.925785e-05,0.007388406,0.26348558,0.72877574,0.00023385296,4_S7
c2_p081_20231211_o11,p081_20231211,81,4,2,77,4_S7,9.8933115e-06,3.3923858e-05,0.0165283,0.0024217647,0.9720115,0.008994602,4_S7
c2_p081_20231214_o05,p081_20231214,81,4,2,78,4_S7,1.4399545e-05,2.5355312e-06,3.0764677e-05,0.0002422674,0.9955236,0.0041864947,4_S7
c2_p081_20231218_o09,p081_20231218,81,4,2,79,4_S7,3.9980304e-07,1.0047925e-06,3.3285894e-05,4.3801538e-05,0.9895628,0.0103587415,4_S7
c2_p081_20231227_o04,p081_20231227,81,4,2,79,4_S7,7.2490586e-08,3.2246252e-08,5.7454887e-05,4.748364e-07,0.9492859,0.05065596,4_S7
c2_p081_20240115_o02,p081_20240115,81,4,2,83,5_S8,2.687339e-06,1.1249248e-06,1.0336076e-05,2.1426287e-05,0.0017723632,0.99819213,5_S8
c2_p081_20240119_o07,p081_20240119,81,4,2,85,5_S8,3.5800933e-06,7.3267285e-07,5.0214694e-05,7.244851e-07,0.0017156538,0.9982291,5_S8
c2_p081_20240126_o04,p081_20240126,81,4,2,89,5_S8,4.6530686e-09,7.086099e-10,1.213255e-07,2.4052008e-10,8.794689e-06,0.99999106,5_S8
c2_p084_20231128_o12,p084_20231128,84,4,2,66,3_S6,3.725494e-09,1.9725623e-07,1.3592156e-06,0.99990785,9.058648e-05,2.166354e-08,3_S6
c2_p084_20231130_o05,p084_20231130,84,4,2,68,3_S6,1.3719512e-08,1.2431084e-07,8.8313703e-07,0.99997866,2.0332638e-05,7.4374296e-10,3_S6
c2_p084_20231204_o01,p084_20231204,84,4,2,69,3_S6,2.0819078e-07,2.107981e-06,3.8261246e-06,0.97614723,0.023846226,5.088516e-07,3_S6
c2_p084_20231207_o12,p084_20231207,84,4,2,70,4_S7,3.142886e-08,2.0339495e-07,1.3508951e-05,0.0035987047,0.9963638,2.379085e-05,4_S7
c2_p084_20231211_o05,p084_20231211,84,4,2,71,4_S7,2.1380579e-06,1.0942905e-05,7.6258795e-05,0.25348794,0.74506414,0.0013585575,4_S7
c2_p084_20231218_o01,p084_20231218,84,4,2,73,4_S7,2.2477641e-07,3.036831e-07,8.6302294e-05,0.009134815,0.99071,6.836475e-05,4_S7
c2_p084_20231227_o02,p084_20231227,84,4,2,75,4_S7,1.5386882e-09,1.3914537e-07,1.7001152e-05,0.0019772616,0.99800295,2.6286675e-06,4_S7
c2_p084_20240115_o07,p084_20240115,84,4,2,76,4_S7,4.5602672e-05,0.0003346005,0.0012017224,0.15714918,0.7866912,0.054577723,4_S7
c2_p084_20240119_o10,p084_20240119,84,4,2,78,4_S7,1.1229837e-06,4.6548314e-05,0.00012277714,0.0032579277,0.9962625,0.0003091584,4_S7
c2_p084_20240126_o09,p084_20240126,84,4,2,80,5_S8,6.496193e-08,2.271876e-06,0.0001559387,4.6087193e-06,0.40029225,0.5995449,5_S8
c2_p090_20231128_o07,p090_20231128,90,4,2,65,3_S6,1.6987599e-07,1.6794852e-06,6.401421e-06,0.9996935,0.00029188767,6.3890648e-06,3_S6
c2_p090_20231130_o09,p090_20231130,90,4,2,67,3_S6,3.366634e-08,1.7542264e-07,4.5248197e-07,0.9999664,3.292869e-05,1.1402429e-08,3_S6
c2_p090_20231204_o06,p090_20231204,90,4,2,65,3_S6,1.6632262e-05,4.9871356e-05,2.819194e-05,0.6103926,0.38930008,0.00021269062,3_S6
c2_p090_20231207_o05,p090_20231207,90,4,2,67,3_S6,8.172784e-07,4.5781703e-06,8.176987e-05,0.0075295432,0.9921293,0.0002540827,4_S7
c2_p090_20231211_o10,p090_20231211,90,4,2,69,3_S6,4.512551e-07,2.765011e-06,1.2943122e-05,0.9940911,0.0058864844,6.27038e-06,3_S6
c2_p090_20231218_o03,p090_20231218,90,4,2,71,4_S7,5.7878538e-09,5.3195364e-09,5.3774903e-07,1.1460098e-05,0.9999391,4.879871e-05,4_S7
c2_p090_20231227_o11,p090_20231227,90,4,2,73,4_S7,3.486018e-08,4.0804625e-07,2.9224617e-05,0.00019504095,0.99972934,4.6038378e-05,4_S7
c2_p090_20240115_o03,p090_20240115,90,4,2,76,4_S7,4.629873e-08,2.0985433e-07,1.0619882e-05,1.6994052e-05,0.9872097,0.012762503,4_S7
c2_p090_20240119_o02,p090_20240119,90,4,2,78,4_S7,1.0528676e-07,5.4830557e-06,3.1607833e-05,0.24603687,0.7539121,1.3860502e-05,4_S7
c2_p090_20240126_o01,p090_20240126,90,4,2,80,5_S8,4.2735465e-07,1.4115668e-06,9.21618e-05,3.99029e-06,0.17595388,0.82394814,5_S8
c2_p092_20231128_o01,p092_20231128,92,4,2,68,3_S6,2.6513005e-06,1.1846392e-05,0.00023970308,0.99963343,0.00010947876,2.8719442e-06,3_S6
c2_p092_20231130_o06,p092_20231130,92,4,2,69,3_S6,3.2845014e-07,5.84308e-07,5.9146882e-06,0.99986255,0.00013059369,2.229039e-08,3_S6
c2_p092_20231204_o09,p092_20231204,92,4,2,70,4_S7,9.335041e-08,4.3334893e-07,1.8573882e-06,0.9984804,0.0015172485,4.1590088e-08,3_S6
c2_p092_20231207_o10,p092_20231207,92,4,2,71,4_S7,1.9366253e-06,2.4735835e-05,0.00024548525,0.0146358125,0.9833688,0.0017231357,4_S7
c2_p092_20231211_o06,p092_20231211,92,4,2,72,4_S7,9.059032e-07,3.4728544e-06,0.00027463972,0.014566727,0.98487586,0.00027837922,4_S7
c2_p092_20231218_o07,p092_20231218,92,4,2,74,4_S7,7.598761e-06,1.4990522e-05,0.000889949,0.00039416912,0.9205466,0.07814669,4_S7
c2_p092_20231227_o02,p092_20231227,92,4,2,75,4_S7,6.4714714e-06,3.352193e-05,0.0008848098,0.00010717396,0.9840381,0.01492992,4_S7
c2_p092_20240115_o09,p092_20240115,92,4,2,76,4_S7,6.66436e-05,0.0009839241,0.0017295837,0.04529639,0.94606274,0.0058607096,4_S7
c2_p092_20240119_o10,p092_20240119,92,4,2,78,4_S7,1.0747738e-06,2.852937e-05,3.0587733e-05,0.00018922435,0.9823246,0.01742598,4_S7
c2_p092_20240126_o07,p092_20240126,92,4,2,83,5_S8,3.278778e-09,4.1686415e-10,2.9717338e-08,2.1577595e-10,1.7861643e-06,0.9999982,5_S8
c2_p100_20231128_o09,p100_20231128,100,4,2,66,3_S6,3.832196e-07,4.9876485e-06,3.2570548e-05,0.99944097,0.00049593556,2.511553e-05,3_S6
c2_p100_20231130_o12,p100_20231130,100,4,2,68,3_S6,4.465386e-08,4.0957954e-07,9.57569e-06,0.99859613,0.0013937503,8.796574e-09,3_S6
c2_p100_20231204_o03,p100_20231204,100,4,2,69,3_S6,4.3299572e-08,5.679435e-07,1.533528e-06,0.28536984,0.71462744,4.940076e-07,4_S7
c2_p100_20231207_o12,p100_20231207,100,4,2,68,3_S6,1.2682503e-08,3.1147158e-06,8.7641665e-06,0.004288013,0.99555063,0.00014950971,4_S7
c2_p100_20231211_o07,p100_20231211,100,4,2,69,3_S6,4.7423674e-07,9.502943e-06,8.773577e-06,0.069114394,0.93069065,0.00017624657,4_S7
c2_p100_20231218_o11,p100_20231218,100,4,2,70,4_S7,6.252518e-07,4.3124706e-07,1.5357113e-05,6.0474184e-05,0.9868738,0.013049289,4_S7
c2_p100_20231227_o01,p100_20231227,100,4,2,72,4_S7,2.3263006e-07,1.080491e-05,0.00027422534,0.00010306819,0.9956785,0.003933268,4_S7
c2_p100_20240115_o08,p100_20240115,100,4,2,75,4_S7,6.0412106e-07,1.5000451e-05,0.00015063332,0.00064736896,0.97762257,0.021563778,4_S7
c2_p100_20240119_o04,p100_20240119,100,4,2,77,4_S7,2.7464644e-06,1.3423862e-05,9.0837115e-05,0.0007561311,0.99625397,0.002882818,4_S7
c2_p100_20240126_o12,p100_20240126,100,4,2,79,4_S7,1.0961771e-06,2.1035543e-05,0.00010341466,2.3218977e-06,0.5237803,0.4760919,4_S7
