image_id,session,plant,fold,camera,bbch,cls,p_0_S1,p_1_S2,p_2_S5,p_3_S6,p_4_S7,p_5_S8,pred
c1_p005_20230816_o02,p005_20230816,5,0,1,65,3_S6,2.2344546e-08,1.7284092e-06,9.01804e-07,0.00036651085,0.99963045,3.4740464e-07,4_S7
c1_p005_20230921_o07,p005_20230921,5,0,1,77,4_S7,0.00015151492,0.0011495224,0.0042732223,0.0040810173,0.98933417,0.001010496,4_S7
c1_p005_20231005_o09,p005_20231005,5,0,1,79,4_S7,9.105244e-05,0.00034697782,0.0011173264,0.00187959,0.9945089,0.0020560962,4_S7
c1_p006_20230816_o04,p006_20230816,6,0,1,65,3_S6,6.97107e-05,0.0015292818,0.0003794838,0.9830768,0.014943513,1.18656e-06,3_S6
c1_p006_20230921_o02,p006_20230921,6,0,1,78,4_S7,2.1821872e-07,3.7307445e-06,5.7545964e-07,8.3913864e-07,0.99916553,0.0008291086,4_S7
c1_p006_20231005_o07,p006_20231005,6,0,1,79,4_S7,6.6832644e-07,1.7077324e-09,2.146587e-06,1.447168e-09,6.25496e-05,0.9999347,5_S8
c1_p008_20230816_o06,p008_20230816,8,0,1,63,3_S6,7.307356e-05,0.0021000276,0.0008441424,0.80574185,0.19122621,1.47879155e-05,3_S6
c1_p008_20230921_o03,p008_20230921,8,0,1,73,4_S7,1.8873094e-05,1.4423412e-05,0.002655299,4.2612133e-05,0.941995,0.055273738,4_S7
c1_p008_20231005_o11,p008_20231005,8,0,1,76,4_S7,7.9816244e-05,5.2867734e-05,0.0018487705,2.6512384e-06,0.010962373,0.98705345,5_S8
c1_p010_20230816_o07,p010_20230816,10,0,1,64,3_S6,0.0014669214,0.0021092072,0.0026949467,0.9698473,0.023872437,9.155166e-06,3_S6
c1_p010_20230921_o05,p010_20230921,10,0,1,72,4_S7,3.0556206e-05,3.831873e-05,0.008439134,0.00019681676,0.9898448,0.0014503885,4_S7
c1_p010_20231005_o03,p010_20231005,10,0,1,85,5_S8,0.00031940913,0.00022721889,0.033791076,7.1063354e-05,0.38688737,0.5787038,5_S8
c1_p016_20230816_o05,p016_20230816,16,0,1,70,4_S7,1.2859327e-06,0.00013343802,2.162026e-05,0.8820044,0.11783886,4.567298e-07,3_S6
c1_p016_20230921_o12,p016_20230921,16,0,1,75,4_S7,1.2625651e-06,4.9193583e-05,4.63774e-06,9.054693e-06,0.999366,0.0005698297,4_S7
c1_p016_20231005_o09,p016_20231005,16,0,1,77,4_S7,1.5173288e-07,1.1016555e-06,7.853335e-05,3.3940366e-06,0.9998522,6.461727e-05,4_S7
c1_p017_20230816_o06,p017_20230816,17,0,1,71,4_S7,0.000139773,0.0065603764,0.0011924538,0.9605433,0.031562097,2.0935997e-06,3_S6
c1_p017_20230921_o10,p017_20230921,17,0,1,74,4_S7,6.643433e-08,2.4758676e-05,8.3024185e-07,2.323192e-06,0.9999714,6.1274915e-07,4_S7
c1_p017_20231005_o06,p017_20231005,17,0,1,72,4_S7,2.574534e-08,5.783211e-07,2.0451862e-06,1.6248157e-05,0.9996449,0.00033628312,4_S7
c1_p025_20230828_o11,p025_20230828,25,0,1,16,0_S1,0.9923078,0.004385097,0.002901417,0.00028868896,5.53473e-05,6.158653e-05,0_S1
c1_p025_20230904_o03,p025_20230904,25,0,1,22,1_S2,0.031034114,0.027309766,0.71450824,0.19581078,0.03125749,7.96504e-05,2_S5
c1_p025_20230908_o12,p025_20230908,25,0,1,61,3_S6,0.0003195402,0.040500212,0.00042957277,0.93850195,0.0202432,5.6218887e-06,3_S6
c1_p025_20230921_o07,p025_20230921,25,0,1,70,4_S7,0.0010513003,0.01195165,0.020880494,0.06533016,0.9007282,5.8167472e-05,4_S7
c1_p025_20231006_o12,p025_20231006,25,0,1,72,4_S7,8.896486e-05,0.047030617,0.004387806,0.015669612,0.93265516,0.00016790545,4_S7
c1_p025_20231017_o04,p025_20231017,25,0,1,75,4_S7,9.786907e-07,0.00020241208,0.00087778264,0.01225425,0.98666406,5.3976163e-07,4_S7
c1_p025_20231023_o02,p025_20231023,25,0,1,76,4_S7,1.9273285e-12,4.3591335e-06,2.6991835e-09,4.940924e-05,0.99994624,4.4033746e-09,4_S7
c1_p025_20231027_o12,p025_20231027,25,0,1,77,4_S7,4.1743355e-08,0.00076767657,2.1052867e-06,3.6498503e-05,0.9987405,0.00045319725,4_S7
c1_p025_20231101_o07,p025_20231101,25,0,1,78,4_S7,9.931539e-08,0.010582465,2.0117574e-05,0.0020758035,0.9863651,0.00095647277,4_S7
c1_p025_20231106_o01,p025_20231106,25,0,1,79,4_S7,9.0009694e-10,6.334701e-06,3.3008118e-07,2.2875528e-09,0.9997341,0.00025924476,4_S7
c1_p025_20231109_o12,p025_20231109,25,0,1,79,4_S7,7.164255e-06,0.09055341,0.0006981501,3.7869137e-05,0.89849067,0.01021275,4_S7
c1_p025_20231120_o02,p025_20231120,25,0,1,81,5_S8,2.3075224e-08,1.4243444e-06,2.1582755e-06,1.09952225e-08,3.9569255e-05,0.99995685,5_S8
c1_p025_20231124_o04,p025_20231124,25,0,1,81,5_S8,0.0004257013,0.012625069,0.020417666,0.00032294818,0.17232904,0.79387957,5_S8
c1_p025_20231127_o09,p025_20231127,25,0,1,81,5_S8,5.999316e-05,0.03750059,0.0049398206,5.319364e-05,0.0052841054,0.9521623,5_S8
c1_p025_20231130_o12,p025_20231130,25,0,1,81,5_S8,6.16121e-05,4.859848e-06,0.0020865789,5.2730287e-05,0.061141558,0.93665266,5_S8
c1_p030_20230828_o03,p030_20230828,30,0,1,15,0_S1,0.64652026,0.33502498,0.017800977,0.00045393387,0.00012628383,7.351937e-05,0_S1
c1_p030_20230904_o12,p030_20230904,30,0,1,53,2_S5,0.4143684,0.042661466,0.14590068,0.38637644,0.01063991,5.313795e-05,0_S1
c1_p030_20230908_o03,p030_20230908,30,0,1,62,3_S6,0.00013657042,0.009283003,0.0052289725,0.9310897,0.05420388,5.7832294e-05,3_S6
c1_p030_20230921_o03,p030_20230921,30,0,1,70,4_S7,7.8585595e-05,0.006093701,0.0056596925,0.04936812,0.9386146,0.00018538209,4_S7
c1_p030_20231006_o12,p030_20231006,30,0,1,73,4_S7,3.2762262e-07,1.1078243e-05,8.672308e-06,0.000114276205,0.9998653,2.7436937e-07,4_S7
c1_p030_20231017_o02,p030_20231017,30,0,1,75,4_S7,1.6688375e-07,6.713413e-05,1.1174749e-06,1.9956701e-06,0.99992764,2.0690034e-06,4_S7
c1_p030_20231023_o04,p030_20231023,30,0,1,76,4_S7,1.9152264e-09,1.6792692e-05,1.9631475e-06,9.705975e-07,0.9999782,2.125991e-06,4_S7
c1_p030_20231027_o04,p030_20231027,30,0,1,77,4_S7,2.72927e-07,0.0013189948,8.468833e-05,8.46977e-05,0.998417,9.4270385e-05,4_S7
c1_p030_20231101_o01,p030_20231101,30,0,1,78,4_S7,3.7933446e-06,0.0017267844,0.00014198411,6.943885e-06,0.21800537,0.7801152,5_S8
c1_p030_20231106_o08,p030_20231106,30,0,1,79,4_S7,1.0879635e-06,1.4366742e-05,2.5729558e-05,1.0186545e-05,0.995394,0.004554643,4_S7
c1_p030_20231109_o04,p030_20231109,30,0,1,79,4_S7,6.8071566e-09,3.847935e-06,5.75988e-07,5.4573484e-06,0.9999722,1.7832288e-05,4_S7
c1_p030_20231120_o03,p030_20231120,30,0,1,81,5_S8,2.6598054e-05,0.0044019795,0.0007487637,6.875512e-06,0.020897768,0.97391814,5_S8
c1_p030_20231124_o10,p030_20231124,30,0,1,82,5_S8,0.00019872564,0.00031654313,0.03204441,4.3183227e-05,0.0027201527,0.96467686,5_S8
c1_p030_20231127_o02,p030_20231127,30,0,1,85,5_S8,1.5990772e-06,1.1319286e-06,8.311275e-05,3.297325e-07,0.00077000406,0.9991437,5_S8
c1_p030_20231130_o06,p030_20231130,30,0,1,87,5_S8,0.0012050496,3.0860592e-05,0.0025581103,0.00015373804,0.005534552,0.9905178,5_S8
c1_p035_20230828_o11,p035_20230828,35,0,1,14,0_S1,0.98300433,4.675992e-05,0.014726718,0.0020534885,8.245548e-05,8.6160966e-05,0_S1
c1_p035_20230904_o01,p035_20230904,35,0,1,16,0_S1,5.261873e-05,6.2056056e-06,0.9990501,0.00085560797,3.539311e-05,7.246714e-08,2_S5
c1_p035_20230908_o08,p035_20230908,35,0,1,52,2_S5,0.10179643,0.01871852,0.33032286,0.5226103,0.026489945,6.1939936e-05,3_S6
c1_p035_20230921_o06,p035_20230921,35,0,1,52,2_S5,0.00013385585,0.0033662305,0.0025754338,0.9938315,9.251309e-05,4.948899e-07,3_S6
c1_p035_20231006_o07,p035_20231006,35,0,1,52,2_S5,0.0067968667,0.022821018,0.016277801,0.28464732,0.66938436,7.26386e-05,4_S7
c1_p035_20231017_o05,p035_20231017,35,0,1,52,2_S5,6.39626e-05,0.007952836,0.0003382362,0.0013238095,0.99029833,2.2825938e-05,4_S7
c1_p035_20231023_o05,p035_20231023,35,0,1,52,2_S5,5.086935e-10,1.2601458e-05,1.7080263e-06,1.7760654e-07,0.999985,5.141152e-07,4_S7
c1_p035_20231027_o02,p035_20231027,35,0,1,52,2_S5,1.0410789e-06,0.92306995,7.606875e-05,0.0003275986,0.075400196,0.0011251584,1_S2
c1_p035_20231101_o11,p035_20231101,35,0,1,52,2_S5,1.1244651e-08,0.00046409058,3.826601e-06,9.409588e-05,0.9994261,1.1894464e-05,4_S7
c1_p035_20231106_o08,p035_20231106,35,0,1,52,2_S5,3.5113021e-09,2.6601487e-05,1.5672934e-07,6.478485e-06,0.99996614,6.9057256e-07,4_S7
c1_p035_20231109_o09,p035_20231109,35,0,1,52,2_S5,2.180396e-06,0.5211059,0.00022011237,0.0021555212,0.3743714,0.102144964,1_S2
c1_p035_20231120_o07,p035_20231120,35,0,1,52,2_S5,4.429453e-06,0.06237813,0.00021741766,3.2456534e-05,0.93169963,0.0056678536,4_S7
c1_p035_20231124_o01,p035_20231124,35,0,1,52,2_S5,0.0029837356,0.17022008,0.5149662,0.042202532,0.17077127,0.09885616,2_S5
c1_p035_20231127_o10,p035_20231127,35,0,1,52,2_S5,4.4561006e-07,0.0005120945,7.660185e-06,7.3819e-07,0.014470204,0.98500896,5_S8
c1_p035_20231130_o06,p035_20231130,35,0,1,52,2_S5,0.00021590621,0.016714076,0.047534194,0.000708073,0.09134267,0.8434851,5_S8
c1_p036_20230828_o07,p036_20230828,36,0,1,51,2_S5,0.95111954,0.0020981918,0.008591149,0.037961215,0.0002150145,1.4863361e-05,0_S1
c1_p036_20230904_o04,p036_20230904,36,0,1,60,3_S6,0.010946765,0.3769872,0.20534396,0.40461555,0.0021003312,6.1221476e-06,3_S6
c1_p036_20230908_o01,p036_20230908,36,0,1,63,3_S6,0.00045357153,0.00022456737,0.00088412216,0.9926864,0.0057509756,4.098218e-07,3_S6
c1_p036_20230921_o03,p036_20230921,36,0,1,70,4_S7,6.1719554e-08,0.0001324253,3.7209273e-05,0.05615283,0.9436774,8.698405e-09,4_S7
c1_p036_20231006_o01,p036_20231006,36,0,1,72,4_S7,4.9205518e-08,7.286651e-05,6.026845e-07,3.2386448e-05,0.9998864,7.761169e-06,4_S7
c1_p036_20231017_o03,p036_20231017,36,0,1,73,4_S7,7.3280624e-08,8.086201e-06,1.626865e-06,2.5919e-06,0.99998736,1.4617103e-07,4_S7
c1_p036_20231023_o02,p036_20231023,36,0,1,74,4_S7,9.6506e-07,0.01507695,0.0003921404,0.03483757,0.9496861,6.139243e-06,4_S7
c1_p036_20231027_o05,p036_20231027,36,0,1,75,4_S7,2.2376422e-05,0.0598471,0.003518783,0.011627777,0.9247752,0.00020871156,4_S7
c1_p036_20231101_o09,p036_20231101,36,0,1,76,4_S7,2.2220368e-09,0.00016552929,2.2925657e-05,0.0035379066,0.99627364,3.2484373e-08,4_S7
c1_p036_20231106_o06,p036_20231106,36,0,1,77,4_S7,0.00021724912,0.051062252,0.0037454984,0.6665202,0.2176048,0.060849994,3_S6
c1_p036_20231109_o04,p036_20231109,36,0,1,78,4_S7,3.668691e-05,0.40497148,0.0022696285,0.00225545,0.5799205,0.010546276,4_S7
c1_p036_20231120_o10,p036_20231120,36,0,1,81,5_S8,3.929581e-06,0.011841839,0.0004075078,2.5060579e-05,0.48562422,0.5020974,5_S8
c1_p036_20231124_o08,p036_20231124,36,0,1,82,5_S8,0.0004339347,0.025566954,0.009401476,0.0018758954,0.21834198,0.74437976,5_S8
c1_p036_20231127_o04,p036_20231127,36,0,1,83,5_S8,0.001616267,0.0012517642,0.06360895,0.0017100201,0.072660476,0.8591526,5_S8
c1_p036_20231130_o05,p036_20231130,36,0,1,84,5_S8,0.00042689728,0.00030515506,0.025799066,0.00019348688,0.008715576,0.96455985,5_S8
c1_p054_20230929_o02,p054_20230929,54,0,1,13,0_S1,0.99995816,2.1148974e-06,2.8809352e-06,1.7320008e-06,8.61693e-07,3.433359e-05,0_S1
c1_p054_20231004_o11,p054_20231004,54,0,1,13,0_S1,0.9504859,0.010679412,0.0038253197,0.00046848532,0.008172586,0.026368288,0_S1
c1_p054_20231011_o12,p054_20231011,54,0,1,14,0_S1,0.9929054,0.00023000428,0.0029891126,0.0012738212,0.0022286715,0.0003729079,0_S1
c1_p054_20231017_o04,p054_20231017,54,0,1,53,2_S5,0.66517603,0.25571436,0.019873152,0.0026776022,0.050478406,0.0060803485,0_S1
c1_p054_20231019_o06,p054_20231019,54,0,1,53,2_S5,0.20957436,0.08974627,0.6833171,0.013922887,0.003039668,0.00039973154,2_S5
c1_p054_20231023_o06,p054_20231023,54,0,1,60,3_S6,0.0010395334,0.0070167338,0.038636457,0.2156058,0.73746866,0.00023275218,4_S7
c1_p054_20231027_o07,p054_20231027,54,0,1,65,3_S6,0.0044482914,0.048512977,0.67155474,0.11684566,0.15721667,0.0014216766,2_S5
c1_p054_20231101_o11,p054_20231101,54,0,1,65,3_S6,0.00012827954,0.0070221173,0.13495634,0.8262958,0.031577054,2.036696e-05,3_S6
c1_p054_20231106_o02,p054_20231106,54,0,1,68,3_S6,1.3689361e-05,0.0024708188,0.003795373,0.018563265,0.97504073,0.00011606201,4_S7
c1_p054_20231109_o05,p054_20231109,54,0,1,70,4_S7,2.0106014e-05,5.3783086e-05,0.00013756749,0.07162924,0.9281035,5.5765788e-05,4_S7
c1_p054_20231120_o02,p054_20231120,54,0,1,71,4_S7,3.4721565e-05,0.00018769206,6.6312496e-05,0.00070653984,0.98366654,0.015338133,4_S7
c1_p054_20231127_o02,p054_20231127,54,0,1,73,4_S7,1.3560025e-07,1.5372381e-05,1.9564527e-06,0.0030881893,0.9962477,0.00064676173,4_S7
c1_p054_20231130_o04,p054_20231130,54,0,1,75,4_S7,8.413696e-05,7.5372714e-05,0.0007807708,0.02827387,0.9697581,0.0010277014,4_S7
c1_p054_20231204_o04,p054_20231204,54,0,1,78,4_S7,1.664462e-06,4.5152437e-06,1.7472157e-05,0.0020636464,0.9978896,2.306712e-05,4_S7
c1_p054_20231211_o04,p054_20231211,54,0,1,79,4_S7,2.0116584e-06,1.1971065e-05,4.6731813e-05,0.023844378,0.97604275,5.2142157e-05,4_S7
c1_p054_20231214_o11,p054_20231214,54,0,1,79,4_S7,3.699164e-07,4.617085e-05,1.0537455e-06,6.948014e-05,0.99873346,0.00114946,4_S7
c1_p054_20231218_o07,p054_20231218,54,0,1,79,4_S7,1.149478e-06,8.317089e-05,2.0388592e-05,0.003291602,0.9956703,0.00093326817,4_S7
c1_p054_20231227_o03,p054_20231227,54,0,1,79,4_S7,4.325598e-05,0.049750816,0.0006640406,0.0002956672,0.16738838,0.7818579,5_S8
c1_p054_20240104_o08,p054_20240104,54,0,1,82,5_S8,1.8974046e-05,0.0008896816,0.00012567951,4.4837463e-05,0.79801035,0.20091055,4_S7
c1_p057_20230929_o10,p057_20230929,57,0,1,13,0_S1,0.99995553,1.1296123e-05,2.610177e-05,3.2928754e-06,1.7201123e-07,3.5962555e-06,0_S1
c1_p057_20231004_o08,p057_20231004,57,0,1,13,0_S1,0.9987919,0.00023817677,0.0006607915,5.6774297e-05,6.186321e-05,0.00019042549,0_S1
c1_p057_20231011_o05,p057_20231011,57,0,1,21,1_S2,0.85240465,0.009718848,0.13463488,0.0028267591,0.0003983236,1.654092e-05,0_S1
c1_p057_20231017_o10,p057_20231017,57,0,1,60,3_S6,1.7204824e-05,2.2668994e-05,0.999752,0.00011748317,9.054739e-05,1.3887137e-07,2_S5
c1_p057_20231019_o01,p057_20231019,57,0,1,61,3_S6,0.0001597474,0.00354724,0.3496693,0.6463687,0.00025486926,1.0764665e-07,3_S6
c1_p057_20231023_o09,p057_20231023,57,0,1,64,3_S6,5.0906496e-05,0.0055729393,0.09968915,0.79211366,0.10257185,1.4952321e-06,3_S6
c1_p057_20231027_o05,p057_20231027,57,0,1,65,3_S6,4.8062475e-08,0.0004321702,0.002982977,0.37761503,0.6189697,4.5354216e-08,4_S7
c1_p057_20231101_o02,p057_20231101,57,0,1,67,3_S6,2.7009464e-06,0.0021114836,0.09240833,0.9029025,0.002574871,6.009881e-08,3_S6
c1_p057_20231106_o11,p057_20231106,57,0,1,70,4_S7,1.3300914e-08,0.00035209302,2.924437e-06,0.9937692,0.005872522,3.2007845e-06,3_S6
c1_p057_20231109_o10,p057_20231109,57,0,1,71,4_S7,9.297066e-08,6.828654e-05,0.00012217238,0.976428,0.023367777,1.3647321e-05,3_S6
c1_p057_20231120_o05,p057_20231120,57,0,1,73,4_S7,5.2617516e-08,1.4180078e-05,2.1438382e-06,1.4030361e-05,0.9966724,0.0032972076,4_S7
c1_p057_20231127_o04,p057_20231127,57,0,1,75,4_S7,4.6263984e-09,1.2742947e-07,3.1888284e-08,3.5789844e-07,0.9999896,9.881276e-06,4_S7
c1_p057_20231130_o12,p057_20231130,57,0,1,77,4_S7,3.9885302e-07,1.9618683e-06,2.5293499e-05,0.0009662237,0.9975955,0.0014106513,4_S7
c1_p057_20231204_o04,p057_20231204,57,0,1,78,4_S7,8.029996e-08,2.1546216e-06,3.6224705e-07,2.2788354e-06,0.99989223,0.00010278503,4_S7
c1_p057_20231211_o11,p057_20231211,57,0,1,79,4_S7,8.8845303e-07,2.785878e-06,6.0450247e-06,0.0011365244,0.99686396,0.0019898962,4_S7
c1_p057_20231214_o03,p057_20231214,57,0,1,79,4_S7,8.773429e-07,4.5744528e-06,2.2517597e-07,8.611179e-06,0.9996848,0.0003010001,4_S7
c1_p057_20231218_o08,p057_20231218,57,0,1,79,4_S7,5.8765232e-05,0.00020769985,0.00018423524,0.00037949995,0.99830997,0.00085977785,4_S7
c1_p057_20231227_o02,p057_20231227,57,0,1,80,5_S8,0.00052567356,0.011538638,0.010309538,0.00080281217,0.4135459,0.5632774,5_S8
c1_p057_20240104_o06,p057_20240104,57,0,1,83,5_S8,0.00013213164,0.0009570655,0.0010871316,8.184977e-05,0.5674285,0.43031326,4_S7
c1_p066_20231006_o04,p066_20231006,66,0,1,13,0_S1,0.9997173,6.8301524e-06,2.4138353e-05,5.937717e-06,2.8461738e-05,0.00021720852,0_S1
c1_p066_20231011_o07,p066_20231011,66,0,1,13,0_S1,0.99994385,3.5888095e-06,7.878537e-06,2.1742665e-06,6.349725e-06,3.6194255e-05,0_S1
c1_p066_20231017_o07,p066_20231017,66,0,1,13,0_S1,0.9954325,0.00029960688,0.00039663914,0.00010403428,0.0023886107,0.001378607,0_S1
c1_p066_20231019_o05,p066_20231019,66,0,1,13,0_S1,0.9999851,2.6191074e-06,1.10591545e-05,1.5944252e-07,8.16018e-08,8.9945746e-07,0_S1
c1_p066_20231023_o07,p066_20231023,66,0,1,13,0_S1,0.8894487,0.033180285,0.048796937,0.008767621,0.015353359,0.0044531217,0_S1
c1_p066_20231027_o12,p066_20231027,66,0,1,14,0_S1,0.13117033,0.0009165351,0.86688423,0.0009703389,2.6132548e-05,3.251426e-05,2_S5
c1_p066_20231101_o05,p066_20231101,66,0,1,53,2_S5,0.00013913959,0.0021308854,0.9976526,7.670196e-05,5.884572e-07,1.2369307e-07,2_S5
c1_p066_20231106_o03,p066_20231106,66,0,1,60,3_S6,4.0816907e-05,0.001700043,0.9148795,0.0832623,0.00011699554,3.6228323e-07,2_S5
c1_p066_20231109_o11,p066_20231109,66,0,1,65,3_S6,2.850099e-07,0.0006007028,5.937064e-05,0.9992999,3.973882e-05,8.658384e-09,3_S6
c1_p066_20231120_o02,p066_20231120,66,0,1,67,3_S6,3.3994606e-08,4.4539793e-05,1.8474748e-05,0.013011975,0.9869249,7.13333e-08,4_S7
c1_p066_20231127_o08,p066_20231127,66,0,1,70,4_S7,3.277241e-07,2.055828e-06,1.49091e-06,0.003270323,0.99671483,1.0902132e-05,4_S7
c1_p066_20231130_o08,p066_20231130,66,0,1,71,4_S7,6.8619335e-07,5.1588904e-05,3.292428e-06,0.0013478616,0.9983942,0.00020224413,4_S7
c1_p066_20231204_o07,p066_20231204,66,0,1,73,4_S7,8.567536e-06,9.6920776e-05,4.536434e-05,0.0016005402,0.998116,0.0001326806,4_S7
c1_p066_20231211_o01,p066_20231211,66,0,1,75,4_S7,7.177351e-08,2.6115268e-07,1.4964036e-07,1.1139402e-05,0.9999529,3.5393892e-05,4_S7
c1_p066_20231214_o01,p066_20231214,66,0,1,78,4_S7,3.4074858e-07,7.978291e-06,3.944188e-06,3.1743788e-05,0.9997191,0.00023690093,4_S7
c1_p066_20231218_o11,p066_20231218,66,0,1,79,4_S7,2.5427228e-06,0.00035835884,0.00038102557,0.0035672404,0.95735544,0.038335405,4_S7
c1_p066_20231227_o10,p066_20231227,66,0,1,80,5_S8,3.3391364e-06,9.664282e-05,6.5078195e-05,8.2430044e-05,0.9646429,0.03510965,4_S7
c1_p066_20240115_o04,p066_20240115,66,0,1,82,5_S8,6.3601084e-07,0.00012832429,1.8597722e-05,2.3434925e-06,0.00016567658,0.99968433,5_S8
c1_p066_20240119_o05,p066_20240119,66,0,1,82,5_S8,1.8592152e-07,7.8276564e-05,1.2555798e-05,1.3724954e-05,1.9336876e-05,0.9998759,5_S8
c1_p066_20240126_o07,p066_20240126,66,0,1,84,5_S8,1.1782801e-05,0.0009106411,0.00026616047,0.0002783624,0.0012648529,0.9972683,5_S8
c1_p069_20231006_o11,p069_20231006,69,0,1,13,0_S1,0.9997812,8.327469e-06,2.0525164e-05,3.9800316e-06,1.2409479e-05,0.00017361242,0_S1
c1_p069_20231011_o06,p069_20231011,69,0,1,13,0_S1,0.9999974,1.4686304e-07,1.0636309e-06,1.4847438e-07,5.9686855e-08,1.1802787e-06,0_S1
c1_p069_20231017_o08,p069_20231017,69,0,1,13,0_S1,0.9992986,3.543106e-05,0.00057461415,2.0404621e-05,3.4986067e-05,3.5916706e-05,0_S1
c1_p069_20231019_o12,p069_20231019,69,0,1,14,0_S1,0.9993143,2.500662e-05,0.0003847194,2.845781e-05,6.735375e-05,0.0001803166,0_S1
c1_p069_20231023_o09,p069_20231023,69,0,1,14,0_S1,0.9141845,0.075951695,0.008903478,0.00057762116,0.00030906912,7.365776e-05,0_S1
c1_p069_20231027_o12,p069_20231027,69,0,1,15,0_S1,0.3668241,0.0011339779,0.6313847,0.00046118585,6.6352804e-05,0.00012969857,2_S5
c1_p069_20231101_o08,p069_20231101,69,0,1,53,2_S5,1.1012457e-05,0.00013799556,0.9980673,0.0017824036,1.2610267e-06,1.00977795e-08,2_S5
c1_p069_20231106_o12,p069_20231106,69,0,1,61,3_S6,9.367618e-11,9.645324e-08,8.875087e-06,0.9999902,7.397877e-07,1.6106966e-12,3_S6
c1_p069_20231109_o11,p069_20231109,69,0,1,66,3_S6,1.23089525e-11,3.8534804e-08,8.057564e-08,0.998398,0.001601892,4.9733095e-10,3_S6
c1_p069_20231120_o06,p069_20231120,69,0,1,70,4_S7,2.6341526e-05,9.527934e-05,0.0030530577,0.96873885,0.02803065,5.5907556e-05,3_S6
c1_p069_20231127_o09,p069_20231127,69,0,1,72,4_S7,3.462694e-06,1.2558957e-05,1.8543278e-05,0.064510316,0.9354274,2.771914e-05,4_S7
c1_p069_20231130_o07,p069_20231130,69,0,1,73,4_S7,0.00019708188,0.0038291276,0.033723354,0.0089048445,0.7558463,0.19749932,4_S7
c1_p069_20231204_o04,p069_20231204,69,0,1,74,4_S7,0.00030827787,0.00015775481,0.0015407751,0.16729186,0.82920414,0.0014971478,4_S7
c1_p069_20231211_o05,p069_20231211,69,0,1,76,4_S7,1.3635378e-05,0.0011784502,3.1864096e-05,0.00048180734,0.9608059,0.037488375,4_S7
c1_p069_20231214_o05,p069_20231214,69,0,1,77,4_S7,1.9966308e-06,1.2960315e-05,1.6130534e-06,1.9245766e-05,0.9993905,0.0005735673,4_S7
c1_p069_20231218_o05,p069_20231218,69,0,1,78,4_S7,1.1260061e-08,1.0596958e-07,2.559591e-07,5.33553e-07,0.9999982,9.038711e-07,4_S7
c1_p069_20231227_o06,p069_20231227,69,0,1,79,4_S7,3.6740982e-08,9.7138425e-08,1.0602938e-06,4.895666e-06,0.9999926,1.2918015e-06,4_S7
c1_p069_20240115_o04,p069_20240115,69,0,1,82,5_S8,7.049732e-07,5.2137684e-06,1.10830515e-05,1.9855445e-07,0.76955485,0.23042795,4_S7
c1_p069_20240119_o06,p069_20240119,69,0,1,82,5_S8,2.4585495e-06,1.6590693e-05,1.6291211e-05,4.9382634e-06,0.0016669842,0.99829286,5_S8
c1_p069_20240126_o09,p069_20240126,69,0,1,84,5_S8,3.670242e-07,1.8775346e-06,1.2386022e-05,1.749172e-06,0.00014700751,0.99983656,5_S8
c1_p070_20231006_o08,p070_20231006,70,0,1,13,0_S1,0.9999957,7.9540837e-07,1.8431697e-06,2.1120589e-07,2.5279292e-07,1.3112253e-06,0_S1
c1_p070_20231011_o08,p070_20231011,70,0,1,13,0_S1,0.9999038,4.1561638e-05,3.539033e-05,5.464615e-06,5.5662863e-06,8.134452e-06,0_S1
c1_p070_20231017_o03,p070_20231017,70,0,1,13,0_S1,0.99381095,0.0025481659,0.0028513242,6.229224e-05,0.00026155176,0.00046564967,0_S1
c1_p070_20231019_o02,p070_20231019,70,0,1,14,0_S1,0.9931671,4.5569e-05,0.00663031,6.865061e-05,3.720585e-05,5.115034e-05,0_S1
c1_p070_20231023_o03,p070_20231023,70,0,1,14,0_S1,0.73887485,0.005738935,0.25529987,7.213954e-05,6.8395602e-06,7.3553633e-06,0_S1
c1_p070_20231027_o01,p070_20231027,70,0,1,21,1_S2,0.0024835526,0.00021303588,0.99706906,0.00022983193,4.343549e-06,2.738281e-07,2_S5
c1_p070_20231101_o12,p070_20231101,70,0,1,60,3_S6,4.2546326e-05,0.00057351135,0.99905294,0.00033093913,6.018788e-08,1.0753235e-10,2_S5
c1_p070_20231106_o08,p070_20231106,70,0,1,62,3_S6,6.6362504e-06,0.00298144,0.0033745694,0.99214387,0.00015077944,0.0013427819,3_S6
c1_p070_20231109_o07,p070_20231109,70,0,1,65,3_S6,1.4314303e-05,0.0043825023,0.0060192123,0.98432356,0.004359137,0.0009013277,3_S6
c1_p070_20231120_o03,p070_20231120,70,0,1,70,4_S7,1.2741626e-06,0.0008568457,0.0013935867,0.90404594,0.093694024,8.37585e-06,3_S6
c1_p070_20231127_o07,p070_20231127,70,0,1,71,4_S7,1.347946e-07,1.128361e-06,1.1862768e-06,0.0026685288,0.99732816,9.086111e-07,4_S7
c1_p070_20231130_o09,p070_20231130,70,0,1,73,4_S7,1.5530457e-05,0.0009874613,0.00034285494,0.0025500695,0.99554366,0.00056039233,4_S7
c1_p070_20231204_o04,p070_20231204,70,0,1,75,4_S7,9.694131e-08,9.689999e-06,1.1316399e-06,3.7616253e-06,0.99992394,6.145952e-05,4_S7
c1_p070_20231211_o04,p070_20231211,70,0,1,76,4_S7,3.263963e-05,0.0019768807,0.00027447435,0.0014259178,0.77764773,0.21864237,4_S7
c1_p070_20231214_o02,p070_20231214,70,0,1,77,4_S7,1.8158902e-08,1.0022926e-06,2.1543644e-07,0.00010936583,0.99988496,4.4218373e-06,4_S7
c1_p070_20231218_o04,p070_20231218,70,0,1,78,4_S7,1.4391217e-05,0.0021236057,6.9256406e-05,0.0043308106,0.9930026,0.00045930268,4_S7
c1_p070_20231227_o05,p070_20231227,70,0,1,79,4_S7,3.8493767e-05,0.0072250403,0.0012683786,0.0022034624,0.93471426,0.054550495,4_S7
c1_p070_20240115_o04,p070_20240115,70,0,1,83,5_S8,5.88694e-06,9.981817e-07,6.29245e-06,8.180272e-06,0.04627784,0.9537008,5_S8
c1_p070_20240119_o04,p070_20240119,70,0,1,84,5_S8,4.2593136e-05,2.8615646e-05,8.882575e-05,0.0004215591,0.8472872,0.15213127,4_S7
c1_p070_20240126_o01,p070_20240126,70,0,1,88,5_S8,0.00011576557,1.891922e-05,0.0026952946,0.0002331063,0.8043441,0.19259273,4_S7
c1_p075_20231006_o05,p075_20231006,75,0,1,13,0_S1,0.9997819,1.6201655e-05,2.174857e-05,2.193162e-06,1.6225931e-05,0.00016178195,0_S1
c1_p075_20231011_o01,p075_20231011,75,0,1,13,0_S1,0.9999988,3.3238784e-08,3.9999543e-07,1.0452392e-07,9.685375e-08,5.8587864e-07,0_S1
c1_p075_20231017_o05,p075_20231017,75,0,1,13,0_S1,0.9988381,0.0009899413,0.00014577745,2.364997e-06,6.351141e-06,1.7520917e-05,0_S1
c1_p075_20231019_o07,p075_20231019,75,0,1,14,0_S1,0.9884509,0.000599745,0.010769164,7.70072e-05,4.6932673e-05,5.6312063e-05,0_S1
c1_p075_20231023_o02,p075_20231023,75,0,1,14,0_S1,0.9253335,0.0004955204,0.07380868,0.00034452154,8.704843e-06,9.107125e-06,0_S1
c1_p075_20231027_o04,p075_20231027,75,0,1,53,2_S5,0.08302289,0.016635705,0.89933485,0.000995412,5.3729773e-06,5.6879126e-06,2_S5
c1_p075_20231101_o01,p075_20231101,75,0,1,53,2_S5,1.0248326e-06,2.2721256e-06,0.9996263,0.00037026845,2.1257608e-07,1.1330699e-09,2_S5
c1_p075_20231106_o12,p075_20231106,75,0,1,54,2_S5,0.00053663884,0.44760934,0.006160145,0.5397917,0.0052975593,0.0006045792,3_S6
c1_p075_20231109_o04,p075_20231109,75,0,1,60,3_S6,6.3351615e-07,0.0010384233,0.0005683143,0.9979784,0.00041416424,1.05988576e-07,3_S6
c1_p075_20231120_o06,p075_20231120,75,0,1,68,3_S6,9.197868e-10,3.593036e-07,2.2869928e-08,4.7323487e-05,0.9999522,1.1986197e-07,4_S7
c1_p075_20231127_o12,p075_20231127,75,0,1,73,4_S7,5.8502897e-06,0.0003244905,0.00011098823,0.010330464,0.9891261,0.00010213498,4_S7
c1_p075_20231130_o09,p075_20231130,75,0,1,74,4_S7,3.1791699e-06,2.4235711e-05,9.340879e-05,0.027929153,0.9719335,1.6658516e-05,4_S7
c1_p075_20231204_o11,p075_20231204,75,0,1,75,4_S7,1.1807557e-05,3.7197804e-06,0.00012313394,0.124866754,0.87496847,2.6060558e-05,4_S7
c1_p075_20231211_o03,p075_20231211,75,0,1,76,4_S7,6.6376987e-07,6.08325e-06,8.874252e-06,0.00011570206,0.99936515,0.0005035454,4_S7
c1_p075_20231214_o09,p075_20231214,75,0,1,77,4_S7,4.1109215e-06,8.593423e-05,1.699885e-05,0.0004607128,0.99507,0.0043622847,4_S7
c1_p075_20231218_o05,p075_20231218,75,0,1,78,4_S7,0.00021913246,0.00063323084,0.021568067,0.00088948617,0.78281695,0.19387312,4_S7
c1_p075_20231227_o06,p075_20231227,75,0,1,80,5_S8,1.798498e-05,0.00039223675,0.0003556831,1.7977021e-05,0.9964037,0.0028125057,4_S7
c1_p075_20240115_o08,p075_20240115,75,0,1,83,5_S8,2.506573e-07,0.0005609633,0.00020575365,1.361842e-06,0.039738316,0.9594934,5_S8
c1_p075_20240119_o11,p075_20240119,75,0,1,85,5_S8,3.7828393e-08,2.064179e-06,1.5189097e-06,6.164778e-07,0.00050840346,0.9994874,5_S8
c1_p075_20240126_o03,p075_20240126,75,0,1,87,5_S8,2.1404314e-06,2.613334e-06,2.2401016e-05,4.1238463e-06,5.5141212e-05,0.9999136,5_S8
c1_p079_20231006_o12,p079_20231006,79,0,1,13,0_S1,0.99985325,8.949651e-07,1.301339e-05,3.1070526e-06,1.1958159e-05,0.00011779847,0_S1
c1_p079_20231011_o01,p079_20231011,79,0,1,13,0_S1,0.99998474,1.2135088e-07,1.1099788e-05,6.477366e-07,2.8669606e-07,3.1636687e-06,0_S1
c1_p079_20231017_o11,p079_20231017,79,0,1,13,0_S1,0.9999856,2.0159334e-07,1.0261836e-05,1.1812107e-06,3.242526e-07,2.4628876e-06,0_S1
c1_p079_20231019_o05,p079_20231019,79,0,1,14,0_S1,0.9532315,0.0039831335,0.012809161,0.0004736521,0.02542476,0.0040777936,0_S1
c1_p079_20231023_o12,p079_20231023,79,0,1,14,0_S1,0.9919194,3.9429942e-05,0.0075076283,0.0001551776,0.00018402365,0.00019434065,0_S1
c1_p079_20231027_o09,p079_20231027,79,0,1,20,1_S2,0.22687109,0.00021709726,0.77082664,0.0020278182,3.395428e-05,2.334997e-05,2_S5
c1_p079_20231101_o10,p079_20231101,79,0,1,52,2_S5,1.0881442e-05,0.0030288077,0.9929011,0.0040171994,4.1942432e-05,1.163892e-07,2_S5
c1_p079_20231106_o01,p079_20231106,79,0,1,65,3_S6,8.35382e-08,2.1090668e-06,0.00031486474,0.9996724,1.0436979e-05,1.7691482e-07,3_S6
c1_p079_20231109_o11,p079_20231109,79,0,1,69,3_S6,5.388639e-08,6.2686166e-05,0.00062937575,0.9992995,8.198276e-06,6.2825215e-08,3_S6
c1_p079_20231120_o05,p079_20231120,79,0,1,70,4_S7,4.7288733e-08,0.00033996918,6.35153e-06,0.07748925,0.9221636,8.087163e-07,4_S7
c1_p079_20231127_o10,p079_20231127,79,0,1,73,4_S7,1.8033552e-07,4.9789173e-06,5.0053304e-06,0.049626604,0.9503619,1.2417889e-06,4_S7
c1_p079_20231130_o04,p079_20231130,79,0,1,74,4_S7,9.280073e-08,2.680831e-07,1.0890343e-06,1.2302627e-05,0.9999796,6.625298e-06,4_S7
c1_p079_20231204_o12,p079_20231204,79,0,1,75,4_S7,1.2501791e-08,1.8245254e-07,1.06487185e-07,1.923843e-06,0.9999956,2.1666829e-06,4_S7
c1_p079_20231211_o12,p079_20231211,79,0,1,76,4_S7,3.9540593e-09,5.9858074e-08,3.948198e-08,5.376016e-06,0.99992085,7.374936e-05,4_S7
c1_p079_20231214_o03,p079_20231214,79,0,1,77,4_S7,2.4545261e-05,1.8266599e-05,1.6239943e-05,0.0002127166,0.99956363,0.0001646123,4_S7
c1_p079_20231218_o08,p079_20231218,79,0,1,78,4_S7,1.8845347e-07,5.8821413e-05,2.158533e-05,0.0009551178,0.9989613,2.9646126e-06,4_S7
c1_p079_20231227_o02,p079_20231227,79,0,1,79,4_S7,3.891321e-07,6.044252e-07,4.8521492e-06,1.4462535e-06,0.9385024,0.06149043,4_S7
c1_p079_20240115_o08,p079_20240115,79,0,1,81,5_S8,1.26340165e-05,0.00028707378,0.00079922966,0.0001492961,0.9877559,0.010995819,4_S7
c1_p079_20240119_o02,p079_20240119,79,0,1,82,5_S8,8.870853e-06,2.9128798e-05,5.62179e-05,4.2799884e-06,0.000878944,0.9990225,5_S8
c1_p079_20240126_o01,p079_20240126,79,0,1,87,5_S8,1.8887218e-07,1.5350772e-06,4.163506e-06,4.3127685e-07,0.00023050503,0.9997631,5_S8
c1_p086_20231128_o05,p086_20231128,86,0,1,68,3_S6,2.4200046e-08,4.8087327e-07,1.0655517e-05,0.70639795,0.29359084,3.0129797e-08,3_S6
c1_p086_20231130_o03,p086_20231130,86,0,1,69,3_S6,4.4796013e-07,3.388893e-07,1.2915877e-05,0.9988945,0.0010917594,5.169354e-08,3_S6
c1_p086_20231204_o11,p086_20231204,86,0,1,78,4_S7,8.5318316e-05,0.00022260362,0.00020280374,0.31579152,0.6835648,0.00013295654,4_S7
c1_p086_20231207_o03,p086_20231207,86,0,1,67,3_S6,6.6690826e-09,7.092276e-08,1.85542e-07,0.00036648632,0.9996331,1.1986396e-07,4_S7
c1_p086_20231211_o08,p086_20231211,86,0,1,71,4_S7,5.0484704e-07,0.00047044465,1.7990322e-05,0.002109348,0.997253,0.00014875925,4_S7
c1_p086_20231218_o10,p086_20231218,86,0,1,72,4_S7,6.3457044e-08,4.7852545e-06,1.5112543e-06,3.7620714e-05,0.9999505,5.398432e-06,4_S7
c1_p086_20231227_o01,p086_20231227,86,0,1,73,4_S7,9.448514e-09,7.8710926e-08,6.548422e-07,1.7679796e-06,0.99999714,4.150871e-07,4_S7
c1_p086_20240115_o09,p086_20240115,86,0,1,75,4_S7,5.7149654e-09,9.185232e-08,7.2233394e-07,1.8321275e-07,0.99999356,5.4510047e-06,4_S7
c1_p086_20240119_o04,p086_20240119,86,0,1,78,4_S7,4.2924637e-09,2.8596714e-08,2.800369e-07,2.9770283e-07,0.9999982,1.2094844e-06,4_S7
c1_p086_20240126_o02,p086_20240126,86,0,1,81,5_S8,2.6374941e-08,2.792295e-06,3.3911083e-06,1.00624135e-07,0.011708127,0.98828554,5_S8
c1_p087_20231128_o09,p087_20231128,87,0,1,66,3_S6,2.8492875e-07,1.6285645e-07,6.2956265e-06,0.7662684,0.2337196,5.312989e-06,3_S6
c1_p087_20231130_o06,p087_20231130,87,0,1,68,3_S6,7.997512e-06,1.721977e-05,2.4013812e-05,0.7275463,0.2723996,4.911604e-06,3_S6
c1_p087_20231204_o03,p087_20231204,87,0,1,69,3_S6,3.1168265e-06,0.00010696828,6.2632105e-05,0.034973633,0.96483463,1.8939762e-05,4_S7
c1_p087_20231207_o11,p087_20231207,87,0,1,70,4_S7,0.00029988855,0.004433801,0.009267178,0.050912876,0.92520255,0.009883769,4_S7
c1_p087_20231211_o07,p087_20231211,87,0,1,71,4_S7,0.00026993972,0.00016514599,0.00046315457,0.31374732,0.6851953,0.00015906856,4_S7
c1_p087_20231218_o06,p087_20231218,87,0,1,73,4_S7,3.4550047e-11,4.2761905e-09,3.353042e-09,4.846109e-07,0.9999994,5.1621186e-08,4_S7
c1_p087_20231227_o07,p087_20231227,87,0,1,75,4_S7,1.2468142e-11,5.348095e-10,9.137992e-09,8.9334816e-07,0.99999905,3.4769216e-09,4_S7
c1_p087_20240115_o10,p087_20240115,87,0,1,78,4_S7,8.519998e-08,9.8144425e-05,1.1392658e-05,4.2509023e-06,0.99915373,0.0007323749,4_S7
c1_p087_20240119_o03,p087_20240119,87,0,1,79,4_S7,4.966728e-07,1.313377e-06,6.5411896e-06,1.3810105e-06,0.9999378,5.2476516e-05,4_S7
c1_p087_20240126_o10,p087_20240126,87,0,1,81,5_S8,1.3100926e-05,0.0153784035,0.00031015096,7.729783e-06,0.22428665,0.76000404,5_S8
c1_p091_20231128_o07,p091_20231128,91,0,1,68,3_S6,1.1424726e-06,6.440858e-07,9.4826255e-06,0.8700855,0.12990256,7.166511e-07,3_S6
c1_p091_20231130_o10,p091_20231130,91,0,1,69,3_S6,1.743229e-05,4.4116416e-05,0.00014298518,0.63300014,0.36678377,1.151603e-05,3_S6
c1_p091_20231204_o09,p091_20231204,91,0,1,67,3_S6,3.4765515e-06,6.181662e-06,4.393497e-05,0.9902345,0.009711654,3.4354244e-07,3_S6
c1_p091_20231207_o06,p091_20231207,91,0,1,70,4_S7,4.4339585e-09,7.059552e-07,2.8584222e-07,7.7420606e-05,0.9999212,3.7633785e-07,4_S7
c1_p091_20231211_o07,p091_20231211,91,0,1,71,4_S7,2.0870125e-06,3.5906191e-06,5.0859657e-05,0.12406678,0.87587124,5.463018e-06,4_S7
c1_p091_20231218_o10,p091_20231218,91,0,1,72,4_S7,1.0637454e-07,1.0579611e-06,3.4175167e-07,3.145132e-05,0.9998604,0.00010658887,4_S7
c1_p091_20231227_o12,p091_20231227,91,0,1,74,4_S7,8.560458e-10,1.5593357e-09,2.2757156e-09,4.1153317e-08,0.99999917,7.6612065e-07,4_S7
c1_p091_20240115_o12,p091_20240115,91,0,1,76,4_S7,0.00078520627,0.0027084192,0.024025673,0.00012065031,0.9380829,0.034277096,4_S7
c1_p091_20240119_o06,p091_20240119,91,0,1,79,4_S7,8.274958e-06,2.5220774e-07,2.273075e-05,2.4965832e-06,0.999908,5.8265123e-05,4_S7
c1_p091_20240126_o10,p091_20240126,91,0,1,82,5_S8,6.3682096e-06,3.9043734e-05,8.1348764e-05,3.1011426e-05,0.0033520302,0.9964902,5_S8
c1_p094_20231128_o02,p094_20231128,94,0,1,68,3_S6,2.6349167e-06,5.459497e-06,5.941522e-05,0.36938095,0.6305494,2.1891317e-06,4_S7
c1_p094_20231130_o09,p094_20231130,94,0,1,69,3_S6,8.217986e-07,1.2692241e-06,9.700425e-06,0.9708798,0.029108204,2.3227607e-07,3_S6
c1_p094_20231204_o04,p094_20231204,94,0,1,70,4_S7,2.3828366e-06,1.5837242e-05,1.0801142e-05,0.041669883,0.9582968,4.1992175e-06,4_S7
c1_p094_20231207_o11,p094_20231207,94,0,1,71,4_S7,3.4488732e-08,4.7452477e-07,5.597156e-06,0.0003304206,0.99965405,9.506439e-06,4_S7
c1_p094_20231211_o08,p094_20231211,94,0,1,72,4_S7,1.2987887e-07,3.2199714e-06,4.2775972e-07,5.41098e-05,0.999879,6.307516e-05,4_S7
c1_p094_20231218_o10,p094_20231218,94,0,1,74,4_S7,1.2156973e-08,1.7383115e-06,4.8279343e-08,6.656123e-06,0.99999034,1.2415265e-06,4_S7
c1_p094_20231227_o06,p094_20231227,94,0,1,76,4_S7,1.7425302e-05,0.00029225016,0.000111292284,4.0404757e-05,0.99706215,0.0024765106,4_S7
c1_p094_20240115_o02,p094_20240115,94,0,1,77,4_S7,3.2530577e-05,4.950869e-05,0.00021197557,1.2529498e-05,0.96766514,0.03202825,4_S7
c1_p094_20240119_o07,p094_20240119,94,0,1,80,5_S8,0.00065848284,0.00022324304,0.00010963887,0.000735709,0.96753025,0.030742636,4_S7
c1_p094_20240126_o11,p094_20240126,94,0,1,83,5_S8,7.576826e-06,0.00036084317,0.00012960828,2.311282e-06,0.8931095,0.10639021,4_S7
c1_p101_20231128_o11,p101_20231128,101,0,1,65,3_S6,4.8017782e-06,6.765303e-05,0.0005436232,0.97854185,0.020837398,4.6167243e-06,3_S6
c1_p101_20231130_o10,p101_20231130,101,0,1,69,3_S6,1.5161488e-07,2.5349703e-07,4.754504e-06,0.9997074,0.0002874396,6.304473e-09,3_S6
c1_p101_20231204_o12,p101_20231204,101,0,1,69,3_S6,3.4627443e-05,0.000119823824,0.00012467409,0.50873625,0.49095803,2.6584115e-05,3_S6
c1_p101_20231207_o05,p101_20231207,101,0,1,69,3_S6,2.8685835e-07,7.485753e-06,7.1002496e-06,0.0013432165,0.99861085,3.1070995e-05,4_S7
c1_p101_20231211_o05,p101_20231211,101,0,1,70,4_S7,1.121427e-06,2.4882664e-05,2.2405077e-06,0.0039106207,0.9960349,2.624196e-05,4_S7
c1_p101_20231218_o06,p101_20231218,101,0,1,71,4_S7,8.193126e-07,0.00015437116,8.9612564e-07,6.6264943e-06,0.99966335,0.0001738922,4_S7
c1_p101_20231227_o05,p101_20231227,101,0,1,73,4_S7,2.7226621e-08,0.0003239702,6.514081e-07,1.7031967e-05,0.99793893,0.0017194641,4_S7
c1_p101_20240115_o11,p101_20240115,101,0,1,75,4_S7,9.2676133e-10,5.372169e-07,1.3247711e-07,5.053946e-08,0.9846607,0.015338655,4_S7
c1_p101_20240119_o06,p101_20240119,101,0,1,77,4_S7,0.00015214022,6.5396765e-05,0.000115258175,1.6054588e-05,0.9823137,0.017337516,4_S7
c1_p101_20240126_o12,p101_20240126,101,0,1,79,4_S7,9.3090804e-08,3.7859812e-05,3.853368e-06,7.144361e-07,0.02290331,0.9770542,5_S8
c1_p002_20230816_o10,p002_20230816,2,1,1,68,3_S6,4.7299975e-05,0.00035542643,0.061032966,0.93817014,0.00039418088,1.1472729e-08,3_S6
c1_p002_20230921_o04,p002_20230921,2,1,1,77,4_S7,5.482523e-06,1.9153946e-05,2.5565896e-05,0.00014835694,0.98109037,0.018710982,4_S7
c1_p002_20231005_o12,p002_20231005,2,1,1,79,4_S7,8.8702376e-07,1.5090714e-06,1.3479253e-05,3.1036536e-06,0.9947423,0.005238777,4_S7
c1_p026_20230828_o08,p026_20230828,26,1,1,16,0_S1,0.9294406,0.057731967,0.012510814,0.00026611667,4.1034637e-05,9.456364e-06,0_S1
c1_p026_20230904_o02,p026_20230904,26,1,1,53,2_S5,0.025304945,0.006264869,0.9477477,0.020097164,0.00058387837,1.3101737e-06,2_S5
c1_p026_20230908_o09,p026_20230908,26,1,1,64,3_S6,3.7489696e-07,2.8697017e-05,0.003377429,0.53501743,0.461541,3.5056994e-05,3_S6
c1_p026_20230921_o01,p026_20230921,26,1,1,70,4_S7,6.7316556e-08,1.1186766e-06,0.0019694588,0.9141256,0.08390364,8.09395e-08,3_S6
c1_p026_20231006_o10,p026_20231006,26,1,1,71,4_S7,2.2963582e-07,8.163109e-06,4.9960247e-05,0.008695202,0.9912066,3.981773e-05,4_S7
c1_p026_20231017_o11,p026_20231017,26,1,1,74,4_S7,8.958139e-06,0.00018380917,0.0017256351,0.015161329,0.98161227,0.0013079726,4_S7
c1_p026_20231023_o10,p026_20231023,26,1,1,75,4_S7,8.932999e-08,1.048558e-05,1.477948e-05,4.95926e-05,0.9998605,6.448527e-05,4_S7
c1_p026_20231027_o04,p026_20231027,26,1,1,76,4_S7,1.7159436e-09,1.0249467e-07,4.8233267e-07,4.8184633e-05,0.9999478,3.3947204e-06,4_S7
c1_p026_20231101_o09,p026_20231101,26,1,1,77,4_S7,1.4181458e-06,9.367465e-05,2.4533303e-05,0.18418735,0.8156,9.3002855e-05,4_S7
c1_p026_20231106_o07,p026_20231106,26,1,1,78,4_S7,7.542353e-09,6.803109e-08,1.937482e-07,3.1586762e-07,0.9991731,0.0008262004,4_S7
c1_p026_20231109_o07,p026_20231109,26,1,1,79,4_S7,8.787671e-07,7.3865403e-06,2.3384953e-05,2.7153086e-05,0.9935721,0.006369157,4_S7
c1_p026_20231120_o07,p026_20231120,26,1,1,84,5_S8,1.0665575e-08,2.5852191e-08,5.3544873e-08,3.9885393e-08,0.009511568,0.9904883,5_S8
c1_p026_20231124_o02,p026_20231124,26,1,1,85,5_S8,5.8763203e-06,6.9994912e-06,3.774351e-06,5.4285512e-05,0.99046856,0.0094604865,4_S7
c1_p026_20231127_o02,p026_20231127,26,1,1,86,5_S8,3.7791562e-08,2.671382e-08,2.2748156e-06,1.7091588e-07,0.0017900357,0.99820757,5_S8
c1_p026_20231130_o12,p026_20231130,26,1,1,89,5_S8,2.4158494e-06,4.4805563e-07,0.0005893749,8.119607e-06,0.00023412514,0.99916553,5_S8
c1_p027_20230828_o04,p027_20230828,27,1,1,20,1_S2,0.972628,0.025738008,0.0016148391,1.5540969e-05,2.928819e-06,7.7310057e-07,0_S1
c1_p027_20230904_o07,p027_20230904,27,1,1,60,3_S6,0.21216318,0.11312248,0.6735054,0.0011456085,5.0827846e-05,1.24881335e-05,2_S5
c1_p027_20230908_o02,p027_20230908,27,1,1,66,3_S6,7.0573506e-08,2.713202e-08,8.1273663e-07,0.9999646,3.45226e-05,6.3422746e-11,3_S6
c1_p027_20230921_o09,p027_20230921,27,1,1,68,3_S6,1.6510474e-05,0.0001605863,0.0043611,0.08854012,0.9069105,1.11410845e-05,4_S7
c1_p027_20231006_o08,p027_20231006,27,1,1,70,4_S7,1.2408474e-06,4.4694216e-06,6.134702e-05,0.043163534,0.9567682,1.1602149e-06,4_S7
c1_p027_20231017_o07,p027_20231017,27,1,1,72,4_S7,1.008284e-05,6.6914065e-05,0.000121848476,0.00022027663,0.99951875,6.200029e-05,4_S7
c1_p027_20231023_o07,p027_20231023,27,1,1,73,4_S7,3.701359e-06,9.569825e-06,0.0057384465,0.0008180691,0.9933888,4.1440588e-05,4_S7
c1_p027_20231027_o08,p027_20231027,27,1,1,74,4_S7,1.4466738e-06,1.9569175e-05,0.0006149067,0.011962592,0.9873903,1.1284476e-05,4_S7
c1_p027_20231101_o07,p027_20231101,27,1,1,75,4_S7,2.629005e-07,8.325559e-06,0.0004151716,0.00073864416,0.99882764,9.90814e-06,4_S7
c1_p027_20231106_o09,p027_20231106,27,1,1,76,4_S7,5.156482e-08,1.6410889e-06,4.69852e-06,1.8481313e-05,0.99935347,0.00062173675,4_S7
c1_p027_20231109_o07,p027_20231109,27,1,1,77,4_S7,1.5669182e-08,6.553379e-08,1.4807318e-07,7.0079423e-06,0.99994564,4.722219e-05,4_S7
c1_p027_20231120_o11,p027_20231120,27,1,1,78,4_S7,1.09253655e-07,2.1927995e-06,2.6094891e-05,7.7843305e-07,0.59059674,0.40937403,4_S7
c1_p027_20231124_o04,p027_20231124,27,1,1,79,4_S7,1.1135934e-07,5.539815e-07,6.4482026e-07,4.924553e-06,0.9994186,0.00057519553,4_S7
c1_p027_20231127_o07,p027_20231127,27,1,1,79,4_S7,1.05962286e-07,4.7956036e-07,0.00023638154,4.260861e-06,0.5717805,0.42797822,4_S7
c1_p027_20231130_o01,p027_20231130,27,1,1,79,4_S7,8.301354e-07,8.384782e-06,0.00022216128,1.1874794e-05,0.61654794,0.38320887,4_S7
c1_p032_20230828_o10,p032_20230828,32,1,1,15,0_S1,0.034213677,0.0006610623,0.96395206,0.0010778293,8.113103e-05,1.41544615e-05,2_S5
c1_p032_20230904_o08,p032_20230904,32,1,1,60,3_S6,0.0008616648,0.005017055,0.73531955,0.2582056,0.00059588096,2.423335e-07,2_S5
c1_p032_20230908_o03,p032_20230908,32,1,1,64,3_S6,3.4799605e-06,3.5783924e-05,2.7923348e-05,0.9953649,0.0045674723,4.1003116e-07,3_S6
c1_p032_20230921_o05,p032_20230921,32,1,1,72,4_S7,1.5667311e-08,6.293806e-06,1.4275744e-06,0.0033696159,0.99660873,1.393814e-05,4_S7
c1_p032_20231006_o03,p032_20231006,32,1,1,74,4_S7,2.2830116e-06,0.0003370423,0.0024920397,0.96119726,0.035964437,6.9807343e-06,3_S6
c1_p032_20231017_o05,p032_20231017,32,1,1,75,4_S7,1.0954162e-07,2.2637767e-06,1.529234e-05,0.00016012003,0.9994042,0.00041807152,4_S7
c1_p032_20231023_o01,p032_20231023,32,1,1,76,4_S7,1.5194524e-06,3.8542697e-05,0.0013930647,0.000981322,0.997378,0.00020753664,4_S7
c1_p032_20231027_o05,p032_20231027,32,1,1,77,4_S7,3.7901384e-09,2.8742829e-08,3.2952136e-07,0.0020286776,0.9979709,3.4210906e-08,4_S7
c1_p032_20231101_o07,p032_20231101,32,1,1,78,4_S7,3.7173587e-07,1.5495748e-06,4.7758425e-05,0.001549043,0.99774337,0.00065794965,4_S7
c1_p032_20231106_o12,p032_20231106,32,1,1,79,4_S7,6.988324e-07,3.4644765e-07,7.914897e-07,9.645345e-08,0.97302294,0.026975123,4_S7
c1_p032_20231109_o09,p032_20231109,32,1,1,80,5_S8,1.15693844e-07,4.0876918e-07,7.9409276e-08,4.437192e-08,0.8140923,0.18590702,4_S7
c1_p032_20231120_o03,p032_20231120,32,1,1,81,5_S8,9.903746e-10,2.288796e-09,1.0750522e-08,5.0690616e-09,6.973465e-05,0.99993026,5_S8
c1_p032_20231124_o08,p032_20231124,32,1,1,83,5_S8,6.6097655e-10,1.7179551e-09,2.293969e-08,4.477327e-09,0.0002882594,0.9997117,5_S8
c1_p032_20231127_o06,p032_20231127,32,1,1,85,5_S8,4.4841342e-10,6.7042677e-10,7.5350504e-10,9.688607e-09,3.3150274e-05,0.99996686,5_S8
c1_p032_20231130_o12,p032_20231130,32,1,1,87,5_S8,2.9711532e-07,2.7002486e-08,2.7988529e-08,1.1022106e-07,0.00018192192,0.99981767,5_S8
c1_p041_20230828_o08,p041_20230828,41,1,1,14,0_S1,0.93890905,0.005098999,0.055520162,0.00021465006,0.00012563342,0.00013156957,0_S1
c1_p041_20230904_o09,p041_20230904,41,1,1,53,2_S5,0.22198577,0.16001911,0.49623573,0.11474805,0.006974453,3.6853547e-05,2_S5
c1_p041_20230908_o07,p041_20230908,41,1,1,60,3_S6,4.47516e-07,2.515888e-05,0.000962547,0.99895525,5.6658035e-05,1.4438181e-10,3_S6
c1_p041_20230921_o02,p041_20230921,41,1,1,66,3_S6,5.393415e-07,2.0156605e-05,9.102943e-06,0.002911492,0.9970516,7.0124406e-06,4_S7
c1_p041_20231006_o11,p041_20231006,41,1,1,72,4_S7,2.843087e-05,0.00013821291,0.000646592,0.27441517,0.72475845,1.3170715e-05,4_S7
c1_p041_20231017_o04,p041_20231017,41,1,1,73,4_S7,4.0778295e-07,2.6484697e-06,0.0027768489,0.0060988367,0.9911108,1.0493758e-05,4_S7
c1_p041_20231023_o01,p041_20231023,41,1,1,74,4_S7,1.1881889e-09,4.884626e-08,4.7303143e-05,1.6536127e-05,0.9999361,2.5628523e-08,4_S7
c1_p041_20231027_o02,p041_20231027,41,1,1,75,4_S7,7.0759834e-09,6.009965e-08,3.6881178e-05,1.1228382e-05,0.99992394,2.7932054e-05,4_S7
c1_p041_20231101_o04,p041_20231101,41,1,1,76,4_S7,2.4947116e-07,5.06763e-07,0.0031893153,0.00010634955,0.9966883,1.5338635e-05,4_S7
c1_p041_20231106_o10,p041_20231106,41,1,1,77,4_S7,3.8320046e-08,1.0303103e-08,1.7972144e-07,1.5390746e-08,0.99996066,3.9026967e-05,4_S7
c1_p041_20231109_o11,p041_20231109,41,1,1,78,4_S7,2.5679952e-05,2.5921254e-05,0.0019572848,4.2868096e-06,0.9398606,0.058126356,4_S7
c1_p041_20231120_o03,p041_20231120,41,1,1,80,5_S8,2.8564953e-05,2.4022052e-05,0.008208349,1.54396e-05,0.0046482068,0.9870754,5_S8
c1_p041_20231124_o04,p041_20231124,41,1,1,85,5_S8,4.2285242e-07,1.6305383e-07,4.1528e-05,7.934277e-07,0.014587875,0.98536927,5_S8
c1_p041_20231127_o12,p041_20231127,41,1,1,85,5_S8,2.14622e-05,8.225415e-06,0.44841623,3.1355562e-06,0.03533459,0.51621634,5_S8
c1_p041_20231130_o10,p041_20231130,41,1,1,85,5_S8,6.575496e-07,9.334797e-07,0.00030237163,7.354279e-06,0.009260013,0.9904287,5_S8
c1_p042_20230929_o04,p042_20230929,42,1,1,13,0_S1,0.99999726,2.1997218e-08,1.0241761e-06,1.4647515e-09,1.171122e-07,1.5203179e-06,0_S1
c1_p042_20231004_o03,p042_20231004,42,1,1,14,0_S1,0.9999485,1.1580404e-06,4.2916246e-05,1.13559146e-07,3.9750494e-06,3.3201284e-06,0_S1
c1_p042_20231011_o08,p042_20231011,42,1,1,14,0_S1,0.65981615,0.33122233,0.0063204463,0.0023652718,0.00026190348,1.3913722e-05,0_S1
c1_p042_20231017_o05,p042_20231017,42,1,1,15,0_S1,0.8335612,0.0038761683,0.13987225,0.001346226,0.020675814,0.0006683922,0_S1
c1_p042_20231019_o03,p042_20231019,42,1,1,15,0_S1,0.9108346,0.041156415,0.046710026,0.0012585337,3.8443333e-05,2.025285e-06,0_S1
c1_p042_20231023_o04,p042_20231023,42,1,1,53,2_S5,0.001076172,0.0022967479,0.29603988,0.70026416,0.00032281002,2.3106465e-07,3_S6
c1_p042_20231027_o06,p042_20231027,42,1,1,54,2_S5,3.6941814e-09,4.1543873e-07,0.0001844966,0.9996958,0.000119392695,7.750281e-10,3_S6
c1_p042_20231101_o01,p042_20231101,42,1,1,55,2_S5,2.8925703e-07,0.0002487456,0.0005241234,0.8709122,0.12831397,6.2997117e-07,3_S6
c1_p042_20231106_o09,p042_20231106,42,1,1,62,3_S6,2.1825004e-09,2.0996931e-07,3.1133852e-06,0.8890827,0.11091362,4.24324e-07,3_S6
c1_p042_20231109_o01,p042_20231109,42,1,1,68,3_S6,1.14701805e-07,1.1528645e-05,0.00011859947,0.8156037,0.18426579,2.5001717e-07,3_S6
c1_p042_20231120_o09,p042_20231120,42,1,1,70,4_S7,2.3599845e-13,2.970971e-10,8.597417e-09,1.8922512e-05,0.9999809,1.8475974e-07,4_S7
c1_p042_20231127_o06,p042_20231127,42,1,1,72,4_S7,1.1291058e-07,5.5314047e-07,1.5576148e-05,3.6564088e-05,0.99816114,0.0017860773,4_S7
c1_p042_20231130_o09,p042_20231130,42,1,1,74,4_S7,2.8880307e-12,2.7800115e-11,8.871167e-10,2.7036936e-08,0.99999976,1.7780066e-07,4_S7
c1_p042_20231204_o05,p042_20231204,42,1,1,76,4_S7,2.4409985e-07,2.1581795e-07,6.894858e-06,4.3501816e-05,0.9997392,0.00020989783,4_S7
c1_p042_20231211_o09,p042_20231211,42,1,1,80,5_S8,2.2229569e-11,4.0410192e-10,5.340175e-09,1.8340262e-09,0.99999857,1.4524466e-06,4_S7
c1_p042_20231214_o04,p042_20231214,42,1,1,82,5_S8,2.0385205e-07,2.229609e-06,1.7304874e-05,1.6467213e-05,0.99670285,0.0032609159,4_S7
c1_p042_20231218_o06,p042_20231218,42,1,1,82,5_S8,8.566375e-09,1.6980158e-07,3.7259124e-07,2.9097844e-06,0.9998466,0.00014993822,4_S7
c1_p042_20231227_o05,p042_20231227,42,1,1,83,5_S8,2.8326612e-08,2.1986278e-07,3.9650313e-06,4.69685e-06,0.0031874315,0.99680364,5_S8
c1_p042_20240104_o10,p042_20240104,42,1,1,84,5_S8,1.2028265e-06,3.1568816e-06,6.0992978e-05,8.234394e-05,0.9792061,0.02064613,4_S7
c1_p044_20230929_o03,p044_20230929,44,1,1,13,0_S1,0.9999863,9.6564605e-08,1.0089327e-05,1.0852675e-08,4.5569297e-07,2.9630983e-06,0_S1
c1_p044_20231004_o09,p044_20231004,44,1,1,13,0_S1,0.99991477,4.4817893e-06,7.445845e-05,5.1292748e-08,6.2844384e-07,5.616407e-06,0_S1
c1_p044_20231011_o05,p044_20231011,44,1,1,15,0_S1,0.9976545,4.074752e-05,0.0022938459,9.613303e-06,6.531249e-07,7.7894225e-07,0_S1
c1_p044_20231017_o06,p044_20231017,44,1,1,20,1_S2,0.9970504,0.0013186518,0.0011624933,0.00043844993,2.9468705e-05,4.7943814e-07,0_S1
c1_p044_20231019_o11,p044_20231019,44,1,1,51,2_S5,0.75678355,0.059203837,0.09362973,0.08852369,0.0018238204,3.5368696e-05,0_S1
c1_p044_20231023_o10,p044_20231023,44,1,1,54,2_S5,0.034566574,0.004150286,0.26603088,0.69458324,0.0006581988,1.083787e-05,3_S6
c1_p044_20231027_o10,p044_20231027,44,1,1,55,2_S5,7.090369e-05,6.6437184e-05,0.0012606428,0.9982054,0.00039321967,3.3784213e-06,3_S6
c1_p044_20231101_o04,p044_20231101,44,1,1,59,2_S5,1.4736746e-09,1.2668499e-08,1.2068953e-05,0.99987376,0.00011413505,1.7430021e-10,3_S6
c1_p044_20231106_o08,p044_20231106,44,1,1,61,3_S6,0.00022115024,0.00022961847,0.00042281617,0.8819363,0.11505674,0.0021333427,3_S6
c1_p044_20231109_o10,p044_20231109,44,1,1,68,3_S6,1.0273574e-06,6.760362e-06,8.24698e-06,0.8931602,0.10682242,1.3518545e-06,3_S6
c1_p044_20231120_o09,p044_20231120,44,1,1,70,4_S7,3.2813347e-07,7.748173e-06,7.8440405e-07,0.0037577786,0.9962224,1.0909743e-05,4_S7
c1_p044_20231127_o09,p044_20231127,44,1,1,71,4_S7,5.560808e-09,9.08722e-08,1.4670735e-07,1.2690587e-06,0.99998677,1.1700983e-05,4_S7
c1_p044_20231130_o02,p044_20231130,44,1,1,72,4_S7,2.7200232e-07,3.904245e-06,0.001125092,3.6557092e-05,0.99673176,0.0021025022,4_S7
c1_p044_20231204_o12,p044_20231204,44,1,1,72,4_S7,3.528744e-09,1.0633136e-08,1.74792e-07,2.6317239e-06,0.99997365,2.3590024e-05,4_S7
c1_p044_20231211_o04,p044_20231211,44,1,1,73,4_S7,2.8970572e-07,1.8330957e-07,2.378334e-07,6.406711e-05,0.9546119,0.04532333,4_S7
c1_p044_20231214_o08,p044_20231214,44,1,1,74,4_S7,2.1236032e-07,4.215389e-06,1.16039814e-07,2.507559e-06,0.98105603,0.018936906,4_S7
c1_p044_20231218_o02,p044_20231218,44,1,1,76,4_S7,3.3482103e-10,4.0021693e-08,2.5436908e-08,1.2930161e-06,0.9999807,1.803086e-05,4_S7
c1_p044_20231227_o01,p044_20231227,44,1,1,79,4_S7,3.7119944e-06,2.9321662e-05,0.00065175036,3.9738472e-05,0.4055975,0.593678,5_S8
c1_p044_20240104_o10,p044_20240104,44,1,1,81,5_S8,1.4652876e-08,8.007064e-08,6.030853e-08,7.3122305e-07,0.60009146,0.39990765,4_S7
c1_p047_20230929_o09,p047_20230929,47,1,1,13,0_S1,0.9999981,2.1932719e-08,8.1940095e-07,2.7329088e-09,1.4184162e-07,9.296921e-07,0_S1
c1_p047_20231004_o08,p047_20231004,47,1,1,13,0_S1,0.9996086,9.639381e-08,4.9665446e-06,2.8136542e-08,1.1161582e-05,0.00037512855,0_S1
c1_p047_20231011_o11,p047_20231011,47,1,1,14,0_S1,0.99999845,4.4013962e-07,1.0682584e-06,1.0169264e-08,6.3180225e-09,8.36195e-08,0_S1
c1_p047_20231017_o03,p047_20231017,47,1,1,15,0_S1,0.9974382,0.0013619022,0.0011939259,5.608003e-06,1.256849e-07,2.419869e-07,0_S1
c1_p047_20231019_o10,p047_20231019,47,1,1,15,0_S1,0.9950039,0.00016836477,0.0046976344,0.00012933399,4.9852133e-07,3.8527958e-07,0_S1
c1_p047_20231023_o08,p047_20231023,47,1,1,16,0_S1,0.0042375852,0.00051182735,0.41664428,0.5682011,0.010403195,2.0318023e-06,3_S6
c1_p047_20231027_o06,p047_20231027,47,1,1,17,0_S1,7.4128432e-09,2.9919406e-10,9.619326e-07,0.99999905,1.3329981e-08,4.967598e-12,3_S6
c1_p047_20231101_o01,p047_20231101,47,1,1,55,2_S5,1.657708e-05,0.00018600991,0.117941506,0.87934697,0.0025050237,3.8849143e-06,3_S6
c1_p047_20231106_o02,p047_20231106,47,1,1,61,3_S6,6.400938e-07,5.2292357e-06,0.00038238318,0.99946314,0.00014699857,1.5652588e-06,3_S6
c1_p047_20231109_o06,p047_20231109,47,1,1,65,3_S6,2.1381528e-07,5.0042803e-07,0.001971837,0.03825844,0.95961183,0.00015721213,4_S7
c1_p047_20231120_o12,p047_20231120,47,1,1,70,4_S7,5.663818e-10,2.2925637e-08,1.8643823e-07,0.0019669621,0.9980326,1.14358485e-07,4_S7
c1_p047_20231127_o10,p047_20231127,47,1,1,71,4_S7,7.054378e-13,6.5906746e-12,1.0978326e-11,8.2326785e-09,0.99999976,2.0741163e-07,4_S7
c1_p047_20231130_o09,p047_20231130,47,1,1,72,4_S7,2.0052369e-08,2.5264326e-09,5.1539617e-09,5.4000928e-08,0.99999595,3.961689e-06,4_S7
c1_p047_20231204_o10,p047_20231204,47,1,1,74,4_S7,2.3018984e-11,1.528321e-10,1.15561706e-10,3.770533e-08,0.9999995,4.0077654e-07,4_S7
c1_p047_20231211_o12,p047_20231211,47,1,1,76,4_S7,4.032572e-11,1.037711e-10,1.1264596e-09,8.605401e-08,0.9999969,3.0483682e-06,4_S7
c1_p047_20231214_o02,p047_20231214,47,1,1,78,4_S7,1.8681268e-07,8.601365e-06,1.9378363e-06,2.3383725e-05,0.9984542,0.0015116116,4_S7
c1_p047_20231218_o04,p047_20231218,47,1,1,79,4_S7,1.3592575e-07,1.4777561e-06,1.9955092e-05,5.838474e-07,0.99509686,0.004881009,4_S7
c1_p047_20231227_o05,p047_20231227,47,1,1,81,5_S8,2.7846188e-09,5.3080697e-08,7.144069e-08,3.5369215e-08,0.9988381,0.001161678,4_S7
c1_p047_20240104_o11,p047_20240104,47,1,1,82,5_S8,6.8728276e-09,3.1965904e-08,4.2838543e-08,5.6931167e-08,0.012578883,0.98742104,5_S8
c1_p049_20230929_o05,p049_20230929,49,1,1,13,0_S1,0.9999995,2.708635e-10,5.109465e-07,5.3488036e-09,3.6323695e-09,6.7727894e-09,0_S1
c1_p049_20231004_o04,p049_20231004,49,1,1,13,0_S1,0.99999917,2.3932503e-09,8.187121e-07,1.19311325e-08,1.062892e-09,1.1924671e-08,0_S1
c1_p049_20231011_o12,p049_20231011,49,1,1,15,0_S1,0.9994288,2.4171371e-05,0.0005398022,7.136906e-06,5.891938e-08,1.790511e-08,0_S1
c1_p049_20231017_o12,p049_20231017,49,1,1,15,0_S1,0.13396782,0.00097595894,0.8514382,0.01235749,0.0012427621,1.781657e-05,2_S5
c1_p049_20231019_o06,p049_20231019,49,1,1,16,0_S1,0.004140376,0.0011414622,0.9641718,0.029633425,0.0009119092,9.472847e-07,2_S5
c1_p049_20231023_o11,p049_20231023,49,1,1,20,1_S2,1.5542075e-05,2.6988941e-06,0.0017440077,0.9981712,6.6455956e-05,2.7849048e-09,3_S6
c1_p049_20231027_o11,p049_20231027,49,1,1,55,2_S5,7.603355e-09,6.080973e-09,6.4401984e-06,0.99999356,3.8732004e-08,6.391396e-12,3_S6
c1_p049_20231101_o07,p049_20231101,49,1,1,60,3_S6,0.000104661936,0.0030084054,0.07088679,0.61737776,0.30861014,1.2231746e-05,3_S6
c1_p049_20231106_o02,p049_20231106,49,1,1,62,3_S6,1.1251901e-06,0.00021977675,0.00023379766,0.9089131,0.09044052,0.00019175449,3_S6
c1_p049_20231109_o07,p049_20231109,49,1,1,64,3_S6,1.6711515e-06,2.312855e-05,7.168585e-05,0.018278224,0.9816159,9.299155e-06,4_S7
c1_p049_20231120_o05,p049_20231120,49,1,1,71,4_S7,1.7965744e-05,0.0005312196,0.0028828962,0.17248623,0.82352185,0.0005598121,4_S7
c1_p049_20231127_o07,p049_20231127,49,1,1,72,4_S7,1.8195868e-07,1.5175514e-06,3.8277314e-05,6.7658716e-06,0.9954587,0.0044944426,4_S7
c1_p049_20231130_o11,p049_20231130,49,1,1,73,4_S7,0.0008134761,0.0001282312,0.00043722082,0.002305583,0.9258318,0.070483685,4_S7
c1_p049_20231204_o12,p049_20231204,49,1,1,74,4_S7,1.6255282e-06,1.8208127e-06,1.0195624e-06,1.1535436e-05,0.99833614,0.0016477864,4_S7
c1_p049_20231211_o03,p049_20231211,49,1,1,75,4_S7,3.0318057e-09,6.674647e-09,5.3441774e-08,1.1929414e-07,0.9999939,5.9192803e-06,4_S7
c1_p049_20231214_o11,p049_20231214,49,1,1,77,4_S7,5.6251434e-07,4.95908e-07,2.727304e-08,1.2366072e-06,0.98951423,0.010483435,4_S7
c1_p049_20231218_o12,p049_20231218,49,1,1,78,4_S7,4.622018e-05,3.942939e-05,5.3199405e-05,7.175536e-05,0.9618389,0.037950505,4_S7
c1_p049_20231227_o12,p049_20231227,49,1,1,79,4_S7,4.0841996e-07,5.735171e-07,2.1149505e-07,1.649645e-07,0.99922884,0.000769791,4_S7
c1_p049_20240104_o08,p049_20240104,49,1,1,82,5_S8,2.607319e-06,3.2286703e-06,9.605664e-06,5.071185e-07,0.8602324,0.13975167,4_S7
c1_p059_20230929_o08,p059_20230929,59,1,1,13,0_S1,0.999995,3.4705605e-09,4.7114377e-06,4.8224162e-08,4.1986596e-08,1.4044349e-07,0_S1
c1_p059_20231004_o06,p059_20231004,59,1,1,13,0_S1,0.99999976,9.067353e-09,2.7738096e-07,7.458626e-10,4.071846e-11,1.6238709e-09,0_S1
c1_p059_20231011_o03,p059_20231011,59,1,1,15,0_S1,0.973723,0.0051540406,0.020761859,0.00036062984,3.856413e-07,1.4995356e-07,0_S1
c1_p059_20231017_o11,p059_20231017,59,1,1,53,2_S5,0.04371394,0.05690566,0.30745402,0.2771001,0.31474316,8.3159764e-05,4_S7
c1_p059_20231019_o12,p059_20231019,59,1,1,60,3_S6,5.6388733e-05,0.006655443,0.17760623,0.81554693,0.00013500471,1.2399624e-08,3_S6
c1_p059_20231023_o05,p059_20231023,59,1,1,64,3_S6,0.009713898,0.02291232,0.80754465,0.14752424,0.012302545,2.377218e-06,2_S5
c1_p059_20231027_o02,p059_20231027,59,1,1,62,3_S6,7.320505e-12,5.163955e-09,8.325328e-06,0.9999913,3.5725287e-07,1.1573076e-11,3_S6
c1_p059_20231101_o08,p059_20231101,59,1,1,65,3_S6,4.134998e-06,0.00020223367,0.4493493,0.54509085,0.0053530205,4.4346976e-07,3_S6
c1_p059_20231106_o10,p059_20231106,59,1,1,70,4_S7,9.666501e-09,2.8234362e-07,4.5225818e-07,0.0018134947,0.9981592,2.6466347e-05,4_S7
c1_p059_20231109_o01,p059_20231109,59,1,1,71,4_S7,4.909502e-07,2.5178033e-05,3.1410356e-05,0.68951946,0.31040126,2.228335e-05,3_S6
c1_p059_20231120_o11,p059_20231120,59,1,1,72,4_S7,1.2139458e-07,2.3106234e-07,2.967901e-07,4.6888068e-05,0.9990109,0.00094158476,4_S7
c1_p059_20231127_o04,p059_20231127,59,1,1,74,4_S7,5.000237e-06,1.3699087e-05,5.9976155e-05,0.0032332717,0.99651164,0.00017636598,4_S7
c1_p059_20231130_o08,p059_20231130,59,1,1,75,4_S7,1.5173717e-07,4.739276e-07,3.4622515e-06,0.00012733086,0.9995888,0.00027987864,4_S7
c1_p059_20231204_o04,p059_20231204,59,1,1,76,4_S7,7.812886e-06,1.5880922e-05,3.0985197e-05,0.00026290113,0.999204,0.00047840222,4_S7
c1_p059_20231211_o04,p059_20231211,59,1,1,77,4_S7,2.2859833e-08,5.2816805e-08,5.158694e-07,2.9021655e-06,0.99998,1.657568e-05,4_S7
c1_p059_20231214_o04,p059_20231214,59,1,1,78,4_S7,1.1077775e-06,5.738665e-06,6.600047e-07,1.9197196e-05,0.98822623,0.011746999,4_S7
c1_p059_20231218_o10,p059_20231218,59,1,1,79,4_S7,5.325114e-07,5.82923e-06,0.014684619,1.13109e-05,0.5065444,0.47875327,4_S7
c1_p059_20231227_o01,p059_20231227,59,1,1,81,5_S8,3.8670896e-06,3.1319832e-05,4.1316398e-05,3.418707e-05,0.10615948,0.8937298,5_S8
c1_p059_20240104_o01,p059_20240104,59,1,1,83,5_S8,7.200204e-07,1.9232561e-06,3.3830315e-06,1.1884655e-06,0.12355448,0.8764384,5_S8
c1_p073_20231006_o05,p073_20231006,73,1,1,13,0_S1,0.99999833,6.8127384e-09,1.3203137e-06,4.0492916e-09,1.3983652e-07,2.8315935e-07,0_S1
c1_p073_20231011_o09,p073_20231011,73,1,1,13,0_S1,0.9999913,1.3428745e-07,6.855181e-06,4.1667647e-08,7.0263144e-07,9.2217556e-07,0_S1
c1_p073_20231017_o10,p073_20231017,73,1,1,13,0_S1,0.9999887,2.9026404e-07,1.091815e-05,3.199298e-08,1.3686006e-09,4.75311e-09,0_S1
c1_p073_20231019_o10,p073_20231019,73,1,1,13,0_S1,0.9999995,2.0942672e-08,4.9684184e-07,3.9086805e-09,3.2831612e-10,1.904463e-09,0_S1
c1_p073_20231023_o10,p073_20231023,73,1,1,14,0_S1,0.9489338,0.0020728474,0.048968367,1.8034174e-05,5.473035e-06,1.5836381e-06,0_S1
c1_p073_20231027_o09,p073_20231027,73,1,1,51,2_S5,0.19673605,0.014427213,0.77248466,0.014836876,0.00083163095,0.0006835429,2_S5
c1_p073_20231101_o05,p073_20231101,73,1,1,53,2_S5,0.0013136527,0.00044124073,0.9979206,0.00028989412,1.7105423e-05,1.7637642e-05,2_S5
c1_p073_20231106_o05,p073_20231106,73,1,1,69,3_S6,1.2849065e-06,9.378043e-06,0.00010643365,0.99898905,0.00089355354,3.1615204e-07,3_S6
c1_p073_20231109_o08,p073_20231109,73,1,1,70,4_S7,1.3410973e-07,6.1205617e-07,9.563647e-06,0.0069093686,0.99307406,6.266342e-06,4_S7
c1_p073_20231120_o05,p073_20231120,73,1,1,71,4_S7,2.4024033e-08,4.1410502e-07,2.7864833e-06,0.004443936,0.9955403,1.2629563e-05,4_S7
c1_p073_20231127_o01,p073_20231127,73,1,1,72,4_S7,1.4183824e-05,5.7397123e-05,0.00015055791,0.056228798,0.94332904,0.00022008317,4_S7
c1_p073_20231130_o08,p073_20231130,73,1,1,75,4_S7,0.0001736479,0.00012479234,0.00025605067,0.021142317,0.7688829,0.20942023,4_S7
c1_p073_20231204_o07,p073_20231204,73,1,1,76,4_S7,0.00013351826,4.4179935e-05,7.2633964e-05,0.019741757,0.9785478,0.0014600029,4_S7
c1_p073_20231211_o03,p073_20231211,73,1,1,77,4_S7,2.5371142e-05,3.1619236e-06,8.394222e-06,0.00012623095,0.99898726,0.000849647,4_S7
c1_p073_20231214_o01,p073_20231214,73,1,1,78,4_S7,5.2367864e-06,7.669257e-06,6.996767e-05,1.5928674e-06,0.9793114,0.020604182,4_S7
c1_p073_20231218_o10,p073_20231218,73,1,1,79,4_S7,1.357855e-07,1.334344e-07,5.79982e-07,2.7444395e-07,0.99901795,0.0009809451,4_S7
c1_p073_20231227_o06,p073_20231227,73,1,1,79,4_S7,2.1203965e-05,3.3947137e-05,0.00039079643,2.6168086e-06,0.99174553,0.0078059356,4_S7
c1_p073_20240115_o08,p073_20240115,73,1,1,84,5_S8,9.663817e-09,1.8293287e-08,2.2353709e-07,3.4799612e-08,1.2442994e-05,0.99998736,5_S8
c1_p073_20240119_o05,p073_20240119,73,1,1,85,5_S8,4.2793217e-05,7.3454255e-05,0.00014113907,1.4713986e-05,0.00056599267,0.99916184,5_S8
c1_p073_20240126_o11,p073_20240126,73,1,1,86,5_S8,3.0684662e-06,2.3913358e-06,1.8376397e-05,6.0579765e-07,0.00053496525,0.9994406,5_S8
c1_p077_20231006_o11,p077_20231006,77,1,1,13,0_S1,0.99999964,3.4625955e-09,2.89988e-07,1.0316051e-08,4.5376385e-08,1.5437396e-07,0_S1
c1_p077_20231011_o02,p077_20231011,77,1,1,13,0_S1,0.9999976,3.8143458e-08,1.5909101e-06,1.8958094e-08,3.208987e-07,4.0250364e-07,0_S1
c1_p077_20231017_o10,p077_20231017,77,1,1,13,0_S1,0.9999958,8.521471e-08,4.023696e-06,1.5937148e-08,5.10637e-08,6.468022e-08,0_S1
c1_p077_20231019_o08,p077_20231019,77,1,1,14,0_S1,0.99996436,9.149421e-07,3.2508793e-05,3.4123548e-07,1.0802667e-06,7.253557e-07,0_S1
c1_p077_20231023_o12,p077_20231023,77,1,1,20,1_S2,0.99993694,5.212379e-07,6.2299354e-05,3.9069473e-08,6.403981e-08,3.057598e-08,0_S1
c1_p077_20231027_o07,p077_20231027,77,1,1,53,2_S5,0.90824324,0.00042404828,0.09130827,2.328867e-05,6.5957977e-07,4.293523e-07,0_S1
c1_p077_20231101_o04,p077_20231101,77,1,1,55,2_S5,1.1734403e-05,0.00035687012,0.50348836,0.49612918,1.3766731e-05,8.5121385e-08,2_S5
c1_p077_20231106_o05,p077_20231106,77,1,1,60,3_S6,9.688883e-07,5.9835593e-06,0.00011955485,0.9996339,0.00023963851,3.206659e-08,3_S6
c1_p077_20231109_o04,p077_20231109,77,1,1,69,3_S6,1.2491718e-08,4.814047e-06,7.773061e-06,0.9958585,0.0041288505,2.0935778e-08,3_S6
c1_p077_20231120_o05,p077_20231120,77,1,1,70,4_S7,6.7379915e-08,2.567519e-06,2.1660935e-05,0.08844546,0.9115247,5.5372057e-06,4_S7
c1_p077_20231127_o12,p077_20231127,77,1,1,73,4_S7,7.993862e-06,7.46896e-05,3.9584356e-05,0.11460776,0.885232,3.800696e-05,4_S7
c1_p077_20231130_o11,p077_20231130,77,1,1,75,4_S7,3.797616e-08,3.855951e-07,4.688954e-07,2.2793676e-05,0.999905,7.131571e-05,4_S7
c1_p077_20231204_o03,p077_20231204,77,1,1,76,4_S7,3.1084915e-06,4.959464e-06,6.76941e-06,0.0003290221,0.999602,5.4069642e-05,4_S7
c1_p077_20231211_o12,p077_20231211,77,1,1,77,4_S7,1.2032594e-07,2.8985042e-07,4.713209e-06,2.4032632e-05,0.99984634,0.00012438268,4_S7
c1_p077_20231214_o09,p077_20231214,77,1,1,78,4_S7,4.126369e-08,3.3738897e-07,8.89885e-08,3.9915815e-07,0.99933416,0.00066494907,4_S7
c1_p077_20231218_o07,p077_20231218,77,1,1,79,4_S7,4.0693058e-06,1.019521e-05,1.3203616e-05,8.280561e-05,0.9986093,0.0012804073,4_S7
c1_p077_20231227_o07,p077_20231227,77,1,1,79,4_S7,8.259925e-08,1.033599e-07,4.9115545e-08,1.11637055e-05,0.9999732,1.538938e-05,4_S7
c1_p077_20240115_o09,p077_20240115,77,1,1,81,5_S8,5.6735345e-08,2.230702e-07,1.2799948e-06,1.2314972e-07,0.05792301,0.9420753,5_S8
c1_p077_20240119_o08,p077_20240119,77,1,1,84,5_S8,1.8788387e-07,4.248598e-07,1.2416115e-05,6.2933907e-07,0.001175559,0.99881077,5_S8
c1_p077_20240126_o01,p077_20240126,77,1,1,88,5_S8,2.2524844e-07,2.5002876e-07,6.0585063e-07,1.2580716e-05,0.9958876,0.0040987562,4_S7
c1_p078_20231006_o07,p078_20231006,78,1,1,13,0_S1,0.99995923,1.284314e-07,3.509313e-05,5.9355237e-08,1.8847728e-06,3.620833e-06,0_S1
c1_p078_20231011_o06,p078_20231011,78,1,1,13,0_S1,0.99999905,8.838114e-09,8.163963e-07,1.7424601e-09,5.7748046e-08,7.603648e-08,0_S1
c1_p078_20231017_o03,p078_20231017,78,1,1,13,0_S1,0.9999378,1.3335682e-05,4.8476875e-05,3.9597e-07,6.8373316e-09,9.189902e-09,0_S1
c1_p078_20231019_o05,p078_20231019,78,1,1,14,0_S1,0.99642533,6.628944e-05,0.0034727585,2.5784273e-06,2.365368e-05,9.351844e-06,0_S1
c1_p078_20231023_o06,p078_20231023,78,1,1,51,2_S5,0.8562671,0.012056091,0.13071421,0.0008833097,7.5217016e-05,4.08416e-06,0_S1
c1_p078_20231027_o12,p078_20231027,78,1,1,53,2_S5,0.027876599,0.00025485683,0.9198256,0.051856957,0.00016226465,2.3738929e-05,2_S5
c1_p078_20231101_o05,p078_20231101,78,1,1,60,3_S6,8.7678325e-07,4.8773214e-05,0.99227685,0.0076716193,1.856244e-06,1.1159083e-08,2_S5
c1_p078_20231106_o09,p078_20231106,78,1,1,63,3_S6,3.8133656e-15,4.230367e-12,2.6088223e-10,0.99999976,2.155475e-07,6.160262e-14,3_S6
c1_p078_20231109_o05,p078_20231109,78,1,1,70,4_S7,1.2196847e-09,2.747962e-07,2.581403e-05,0.9314839,0.06848993,3.456277e-08,3_S6
c1_p078_20231120_o11,p078_20231120,78,1,1,71,4_S7,1.446017e-07,2.1768714e-05,3.2010055e-05,0.11323134,0.8866694,4.5350083e-05,4_S7
c1_p078_20231127_o10,p078_20231127,78,1,1,72,4_S7,9.123202e-07,6.464345e-06,2.8335269e-06,0.006210067,0.9937723,7.3062606e-06,4_S7
c1_p078_20231130_o12,p078_20231130,78,1,1,74,4_S7,8.2864565e-10,1.2148695e-08,1.3689217e-08,7.922334e-07,0.999992,7.2000857e-06,4_S7
c1_p078_20231204_o03,p078_20231204,78,1,1,76,4_S7,1.8484324e-07,6.000269e-07,4.3308946e-06,0.013701722,0.98628926,3.8592616e-06,4_S7
c1_p078_20231211_o08,p078_20231211,78,1,1,78,4_S7,2.1644242e-09,8.954023e-09,2.9950108e-08,2.0640077e-06,0.9999956,2.3113587e-06,4_S7
c1_p078_20231214_o03,p078_20231214,78,1,1,79,4_S7,1.11236666e-07,3.0600106e-07,1.8900027e-07,0.008605506,0.9913935,2.3982636e-07,4_S7
c1_p078_20231218_o05,p078_20231218,78,1,1,79,4_S7,1.9200236e-06,9.15273e-05,3.3039032e-05,0.0014595554,0.992991,0.005423048,4_S7
c1_p078_20231227_o04,p078_20231227,78,1,1,79,4_S7,7.71872e-09,3.8591175e-08,1.8797229e-07,6.771709e-06,0.9998871,0.00010579722,4_S7
c1_p078_20240115_o06,p078_20240115,78,1,1,83,5_S8,2.9035984e-06,2.309494e-05,0.00023162644,1.0593983e-05,0.01461488,0.98511684,5_S8
c1_p078_20240119_o01,p078_20240119,78,1,1,84,5_S8,1.3919574e-09,3.6161423e-09,1.8991055e-07,3.639386e-08,5.0860294e-06,0.99999475,5_S8
c1_p078_20240126_o09,p078_20240126,78,1,1,89,5_S8,1.7270884e-06,1.2207676e-06,5.660683e-05,1.2143585e-07,0.0027394453,0.99720097,5_S8
c1_p083_20231128_o06,p083_20231128,83,1,1,68,3_S6,9.1609174e-08,9.415694e-08,7.3813762e-06,0.7512265,0.24876574,1.3181862e-07,3_S6
c1_p083_20231130_o04,p083_20231130,83,1,1,69,3_S6,2.3581008e-07,6.330997e-07,4.9253335e-06,0.98128456,0.01870962,7.955497e-08,3_S6
c1_p083_20231204_o09,p083_20231204,83,1,1,70,4_S7,6.880458e-05,9.319927e-05,0.0003398609,0.3697549,0.629687,5.6123576e-05,4_S7
c1_p083_20231207_o03,p083_20231207,83,1,1,71,4_S7,6.4111923e-06,4.0302293e-06,0.00017441537,0.013118575,0.9833075,0.0033890426,4_S7
c1_p083_20231211_o05,p083_20231211,83,1,1,73,4_S7,4.313267e-08,1.2958787e-07,2.3486793e-06,0.0020364218,0.99794143,1.9564315e-05,4_S7
c1_p083_20231218_o06,p083_20231218,83,1,1,75,4_S7,2.392855e-12,3.32791e-11,1.6061544e-10,7.810305e-08,0.9999995,3.6207595e-07,4_S7
c1_p083_20231227_o02,p083_20231227,83,1,1,77,4_S7,1.7619427e-10,2.0004431e-09,1.5275016e-09,6.870595e-07,0.9999987,6.0766223e-07,4_S7
c1_p083_20240115_o01,p083_20240115,83,1,1,78,4_S7,4.1938347e-07,5.7491466e-06,4.0493276e-05,0.00014274828,0.9961675,0.003642972,4_S7
c1_p083_20240119_o03,p083_20240119,83,1,1,79,4_S7,1.2970321e-09,8.916783e-09,9.825857e-09,6.7154815e-07,0.99983704,0.00016222456,4_S7
c1_p083_20240126_o04,p083_20240126,83,1,1,83,5_S8,3.601408e-09,1.6893123e-08,5.999677e-07,3.0526195e-08,7.705909e-06,0.99999166,5_S8
c1_p085_20231128_o03,p085_20231128,85,1,1,65,3_S6,6.27471e-09,6.163757e-08,2.9852495e-06,0.9931298,0.006867099,3.38441e-09,3_S6
c1_p085_20231130_o01,p085_20231130,85,1,1,68,3_S6,2.6255323e-06,2.0761036e-06,5.6914814e-05,0.9986986,0.0012394115,3.1926436e-07,3_S6
c1_p085_20231204_o03,p085_20231204,85,1,1,69,3_S6,1.0280437e-05,2.2015545e-05,2.6978048e-05,0.93220365,0.067733794,3.3007623e-06,3_S6
c1_p085_20231207_o03,p085_20231207,85,1,1,70,4_S7,4.9138357e-06,9.132089e-06,0.00032223098,0.05480761,0.9447099,0.00014620193,4_S7
c1_p085_20231211_o11,p085_20231211,85,1,1,71,4_S7,1.9724957e-05,2.4506708e-05,0.0054841693,0.008211604,0.97579783,0.01046201,4_S7
c1_p085_20231218_o12,p085_20231218,85,1,1,72,4_S7,8.838826e-09,9.648964e-08,1.4225188e-07,5.1653224e-05,0.99993074,1.7364924e-05,4_S7
c1_p085_20231227_o07,p085_20231227,85,1,1,74,4_S7,1.6366403e-09,9.790685e-09,2.3411907e-07,4.5697396e-07,0.9997569,0.0002424545,4_S7
c1_p085_20240115_o05,p085_20240115,85,1,1,77,4_S7,3.6392798e-08,5.1081224e-07,4.0818413e-06,0.00013294039,0.9989285,0.0009339714,4_S7
c1_p085_20240119_o04,p085_20240119,85,1,1,79,4_S7,2.0255456e-10,8.846667e-09,9.013004e-08,1.1462215e-06,0.99960643,0.0003923374,4_S7
c1_p085_20240126_o02,p085_20240126,85,1,1,81,5_S8,3.9197474e-08,1.0722705e-07,7.6942837e-07,1.2961303e-07,4.5131364e-05,0.99995387,5_S8
c1_p089_20231128_o06,p089_20231128,89,1,1,64,3_S6,1.3792216e-08,8.120582e-08,3.186383e-06,0.15234803,0.84764856,1.5335856e-07,4_S7
c1_p089_20231130_o04,p089_20231130,89,1,1,67,3_S6,2.928883e-07,1.1863391e-06,2.6606209e-05,0.898849,0.10112292,4.0754806e-08,3_S6
c1_p089_20231204_o06,p089_20231204,89,1,1,68,3_S6,8.303625e-07,1.4676514e-06,3.8594585e-06,0.90409213,0.09590161,1.4835422e-07,3_S6
c1_p089_20231207_o04,p089_20231207,89,1,1,70,4_S7,3.233898e-09,8.829636e-08,1.0367619e-06,0.3472536,0.65274495,3.3489002e-07,4_S7
c1_p089_20231211_o02,p089_20231211,89,1,1,71,4_S7,8.052737e-09,2.0325906e-08,4.1924602e-07,0.00017898284,0.9998197,9.010325e-07,4_S7
c1_p089_20231218_o03,p089_20231218,89,1,1,73,4_S7,3.6894018e-10,1.1695636e-07,2.1805038e-08,0.00018843624,0.9998111,3.9227345e-07,4_S7
c1_p089_20231227_o04,p089_20231227,89,1,1,74,4_S7,1.0893979e-09,2.8937036e-08,6.5224796e-08,1.3881177e-06,0.9996637,0.00033474178,4_S7
c1_p089_20240115_o10,p089_20240115,89,1,1,77,4_S7,7.976926e-11,2.0104161e-10,8.42903e-10,1.082134e-08,0.99997866,2.1304277e-05,4_S7
c1_p089_20240119_o08,p089_20240119,89,1,1,78,4_S7,0.00042747264,0.00073100184,0.00096691767,0.0004829089,0.8346676,0.16272408,4_S7
c1_p089_20240126_o03,p089_20240126,89,1,1,81,5_S8,1.1209423e-09,1.2632292e-08,1.5213262e-08,1.1298321e-07,0.9779595,0.022040432,4_S7
c1_p097_20231128_o06,p097_20231128,97,1,1,64,3_S6,5.5293793e-07,1.4820519e-06,7.030042e-05,0.7934692,0.20645653,1.9250604e-06,3_S6
c1_p097_20231130_o01,p097_20231130,97,1,1,67,3_S6,3.752947e-05,2.1707343e-05,0.00023081458,0.7088464,0.2908584,5.170876e-06,3_S6
c1_p097_20231204_o03,p097_20231204,97,1,1,69,3_S6,1.1769044e-05,3.4399553e-05,4.258827e-05,0.8021404,0.19776446,6.314071e-06,3_S6
c1_p097_20231207_o08,p097_20231207,97,1,1,68,3_S6,4.9181614e-09,3.7284696e-08,3.0058243e-07,0.012244785,0.98768437,7.046555e-05,4_S7
c1_p097_20231211_o06,p097_20231211,97,1,1,69,3_S6,7.70516e-09,3.6418143e-08,1.5394113e-06,0.00022043458,0.9997501,2.794345e-05,4_S7
c1_p097_20231218_o06,p097_20231218,97,1,1,71,4_S7,3.787777e-11,2.0050217e-09,4.7823536e-09,2.6150816e-05,0.99997306,8.25618e-07,4_S7
c1_p097_20231227_o08,p097_20231227,97,1,1,72,4_S7,5.0737006e-12,5.812693e-11,1.6195395e-10,5.254254e-08,0.99999976,1.4187475e-07,4_S7
c1_p097_20240115_o08,p097_20240115,97,1,1,75,4_S7,1.04787484e-10,8.434687e-10,1.2453926e-08,3.4562002e-09,0.9993261,0.00067391945,4_S7
c1_p097_20240119_o09,p097_20240119,97,1,1,79,4_S7,6.145767e-08,1.8440706e-07,1.2614981e-06,6.336503e-06,0.9993006,0.0006913901,4_S7
c1_p097_20240126_o08,p097_20240126,97,1,1,80,5_S8,1.2984173e-09,1.12438165e-08,1.4992301e-07,2.4114024e-07,0.33442733,0.6655723,5_S8
c1_p099_20231128_o03,p099_20231128,99,1,1,65,3_S6,3.997895e-06,6.050191e-06,0.0007812964,0.9973259,0.0018816327,1.0317582e-06,3_S6
c1_p099_20231130_o08,p099_20231130,99,1,1,66,3_S6,0.00015173908,0.0001592932,0.00065524125,0.98741245,0.011609164,1.212038e-05,3_S6
c1_p099_20231204_o05,p099_20231204,99,1,1,68,3_S6,5.1322468e-06,7.4810255e-06,1.5249536e-05,0.9945294,0.0054414514,1.2557589e-06,3_S6
c1_p099_20231207_o08,p099_20231207,99,1,1,70,4_S7,2.2348103e-09,1.6142002e-08,2.1802427e-07,0.00882873,0.9911699,1.0463259e-06,4_S7
c1_p099_20231211_o05,p099_20231211,99,1,1,71,4_S7,8.66463e-06,1.6114866e-05,8.3920946e-05,0.5579497,0.44191095,3.0657877e-05,3_S6
c1_p099_20231218_o12,p099_20231218,99,1,1,72,4_S7,4.0450256e-09,2.2441739e-07,6.4689525e-09,0.004945692,0.9950523,1.8293572e-06,4_S7
c1_p099_20231227_o05,p099_20231227,99,1,1,74,4_S7,9.0567385e-09,2.7170048e-08,1.1943324e-07,7.550562e-06,0.9999881,4.2040197e-06,4_S7
c1_p099_20240115_o12,p099_20240115,99,1,1,78,4_S7,5.3904483e-07,8.694841e-06,7.2305386e-07,1.2628932e-05,0.99933535,0.00064200774,4_S7
c1_p099_20240119_o05,p099_20240119,99,1,1,79,4_S7,5.29461e-05,0.00013933537,0.0022025148,0.0023876675,0.9942365,0.0009809631,4_S7
c1_p099_20240126_o09,p099_20240126,99,1,1,80,5_S8,5.1437773e-06,0.00011888403,0.0001846357,5.1574603e-05,0.3574154,0.6422244,5_S8
c1_p003_20230816_o02,p003_20230816,3,2,1,64,3_S6,0.0015575455,0.0043571517,0.35972756,0.43014646,0.20262133,0.001589883,3_S6
c1_p003_20230921_o08,p003_20230921,3,2,1,77,4_S7,9.589463e-07,1.4788313e-06,2.9075572e-05,2.1324671e-05,0.9939215,0.006025688,4_S7
c1_p003_20231005_o08,p003_20231005,3,2,1,79,4_S7,8.72932e-06,1.2387783e-05,6.024179e-05,1.31342895e-05,0.9691905,0.03071503,4_S7
c1_p004_20230816_o11,p004_20230816,4,2,1,61,3_S6,0.0005726402,0.001998644,0.027179562,0.7158628,0.25299516,0.0013911747,3_S6
c1_p004_20230921_o02,p004_20230921,4,2,1,79,4_S7,2.4364895e-06,3.068015e-06,0.00024493356,0.00042843464,0.9980252,0.0012959809,4_S7
c1_p004_20231005_o12,p004_20231005,4,2,1,82,5_S8,0.00030848532,0.0001434166,0.0019362277,0.005780053,0.9736072,0.01822458,4_S7
c1_p009_20230816_o11,p009_20230816,9,2,1,64,3_S6,1.210917e-05,6.967515e-05,0.007773994,0.8842475,0.10786404,3.2644377e-05,3_S6
c1_p009_20230921_o10,p009_20230921,9,2,1,75,4_S7,0.00012314689,5.097588e-06,8.7996017e-07,1.703049e-07,0.4938696,0.50600106,5_S8
c1_p009_20231005_o01,p009_20231005,9,2,1,84,5_S8,1.3975399e-05,2.6895432e-06,3.2460216e-06,1.6564421e-06,0.016829208,0.98314923,5_S8
c1_p014_20230816_o08,p014_20230816,14,2,1,69,3_S6,0.00077843666,0.005137229,0.2944759,0.41191396,0.28690398,0.0007905508,3_S6
c1_p014_20230921_o02,p014_20230921,14,2,1,76,4_S7,7.166928e-07,6.685875e-07,1.2832939e-05,1.4640443e-06,0.99913174,0.0008525444,4_S7
c1_p014_20231005_o06,p014_20231005,14,2,1,79,4_S7,5.5647615e-05,0.0001045724,0.00041053217,0.0003053925,0.9908084,0.008315497,4_S7
c1_p015_20230816_o01,p015_20230816,15,2,1,66,3_S6,0.00038109763,0.002034485,0.08587869,0.8431678,0.068354584,0.00018335793,3_S6
c1_p015_20230921_o12,p015_20230921,15,2,1,73,4_S7,2.2775042e-05,1.9712375e-05,0.00076371833,0.017195359,0.9812428,0.00075568643,4_S7
c1_p015_20231005_o06,p015_20231005,15,2,1,77,4_S7,0.0026115505,0.019272253,0.004985892,0.0031254224,0.86034465,0.10966031,4_S7
c1_p018_20230816_o11,p018_20230816,18,2,1,68,3_S6,1.567478e-05,4.08849e-05,0.011133464,0.09150006,0.8972614,4.847485e-05,4_S7
c1_p018_20230921_o10,p018_20230921,18,2,1,78,4_S7,0.0016225167,0.00023241153,0.013819619,0.004549757,0.9735165,0.0062591154,4_S7
c1_p018_20231005_o05,p018_20231005,18,2,1,89,5_S8,1.5898077e-05,3.449602e-05,5.2405608e-06,1.6276107e-06,0.811974,0.18796879,4_S7
c1_p019_20230816_o03,p019_20230816,19,2,1,70,4_S7,0.0025147286,0.0046992297,0.21883772,0.30706427,0.46410197,0.002782131,4_S7
c1_p019_20230921_o01,p019_20230921,19,2,1,78,4_S7,7.292701e-06,1.962395e-05,0.0054120356,0.008768461,0.9833372,0.0024552972,4_S7
c1_p019_20231005_o07,p019_20231005,19,2,1,85,5_S8,1.2248463e-05,4.713996e-06,4.8213256e-05,8.6904365e-05,0.018066742,0.9817811,5_S8
c1_p020_20230816_o03,p020_20230816,20,2,1,70,4_S7,4.2206e-05,0.00014850519,0.029139776,0.9269099,0.04372857,3.099945e-05,3_S6
c1_p020_20230921_o01,p020_20230921,20,2,1,72,4_S7,7.970345e-06,1.0086275e-05,0.008433832,0.3581192,0.63315547,0.00027343794,4_S7
c1_p020_20231005_o10,p020_20231005,20,2,1,78,4_S7,0.0024782184,0.005051746,0.009255023,0.016287412,0.94150573,0.025421914,4_S7
c1_p022_20230828_o11,p022_20230828,22,2,1,19,0_S1,0.9638964,0.006330623,0.027345564,0.002376456,3.71908e-05,1.3752291e-05,0_S1
c1_p022_20230904_o01,p022_20230904,22,2,1,53,2_S5,0.0348147,0.047538526,0.4162412,0.49662527,0.0037446795,0.0010356236,3_S6
c1_p022_20230908_o03,p022_20230908,22,2,1,63,3_S6,0.0014093303,0.0007167032,0.053890843,0.8714832,0.07246855,3.1380034e-05,3_S6
c1_p022_20230921_o11,p022_20230921,22,2,1,70,4_S7,9.725864e-08,1.7549266e-07,0.0074962648,0.24025139,0.7522519,1.9683714e-07,4_S7
c1_p022_20231006_o06,p022_20231006,22,2,1,72,4_S7,1.9138187e-07,1.7882998e-06,0.00069483597,0.0017032933,0.997554,4.583038e-05,4_S7
c1_p022_20231017_o03,p022_20231017,22,2,1,75,4_S7,5.50513e-06,4.4945555e-05,0.020502085,0.006618371,0.97249854,0.00033052632,4_S7
c1_p022_20231023_o02,p022_20231023,22,2,1,77,4_S7,1.3291343e-07,3.3399488e-07,0.0002112099,8.1228565e-05,0.9996966,1.055687e-05,4_S7
c1_p022_20231027_o12,p022_20231027,22,2,1,78,4_S7,4.4094727e-06,1.9346027e-05,8.78608e-05,0.0003166011,0.99732107,0.0022507804,4_S7
c1_p022_20231101_o10,p022_20231101,22,2,1,79,4_S7,2.689196e-07,2.262407e-06,9.774699e-05,0.00095590466,0.99860615,0.00033778732,4_S7
c1_p022_20231106_o07,p022_20231106,22,2,1,80,5_S8,0.0011145578,0.0005352095,0.00073630165,0.0041554393,0.91893,0.07452854,4_S7
c1_p022_20231109_o10,p022_20231109,22,2,1,80,5_S8,0.00027546685,0.0004645202,0.0012982044,0.0019823432,0.77542955,0.22054988,4_S7
c1_p022_20231120_o03,p022_20231120,22,2,1,84,5_S8,0.00014787263,7.043204e-05,0.00032927308,0.00015390787,0.72387815,0.2754203,4_S7
c1_p022_20231124_o02,p022_20231124,22,2,1,86,5_S8,0.0008332254,0.0005328771,0.0030367402,0.0029841468,0.065899745,0.9267133,5_S8
c1_p022_20231127_o03,p022_20231127,22,2,1,88,5_S8,1.774075e-05,5.645202e-05,0.00043283208,8.657558e-05,0.08946616,0.90994036,5_S8
c1_p022_20231130_o04,p022_20231130,22,2,1,89,5_S8,0.00013718025,0.00022768215,0.0005983679,0.00028296668,0.15077534,0.84797853,5_S8
c1_p024_20230828_o03,p024_20230828,24,2,1,15,0_S1,0.9494071,0.027247883,0.01989716,0.0020804633,0.0009172958,0.00045003727,0_S1
c1_p024_20230904_o03,p024_20230904,24,2,1,17,0_S1,0.20359552,0.16882616,0.4261662,0.19933815,0.001923945,0.00014995142,2_S5
c1_p024_20230908_o11,p024_20230908,24,2,1,23,1_S2,0.019958949,0.000936403,0.050230287,0.9168572,0.012003844,1.3319819e-05,3_S6
c1_p024_20230921_o04,p024_20230921,24,2,1,28,1_S2,1.441415e-06,8.2516385e-07,0.002356214,0.9860082,0.011632574,7.4253387e-07,3_S6
c1_p024_20231006_o08,p024_20231006,24,2,1,29,1_S2,1.5730166e-06,1.41970895e-05,0.0054668016,0.14495727,0.8485628,0.0009973651,4_S7
c1_p024_20231017_o08,p024_20231017,24,2,1,29,1_S2,1.6756181e-07,1.768008e-06,0.4050218,0.0029971998,0.5919686,1.0447023e-05,4_S7
c1_p024_20231023_o12,p024_20231023,24,2,1,29,1_S2,1.904738e-05,3.702996e-05,0.70031285,0.032424387,0.26677388,0.00043280088,2_S5
c1_p024_20231027_o10,p024_20231027,24,2,1,29,1_S2,3.952807e-09,1.3818827e-08,1.805581e-05,1.8476732e-05,0.9999608,2.7451244e-06,4_S7
c1_p024_20231101_o07,p024_20231101,24,2,1,29,1_S2,2.6664893e-07,3.1338143e-06,0.012542211,2.2171553e-05,0.9804582,0.0069740745,4_S7
c1_p024_20231106_o04,p024_20231106,24,2,1,29,1_S2,3.1451415e-07,9.247145e-07,0.0010872434,0.00034888697,0.9978593,0.00070323056,4_S7
c1_p024_20231109_o02,p024_20231109,24,2,1,29,1_S2,0.00010456332,0.00028152755,0.30110118,0.004314945,0.58594614,0.10825164,4_S7
c1_p024_20231120_o03,p024_20231120,24,2,1,29,1_S2,2.8458983e-06,1.6569775e-05,0.00075507245,5.8858623e-05,0.8292644,0.16990225,4_S7
c1_p024_20231124_o02,p024_20231124,24,2,1,29,1_S2,2.6408923e-06,1.0050924e-05,0.00045271026,8.055554e-06,0.29356813,0.7059585,5_S8
c1_p024_20231127_o07,p024_20231127,24,2,1,51,2_S5,5.6964465e-05,0.00018452616,0.007987641,8.41482e-05,0.12715493,0.8645319,5_S8
c1_p024_20231130_o09,p024_20231130,24,2,1,51,2_S5,0.0033302736,0.0035476433,0.1178859,0.0035774068,0.57710904,0.29454976,4_S7
c1_p028_20230828_o02,p028_20230828,28,2,1,15,0_S1,0.96028256,0.02764584,0.009102118,0.001776178,0.00075527065,0.0004380151,0_S1
c1_p028_20230904_o08,p028_20230904,28,2,1,51,2_S5,0.1815863,0.032186665,0.5710692,0.21270186,0.0023439068,0.000112126836,2_S5
c1_p028_20230908_o06,p028_20230908,28,2,1,61,3_S6,1.6889482e-05,2.0696012e-05,0.0039618495,0.8269498,0.16902399,2.6845382e-05,3_S6
c1_p028_20230921_o11,p028_20230921,28,2,1,70,4_S7,2.5007507e-06,1.4456828e-05,0.0045867222,0.08556961,0.9098086,1.8235776e-05,4_S7
c1_p028_20231006_o03,p028_20231006,28,2,1,73,4_S7,8.205433e-06,4.1970747e-05,0.01019564,0.009761483,0.97997504,1.768028e-05,4_S7
c1_p028_20231017_o02,p028_20231017,28,2,1,74,4_S7,2.4194385e-06,1.0778261e-05,0.001297196,0.003750956,0.9949292,9.5093965e-06,4_S7
c1_p028_20231023_o10,p028_20231023,28,2,1,75,4_S7,1.2655293e-05,2.0972922e-05,0.023872526,0.04322798,0.93285155,1.4308728e-05,4_S7
c1_p028_20231027_o04,p028_20231027,28,2,1,76,4_S7,1.15542385e-08,6.297061e-08,6.583416e-06,1.6534559e-06,0.999982,9.678445e-06,4_S7
c1_p028_20231101_o04,p028_20231101,28,2,1,77,4_S7,6.104271e-08,2.4805738e-07,0.0003709866,4.1823117e-05,0.99942833,0.00015845172,4_S7
c1_p028_20231106_o12,p028_20231106,28,2,1,78,4_S7,1.5254082e-05,2.2658094e-05,1.5697377e-05,1.4566447e-05,0.9864226,0.0135092605,4_S7
c1_p028_20231109_o10,p028_20231109,28,2,1,79,4_S7,1.9356983e-06,4.9459873e-06,1.3313323e-05,2.0330888e-05,0.17891774,0.82104164,5_S8
c1_p028_20231120_o10,p028_20231120,28,2,1,81,5_S8,2.5447105e-07,3.8683157e-07,8.7655695e-07,4.245711e-07,0.0040775584,0.9959204,5_S8
c1_p028_20231124_o08,p028_20231124,28,2,1,84,5_S8,2.8161796e-06,4.8367833e-06,7.4524646e-06,2.823166e-06,0.383062,0.61692,5_S8
c1_p028_20231127_o07,p028_20231127,28,2,1,86,5_S8,2.4550557e-06,1.2496348e-05,1.2433984e-05,5.377001e-06,0.23123077,0.7687365,5_S8
c1_p028_20231130_o06,p028_20231130,28,2,1,89,5_S8,0.000105364954,4.4236793e-05,5.731407e-05,5.6743615e-05,0.013594047,0.98614234,5_S8
c1_p033_20230828_o06,p033_20230828,33,2,1,16,0_S1,0.45887217,0.033757675,0.41129595,0.07759753,0.015433569,0.0030430842,0_S1
c1_p033_20230904_o10,p033_20230904,33,2,1,52,2_S5,0.09607228,0.033655718,0.6763956,0.19185501,0.0019085509,0.00011289165,2_S5
c1_p033_20230908_o11,p033_20230908,33,2,1,61,3_S6,2.9507815e-05,6.221981e-05,0.026637938,0.95711887,0.016147109,4.388246e-06,3_S6
c1_p033_20230921_o04,p033_20230921,33,2,1,70,4_S7,0.00015291333,0.0004723129,0.012252939,0.016416825,0.9705221,0.00018280675,4_S7
c1_p033_20231006_o08,p033_20231006,33,2,1,72,4_S7,1.2971633e-06,1.1176271e-05,0.0028916176,0.25370818,0.74333996,4.766362e-05,4_S7
c1_p033_20231017_o11,p033_20231017,33,2,1,73,4_S7,1.6699072e-07,1.7911962e-06,0.0018435883,0.017073078,0.98105204,2.9372868e-05,4_S7
c1_p033_20231023_o03,p033_20231023,33,2,1,74,4_S7,0.048633758,0.010753322,0.3219916,0.047165606,0.5704366,0.0010191533,4_S7
c1_p033_20231027_o06,p033_20231027,33,2,1,75,4_S7,6.818409e-06,3.8937007e-05,0.0038135813,0.03664229,0.9593868,0.000111478825,4_S7
c1_p033_20231101_o02,p033_20231101,33,2,1,76,4_S7,5.300705e-05,0.00013355538,0.0021500897,0.0050454545,0.99230826,0.00030967413,4_S7
c1_p033_20231106_o01,p033_20231106,33,2,1,77,4_S7,1.2767738e-05,8.859406e-05,0.0062717455,0.0034965076,0.98993623,0.00019413493,4_S7
c1_p033_20231109_o06,p033_20231109,33,2,1,78,4_S7,1.7236424e-06,1.4678021e-05,0.00024882096,0.0006545564,0.9988778,0.00020242241,4_S7
c1_p033_20231120_o10,p033_20231120,33,2,1,83,5_S8,9.710664e-05,0.00042071904,0.012707881,0.004632712,0.69724584,0.28489575,4_S7
c1_p033_20231124_o09,p033_20231124,33,2,1,85,5_S8,0.00036805496,0.0013037693,0.023809591,0.0028605477,0.32359916,0.6480589,5_S8
c1_p033_20231127_o07,p033_20231127,33,2,1,87,5_S8,1.6300723e-05,3.8299855e-05,0.0032987648,0.00059798855,0.9748086,0.021240167,4_S7
c1_p033_20231130_o02,p033_20231130,33,2,1,89,5_S8,0.0018091181,0.00418733,0.060596846,0.008305508,0.36042017,0.56468105,5_S8
c1_p040_20230828_o08,p040_20230828,40,2,1,14,0_S1,0.5849455,0.005969434,0.30883798,0.09918868,0.0008564282,0.00020197398,0_S1
c1_p040_20230904_o01,p040_20230904,40,2,1,54,2_S5,0.0108183995,0.014187208,0.06474766,0.5329416,0.3769745,0.00033063634,3_S6
c1_p040_20230908_o05,p040_20230908,40,2,1,62,3_S6,0.0003026398,0.00016324793,0.007827229,0.98953044,0.0021571962,1.9215695e-05,3_S6
c1_p040_20230921_o04,p040_20230921,40,2,1,65,3_S6,1.2413888e-05,4.8369653e-05,0.012653268,0.5817671,0.40542215,9.662779e-05,3_S6
c1_p040_20231006_o03,p040_20231006,40,2,1,71,4_S7,7.4906835e-05,0.0002768596,0.01672071,0.15863629,0.8232001,0.0010911813,4_S7
c1_p040_20231017_o12,p040_20231017,40,2,1,72,4_S7,5.5545364e-09,8.287786e-08,0.00020188764,0.0004976695,0.99929535,4.922115e-06,4_S7
c1_p040_20231023_o04,p040_20231023,40,2,1,73,4_S7,1.0095583e-06,3.3960918e-05,0.0035983634,0.65757096,0.33715585,0.0016397577,3_S6
c1_p040_20231027_o07,p040_20231027,40,2,1,74,4_S7,4.179142e-06,7.341071e-05,0.0011318781,0.38651398,0.6119124,0.00036415024,4_S7
c1_p040_20231101_o10,p040_20231101,40,2,1,75,4_S7,1.4268235e-06,3.9199776e-06,0.002397277,0.085710794,0.90556496,0.006321591,4_S7
c1_p040_20231106_o09,p040_20231106,40,2,1,76,4_S7,3.084638e-06,3.50144e-05,0.03650737,0.27771088,0.68559587,0.00014775859,4_S7
c1_p040_20231109_o12,p040_20231109,40,2,1,77,4_S7,5.0630155e-07,2.259785e-06,0.00029731495,0.006732972,0.99295676,1.0129094e-05,4_S7
c1_p040_20231120_o10,p040_20231120,40,2,1,81,5_S8,4.5393943e-05,0.00018565868,0.014864821,0.14736044,0.80429673,0.03324703,4_S7
c1_p040_20231124_o11,p040_20231124,40,2,1,82,5_S8,1.3059847e-06,4.85641e-06,0.0015106401,0.0008582597,0.9942443,0.0033806623,4_S7
c1_p040_20231127_o01,p040_20231127,40,2,1,84,5_S8,5.1041243e-05,0.00014211709,0.017675469,0.028821314,0.9343816,0.018928496,4_S7
c1_p040_20231130_o10,p040_20231130,40,2,1,87,5_S8,0.00015911205,0.00018207541,0.009472688,0.09835286,0.8767249,0.015108446,4_S7
c1_p052_20230929_o06,p052_20230929,52,2,1,13,0_S1,0.9999883,2.1392407e-06,7.027939e-06,2.0091888e-07,6.676959e-07,1.5617859e-06,0_S1
c1_p052_20231004_o08,p052_20231004,52,2,1,13,0_S1,0.99882823,0.00021009089,0.00025940812,4.523963e-06,0.000109375345,0.0005882213,0_S1
c1_p052_20231011_o09,p052_20231011,52,2,1,14,0_S1,0.9976724,0.0015993231,0.00048466,0.0001868343,1.5753223e-05,4.105872e-05,0_S1
c1_p052_20231017_o12,p052_20231017,52,2,1,52,2_S5,0.7633274,0.010403432,0.21931279,0.0065149223,0.00039518392,4.6294655e-05,0_S1
c1_p052_20231019_o07,p052_20231019,52,2,1,53,2_S5,0.838361,0.065359555,0.06996538,0.02588794,0.00034606474,7.992086e-05,0_S1
c1_p052_20231023_o08,p052_20231023,52,2,1,61,3_S6,0.072669394,0.09919501,0.553458,0.24931093,0.025186852,0.00017983209,2_S5
c1_p052_20231027_o05,p052_20231027,52,2,1,68,3_S6,0.006252275,0.0040600724,0.11772806,0.8649923,0.0067464514,0.00022085843,3_S6
c1_p052_20231101_o08,p052_20231101,52,2,1,67,3_S6,0.003009658,0.0056191892,0.2589862,0.7300052,0.0022246623,0.00015507948,3_S6
c1_p052_20231106_o11,p052_20231106,52,2,1,68,3_S6,0.00029009455,0.0004167082,0.01783795,0.754017,0.22715694,0.00028132944,3_S6
c1_p052_20231109_o12,p052_20231109,52,2,1,70,4_S7,8.943774e-07,3.6591673e-06,0.0008040548,0.0304324,0.96875393,5.1114653e-06,4_S7
c1_p052_20231120_o10,p052_20231120,52,2,1,72,4_S7,7.616244e-09,5.700238e-08,1.4113562e-06,0.00012522921,0.9998542,1.9037796e-05,4_S7
c1_p052_20231127_o06,p052_20231127,52,2,1,73,4_S7,1.9675011e-07,1.4422145e-06,2.2742004e-05,6.354535e-05,0.9997049,0.00020703187,4_S7
c1_p052_20231130_o11,p052_20231130,52,2,1,75,4_S7,0.0010639386,0.0032321252,0.017482782,0.009549321,0.8960933,0.072578534,4_S7
c1_p052_20231204_o07,p052_20231204,52,2,1,76,4_S7,7.1633235e-07,3.7547777e-06,2.331767e-05,0.00018251518,0.99772877,0.0020609647,4_S7
c1_p052_20231211_o03,p052_20231211,52,2,1,77,4_S7,2.2297558e-05,5.0291565e-05,0.015877876,0.00024142711,0.9484876,0.035320573,4_S7
c1_p052_20231214_o10,p052_20231214,52,2,1,78,4_S7,2.6931817e-09,1.2016436e-08,1.909973e-06,1.7897855e-05,0.9998468,0.0001333866,4_S7
c1_p052_20231218_o12,p052_20231218,52,2,1,79,4_S7,3.4237744e-06,3.9531574e-06,5.000056e-05,3.2837354e-05,0.99741346,0.0024962637,4_S7
c1_p052_20231227_o07,p052_20231227,52,2,1,79,4_S7,1.1184941e-05,2.027695e-05,7.841185e-05,2.639339e-05,0.43124387,0.5686199,5_S8
c1_p052_20240104_o09,p052_20240104,52,2,1,84,5_S8,0.00011046116,0.000115884795,0.00019118731,6.0949005e-05,0.72597474,0.27354687,4_S7
c1_p058_20230929_o02,p058_20230929,58,2,1,13,0_S1,0.9999857,2.0857494e-06,8.666869e-06,1.3353348e-07,1.8981983e-06,1.5291034e-06,0_S1
c1_p058_20231004_o04,p058_20231004,58,2,1,13,0_S1,0.99968815,2.3127433e-05,0.00027950312,2.3144257e-06,3.4885384e-06,3.5081957e-06,0_S1
c1_p058_20231011_o04,p058_20231011,58,2,1,14,0_S1,0.99956053,0.00018122223,0.00022716382,2.1907877e-05,2.7689464e-06,6.4662977e-06,0_S1
c1_p058_20231017_o11,p058_20231017,58,2,1,52,2_S5,0.46776232,0.02095349,0.27956,0.18514419,0.044066112,0.002513843,0_S1
c1_p058_20231019_o06,p058_20231019,58,2,1,53,2_S5,0.88829017,0.005646057,0.102288865,0.00347175,0.00023557655,6.759584e-05,0_S1
c1_p058_20231023_o05,p058_20231023,58,2,1,54,2_S5,0.5348965,0.03091592,0.25093725,0.14554708,0.037339527,0.0003637441,0_S1
c1_p058_20231027_o04,p058_20231027,58,2,1,55,2_S5,0.0024903226,0.0006754038,0.053104784,0.22890964,0.7144655,0.00035437988,4_S7
c1_p058_20231101_o11,p058_20231101,58,2,1,59,2_S5,0.00033216042,0.00019714286,0.06324472,0.9337529,0.0023664117,0.000106794025,3_S6
c1_p058_20231106_o06,p058_20231106,58,2,1,63,3_S6,4.961007e-06,4.142514e-05,0.001283668,0.10912648,0.8868247,0.0027188007,4_S7
c1_p058_20231109_o03,p058_20231109,58,2,1,64,3_S6,1.7559421e-06,6.664103e-06,0.0005321113,0.09135753,0.90806264,3.929918e-05,4_S7
c1_p058_20231120_o02,p058_20231120,58,2,1,67,3_S6,2.207684e-07,7.6843804e-07,0.00077399035,0.0009311803,0.9982041,8.9775116e-05,4_S7
c1_p058_20231127_o04,p058_20231127,58,2,1,71,4_S7,4.879081e-10,2.6956375e-09,4.557219e-07,4.839508e-07,0.99999726,1.7673425e-06,4_S7
c1_p058_20231130_o06,p058_20231130,58,2,1,73,4_S7,4.4749e-06,1.9444049e-05,0.00092197256,0.00038116862,0.9954229,0.00325,4_S7
c1_p058_20231204_o05,p058_20231204,58,2,1,74,4_S7,1.5482221e-11,1.0184372e-10,1.1829281e-09,2.6350655e-08,0.9999981,1.91201e-06,4_S7
c1_p058_20231211_o10,p058_20231211,58,2,1,75,4_S7,3.976574e-09,4.1803535e-08,6.029643e-06,1.6814809e-06,0.99990165,9.0590496e-05,4_S7
c1_p058_20231214_o07,p058_20231214,58,2,1,76,4_S7,4.843384e-08,2.0075115e-07,3.2545265e-06,2.9311e-05,0.99951947,0.0004478134,4_S7
c1_p058_20231218_o02,p058_20231218,58,2,1,78,4_S7,3.2437137e-07,6.763511e-07,2.4051512e-06,1.067394e-05,0.9739281,0.026057798,4_S7
c1_p058_20231227_o11,p058_20231227,58,2,1,79,4_S7,2.9172984e-08,9.9506344e-08,6.716637e-07,1.4061956e-05,0.99965537,0.00032978732,4_S7
c1_p058_20240104_o09,p058_20240104,58,2,1,81,5_S8,6.012029e-06,1.3028841e-05,0.00044772727,4.7823753e-05,0.7210079,0.27847758,4_S7
c1_p060_20230929_o11,p060_20230929,60,2,1,13,0_S1,0.99990094,1.8852912e-05,5.420194e-05,2.252772e-06,1.34617385e-05,1.0278675e-05,0_S1
c1_p060_20231004_o12,p060_20231004,60,2,1,13,0_S1,0.99921274,0.00024623648,0.0002588189,5.586197e-06,0.00016570474,0.000110937,0_S1
c1_p060_20231011_o10,p060_20231011,60,2,1,53,2_S5,0.9990839,0.00032820736,0.00038023808,0.00019591261,6.493853e-06,5.1584207e-06,0_S1
c1_p060_20231017_o06,p060_20231017,60,2,1,60,3_S6,0.05424022,0.0100858,0.17129919,0.20954002,0.5544231,0.00041161457,4_S7
c1_p060_20231019_o10,p060_20231019,60,2,1,67,3_S6,0.0011302158,0.0018131295,0.28102744,0.71399325,0.0019743512,6.157155e-05,3_S6
c1_p060_20231023_o02,p060_20231023,60,2,1,67,3_S6,0.0021782469,0.0007110156,0.05291714,0.7733515,0.170802,4.0077695e-05,3_S6
c1_p060_20231027_o01,p060_20231027,60,2,1,67,3_S6,2.1836074e-06,1.772038e-06,0.02501981,0.9739266,0.0010491528,4.2882587e-07,3_S6
c1_p060_20231101_o12,p060_20231101,60,2,1,70,4_S7,6.23671e-07,2.3759803e-06,0.27526015,0.50063366,0.22408895,1.42312965e-05,3_S6
c1_p060_20231106_o05,p060_20231106,60,2,1,70,4_S7,1.6093381e-05,7.103795e-05,0.7689214,0.08505755,0.14559607,0.00033785563,2_S5
c1_p060_20231109_o03,p060_20231109,60,2,1,70,4_S7,6.853361e-06,2.3522205e-05,0.09033157,0.21585988,0.69302297,0.00075521314,4_S7
c1_p060_20231120_o12,p060_20231120,60,2,1,71,4_S7,8.545529e-07,2.6339965e-06,7.294776e-05,0.0004482511,0.99870896,0.00076633465,4_S7
c1_p060_20231127_o10,p060_20231127,60,2,1,72,4_S7,3.795257e-07,2.399841e-06,4.3612006e-05,0.00056151976,0.9988783,0.0005138728,4_S7
c1_p060_20231130_o11,p060_20231130,60,2,1,73,4_S7,9.369393e-05,0.00025151583,0.004065309,0.0006820586,0.7504334,0.2444741,4_S7
c1_p060_20231204_o03,p060_20231204,60,2,1,74,4_S7,3.4593918e-06,1.3916401e-05,1.6654387e-05,1.3431988e-05,0.90327245,0.09668008,4_S7
c1_p060_20231211_o10,p060_20231211,60,2,1,75,4_S7,4.689516e-05,0.00017484454,0.01846122,0.0009109613,0.8714122,0.10899386,4_S7
c1_p060_20231214_o05,p060_20231214,60,2,1,77,4_S7,2.9391617e-07,9.268902e-07,3.5795823e-05,0.00011198572,0.9968779,0.0029732129,4_S7
c1_p060_20231218_o11,p060_20231218,60,2,1,78,4_S7,0.000119886725,0.0003280484,0.009280036,0.0010272686,0.29422733,0.69501746,5_S8
c1_p060_20231227_o04,p060_20231227,60,2,1,79,4_S7,6.1640676e-05,0.00012426644,0.0011264171,0.00037854412,0.37747455,0.6208345,5_S8
c1_p060_20240104_o06,p060_20240104,60,2,1,84,5_S8,3.5169774e-05,6.522562e-05,0.0004524148,0.00019317845,0.069677144,0.9295768,5_S8
c1_p063_20231006_o02,p063_20231006,63,2,1,13,0_S1,0.99941194,0.00012087856,0.00012841211,3.0129771e-05,0.00020326128,0.00010533076,0_S1
c1_p063_20231011_o08,p063_20231011,63,2,1,13,0_S1,0.99942374,4.87174e-05,0.0003593935,0.00016334487,2.3643465e-06,2.4063822e-06,0_S1
c1_p063_20231017_o02,p063_20231017,63,2,1,13,0_S1,0.9995627,0.00011528795,0.00024087471,1.414942e-05,4.3071e-05,2.4096511e-05,0_S1
c1_p063_20231019_o11,p063_20231019,63,2,1,14,0_S1,0.98711723,0.0011257364,0.0114859,0.00013139594,8.7104636e-05,5.263791e-05,0_S1
c1_p063_20231023_o07,p063_20231023,63,2,1,14,0_S1,0.9997371,3.124744e-05,0.00020390336,1.3628233e-05,4.8093707e-06,9.321235e-06,0_S1
c1_p063_20231027_o11,p063_20231027,63,2,1,14,0_S1,0.5253121,0.036131933,0.29470345,0.14351211,0.00020846448,0.00013188145,0_S1
c1_p063_20231101_o11,p063_20231101,63,2,1,53,2_S5,0.39765245,0.0059714452,0.5835861,0.012730576,4.461062e-05,1.4873419e-05,2_S5
c1_p063_20231106_o09,p063_20231106,63,2,1,60,3_S6,0.0009850486,0.0020360153,0.059811108,0.93406147,0.0026294002,0.00047698928,3_S6
c1_p063_20231109_o01,p063_20231109,63,2,1,64,3_S6,6.7818166e-07,1.08195445e-05,0.0009880904,0.9427131,0.056267064,2.0317046e-05,3_S6
c1_p063_20231120_o10,p063_20231120,63,2,1,70,4_S7,2.492129e-07,6.3597636e-06,0.00015646718,0.15122125,0.8437658,0.004849925,4_S7
c1_p063_20231127_o03,p063_20231127,63,2,1,71,4_S7,1.9243408e-13,2.8065346e-13,8.444737e-09,5.513737e-07,0.9999994,2.350898e-10,4_S7
c1_p063_20231130_o03,p063_20231130,63,2,1,72,4_S7,1.3268991e-10,9.638323e-10,3.294074e-07,0.0002380478,0.99976116,4.870272e-07,4_S7
c1_p063_20231204_o02,p063_20231204,63,2,1,75,4_S7,1.5102263e-11,1.2120213e-10,8.367717e-08,4.644963e-07,0.9999994,4.9203287e-08,4_S7
c1_p063_20231211_o06,p063_20231211,63,2,1,78,4_S7,5.7016943e-12,4.409444e-11,6.143776e-09,2.6680987e-06,0.99999726,4.9175597e-08,4_S7
c1_p063_20231214_o04,p063_20231214,63,2,1,79,4_S7,2.2794513e-09,8.37103e-09,1.00030165e-05,0.00031375163,0.99963665,3.9592098e-05,4_S7
c1_p063_20231218_o01,p063_20231218,63,2,1,79,4_S7,5.4685506e-07,1.0075539e-05,0.00019466493,0.010246077,0.98650837,0.0030402306,4_S7
c1_p063_20231227_o09,p063_20231227,63,2,1,79,4_S7,1.0894326e-05,3.968565e-05,0.0005304374,0.010299832,0.9608111,0.02830805,4_S7
c1_p063_20240115_o10,p063_20240115,63,2,1,83,5_S8,1.8504426e-05,8.853075e-05,0.0009113138,0.0006466911,0.7748377,0.22349738,4_S7
c1_p063_20240119_o04,p063_20240119,63,2,1,84,5_S8,3.44763e-07,3.089618e-06,0.00071324816,0.00027748485,0.055087633,0.9439182,5_S8
c1_p063_20240126_o04,p063_20240126,63,2,1,85,5_S8,4.5976702e-07,1.5930174e-06,0.00032287985,0.000106084044,0.017737573,0.9818314,5_S8
c1_p064_20231006_o06,p064_20231006,64,2,1,13,0_S1,0.9997732,3.430747e-05,4.8699403e-05,6.6707526e-06,7.898077e-05,5.8058486e-05,0_S1
c1_p064_20231011_o05,p064_20231011,64,2,1,13,0_S1,0.9995912,9.659852e-05,0.00023940325,5.5665714e-05,9.846707e-06,7.3136207e-06,0_S1
c1_p064_20231017_o07,p064_20231017,64,2,1,13,0_S1,0.9932017,0.0010471503,0.0054599503,0.00024297393,2.1530557e-05,2.6686774e-05,0_S1
c1_p064_20231019_o12,p064_20231019,64,2,1,13,0_S1,0.9992151,6.328331e-05,0.000708282,1.0058891e-05,1.2737056e-06,1.9568756e-06,0_S1
c1_p064_20231023_o03,p064_20231023,64,2,1,13,0_S1,0.9858269,0.0025569536,0.006859214,0.0026730052,0.00090389745,0.001180112,0_S1
c1_p064_20231027_o03,p064_20231027,64,2,1,14,0_S1,0.9745388,0.0008611596,0.024142008,0.00041310966,2.0614258e-05,2.4273597e-05,0_S1
c1_p064_20231101_o07,p064_20231101,64,2,1,52,2_S5,0.033334155,0.060861442,0.4416677,0.4471406,0.008416022,0.00858004,3_S6
c1_p064_20231106_o03,p064_20231106,64,2,1,61,3_S6,0.0018041896,0.0048337677,0.15139438,0.7732697,0.06565591,0.0030419684,3_S6
c1_p064_20231109_o05,p064_20231109,64,2,1,65,3_S6,1.6386584e-05,9.7464086e-05,0.0031235195,0.974865,0.021848045,4.9515253e-05,3_S6
c1_p064_20231120_o05,p064_20231120,64,2,1,69,3_S6,3.627666e-05,0.0001534044,0.005612737,0.5739169,0.4121855,0.00809517,3_S6
c1_p064_20231127_o01,p064_20231127,64,2,1,69,3_S6,8.047779e-10,1.3014465e-09,1.2678311e-05,0.00012848542,0.9998586,1.8954509e-07,4_S7
c1_p064_20231130_o05,p064_20231130,64,2,1,71,4_S7,5.01971e-07,1.2452738e-06,0.00035436326,0.004361849,0.99522406,5.8011272e-05,4_S7
c1_p064_20231204_o02,p064_20231204,64,2,1,73,4_S7,1.7827533e-09,4.7426787e-09,6.031481e-06,3.2102973e-05,0.9999604,1.3787875e-06,4_S7
c1_p064_20231211_o05,p064_20231211,64,2,1,75,4_S7,1.5849915e-08,6.074178e-08,5.433056e-05,0.00014221846,0.9997906,1.274164e-05,4_S7
c1_p064_20231214_o05,p064_20231214,64,2,1,77,4_S7,3.0927453e-08,1.3852846e-07,0.00017305237,0.00067167205,0.99911207,4.3018546e-05,4_S7
c1_p064_20231218_o04,p064_20231218,64,2,1,78,4_S7,1.2210137e-08,9.206088e-08,1.0377528e-05,7.74333e-05,0.99961996,0.00029209512,4_S7
c1_p064_20231227_o06,p064_20231227,64,2,1,79,4_S7,5.508437e-06,3.6834084e-05,0.00048035,0.03032035,0.9643507,0.0048062745,4_S7
c1_p064_20240115_o06,p064_20240115,64,2,1,79,4_S7,3.0889603e-07,1.6458416e-06,0.000104616964,0.000108787644,0.9953323,0.0044523017,4_S7
c1_p064_20240119_o04,p064_20240119,64,2,1,81,5_S8,0.00018584495,0.00054295565,0.080182776,0.0047246125,0.6057799,0.30858392,4_S7
c1_p064_20240126_o08,p064_20240126,64,2,1,82,5_S8,2.0560187e-06,1.4156377e-05,0.0023683712,0.008317825,0.8311332,0.15816435,4_S7
c1_p065_20231006_o07,p065_20231006,65,2,1,13,0_S1,0.9997588,6.504189e-05,7.220789e-05,5.2683e-06,5.8053552e-05,4.065473e-05,0_S1
c1_p065_20231011_o03,p065_20231011,65,2,1,13,0_S1,0.99971205,4.7722773e-05,0.00019294703,4.3368498e-05,2.1330602e-06,1.7949378e-06,0_S1
c1_p065_20231017_o12,p065_20231017,65,2,1,13,0_S1,0.9483593,0.03494715,0.015214632,0.0012040988,0.00015392479,0.0001209253,0_S1
c1_p065_20231019_o08,p065_20231019,65,2,1,13,0_S1,0.9987544,0.00017225143,0.0007681366,1.4822352e-05,8.1189166e-05,0.00020915738,0_S1
c1_p065_20231023_o07,p065_20231023,65,2,1,13,0_S1,0.93124247,0.003506623,0.05340078,0.009896753,0.0007613714,0.0011920618,0_S1
c1_p065_20231027_o10,p065_20231027,65,2,1,51,2_S5,0.3628609,0.33572987,0.13597114,0.16422857,0.0006036137,0.00060598773,0_S1
c1_p065_20231101_o02,p065_20231101,65,2,1,52,2_S5,0.11664921,0.02585457,0.49940863,0.3540483,0.003437669,0.00060164277,2_S5
c1_p065_20231106_o10,p065_20231106,65,2,1,60,3_S6,4.3163123e-05,0.00042884424,0.0025378852,0.9949551,0.00202414,1.0837685e-05,3_S6
c1_p065_20231109_o10,p065_20231109,65,2,1,68,3_S6,3.5229055e-05,6.3811036e-05,0.0057018083,0.5489788,0.44513172,8.8602916e-05,3_S6
c1_p065_20231120_o12,p065_20231120,65,2,1,70,4_S7,2.165929e-08,7.3878135e-07,1.147131e-05,0.035273876,0.9508832,0.013830678,4_S7
c1_p065_20231127_o07,p065_20231127,65,2,1,73,4_S7,2.929113e-09,7.264476e-09,1.1547936e-06,8.356873e-05,0.9999151,1.424564e-07,4_S7
c1_p065_20231130_o04,p065_20231130,65,2,1,74,4_S7,1.9274958e-06,6.4087812e-06,0.00030353048,0.0010603431,0.9981377,0.0004901297,4_S7
c1_p065_20231204_o03,p065_20231204,65,2,1,75,4_S7,2.1475866e-12,8.097552e-12,4.527891e-10,6.723034e-09,0.9999999,9.128928e-08,4_S7
c1_p065_20231211_o04,p065_20231211,65,2,1,76,4_S7,2.1850082e-07,3.504774e-07,6.5104643e-07,7.997418e-06,0.9998715,0.00011926856,4_S7
c1_p065_20231214_o09,p065_20231214,65,2,1,78,4_S7,5.3328053e-09,1.6645773e-08,1.4746432e-05,4.4862013e-06,0.99997365,7.0441015e-06,4_S7
c1_p065_20231218_o10,p065_20231218,65,2,1,79,4_S7,6.65291e-05,0.00015264796,0.0016452434,0.0026206465,0.98063135,0.014883606,4_S7
c1_p065_20231227_o06,p065_20231227,65,2,1,79,4_S7,1.1510012e-05,2.429106e-05,0.000100445795,6.785952e-05,0.80367064,0.19612533,4_S7
c1_p065_20240115_o10,p065_20240115,65,2,1,79,4_S7,1.3073312e-05,0.00011143846,0.0023903097,0.00019702018,0.11791206,0.8793761,5_S8
c1_p065_20240119_o12,p065_20240119,65,2,1,80,5_S8,1.1352861e-06,1.7936181e-05,0.01897927,0.00048090005,0.054373268,0.9261475,5_S8
c1_p065_20240126_o08,p065_20240126,65,2,1,88,5_S8,3.7034646e-08,5.972812e-08,2.8996149e-06,6.9847545e-07,0.0012599427,0.9987363,5_S8
c1_p068_20231006_o01,p068_20231006,68,2,1,13,0_S1,0.99980766,4.5610504e-05,6.747562e-05,6.3429775e-06,4.5273693e-05,2.7632448e-05,0_S1
c1_p068_20231011_o11,p068_20231011,68,2,1,13,0_S1,0.9984446,0.0005823664,0.00057118735,8.756507e-05,0.00014166837,0.00017261381,0_S1
c1_p068_20231017_o11,p068_20231017,68,2,1,13,0_S1,0.9970197,0.00069761585,0.0021706568,8.2151935e-05,1.8281307e-05,1.16003985e-05,0_S1
c1_p068_20231019_o07,p068_20231019,68,2,1,14,0_S1,0.98804307,0.00076752406,0.010425354,0.00042597507,0.00012822579,0.00020972938,0_S1
c1_p068_20231023_o06,p068_20231023,68,2,1,14,0_S1,0.94705087,0.025043963,0.019231707,0.0015349116,0.0059098536,0.0012286871,0_S1
c1_p068_20231027_o01,p068_20231027,68,2,1,52,2_S5,0.172308,0.04142458,0.734402,0.050539568,0.0011414037,0.00018443046,2_S5
c1_p068_20231101_o04,p068_20231101,68,2,1,52,2_S5,0.027228978,0.0064252936,0.035304952,0.92882556,0.0021129148,0.000102413316,3_S6
c1_p068_20231106_o10,p068_20231106,68,2,1,64,3_S6,0.00029487096,0.0009951867,0.028509136,0.93268955,0.0370961,0.0004152058,3_S6
c1_p068_20231109_o05,p068_20231109,68,2,1,65,3_S6,2.4447847e-06,1.6137612e-05,0.0045390916,0.90840375,0.086459145,0.00057949295,3_S6
c1_p068_20231120_o02,p068_20231120,68,2,1,67,3_S6,9.272302e-06,4.6517234e-05,0.0028105353,0.46559492,0.5311027,0.00043609223,4_S7
c1_p068_20231127_o08,p068_20231127,68,2,1,68,3_S6,6.8834236e-09,4.9065815e-08,5.1721972e-06,6.152147e-05,0.999931,2.2685024e-06,4_S7
c1_p068_20231130_o09,p068_20231130,68,2,1,69,3_S6,2.5506918e-07,1.5019267e-06,6.5467124e-05,0.00083394715,0.9989869,0.00011186276,4_S7
c1_p068_20231204_o06,p068_20231204,68,2,1,70,4_S7,1.12603425e-11,6.429147e-11,3.460101e-09,4.816722e-08,0.9999999,8.571126e-08,4_S7
c1_p068_20231211_o09,p068_20231211,68,2,1,71,4_S7,2.6503939e-08,6.133095e-08,7.433565e-07,2.4320885e-05,0.99996185,1.3022527e-05,4_S7
c1_p068_20231214_o02,p068_20231214,68,2,1,73,4_S7,2.6694861e-08,5.3415622e-08,5.1125844e-05,5.2188385e-05,0.9997944,0.00010223273,4_S7
c1_p068_20231218_o03,p068_20231218,68,2,1,75,4_S7,6.319399e-07,1.863757e-06,2.8213735e-05,0.001760722,0.9979752,0.00023346406,4_S7
c1_p068_20231227_o02,p068_20231227,68,2,1,78,4_S7,5.846317e-07,2.9285022e-06,3.1255087e-05,0.001341675,0.9982809,0.00034264495,4_S7
c1_p068_20240115_o09,p068_20240115,68,2,1,79,4_S7,0.00011468922,0.00019074981,0.0019059324,0.0070082317,0.52774936,0.46303102,4_S7
c1_p068_20240119_o02,p068_20240119,68,2,1,80,5_S8,6.320505e-06,4.7543323e-05,0.011988984,0.0030415803,0.77186334,0.2130522,4_S7
c1_p068_20240126_o07,p068_20240126,68,2,1,81,5_S8,5.692805e-05,9.876374e-05,0.002250844,0.0018964537,0.21027495,0.7854221,5_S8
c1_p082_20231128_o11,p082_20231128,82,2,1,67,3_S6,7.970064e-05,5.2032567e-05,0.00035188117,0.90797925,0.091518685,1.839184e-05,3_S6
c1_p082_20231130_o12,p082_20231130,82,2,1,68,3_S6,0.0005101654,0.00021846521,0.0008447783,0.8585544,0.13970324,0.00016890216,3_S6
c1_p082_20231204_o10,p082_20231204,82,2,1,69,3_S6,3.8611896e-07,9.050242e-07,0.00011450305,0.05224068,0.94763917,4.3119667e-06,4_S7
c1_p082_20231207_o01,p082_20231207,82,2,1,70,4_S7,0.00021092664,0.000244383,0.006131374,0.124050006,0.865823,0.003540306,4_S7
c1_p082_20231211_o01,p082_20231211,82,2,1,72,4_S7,6.048788e-05,8.699413e-05,0.00040372374,0.03906618,0.9601497,0.00023299093,4_S7
c1_p082_20231218_o08,p082_20231218,82,2,1,73,4_S7,3.8475693e-05,0.00011444513,0.00038402472,0.0056136744,0.9890075,0.0048419726,4_S7
c1_p082_20231227_o08,p082_20231227,82,2,1,74,4_S7,4.23293e-06,1.47227165e-05,0.00019596415,0.0004412862,0.9948992,0.004444587,4_S7
c1_p082_20240115_o01,p082_20240115,82,2,1,76,4_S7,2.5835718e-08,2.0060992e-07,2.8821607e-06,4.2914857e-05,0.9998857,6.8292284e-05,4_S7
c1_p082_20240119_o10,p082_20240119,82,2,1,78,4_S7,6.489727e-08,1.3204051e-07,1.3851993e-06,1.22384035e-05,0.9999261,5.9942e-05,4_S7
c1_p082_20240126_o02,p082_20240126,82,2,1,84,5_S8,1.3575489e-06,2.0267119e-06,5.5706045e-05,3.0338828e-05,0.008876017,0.99103457,5_S8
c1_p088_20231128_o06,p088_20231128,88,2,1,67,3_S6,1.3096054e-06,1.968761e-06,0.00018488042,0.8100349,0.18975772,1.9179082e-05,3_S6
c1_p088_20231130_o05,p088_20231130,88,2,1,68,3_S6,4.11955e-06,1.1958457e-05,0.00025722414,0.04864119,0.9510599,2.5650404e-05,4_S7
c1_p088_20231204_o12,p088_20231204,88,2,1,69,3_S6,1.2614453e-05,4.038558e-05,0.00045295063,0.78766626,0.21181045,1.7308112e-05,3_S6
c1_p088_20231207_o09,p088_20231207,88,2,1,71,4_S7,3.6654035e-06,1.0953742e-05,0.0009954493,0.24325617,0.75571245,2.1247168e-05,4_S7
c1_p088_20231211_o09,p088_20231211,88,2,1,73,4_S7,3.9339903e-07,9.57073e-07,0.0005719645,0.06714388,0.93227255,1.0110706e-05,4_S7
c1_p088_20231218_o08,p088_20231218,88,2,1,75,4_S7,1.2403497e-06,8.492499e-06,0.00042420198,0.052589234,0.9454902,0.0014866705,4_S7
c1_p088_20231227_o06,p088_20231227,88,2,1,77,4_S7,5.6115846e-07,2.0306388e-06,9.838734e-05,0.030049084,0.9692281,0.00062180107,4_S7
c1_p088_20240115_o06,p088_20240115,88,2,1,78,4_S7,1.9956939e-05,0.00017777167,0.0013481912,0.0064203725,0.96763927,0.024394412,4_S7
c1_p088_20240119_o05,p088_20240119,88,2,1,79,4_S7,2.362441e-05,8.795876e-05,0.0019569567,0.004050983,0.81046486,0.18341564,4_S7
c1_p088_20240126_o12,p088_20240126,88,2,1,80,5_S8,1.4866355e-08,1.2583345e-07,6.0106277e-06,7.978329e-05,0.010029769,0.98988426,5_S8
c1_p095_20231128_o10,p095_20231128,95,2,1,66,3_S6,0.00012417644,0.00012735356,0.0018710223,0.9958066,0.002070034,8.1749073e-07,3_S6
c1_p095_20231130_o12,p095_20231130,95,2,1,68,3_S6,1.0652047e-05,9.5644655e-06,0.0009465657,0.9678783,0.031147769,7.193122e-06,3_S6
c1_p095_20231204_o04,p095_20231204,95,2,1,70,4_S7,9.42468e-07,1.0878977e-06,2.23149e-05,0.97555554,0.024419691,3.7835065e-07,3_S6
c1_p095_20231207_o01,p095_20231207,95,2,1,70,4_S7,0.00011207963,0.00015243758,0.004494009,0.5392955,0.4557259,0.00022002927,3_S6
c1_p095_20231211_o05,p095_20231211,95,2,1,71,4_S7,1.4255341e-05,1.951982e-05,0.00032060713,0.20172168,0.79750353,0.0004204631,4_S7
c1_p095_20231218_o04,p095_20231218,95,2,1,73,4_S7,0.00061790174,0.0009616328,0.008156654,0.024715666,0.9648283,0.00071991526,4_S7
c1_p095_20231227_o01,p095_20231227,95,2,1,75,4_S7,5.1545603e-06,2.0685737e-05,0.0003809262,0.0034823795,0.9865773,0.009533524,4_S7
c1_p095_20240115_o10,p095_20240115,95,2,1,78,4_S7,1.3788902e-07,5.2872756e-06,0.00038427915,0.0021390354,0.9971194,0.0003518181,4_S7
c1_p095_20240119_o08,p095_20240119,95,2,1,79,4_S7,3.086952e-05,0.00019947851,0.0052169133,0.012237495,0.9413349,0.040980328,4_S7
c1_p095_20240126_o04,p095_20240126,95,2,1,80,5_S8,2.1520955e-06,1.1620367e-05,0.00021719863,0.00037531974,0.21897525,0.78041846,5_S8
c1_p098_20231128_o06,p098_20231128,98,2,1,66,3_S6,1.0602303e-06,3.5239339e-06,0.0002064495,0.60111904,0.3986516,1.8363784e-05,3_S6
c1_p098_20231130_o01,p098_20231130,98,2,1,68,3_S6,7.658653e-06,1.12292355e-05,9.7084194e-05,0.940148,0.05972822,7.812953e-06,3_S6
c1_p098_20231204_o01,p098_20231204,98,2,1,69,3_S6,6.7618035e-05,9.199498e-05,0.001344792,0.48198918,0.51626766,0.0002387106,4_S7
c1_p098_20231207_o07,p098_20231207,98,2,1,70,4_S7,1.3764583e-05,2.3822722e-05,0.0056364867,0.29922268,0.6950965,6.774031e-06,4_S7
c1_p098_20231211_o06,p098_20231211,98,2,1,71,4_S7,5.7907696e-06,1.2125912e-05,0.00034787238,0.30111364,0.698348,0.00017246424,4_S7
c1_p098_20231218_o03,p098_20231218,98,2,1,72,4_S7,3.271507e-05,0.00012046852,0.0030053952,0.03310859,0.95958,0.004152844,4_S7
c1_p098_20231227_o06,p098_20231227,98,2,1,73,4_S7,5.5172535e-07,8.01205e-06,0.00031208762,0.002083214,0.9951461,0.0024499812,4_S7
c1_p098_20240115_o06,p098_20240115,98,2,1,77,4_S7,1.2570814e-06,1.0021089e-05,0.0005153653,0.0047000954,0.9871832,0.007590008,4_S7
c1_p098_20240119_o11,p098_20240119,98,2,1,79,4_S7,3.1036154e-07,1.7811291e-06,1.362988e-05,0.00018800762,0.9966421,0.0031540454,4_S7
c1_p098_20240126_o01,p098_20240126,98,2,1,81,5_S8,8.344634e-06,4.552669e-05,0.00034527943,0.01173099,0.9836871,0.004182839,4_S7
c1_p011_20230816_o10,p011_20230816,11,3,1,27,1_S2,2.5080157e-05,0.00015938809,0.011846993,0.7048785,0.2830579,3.2173288e-05,3_S6
c1_p011_20230921_o03,p011_20230921,11,3,1,51,2_S5,0.0025516106,0.00023285925,0.00085649715,0.007273474,0.9874072,0.0016783784,4_S7
c1_p011_20231005_o04,p011_20231005,11,3,1,52,2_S5,0.003014343,0.0016068618,0.000121111676,0.009629638,0.8867306,0.09889744,4_S7
c1_p012_20230816_o02,p012_20230816,12,3,1,65,3_S6,5.0864e-05,0.0011307575,0.084639974,0.8212907,0.092869334,1.8339231e-05,3_S6
c1_p012_20230921_o07,p012_20230921,12,3,1,79,4_S7,4.3061205e-05,5.0726185e-06,8.023783e-07,3.5843245e-06,0.99905044,0.00089696655,4_S7
c1_p012_20231005_o12,p012_20231005,12,3,1,82,5_S8,0.0010150902,3.0787274e-07,0.00014490307,6.124693e-08,0.9885274,0.0103121465,4_S7
c1_p021_20230816_o03,p021_20230816,21,3,1,64,3_S6,0.00025089382,0.003740725,0.070034,0.743027,0.18290511,4.2297008e-05,3_S6
c1_p021_20230921_o05,p021_20230921,21,3,1,83,5_S8,0.0036855722,0.0003554777,0.00054319896,0.0001020664,0.9947402,0.00057350844,4_S7
c1_p021_20231005_o06,p021_20231005,21,3,1,83,5_S8,2.652789e-05,4.880784e-07,0.00018707642,1.4861976e-07,0.99975353,3.2188138e-05,4_S7
c1_p029_20230828_o07,p029_20230828,29,3,1,20,1_S2,0.9951551,0.0009907701,0.003716556,0.00011215718,2.3743278e-05,1.6845426e-06,0_S1
c1_p029_20230904_o12,p029_20230904,29,3,1,52,2_S5,0.9904981,0.0007288953,0.008755665,1.6116108e-05,9.729763e-07,3.417723e-07,0_S1
c1_p029_20230908_o12,p029_20230908,29,3,1,60,3_S6,0.032218147,0.0024334933,0.0054309526,0.9533183,0.0065929308,6.264639e-06,3_S6
c1_p029_20230921_o12,p029_20230921,29,3,1,65,3_S6,0.13629459,0.0022082394,0.002590014,0.22478342,0.6324474,0.0016763444,4_S7
c1_p029_20231006_o05,p029_20231006,29,3,1,71,4_S7,0.08529932,0.0014257006,0.0010027421,4.8555314e-05,0.9122052,1.8415163e-05,4_S7
c1_p029_20231017_o07,p029_20231017,29,3,1,72,4_S7,0.00014001291,0.0008592084,0.07443262,0.07259776,0.8519697,5.624718e-07,4_S7
c1_p029_20231023_o03,p029_20231023,29,3,1,73,4_S7,2.2206963e-09,8.550598e-06,1.1247355e-05,5.702755e-07,0.9999796,5.0757095e-08,4_S7
c1_p029_20231027_o12,p029_20231027,29,3,1,74,4_S7,0.0026956024,0.0006557355,0.06567531,0.00066494575,0.9260176,0.004290893,4_S7
c1_p029_20231101_o01,p029_20231101,29,3,1,75,4_S7,1.3585355e-05,0.0010049613,0.014338929,1.4260839e-05,0.984519,0.000109271445,4_S7
c1_p029_20231106_o10,p029_20231106,29,3,1,76,4_S7,0.00021346008,7.877123e-06,0.0016400097,1.4575584e-05,0.9966344,0.0014896566,4_S7
c1_p029_20231109_o06,p029_20231109,29,3,1,79,4_S7,0.00023618544,0.0038191574,0.0015744457,8.924679e-06,0.7443098,0.2500514,4_S7
c1_p029_20231120_o06,p029_20231120,29,3,1,81,5_S8,0.0017171439,0.031583678,0.03413641,1.0913133e-05,0.77293557,0.15961628,4_S7
c1_p029_20231124_o02,p029_20231124,29,3,1,83,5_S8,0.000100925405,0.0007466993,0.080612056,0.0003956071,0.88911235,0.029032338,4_S7
c1_p029_20231127_o01,p029_20231127,29,3,1,87,5_S8,1.1845788e-05,0.00019564452,0.017295774,2.376785e-05,0.41129628,0.5711767,5_S8
c1_p029_20231130_o11,p029_20231130,29,3,1,89,5_S8,0.00010699987,2.1414284e-05,0.0067936154,1.0719101e-05,0.75548637,0.23758097,4_S7
c1_p031_20230828_o09,p031_20230828,31,3,1,14,0_S1,0.9999155,8.314617e-05,5.788197e-07,1.9509734e-08,1.14432936e-07,6.084931e-07,0_S1
c1_p031_20230904_o07,p031_20230904,31,3,1,22,1_S2,0.2952561,0.008152199,0.6931349,0.0032902383,0.00015752214,9.000382e-06,2_S5
c1_p031_20230908_o05,p031_20230908,31,3,1,61,3_S6,0.00029708009,0.0001265038,0.0021474385,0.99521893,0.0022099635,1.2896646e-07,3_S6
c1_p031_20230921_o05,p031_20230921,31,3,1,63,3_S6,0.036850646,0.0073408317,0.112566516,0.75872296,0.084253035,0.00026604638,3_S6
c1_p031_20231006_o09,p031_20231006,31,3,1,71,4_S7,0.00012080559,0.00048566307,0.0007856087,0.015987147,0.98173606,0.00088472344,4_S7
c1_p031_20231017_o11,p031_20231017,31,3,1,73,4_S7,0.08182324,0.00020446733,0.10358645,0.007188645,0.8049565,0.0022406897,4_S7
c1_p031_20231023_o06,p031_20231023,31,3,1,74,4_S7,0.00022973705,0.00019592406,0.67271876,0.014754779,0.31209987,8.8079594e-07,2_S5
c1_p031_20231027_o08,p031_20231027,31,3,1,75,4_S7,7.3640834e-08,8.148736e-07,1.589229e-05,2.1226195e-05,0.9999603,1.7397223e-06,4_S7
c1_p031_20231101_o08,p031_20231101,31,3,1,76,4_S7,4.76782e-08,1.7631339e-07,1.0602736e-05,1.7971082e-05,0.99997115,9.627661e-08,4_S7
c1_p031_20231106_o02,p031_20231106,31,3,1,77,4_S7,0.0002481875,0.003746866,0.050354004,0.00027581272,0.90763974,0.037735395,4_S7
c1_p031_20231109_o08,p031_20231109,31,3,1,79,4_S7,4.461561e-07,2.8427685e-06,0.00010769629,0.00021693303,0.9990132,0.0006589068,4_S7
c1_p031_20231120_o08,p031_20231120,31,3,1,80,5_S8,8.6956874e-08,1.6801362e-06,2.865393e-06,3.1889283e-06,0.9713309,0.02866122,4_S7
c1_p031_20231124_o01,p031_20231124,31,3,1,81,5_S8,7.8831096e-07,2.0701924e-05,0.00069657364,8.627406e-05,0.9546828,0.04451275,4_S7
c1_p031_20231127_o12,p031_20231127,31,3,1,84,5_S8,8.558728e-06,5.601855e-06,0.0003459149,1.949435e-06,0.8058349,0.19380315,4_S7
c1_p031_20231130_o04,p031_20231130,31,3,1,85,5_S8,0.00049326225,0.00015547228,0.011033904,9.734339e-05,0.11585321,0.87236685,5_S8
c1_p037_20230828_o10,p037_20230828,37,3,1,14,0_S1,0.9998691,5.976615e-05,7.011207e-05,6.6280694e-07,1.8465437e-07,7.408619e-08,0_S1
c1_p037_20230904_o12,p037_20230904,37,3,1,54,2_S5,0.07924469,0.002743933,0.91383433,0.00396599,0.00020712537,3.95114e-06,2_S5
c1_p037_20230908_o09,p037_20230908,37,3,1,60,3_S6,0.09494556,0.0039572176,0.75320727,0.14769569,0.00019219884,2.064584e-06,2_S5
c1_p037_20230921_o03,p037_20230921,37,3,1,70,4_S7,3.4372802e-05,0.020136965,0.0044144234,0.036041748,0.9393657,6.851653e-06,4_S7
c1_p037_20231006_o12,p037_20231006,37,3,1,71,4_S7,0.0028489837,0.03809923,0.027877945,0.5214177,0.40249324,0.007263021,3_S6
c1_p037_20231017_o03,p037_20231017,37,3,1,73,4_S7,1.6030953e-07,0.00024549005,1.2851674e-05,0.00031843298,0.999423,5.0119187e-08,4_S7
c1_p037_20231023_o08,p037_20231023,37,3,1,75,4_S7,0.01973348,0.01142149,0.32910714,0.22915013,0.41053727,5.0442988e-05,4_S7
c1_p037_20231027_o06,p037_20231027,37,3,1,76,4_S7,2.2341559e-05,0.0002459064,0.00049549923,0.00023423546,0.9983311,0.00067092973,4_S7
c1_p037_20231101_o03,p037_20231101,37,3,1,77,4_S7,7.932288e-07,0.001848156,5.806304e-05,4.1198036e-05,0.99604946,0.0020022688,4_S7
c1_p037_20231106_o04,p037_20231106,37,3,1,78,4_S7,3.8523995e-06,5.2188425e-06,1.2657187e-06,0.0005464482,0.9895698,0.009873347,4_S7
c1_p037_20231109_o01,p037_20231109,37,3,1,79,4_S7,1.2200367e-05,0.00015495991,1.4888077e-05,0.0004887422,0.990067,0.009262234,4_S7
c1_p037_20231120_o07,p037_20231120,37,3,1,80,5_S8,0.00020782644,0.0038152514,0.26962298,0.00013013795,0.6254256,0.10079818,4_S7
c1_p037_20231124_o06,p037_20231124,37,3,1,85,5_S8,0.0017323607,0.044319082,0.19019218,0.005946509,0.32255393,0.43525594,5_S8
c1_p037_20231127_o03,p037_20231127,37,3,1,87,5_S8,1.9366832e-06,0.00028697902,0.00010137248,1.1262566e-05,0.020896753,0.9787016,5_S8
c1_p037_20231130_o12,p037_20231130,37,3,1,89,5_S8,0.0002193813,0.00040879764,0.49326614,1.7758053e-05,0.37852836,0.12755957,2_S5
c1_p038_20230828_o11,p038_20230828,38,3,1,14,0_S1,0.99850804,0.00014150252,0.0011615206,7.924943e-06,9.449951e-05,8.6546854e-05,0_S1
c1_p038_20230904_o08,p038_20230904,38,3,1,60,3_S6,0.14396542,0.3040586,0.30752203,0.22898607,0.01540849,5.9385162e-05,2_S5
c1_p038_20230908_o03,p038_20230908,38,3,1,62,3_S6,0.32589668,0.0031737937,0.4020863,0.03891665,0.22987658,4.9968905e-05,2_S5
c1_p038_20230921_o04,p038_20230921,38,3,1,71,4_S7,0.00013400082,0.009713205,0.002539083,0.09659485,0.89094037,7.842391e-05,4_S7
c1_p038_20231006_o09,p038_20231006,38,3,1,72,4_S7,4.921191e-06,0.00226547,0.0032953518,0.05574441,0.93856955,0.00012021396,4_S7
c1_p038_20231017_o11,p038_20231017,38,3,1,73,4_S7,0.00011415215,0.006715723,0.0005563928,0.0017992863,0.9897133,0.0011010566,4_S7
c1_p038_20231023_o09,p038_20231023,38,3,1,74,4_S7,1.307639e-05,0.0042058257,0.10756022,0.0110686235,0.87714803,4.2921715e-06,4_S7
c1_p038_20231027_o07,p038_20231027,38,3,1,75,4_S7,1.3815513e-07,0.00017758524,0.0004111224,0.0012794858,0.9981172,1.4487153e-05,4_S7
c1_p038_20231101_o06,p038_20231101,38,3,1,76,4_S7,6.9707244e-07,1.1333308e-06,0.00048650257,2.4451376e-05,0.999485,2.2312233e-06,4_S7
c1_p038_20231106_o03,p038_20231106,38,3,1,77,4_S7,2.1546723e-05,1.5995171e-06,1.8984829e-06,1.8662204e-05,0.9999,5.622683e-05,4_S7
c1_p038_20231109_o06,p038_20231109,38,3,1,78,4_S7,0.040590886,0.0029346251,0.0022576975,0.0037319676,0.43589693,0.5145879,5_S8
c1_p038_20231120_o10,p038_20231120,38,3,1,79,4_S7,3.1923308e-05,3.1762747e-07,7.1413288e-06,4.876253e-07,0.9399772,0.059982866,4_S7
c1_p038_20231124_o08,p038_20231124,38,3,1,79,4_S7,9.391573e-05,0.013813966,0.8892087,0.00010044028,0.029620389,0.06716261,2_S5
c1_p038_20231127_o12,p038_20231127,38,3,1,79,4_S7,0.00029773332,0.02339044,0.9667398,0.00013827927,0.004398949,0.0050348556,2_S5
c1_p038_20231130_o10,p038_20231130,38,3,1,80,5_S8,9.60132e-06,2.1216998e-05,0.031113785,3.0813178e-06,0.0039998125,0.9648525,5_S8
c1_p039_20230828_o07,p039_20230828,39,3,1,14,0_S1,0.99893016,5.859342e-06,0.0010599911,3.6950297e-07,3.0187634e-06,6.722277e-07,0_S1
c1_p039_20230904_o03,p039_20230904,39,3,1,17,0_S1,0.19297038,0.0036919927,0.80074286,0.002485339,0.00010406978,5.3245694e-06,2_S5
c1_p039_20230908_o09,p039_20230908,39,3,1,53,2_S5,0.05177273,0.044601742,0.083616056,0.8179538,0.002051681,3.9439283e-06,3_S6
c1_p039_20230921_o12,p039_20230921,39,3,1,70,4_S7,0.00091261463,0.003861323,0.003568519,0.91108376,0.08039435,0.00017943732,3_S6
c1_p039_20231006_o11,p039_20231006,39,3,1,73,4_S7,0.06797982,0.117313385,0.20653078,0.4592765,0.1484523,0.00044724147,3_S6
c1_p039_20231017_o08,p039_20231017,39,3,1,74,4_S7,2.0722569e-08,0.0024635445,2.3786624e-05,0.00041829539,0.9970907,3.6826004e-06,4_S7
c1_p039_20231023_o03,p039_20231023,39,3,1,75,4_S7,5.006909e-08,0.00032074857,0.00083149044,0.002057994,0.9967895,1.4336098e-07,4_S7
c1_p039_20231027_o05,p039_20231027,39,3,1,76,4_S7,1.4697309e-06,0.0023005088,0.0011781515,0.00015949078,0.9962288,0.00013165905,4_S7
c1_p039_20231101_o01,p039_20231101,39,3,1,77,4_S7,0.000111989524,0.015520896,0.13213785,0.00010605604,0.83546096,0.016662268,4_S7
c1_p039_20231106_o03,p039_20231106,39,3,1,78,4_S7,4.1227053e-05,0.0010689909,0.0023504542,0.0062241107,0.98892725,0.0013879164,4_S7
c1_p039_20231109_o08,p039_20231109,39,3,1,79,4_S7,4.2467304e-06,0.0030817895,0.007848385,0.0001322149,0.98844564,0.0004876957,4_S7
c1_p039_20231120_o10,p039_20231120,39,3,1,80,5_S8,0.00053491147,0.0046773003,0.7722803,0.00021055968,0.10721914,0.115077846,2_S5
c1_p039_20231124_o03,p039_20231124,39,3,1,81,5_S8,0.00016822756,0.03751597,0.59934783,0.00011098123,0.024242062,0.33861488,2_S5
c1_p039_20231127_o10,p039_20231127,39,3,1,81,5_S8,8.287292e-05,0.0028489362,0.39311752,6.707549e-05,0.026342241,0.57754135,5_S8
c1_p039_20231130_o08,p039_20231130,39,3,1,82,5_S8,0.00012118142,0.0006915223,0.9500996,0.00021691486,0.0073944586,0.04147631,2_S5
c1_p045_20230929_o10,p045_20230929,45,3,1,13,0_S1,0.9999976,9.65174e-09,2.2236263e-06,1.3626655e-10,3.7468322e-08,1.2700974e-07,0_S1
c1_p045_20231004_o07,p045_20231004,45,3,1,13,0_S1,0.99992895,3.0823558e-05,4.0228646e-05,1.0158942e-08,4.387774e-08,9.448163e-08,0_S1
c1_p045_20231011_o05,p045_20231011,45,3,1,14,0_S1,0.8366282,0.12547208,0.036676988,0.0012185916,4.121292e-06,7.080871e-08,0_S1
c1_p045_20231017_o08,p045_20231017,45,3,1,15,0_S1,0.006423737,2.7647233e-05,0.97430634,0.00083151227,0.018410336,4.2010103e-07,2_S5
c1_p045_20231019_o12,p045_20231019,45,3,1,51,2_S5,0.2696672,0.0011597618,0.7242867,0.0027322771,0.002125702,2.8395e-05,2_S5
c1_p045_20231023_o12,p045_20231023,45,3,1,53,2_S5,0.072454184,0.0013249399,0.78784376,0.13768402,0.00068762474,5.5020414e-06,2_S5
c1_p045_20231027_o06,p045_20231027,45,3,1,60,3_S6,0.015307571,0.013072969,0.92025113,0.00835392,0.042913046,0.000101299265,2_S5
c1_p045_20231101_o03,p045_20231101,45,3,1,61,3_S6,1.3142355e-06,5.602172e-05,0.04062281,0.94957507,0.009744354,4.1644074e-07,3_S6
c1_p045_20231106_o08,p045_20231106,45,3,1,66,3_S6,0.00015187945,6.658291e-05,0.0027784356,0.54963005,0.4472495,0.00012354298,3_S6
c1_p045_20231109_o10,p045_20231109,45,3,1,70,4_S7,1.6471181e-06,6.0376765e-06,0.0044467803,0.76790845,0.22763519,1.9452486e-06,3_S6
c1_p045_20231120_o10,p045_20231120,45,3,1,72,4_S7,7.593461e-06,4.9422357e-05,0.004049902,0.12600265,0.8698166,7.383501e-05,4_S7
c1_p045_20231127_o06,p045_20231127,45,3,1,73,4_S7,8.473265e-09,3.7015845e-08,2.8905757e-07,1.414922e-05,0.99990046,8.51065e-05,4_S7
c1_p045_20231130_o04,p045_20231130,45,3,1,76,4_S7,1.3168857e-09,6.686658e-11,5.5038156e-09,1.846966e-08,0.9999981,1.8857377e-06,4_S7
c1_p045_20231204_o10,p045_20231204,45,3,1,77,4_S7,4.078166e-08,8.575148e-09,2.4242843e-06,1.1890069e-05,0.99996984,1.589914e-05,4_S7
c1_p045_20231211_o03,p045_20231211,45,3,1,78,4_S7,1.2361903e-07,2.09309e-06,0.00013524346,2.0860634e-06,0.9994117,0.00044878174,4_S7
c1_p045_20231214_o02,p045_20231214,45,3,1,78,4_S7,4.475616e-11,5.618262e-12,4.441232e-09,3.5190727e-08,1.0,1.6483364e-09,4_S7
c1_p045_20231218_o04,p045_20231218,45,3,1,79,4_S7,5.1186728e-08,4.8222333e-08,1.3083886e-05,9.941177e-07,0.9999838,2.0642728e-06,4_S7
c1_p045_20231227_o02,p045_20231227,45,3,1,79,4_S7,3.4025696e-08,2.774899e-08,1.3687776e-06,2.565719e-06,0.99996185,3.426009e-05,4_S7
c1_p045_20240104_o02,p045_20240104,45,3,1,80,5_S8,2.4516344e-11,2.4634947e-10,1.9579016e-10,3.2366865e-12,1.5708923e-05,0.99998426,5_S8
c1_p046_20230929_o04,p046_20230929,46,3,1,13,0_S1,0.99997973,1.5219167e-07,2.001392e-05,2.4086098e-08,2.6747776e-08,7.6306975e-08,0_S1
c1_p046_20231004_o06,p046_20231004,46,3,1,13,0_S1,0.99995625,5.2191797e-07,4.308373e-05,1.1601331e-08,1.5042194e-07,8.379319e-08,0_S1
c1_p046_20231011_o05,p046_20231011,46,3,1,14,0_S1,0.9982494,0.0016221562,9.305407e-05,2.5749878e-05,6.2922627e-06,3.2906762e-06,0_S1
c1_p046_20231017_o09,p046_20231017,46,3,1,52,2_S5,0.76206464,0.096382424,0.1350613,0.0056110206,0.0008207254,5.998783e-05,0_S1
c1_p046_20231019_o01,p046_20231019,46,3,1,54,2_S5,0.97067034,4.650177e-05,0.029282913,2.7584434e-07,4.1946264e-09,1.7453893e-08,0_S1
c1_p046_20231023_o06,p046_20231023,46,3,1,60,3_S6,0.8156504,0.0066054952,0.15450783,0.023045184,0.00018987493,1.2037975e-06,0_S1
c1_p046_20231027_o09,p046_20231027,46,3,1,61,3_S6,0.00044298175,0.0037117742,0.9852196,0.010546598,7.847539e-05,5.585266e-07,2_S5
c1_p046_20231101_o11,p046_20231101,46,3,1,61,3_S6,6.722186e-05,0.00021248637,0.5618065,0.43545464,0.002459012,1.9949711e-07,2_S5
c1_p046_20231106_o12,p046_20231106,46,3,1,65,3_S6,0.0001464783,0.003098854,0.00024924413,0.62380284,0.17910323,0.19359933,3_S6
c1_p046_20231109_o02,p046_20231109,46,3,1,66,3_S6,2.0028012e-05,1.2368388e-05,0.00019626843,0.9991093,0.00066190143,1.136976e-07,3_S6
c1_p046_20231120_o12,p046_20231120,46,3,1,71,4_S7,7.244286e-07,2.026382e-05,9.392012e-05,0.025270443,0.9740569,0.0005577722,4_S7
c1_p046_20231127_o10,p046_20231127,46,3,1,71,4_S7,2.9388785e-12,8.7721986e-08,4.805373e-07,2.616261e-07,0.9999988,3.2609927e-07,4_S7
c1_p046_20231130_o02,p046_20231130,46,3,1,72,4_S7,1.627785e-08,2.5615088e-09,3.4812007e-07,6.3555404e-07,0.9999882,1.0864695e-05,4_S7
c1_p046_20231204_o12,p046_20231204,46,3,1,73,4_S7,6.8636546e-10,2.1034143e-06,1.2013748e-05,3.5746976e-07,0.9999145,7.0952105e-05,4_S7
c1_p046_20231211_o04,p046_20231211,46,3,1,76,4_S7,3.0195867e-08,5.7610365e-09,2.4387964e-06,0.0020767832,0.99791986,9.227655e-07,4_S7
c1_p046_20231214_o07,p046_20231214,46,3,1,78,4_S7,7.163701e-08,1.8336722e-06,1.015902e-06,1.9108033e-05,0.9996476,0.0003301901,4_S7
c1_p046_20231218_o07,p046_20231218,46,3,1,79,4_S7,3.2714626e-05,6.476008e-05,0.00043861277,0.0038146952,0.98781615,0.007833055,4_S7
c1_p046_20231227_o02,p046_20231227,46,3,1,79,4_S7,1.19397265e-08,1.0269373e-06,4.0049906e-07,1.1099075e-06,0.99906796,0.0009295456,4_S7
c1_p046_20240104_o03,p046_20240104,46,3,1,81,5_S8,6.060943e-08,7.836792e-07,1.5490744e-07,8.5723286e-08,9.319557e-05,0.9999056,5_S8
c1_p048_20230929_o03,p048_20230929,48,3,1,13,0_S1,0.9999819,2.8014023e-07,1.6886268e-05,7.293218e-08,2.315394e-07,6.2555773e-07,0_S1
c1_p048_20231004_o10,p048_20231004,48,3,1,13,0_S1,0.99992585,3.8290094e-05,3.219645e-05,3.4647204e-08,1.970585e-06,1.624977e-06,0_S1
c1_p048_20231011_o06,p048_20231011,48,3,1,14,0_S1,0.8970538,0.0009947084,0.10163891,0.00014794049,0.00016344641,1.2714769e-06,0_S1
c1_p048_20231017_o09,p048_20231017,48,3,1,15,0_S1,0.95327216,0.032073416,0.0077053644,0.006351987,0.000501516,9.554163e-05,0_S1
c1_p048_20231019_o04,p048_20231019,48,3,1,16,0_S1,0.9103518,0.00015033157,0.08946834,2.7581613e-05,1.4379336e-06,4.7164016e-07,0_S1
c1_p048_20231023_o03,p048_20231023,48,3,1,54,2_S5,0.7877854,0.00093720015,0.20385824,0.0073944917,2.1191432e-05,3.4392217e-06,0_S1
c1_p048_20231027_o11,p048_20231027,48,3,1,60,3_S6,0.46318156,0.006627019,0.32763502,0.20253375,2.181462e-05,8.4149826e-07,0_S1
c1_p048_20231101_o08,p048_20231101,48,3,1,62,3_S6,1.3116596e-05,7.827525e-05,0.99854124,0.001312002,5.537656e-05,5.774531e-08,2_S5
c1_p048_20231106_o11,p048_20231106,48,3,1,65,3_S6,8.078129e-05,0.0008984281,0.07677208,0.24496295,0.6772704,1.5233403e-05,4_S7
c1_p048_20231109_o01,p048_20231109,48,3,1,67,3_S6,2.3245868e-05,1.6851725e-05,0.00062759296,0.8456583,0.15367322,8.057776e-07,3_S6
c1_p048_20231120_o10,p048_20231120,48,3,1,70,4_S7,1.4899484e-05,1.8402733e-06,2.4084933e-05,0.00050344714,0.9993988,5.6940713e-05,4_S7
c1_p048_20231127_o07,p048_20231127,48,3,1,72,4_S7,9.987146e-09,5.730663e-07,1.1597757e-05,6.850943e-06,0.9999747,6.3317316e-06,4_S7
c1_p048_20231130_o12,p048_20231130,48,3,1,73,4_S7,1.0319529e-06,9.78972e-08,2.7786351e-05,3.3613756e-05,0.9997112,0.0002262055,4_S7
c1_p048_20231204_o06,p048_20231204,48,3,1,74,4_S7,4.739081e-06,2.078588e-05,0.00021022485,0.008140711,0.9913402,0.00028336883,4_S7
c1_p048_20231211_o11,p048_20231211,48,3,1,76,4_S7,4.6188546e-08,2.6078192e-08,2.4851092e-06,5.6468827e-05,0.99985826,8.268855e-05,4_S7
c1_p048_20231214_o07,p048_20231214,48,3,1,77,4_S7,6.4507627e-10,4.006462e-10,1.3774206e-07,1.467254e-07,0.99999905,7.3439e-07,4_S7
c1_p048_20231218_o10,p048_20231218,48,3,1,78,4_S7,1.5872289e-05,1.8782015e-06,6.333852e-05,1.1779906e-05,0.99258137,0.007325798,4_S7
c1_p048_20231227_o07,p048_20231227,48,3,1,79,4_S7,3.8862056e-09,3.717974e-09,1.4953324e-07,9.88319e-07,0.9998747,0.00012415453,4_S7
c1_p048_20240104_o10,p048_20240104,48,3,1,80,5_S8,1.1745367e-08,2.908415e-08,5.4161895e-08,6.911762e-07,0.9994324,0.0005669199,4_S7
c1_p053_20230929_o12,p053_20230929,53,3,1,13,0_S1,0.9999566,1.5999951e-06,3.6232123e-05,6.0486553e-07,1.0456363e-06,3.8395547e-06,0_S1
c1_p053_20231004_o05,p053_20231004,53,3,1,13,0_S1,0.9999708,7.883281e-06,1.7770875e-05,3.446204e-08,4.9786155e-07,3.0908257e-06,0_S1
c1_p053_20231011_o08,p053_20231011,53,3,1,15,0_S1,0.9961545,0.0016085537,0.0022075248,1.4400758e-05,1.2413093e-05,2.5145962e-06,0_S1
c1_p053_20231017_o09,p053_20231017,53,3,1,53,2_S5,0.7494242,2.8527787e-05,0.24383329,9.4401075e-06,0.006692565,1.1915163e-05,0_S1
c1_p053_20231019_o12,p053_20231019,53,3,1,54,2_S5,0.9303219,0.017751198,0.034080982,0.017792938,4.530413e-05,7.69512e-06,0_S1
c1_p053_20231023_o03,p053_20231023,53,3,1,60,3_S6,0.006995286,0.0011610958,0.42567062,0.56518775,0.0009843535,8.6153216e-07,3_S6
c1_p053_20231027_o06,p053_20231027,53,3,1,63,3_S6,4.381752e-06,9.1285455e-07,0.99981064,0.00018145818,2.6119312e-06,2.8011387e-09,2_S5
c1_p053_20231101_o01,p053_20231101,53,3,1,65,3_S6,4.1554725e-07,0.0007300016,0.0006909091,0.43230447,0.5662713,2.898862e-06,4_S7
c1_p053_20231106_o02,p053_20231106,53,3,1,67,3_S6,1.3865326e-07,0.0051567894,0.0018387205,0.9390393,0.05391505,4.995663e-05,3_S6
c1_p053_20231109_o08,p053_20231109,53,3,1,70,4_S7,1.3345755e-06,5.6778094e-06,0.001239151,0.07027617,0.92842966,4.805581e-05,4_S7
c1_p053_20231120_o09,p053_20231120,53,3,1,72,4_S7,2.9956746e-07,1.7720639e-07,2.6767886e-05,0.016550262,0.9834072,1.5225054e-05,4_S7
c1_p053_20231127_o07,p053_20231127,53,3,1,74,4_S7,4.2017043e-09,4.3720178e-08,1.1426401e-05,1.0393444e-05,0.9999746,3.5141409e-06,4_S7
c1_p053_20231130_o10,p053_20231130,53,3,1,75,4_S7,1.20409e-07,2.4045044e-09,2.2878874e-05,3.04859e-05,0.99991846,2.8036435e-05,4_S7
c1_p053_20231204_o09,p053_20231204,53,3,1,76,4_S7,2.9345639e-08,2.2924082e-08,1.9559375e-06,7.039791e-05,0.9999256,2.0918949e-06,4_S7
c1_p053_20231211_o11,p053_20231211,53,3,1,78,4_S7,5.2435368e-08,1.5063313e-06,0.00012571715,3.803401e-05,0.9998272,7.546403e-06,4_S7
c1_p053_20231214_o06,p053_20231214,53,3,1,80,5_S8,2.600007e-10,3.9245945e-10,8.354422e-09,1.6193201e-08,0.9999776,2.2438779e-05,4_S7
c1_p053_20231218_o01,p053_20231218,53,3,1,81,5_S8,1.9588274e-06,2.0855607e-06,2.1996897e-05,8.6753425e-05,0.99927086,0.0006164233,4_S7
c1_p053_20231227_o11,p053_20231227,53,3,1,79,4_S7,1.4781803e-08,1.9114977e-06,1.2459558e-06,1.367121e-06,0.99913836,0.000857132,4_S7
c1_p053_20240104_o12,p053_20240104,53,3,1,79,4_S7,3.5053956e-05,7.098606e-05,0.0041171885,0.00012543277,0.7444244,0.25122696,4_S7
c1_p061_20230929_o12,p061_20230929,61,3,1,13,0_S1,0.99996996,7.1368486e-06,1.5782245e-05,6.005718e-07,4.4341365e-07,6.0934244e-06,0_S1
c1_p061_20231004_o04,p061_20231004,61,3,1,13,0_S1,0.9999782,5.0618096e-06,8.249442e-06,5.4391744e-08,4.024531e-06,4.4735752e-06,0_S1
c1_p061_20231011_o10,p061_20231011,61,3,1,14,0_S1,0.9996419,0.00035626758,1.7470344e-06,3.4742765e-08,3.889922e-08,4.4200917e-08,0_S1
c1_p061_20231017_o08,p061_20231017,61,3,1,53,2_S5,0.9319433,0.013679957,0.042661726,0.010861767,0.00077241467,8.080833e-05,0_S1
c1_p061_20231019_o05,p061_20231019,61,3,1,53,2_S5,0.88384145,0.0004708005,0.114598505,0.00010472688,0.00095958554,2.4898598e-05,0_S1
c1_p061_20231023_o09,p061_20231023,61,3,1,60,3_S6,0.000118605305,0.0007474685,0.49984998,0.49088383,0.0083983615,1.7253334e-06,2_S5
c1_p061_20231027_o04,p061_20231027,61,3,1,61,3_S6,7.222123e-05,2.869903e-05,0.19453518,0.6609001,0.1444597,4.12347e-06,3_S6
c1_p061_20231101_o09,p061_20231101,61,3,1,62,3_S6,1.5011564e-06,9.487998e-08,0.99988484,9.691067e-05,1.6661248e-05,6.313176e-12,2_S5
c1_p061_20231106_o12,p061_20231106,61,3,1,63,3_S6,1.6008668e-06,0.00032715118,0.0015339557,0.9339716,0.06414772,1.8044635e-05,3_S6
c1_p061_20231109_o08,p061_20231109,61,3,1,63,3_S6,1.8331972e-06,0.00013883172,0.00011481936,0.33220747,0.665131,0.002406077,4_S7
c1_p061_20231120_o01,p061_20231120,61,3,1,71,4_S7,7.990225e-08,1.7087195e-06,1.7525977e-05,0.00043001614,0.9995259,2.4733628e-05,4_S7
c1_p061_20231127_o09,p061_20231127,61,3,1,72,4_S7,6.417152e-05,0.00019670169,0.024137152,0.017640254,0.9498674,0.008094152,4_S7
c1_p061_20231130_o11,p061_20231130,61,3,1,73,4_S7,3.6260167e-06,2.0520765e-06,0.00037015838,0.00036916073,0.99815375,0.0011013318,4_S7
c1_p061_20231204_o10,p061_20231204,61,3,1,74,4_S7,1.30560185e-08,2.1372944e-07,7.1976706e-06,3.5820365e-05,0.9999522,4.6184696e-06,4_S7
c1_p061_20231211_o04,p061_20231211,61,3,1,75,4_S7,2.7957745e-07,7.221342e-07,2.34938e-05,3.8881324e-05,0.99985826,7.844407e-05,4_S7
c1_p061_20231214_o02,p061_20231214,61,3,1,76,4_S7,1.8197026e-06,4.544079e-07,1.2814438e-05,3.1515472e-05,0.9994874,0.00046589563,4_S7
c1_p061_20231218_o07,p061_20231218,61,3,1,79,4_S7,2.686488e-05,3.7526038e-07,0.000216599,1.3097306e-05,0.99106884,0.008674344,4_S7
c1_p061_20231227_o07,p061_20231227,61,3,1,80,5_S8,3.6412015e-07,3.088729e-06,7.849549e-06,9.9552184e-05,0.92631495,0.07357423,4_S7
c1_p061_20240104_o08,p061_20240104,61,3,1,82,5_S8,0.0006825791,2.6236858e-06,0.016642328,5.8157824e-05,0.26565102,0.71696335,5_S8
c1_p067_20231006_o09,p067_20231006,67,3,1,13,0_S1,0.9999101,3.380038e-05,3.562502e-05,5.80081e-07,7.4114037e-06,1.2511618e-05,0_S1
c1_p067_20231011_o04,p067_20231011,67,3,1,13,0_S1,0.99989045,6.964892e-05,3.665319e-05,3.5348938e-07,8.561385e-07,1.9431889e-06,0_S1
c1_p067_20231017_o06,p067_20231017,67,3,1,13,0_S1,0.9999459,5.534781e-06,3.263869e-05,8.1744396e-08,1.7397304e-06,1.4009895e-05,0_S1
c1_p067_20231019_o08,p067_20231019,67,3,1,14,0_S1,0.9999305,6.7644476e-05,1.470791e-06,2.3888767e-09,2.395206e-08,4.1254484e-07,0_S1
c1_p067_20231023_o08,p067_20231023,67,3,1,14,0_S1,0.9642633,0.03519417,0.0005404265,1.911759e-06,1.1498428e-07,5.979854e-08,0_S1
c1_p067_20231027_o09,p067_20231027,67,3,1,54,2_S5,0.9855241,0.0011455198,0.013328502,7.0693926e-07,1.07269834e-07,9.779916e-07,0_S1
c1_p067_20231101_o12,p067_20231101,67,3,1,60,3_S6,0.0033958084,0.00024517707,0.99600655,0.00034178692,1.0659731e-05,8.7150084e-08,2_S5
c1_p067_20231106_o01,p067_20231106,67,3,1,63,3_S6,6.0938208e-05,0.0002488685,0.8333676,0.16611937,0.00020286464,4.803042e-07,2_S5
c1_p067_20231109_o12,p067_20231109,67,3,1,69,3_S6,5.3042703e-07,6.403364e-06,0.082178846,0.7044457,0.21336052,7.959575e-06,3_S6
c1_p067_20231120_o09,p067_20231120,67,3,1,70,4_S7,7.356823e-06,0.0011904337,0.0033506823,0.70542,0.28948835,0.0005431601,3_S6
c1_p067_20231127_o11,p067_20231127,67,3,1,71,4_S7,2.2048473e-06,1.4091716e-05,0.0004953168,0.05902252,0.94042546,4.0436542e-05,4_S7
c1_p067_20231130_o07,p067_20231130,67,3,1,72,4_S7,2.0619407e-07,4.646604e-06,0.00010377641,0.010045854,0.98980534,4.0114355e-05,4_S7
c1_p067_20231204_o04,p067_20231204,67,3,1,75,4_S7,6.4262298e-09,6.958783e-07,5.0703993e-06,3.9937157e-05,0.99995327,9.494427e-07,4_S7
c1_p067_20231211_o07,p067_20231211,67,3,1,76,4_S7,1.3763986e-09,9.1155034e-10,2.8739214e-07,9.47801e-06,0.99996734,2.2965032e-05,4_S7
c1_p067_20231214_o08,p067_20231214,67,3,1,77,4_S7,2.7451192e-11,6.786124e-12,1.7803699e-09,6.7350754e-08,0.99999964,3.1043157e-07,4_S7
c1_p067_20231218_o03,p067_20231218,67,3,1,78,4_S7,5.070691e-10,7.8113027e-10,4.5368548e-08,1.2013257e-07,0.9986167,0.0013831251,4_S7
c1_p067_20231227_o09,p067_20231227,67,3,1,79,4_S7,2.232589e-08,1.8078171e-07,4.0385987e-07,3.3053198e-06,0.9984378,0.001558329,4_S7
c1_p067_20240115_o07,p067_20240115,67,3,1,79,4_S7,2.1141985e-07,1.2216577e-06,0.00012865198,8.508017e-05,0.9075223,0.0922625,4_S7
c1_p067_20240119_o07,p067_20240119,67,3,1,82,5_S8,6.3057075e-07,1.611079e-06,1.5572085e-05,3.2256494e-06,0.0034505029,0.99652845,5_S8
c1_p067_20240126_o04,p067_20240126,67,3,1,86,5_S8,2.645063e-10,1.0034914e-10,7.634997e-09,5.732135e-11,1.6482878e-07,0.9999999,5_S8
c1_p072_20231006_o01,p072_20231006,72,3,1,13,0_S1,0.9999552,2.1527546e-06,4.1522253e-05,5.6542063e-08,5.9917966e-07,4.7918235e-07,0_S1
c1_p072_20231011_o06,p072_20231011,72,3,1,13,0_S1,0.99997616,1.537886e-05,4.000751e-06,6.1580906e-08,2.734176e-07,4.1109142e-06,0_S1
c1_p072_20231017_o06,p072_20231017,72,3,1,13,0_S1,0.9997265,9.176761e-05,0.00017927893,2.843885e-07,7.1877434e-07,1.522069e-06,0_S1
c1_p072_20231019_o10,p072_20231019,72,3,1,14,0_S1,0.9999976,9.732777e-07,1.3791991e-06,2.9380163e-09,1.0949163e-09,8.762033e-09,0_S1
c1_p072_20231023_o11,p072_20231023,72,3,1,15,0_S1,0.9940737,0.00072592235,0.0049851458,0.00020753471,6.7488777e-06,9.389635e-07,0_S1
c1_p072_20231027_o04,p072_20231027,72,3,1,53,2_S5,0.7254466,0.0873882,0.17981076,0.0073442226,7.597377e-06,2.5861596e-06,0_S1
c1_p072_20231101_o07,p072_20231101,72,3,1,55,2_S5,0.0007713518,0.00023116864,0.98372215,0.014407643,0.00086169585,6.011064e-06,2_S5
c1_p072_20231106_o02,p072_20231106,72,3,1,63,3_S6,0.00020245378,0.013562583,0.16092573,0.43010047,0.37119314,0.024015632,3_S6
c1_p072_20231109_o03,p072_20231109,72,3,1,65,3_S6,1.0574652e-06,0.004948747,0.012895925,0.24107735,0.7403188,0.0007580975,4_S7
c1_p072_20231120_o08,p072_20231120,72,3,1,70,4_S7,1.1374631e-08,3.0066808e-08,7.834941e-07,0.20464054,0.7953583,3.6192571e-07,4_S7
c1_p072_20231127_o07,p072_20231127,72,3,1,72,4_S7,1.3826131e-07,1.8284047e-07,3.5521687e-06,0.6794664,0.32052746,2.2114239e-06,3_S6
c1_p072_20231130_o08,p072_20231130,72,3,1,75,4_S7,7.658483e-06,4.6938526e-06,0.0044603343,0.0010411703,0.99434245,0.00014367005,4_S7
c1_p072_20231204_o12,p072_20231204,72,3,1,76,4_S7,5.233447e-09,5.8677205e-07,3.526315e-06,5.494034e-07,0.9999577,3.7613518e-05,4_S7
c1_p072_20231211_o11,p072_20231211,72,3,1,77,4_S7,5.4474395e-08,0.00010427234,0.00019862376,1.55459e-06,0.9996637,3.1806e-05,4_S7
c1_p072_20231214_o03,p072_20231214,72,3,1,78,4_S7,6.9651296e-10,1.2693768e-09,1.0895878e-08,4.663108e-07,0.9999995,2.2502e-08,4_S7
c1_p072_20231218_o04,p072_20231218,72,3,1,79,4_S7,1.4756486e-08,1.1621971e-09,2.0385809e-08,1.4893526e-06,0.9999224,7.606478e-05,4_S7
c1_p072_20231227_o04,p072_20231227,72,3,1,79,4_S7,3.7561736e-09,3.6730322e-10,5.7928946e-09,4.0005485e-08,0.9994747,0.00052526355,4_S7
c1_p072_20240115_o06,p072_20240115,72,3,1,82,5_S8,7.482111e-08,2.2564042e-09,1.0720107e-06,4.1730703e-09,0.010563672,0.98943526,5_S8
c1_p072_20240119_o01,p072_20240119,72,3,1,83,5_S8,2.328505e-05,1.4648727e-05,0.00017191398,1.8252573e-05,0.0011377069,0.99863416,5_S8
c1_p072_20240126_o05,p072_20240126,72,3,1,86,5_S8,3.3239857e-07,6.01324e-09,2.6830435e-06,3.4164998e-08,1.0218663e-05,0.99998677,5_S8
c1_p076_20231006_o03,p076_20231006,76,3,1,13,0_S1,0.99994886,2.4286152e-05,1.4527711e-05,8.432562e-07,2.8758327e-06,8.5884185e-06,0_S1
c1_p076_20231011_o12,p076_20231011,76,3,1,13,0_S1,0.9998677,6.9254274e-06,0.00012204084,5.4204736e-07,1.5946479e-06,1.2429734e-06,0_S1
c1_p076_20231017_o04,p076_20231017,76,3,1,13,0_S1,0.9998678,4.0296607e-07,2.5616378e-05,2.1569713e-07,5.390737e-06,0.00010057378,0_S1
c1_p076_20231019_o05,p076_20231019,76,3,1,14,0_S1,0.9999068,5.064152e-08,9.311981e-05,4.9365056e-10,8.799404e-09,1.1842473e-08,0_S1
c1_p076_20231023_o05,p076_20231023,76,3,1,15,0_S1,0.98184913,0.016758345,0.0010374879,3.4299635e-05,0.00016788431,0.00015281071,0_S1
c1_p076_20231027_o10,p076_20231027,76,3,1,20,1_S2,0.8959662,0.0016035731,0.10242501,4.502041e-06,5.656103e-07,2.4355126e-07,0_S1
c1_p076_20231101_o04,p076_20231101,76,3,1,53,2_S5,0.0024649014,3.0369863e-05,0.99731785,0.00017684851,9.925796e-06,1.3882408e-07,2_S5
c1_p076_20231106_o03,p076_20231106,76,3,1,60,3_S6,4.3655105e-05,0.00014630225,0.0029953986,0.008645101,0.9881159,5.3610227e-05,4_S7
c1_p076_20231109_o07,p076_20231109,76,3,1,64,3_S6,4.6204368e-05,2.0171068e-05,0.0001714011,0.45433468,0.54517287,0.0002547072,4_S7
c1_p076_20231120_o04,p076_20231120,76,3,1,68,3_S6,3.750995e-07,7.068845e-06,0.0003191627,0.3075894,0.69203556,4.8361973e-05,4_S7
c1_p076_20231127_o09,p076_20231127,76,3,1,72,4_S7,4.6525471e-07,5.6556433e-07,1.6805683e-05,0.00070938887,0.9991326,0.0001401713,4_S7
c1_p076_20231130_o12,p076_20231130,76,3,1,73,4_S7,3.2213018e-06,0.0001877885,0.0002789432,0.0031820713,0.9937996,0.0025483447,4_S7
c1_p076_20231204_o11,p076_20231204,76,3,1,74,4_S7,8.762463e-06,4.7819274e-05,0.00030676817,0.008857175,0.98844224,0.00233736,4_S7
c1_p076_20231211_o04,p076_20231211,76,3,1,75,4_S7,5.177779e-07,2.304814e-06,3.0554664e-05,1.0655588e-06,0.9874236,0.01254198,4_S7
c1_p076_20231214_o03,p076_20231214,76,3,1,75,4_S7,3.5876346e-06,4.0260204e-07,1.2141233e-05,1.0738186e-06,0.9996394,0.00034336935,4_S7
c1_p076_20231218_o03,p076_20231218,76,3,1,76,4_S7,0.0002179665,2.423852e-06,3.369844e-05,5.250046e-06,0.93326277,0.066477895,4_S7
c1_p076_20231227_o11,p076_20231227,76,3,1,78,4_S7,3.263058e-05,8.408595e-05,0.00065003213,2.3813038e-05,0.8684064,0.13080303,4_S7
c1_p076_20240115_o10,p076_20240115,76,3,1,80,5_S8,7.407478e-08,1.5701363e-06,0.00047637234,2.0717508e-09,0.00089128874,0.9986307,5_S8
c1_p076_20240119_o12,p076_20240119,76,3,1,84,5_S8,1.089756e-06,4.1073417e-06,6.250082e-05,1.3426265e-07,0.0002570471,0.99967515,5_S8
c1_p076_20240126_o12,p076_20240126,76,3,1,86,5_S8,1.9904341e-07,2.1053812e-07,2.9479577e-06,1.0705516e-08,0.0016376317,0.998359,5_S8
c1_p093_20231128_o08,p093_20231128,93,3,1,66,3_S6,3.9521897e-06,4.7697275e-05,0.0057200384,0.9077407,0.08648673,9.1524134e-07,3_S6
c1_p093_20231130_o02,p093_20231130,93,3,1,68,3_S6,1.3319556e-08,8.797345e-07,8.5127895e-06,0.058140334,0.9418501,1.6513964e-07,4_S7
c1_p093_20231204_o07,p093_20231204,93,3,1,69,3_S6,1.0105955e-06,1.5386407e-06,4.1255462e-05,0.6822731,0.31767976,3.3491722e-06,3_S6
c1_p093_20231207_o01,p093_20231207,93,3,1,70,4_S7,1.0594022e-08,1.9202854e-07,1.7127637e-05,0.0044659674,0.9955165,2.544363e-07,4_S7
c1_p093_20231211_o03,p093_20231211,93,3,1,71,4_S7,1.127588e-07,4.4856886e-08,4.3251935e-06,0.05828328,0.941709,3.2039832e-06,4_S7
c1_p093_20231218_o05,p093_20231218,93,3,1,73,4_S7,2.3154784e-07,1.4263617e-05,1.0945822e-05,0.00020804656,0.99826896,0.0014975761,4_S7
c1_p093_20231227_o12,p093_20231227,93,3,1,75,4_S7,4.6848957e-08,3.719555e-06,3.5247032e-07,3.0779458e-06,0.9895096,0.010483227,4_S7
c1_p093_20240115_o05,p093_20240115,93,3,1,76,4_S7,0.010938284,2.6655916e-06,0.00073571946,2.53536e-07,0.983609,0.004714079,4_S7
c1_p093_20240119_o05,p093_20240119,93,3,1,79,4_S7,0.0013436256,9.859881e-07,9.5472235e-05,1.13487665e-07,0.99682236,0.0017375549,4_S7
c1_p093_20240126_o07,p093_20240126,93,3,1,83,5_S8,5.199479e-06,1.3314092e-07,7.311795e-07,1.074859e-07,0.0003981402,0.9995957,5_S8
c1_p096_20231128_o07,p096_20231128,96,3,1,66,3_S6,1.3432961e-07,5.0442445e-08,1.122973e-05,0.99995816,3.042597e-05,7.622529e-09,3_S6
c1_p096_20231130_o01,p096_20231130,96,3,1,68,3_S6,9.901081e-08,2.2404832e-08,3.923295e-07,0.99990046,9.905705e-05,5.3482023e-09,3_S6
c1_p096_20231204_o10,p096_20231204,96,3,1,69,3_S6,1.7884264e-09,3.611997e-09,9.95771e-08,0.9287235,0.07127642,1.6478584e-09,3_S6
c1_p096_20231207_o09,p096_20231207,96,3,1,70,4_S7,8.970688e-08,8.35126e-07,7.088022e-05,0.013320674,0.98660606,1.3648429e-06,4_S7
c1_p096_20231211_o07,p096_20231211,96,3,1,71,4_S7,4.0175764e-06,5.0493516e-05,0.0010973618,0.0701525,0.92868435,1.1333193e-05,4_S7
c1_p096_20231218_o04,p096_20231218,96,3,1,73,4_S7,1.5762961e-09,3.9005908e-08,2.9364351e-08,6.604198e-07,0.99999475,4.497498e-06,4_S7
c1_p096_20231227_o10,p096_20231227,96,3,1,76,4_S7,2.4187528e-09,1.1708718e-08,1.7491388e-08,2.456794e-07,0.99926764,0.00073204574,4_S7
c1_p096_20240115_o03,p096_20240115,96,3,1,77,4_S7,8.021176e-06,2.9548412e-08,1.7095749e-06,3.0024264e-08,0.9825498,0.017440401,4_S7
c1_p096_20240119_o11,p096_20240119,96,3,1,83,5_S8,0.0008985743,7.095077e-05,0.00016191183,3.4173559e-06,0.98056257,0.018302564,4_S7
c1_p096_20240126_o01,p096_20240126,96,3,1,89,5_S8,3.863764e-05,3.6585766e-06,3.9147075e-05,5.2087627e-05,0.0044763256,0.99539006,5_S8
c1_p001_20230816_o02,p001_20230816,1,4,1,70,4_S7,0.00053630304,0.008734285,0.045503642,0.92262906,0.022346871,0.00024985976,3_S6
c1_p001_20230921_o12,p001_20230921,1,4,1,79,4_S7,0.00030224014,0.02445196,0.0198941,0.12118735,0.83137095,0.0027933498,4_S7
c1_p001_20231005_o07,p001_20231005,1,4,1,87,5_S8,0.043343138,0.052186895,0.022627296,0.030529924,0.6803187,0.170994,4_S7
c1_p007_20230816_o09,p007_20230816,7,4,1,67,3_S6,0.010230612,0.17998329,0.06838255,0.66426855,0.076283686,0.000851243,3_S6
c1_p007_20230921_o04,p007_20230921,7,4,1,80,5_S8,0.007516386,0.026546163,0.1039331,0.13361387,0.7047574,0.023633162,4_S7
c1_p007_20231005_o11,p007_20231005,7,4,1,83,5_S8,0.0041344655,0.05175786,0.048124757,0.0011085758,0.44512138,0.44975302,5_S8
c1_p013_20230816_o01,p013_20230816,13,4,1,59,2_S5,0.0149289025,0.014560818,0.02292286,0.8909674,0.0556456,0.0009744819,3_S6
c1_p013_20230921_o12,p013_20230921,13,4,1,75,4_S7,0.00074402173,0.0005981999,0.031674936,0.28223252,0.681943,0.0028073173,4_S7
c1_p013_20231005_o08,p013_20231005,13,4,1,88,5_S8,0.016466118,0.027017873,0.30768785,0.012851919,0.06310781,0.5728684,5_S8
c1_p023_20230828_o05,p023_20230828,23,4,1,14,0_S1,0.9919304,0.0064105187,0.0015973671,6.114108e-05,2.2911071e-07,2.6723092e-07,0_S1
c1_p023_20230904_o12,p023_20230904,23,4,1,22,1_S2,0.19065206,0.050925095,0.31396702,0.43421355,0.009611893,0.0006303335,3_S6
c1_p023_20230908_o04,p023_20230908,23,4,1,63,3_S6,0.007719123,0.010263185,0.07297628,0.90671813,0.0022956622,2.7617889e-05,3_S6
c1_p023_20230921_o02,p023_20230921,23,4,1,70,4_S7,6.8378016e-05,0.0027449694,0.008526155,0.8405156,0.14812246,2.2524304e-05,3_S6
c1_p023_20231006_o10,p023_20231006,23,4,1,71,4_S7,4.9595885e-05,0.019714797,0.002413509,0.1934416,0.7841894,0.00019106762,4_S7
c1_p023_20231017_o05,p023_20231017,23,4,1,73,4_S7,0.00025405368,0.050481845,0.00055964966,0.023621276,0.92264086,0.0024423182,4_S7
c1_p023_20231023_o06,p023_20231023,23,4,1,77,4_S7,8.8647504e-08,0.0013599165,4.140255e-05,0.013261566,0.98516685,0.00017008847,4_S7
c1_p023_20231027_o05,p023_20231027,23,4,1,78,4_S7,3.0912363e-06,0.02630328,0.0009290887,0.015436052,0.95531905,0.0020094418,4_S7
c1_p023_20231101_o08,p023_20231101,23,4,1,79,4_S7,8.855752e-06,0.009307446,0.00016223227,0.0016482195,0.9838328,0.0050404766,4_S7
c1_p023_20231106_o03,p023_20231106,23,4,1,78,4_S7,0.0013293826,0.25921386,0.024325972,0.019017976,0.26280895,0.4333039,5_S8
c1_p023_20231109_o09,p023_20231109,23,4,1,79,4_S7,2.2825614e-06,0.00024359154,0.00018796028,0.013715471,0.9846401,0.0012107232,4_S7
c1_p023_20231120_o08,p023_20231120,23,4,1,81,5_S8,0.00011302881,0.0030195147,0.0038193841,0.0040068617,0.85366976,0.13537143,4_S7
c1_p023_20231124_o02,p023_20231124,23,4,1,83,5_S8,1.9781703e-05,0.0042083752,0.0016568286,4.8008995e-05,0.011082645,0.9829843,5_S8
c1_p023_20231127_o12,p023_20231127,23,4,1,84,5_S8,2.9388355e-06,7.317636e-05,0.00014914088,9.195329e-06,0.06985605,0.9299095,5_S8
c1_p023_20231130_o02,p023_20231130,23,4,1,85,5_S8,2.5880477e-06,0.0002536125,0.00013133962,0.00014094394,0.097005166,0.90246636,5_S8
c1_p034_20230828_o01,p034_20230828,34,4,1,15,0_S1,0.9592,0.018987339,0.019818125,0.0019493779,2.57391e-05,1.9345176e-05,0_S1
c1_p034_20230904_o07,p034_20230904,34,4,1,53,2_S5,0.028291572,0.04840348,0.29991007,0.59531933,0.027823813,0.0002516627,3_S6
c1_p034_20230908_o03,p034_20230908,34,4,1,61,3_S6,0.013532048,0.03594206,0.025772605,0.9131738,0.0110464785,0.0005330263,3_S6
c1_p034_20230921_o01,p034_20230921,34,4,1,70,4_S7,0.00022064678,0.008690808,0.0018759082,0.035912532,0.95316327,0.00013670826,4_S7
c1_p034_20231006_o01,p034_20231006,34,4,1,72,4_S7,0.00019489725,0.06477343,0.0031110458,0.068257146,0.8616637,0.0019998173,4_S7
c1_p034_20231017_o03,p034_20231017,34,4,1,73,4_S7,0.00034946602,0.00867561,0.0012342887,0.003744171,0.98535293,0.0006435328,4_S7
c1_p034_20231023_o12,p034_20231023,34,4,1,74,4_S7,0.00010613018,0.030132355,0.012795422,0.008476306,0.9448331,0.003656707,4_S7
c1_p034_20231027_o11,p034_20231027,34,4,1,76,4_S7,0.00035519624,0.18809359,0.030391471,0.013877686,0.50472254,0.26255956,4_S7
c1_p034_20231101_o01,p034_20231101,34,4,1,77,4_S7,8.1708844e-05,0.1073332,0.003349141,0.00081740145,0.7244846,0.1639339,4_S7
c1_p034_20231106_o01,p034_20231106,34,4,1,78,4_S7,2.88701e-06,0.0005824204,0.00020504286,0.006843407,0.99195766,0.0004085707,4_S7
c1_p034_20231109_o06,p034_20231109,34,4,1,79,4_S7,0.0005906451,0.01837504,0.011235269,0.01594419,0.71617293,0.23768194,4_S7
c1_p034_20231120_o07,p034_20231120,34,4,1,82,5_S8,0.0012363681,0.15815252,0.007844468,0.0007190399,0.20136906,0.6306785,5_S8
c1_p034_20231124_o06,p034_20231124,34,4,1,86,5_S8,2.7954982e-05,0.00015954928,0.0011799557,0.00014905946,0.020564657,0.9779187,5_S8
c1_p034_20231127_o09,p034_20231127,34,4,1,88,5_S8,7.0964255e-05,0.0053051934,0.0017903551,0.00016303398,0.113238566,0.87943196,5_S8
c1_p034_20231130_o04,p034_20231130,34,4,1,89,5_S8,0.005582731,0.0033273203,0.017325234,0.000711096,0.0781987,0.8948549,5_S8
c1_p043_20230929_o05,p043_20230929,43,4,1,13,0_S1,0.99996936,1.4223337e-05,1.5225615e-05,1.0609155e-06,1.09592015e-08,3.4803698e-08,0_S1
c1_p043_20231004_o04,p043_20231004,43,4,1,13,0_S1,0.999767,9.414646e-05,0.00012909522,8.544655e-06,6.724438e-07,4.6276142e-07,0_S1
c1_p043_20231011_o05,p043_20231011,43,4,1,14,0_S1,0.9989467,0.0008923444,0.00014372228,1.618908e-05,6.3545366e-07,3.7679374e-07,0_S1
c1_p043_20231017_o04,p043_20231017,43,4,1,52,2_S5,0.89310545,0.0016877176,0.093118176,0.012086193,1.8604632e-06,5.9372394e-07,0_S1
c1_p043_20231019_o11,p043_20231019,43,4,1,53,2_S5,0.33530128,0.0024197395,0.6532163,0.008698547,0.00025420747,0.00010983291,2_S5
c1_p043_20231023_o06,p043_20231023,43,4,1,60,3_S6,0.034623753,0.0054076742,0.7719724,0.1862722,0.0015394104,0.00018455676,2_S5
c1_p043_20231027_o06,p043_20231027,43,4,1,61,3_S6,0.0024371746,0.00031071246,0.6521645,0.34397414,0.001099011,1.4398993e-05,2_S5
c1_p043_20231101_o09,p043_20231101,43,4,1,64,3_S6,2.0525583e-06,0.001352362,0.0046529453,0.97038984,0.023583982,1.8803612e-05,3_S6
c1_p043_20231106_o12,p043_20231106,43,4,1,70,4_S7,0.0009285216,0.20572132,0.006745479,0.47607407,0.28487766,0.025652956,3_S6
c1_p043_20231109_o08,p043_20231109,43,4,1,70,4_S7,1.1657895e-08,6.278908e-05,4.105823e-06,0.03013196,0.96974206,5.9005528e-05,4_S7
c1_p043_20231120_o02,p043_20231120,43,4,1,70,4_S7,2.0177913e-06,0.00030346646,0.00022673295,0.10123153,0.8957424,0.0024938153,4_S7
c1_p043_20231127_o04,p043_20231127,43,4,1,71,4_S7,6.933208e-06,0.0025751742,0.00027056696,0.0038923463,0.83771473,0.15554033,4_S7
c1_p043_20231130_o10,p043_20231130,43,4,1,71,4_S7,3.113277e-09,0.00092587696,2.3000207e-06,0.00014568937,0.9973972,0.0015289368,4_S7
c1_p043_20231204_o03,p043_20231204,43,4,1,72,4_S7,5.510857e-05,0.00043743246,0.0018826362,0.012475454,0.9146464,0.07050312,4_S7
c1_p043_20231211_o08,p043_20231211,43,4,1,74,4_S7,9.7083386e-05,0.006095066,0.008799109,0.018112635,0.57638395,0.39051217,4_S7
c1_p043_20231214_o05,p043_20231214,43,4,1,76,4_S7,4.016623e-06,0.007263482,0.00014208592,0.0005431628,0.9431085,0.048938654,4_S7
c1_p043_20231218_o05,p043_20231218,43,4,1,77,4_S7,2.2640329e-07,0.0021103108,1.0637663e-05,2.2921042e-05,0.96701664,0.030839317,4_S7
c1_p043_20231227_o04,p043_20231227,43,4,1,78,4_S7,4.733266e-05,0.025425857,0.00065681787,0.0004528252,0.5806558,0.39276132,4_S7
c1_p043_20240104_o11,p043_20240104,43,4,1,79,4_S7,9.853255e-06,0.0049856235,0.00034651408,0.0001871026,0.7087447,0.28572622,4_S7
c1_p050_20230929_o08,p050_20230929,50,4,1,13,0_S1,0.9999924,3.3340575e-06,3.9687384e-06,3.0621052e-07,2.1373048e-09,5.2681806e-09,0_S1
c1_p050_20231004_o06,p050_20231004,50,4,1,13,0_S1,0.99991345,4.046431e-05,4.4141918e-05,1.928549e-06,1.664909e-08,2.148741e-08,0_S1
c1_p050_20231011_o09,p050_20231011,50,4,1,14,0_S1,0.99681515,0.001229016,0.0016658442,0.0002866484,2.2337126e-06,1.1189508e-06,0_S1
c1_p050_20231017_o01,p050_20231017,50,4,1,15,0_S1,0.95276034,0.030425314,0.016526653,0.00022249456,3.9267496e-05,2.5993468e-05,0_S1
c1_p050_20231019_o04,p050_20231019,50,4,1,16,0_S1,0.92637783,0.001846386,0.07098619,0.00078216486,5.780603e-06,1.5811323e-06,0_S1
c1_p050_20231023_o12,p050_20231023,50,4,1,20,1_S2,0.13722734,0.042895652,0.6716969,0.13073617,0.017011978,0.00043194438,2_S5
c1_p050_20231027_o02,p050_20231027,50,4,1,21,1_S2,0.02358842,0.001357219,0.38736454,0.5789492,0.008203657,0.000536993,3_S6
c1_p050_20231101_o02,p050_20231101,50,4,1,54,2_S5,0.0012640195,0.0014178491,0.2518075,0.73854274,0.006943835,2.4035946e-05,3_S6
c1_p050_20231106_o03,p050_20231106,50,4,1,67,3_S6,0.0036154785,0.020581981,0.0071894326,0.9396173,0.02870219,0.00029367505,3_S6
c1_p050_20231109_o10,p050_20231109,50,4,1,69,3_S6,1.645459e-06,0.0013086385,0.007404827,0.7266489,0.2646017,3.424011e-05,3_S6
c1_p050_20231120_o05,p050_20231120,50,4,1,70,4_S7,1.6965328e-06,1.1145818e-05,1.9123054e-05,0.030500816,0.96934265,0.00012463151,4_S7
c1_p050_20231127_o04,p050_20231127,50,4,1,72,4_S7,5.676923e-05,0.00053251005,0.0010775003,0.01807585,0.97645855,0.0037987558,4_S7
c1_p050_20231130_o08,p050_20231130,50,4,1,74,4_S7,1.9033258e-05,7.417313e-05,0.0008065754,0.00061844644,0.8157552,0.1827266,4_S7
c1_p050_20231204_o03,p050_20231204,50,4,1,75,4_S7,3.002578e-07,5.612217e-06,1.3431806e-05,4.7968024e-05,0.99921346,0.0007191236,4_S7
c1_p050_20231211_o06,p050_20231211,50,4,1,76,4_S7,1.4652006e-05,6.597597e-05,0.00027859342,0.0007565805,0.9770881,0.021796113,4_S7
c1_p050_20231214_o10,p050_20231214,50,4,1,78,4_S7,1.2374152e-06,0.00010720156,2.0273412e-05,0.00019223525,0.93475145,0.06492766,4_S7
c1_p050_20231218_o11,p050_20231218,50,4,1,79,4_S7,8.356457e-06,0.0013145875,0.002368407,0.014647233,0.9682339,0.01342765,4_S7
c1_p050_20231227_o12,p050_20231227,50,4,1,81,5_S8,5.626321e-05,0.012631854,0.0022483326,0.00804378,0.7031822,0.27383757,4_S7
c1_p050_20240104_o12,p050_20240104,50,4,1,79,4_S7,7.178861e-05,0.00040452537,0.00036546538,0.0002659247,0.89897835,0.09991398,4_S7
c1_p051_20230929_o07,p051_20230929,51,4,1,13,0_S1,0.999974,1.7434242e-05,7.779094e-06,7.4656543e-07,2.7662768e-08,4.424859e-08,0_S1
c1_p051_20231004_o08,p051_20231004,51,4,1,13,0_S1,0.99956554,0.00023721358,0.00018923321,7.574209e-06,9.9384174e-08,3.395564e-07,0_S1
c1_p051_20231011_o01,p051_20231011,51,4,1,15,0_S1,0.99755657,0.0009579159,0.0014164149,6.749174e-05,3.4601538e-07,1.1729663e-06,0_S1
c1_p051_20231017_o06,p051_20231017,51,4,1,52,2_S5,0.7518994,0.07345924,0.10005893,0.06509127,0.008941164,0.0005499523,0_S1
c1_p051_20231019_o09,p051_20231019,51,4,1,60,3_S6,0.17160362,0.010910653,0.7821596,0.024214234,0.010703652,0.00040824417,2_S5
c1_p051_20231023_o10,p051_20231023,51,4,1,65,3_S6,0.09824291,0.04490544,0.31041783,0.41691798,0.12900952,0.00050630484,3_S6
c1_p051_20231027_o11,p051_20231027,51,4,1,66,3_S6,0.0015566761,0.00082495506,0.31478992,0.6719162,0.010827844,8.4418e-05,3_S6
c1_p051_20231101_o03,p051_20231101,51,4,1,69,3_S6,0.000463793,0.00078205805,0.1411038,0.8039595,0.05341136,0.00027950847,3_S6
c1_p051_20231106_o01,p051_20231106,51,4,1,70,4_S7,1.5383421e-06,0.004078137,0.0027255546,0.45487908,0.5380386,0.00027713343,4_S7
c1_p051_20231109_o08,p051_20231109,51,4,1,71,4_S7,4.2639e-05,0.011742389,0.004968384,0.44858733,0.53345793,0.0012013379,4_S7
c1_p051_20231120_o04,p051_20231120,51,4,1,72,4_S7,1.5953183e-06,0.0003352108,6.6668435e-05,0.08320086,0.91609955,0.00029613875,4_S7
c1_p051_20231127_o06,p051_20231127,51,4,1,75,4_S7,8.343159e-05,0.0061801444,0.0022418248,0.013335102,0.73410773,0.24405183,4_S7
c1_p051_20231130_o10,p051_20231130,51,4,1,76,4_S7,1.2108004e-05,0.006965822,0.0016826387,0.019160861,0.9209357,0.051242933,4_S7
c1_p051_20231204_o12,p051_20231204,51,4,1,77,4_S7,1.3229123e-07,6.340044e-05,3.6540794e-05,0.00021166135,0.9879809,0.0117074195,4_S7
c1_p051_20231211_o09,p051_20231211,51,4,1,78,4_S7,9.589788e-07,0.0008129747,0.0004197848,0.0023557432,0.99393916,0.0024714028,4_S7
c1_p051_20231214_o05,p051_20231214,51,4,1,79,4_S7,4.4894196e-06,6.552836e-05,6.619212e-05,0.00048681983,0.05709321,0.9422838,5_S8
c1_p051_20231218_o11,p051_20231218,51,4,1,79,4_S7,1.0359961e-07,0.0014301016,1.8663728e-05,0.0018773811,0.9606135,0.036060244,4_S7
c1_p051_20231227_o05,p051_20231227,51,4,1,81,5_S8,1.2330443e-09,1.1656948e-06,8.620911e-08,4.5498552e-08,0.00012747804,0.99987125,5_S8
c1_p051_20240104_o02,p051_20240104,51,4,1,82,5_S8,2.6756076e-08,3.8314377e-07,3.780511e-07,8.724097e-06,0.99947387,0.00051663956,4_S7
c1_p055_20230929_o05,p055_20230929,55,4,1,13,0_S1,0.999972,1.6037251e-05,1.1205761e-05,7.5022604e-07,8.888963e-09,2.7272412e-08,0_S1
c1_p055_20231004_o05,p055_20231004,55,4,1,13,0_S1,0.9998167,0.000135562,4.455672e-05,2.7619697e-06,1.9452658e-07,2.0400739e-07,0_S1
c1_p055_20231011_o09,p055_20231011,55,4,1,14,0_S1,0.99910957,0.00039950447,0.0004233876,6.672002e-05,2.102907e-07,5.2346616e-07,0_S1
c1_p055_20231017_o12,p055_20231017,55,4,1,20,1_S2,0.54569834,0.02464173,0.41336733,0.015751733,0.00043238024,0.00010840983,0_S1
c1_p055_20231019_o02,p055_20231019,55,4,1,54,2_S5,0.14062464,0.006725945,0.81559736,0.036887016,0.00014855686,1.6520318e-05,2_S5
c1_p055_20231023_o03,p055_20231023,55,4,1,55,2_S5,0.24064398,0.004128922,0.6964624,0.058513705,0.000221568,2.9458812e-05,2_S5
c1_p055_20231027_o04,p055_20231027,55,4,1,60,3_S6,0.0013381556,0.0014032834,0.30062893,0.69102407,0.005539254,6.635121e-05,3_S6
c1_p055_20231101_o04,p055_20231101,55,4,1,63,3_S6,0.0012494397,0.075917274,0.10927952,0.62387747,0.18891399,0.0007623256,3_S6
c1_p055_20231106_o05,p055_20231106,55,4,1,67,3_S6,2.1527665e-06,0.0004612025,0.0062551294,0.8752992,0.11792561,5.6668996e-05,3_S6
c1_p055_20231109_o04,p055_20231109,55,4,1,69,3_S6,3.066502e-05,0.0021473959,0.014757085,0.8299938,0.15148443,0.001586641,3_S6
c1_p055_20231120_o04,p055_20231120,55,4,1,71,4_S7,3.456837e-05,0.011146931,0.0022854072,0.36689678,0.61212546,0.0075108255,4_S7
c1_p055_20231127_o09,p055_20231127,55,4,1,72,4_S7,3.2973972e-07,0.00018009149,2.7846641e-05,0.0018680906,0.99121726,0.0067063225,4_S7
c1_p055_20231130_o08,p055_20231130,55,4,1,75,4_S7,1.1410212e-05,5.8711637e-05,0.000611184,0.0016477145,0.9887405,0.008930464,4_S7
c1_p055_20231204_o11,p055_20231204,55,4,1,76,4_S7,6.9107807e-07,5.8853875e-05,3.797298e-05,0.00041648204,0.9661747,0.033311266,4_S7
c1_p055_20231211_o04,p055_20231211,55,4,1,77,4_S7,2.7257107e-05,0.016381789,0.0029217717,0.009167301,0.7369541,0.2345478,4_S7
c1_p055_20231214_o05,p055_20231214,55,4,1,78,4_S7,3.8682735e-08,1.8283545e-05,1.3291143e-06,6.235384e-05,0.9964078,0.0035101979,4_S7
c1_p055_20231218_o07,p055_20231218,55,4,1,79,4_S7,1.8604109e-06,0.011941303,0.00013481316,0.002184767,0.9321935,0.0535438,4_S7
c1_p055_20231227_o04,p055_20231227,55,4,1,79,4_S7,0.000764403,0.07055521,0.0063954545,0.005912369,0.6058583,0.3105142,4_S7
c1_p055_20240104_o11,p055_20240104,55,4,1,80,5_S8,3.6868498e-06,0.00055426254,0.00030093262,0.000103708044,0.7349263,0.2641111,4_S7
c1_p056_20230929_o09,p056_20230929,56,4,1,13,0_S1,0.99997663,1.7180419e-05,5.833081e-06,3.2839426e-07,2.8670903e-09,9.755012e-09,0_S1
c1_p056_20231004_o08,p056_20231004,56,4,1,13,0_S1,0.99954164,0.00027634704,0.00017812315,3.8902517e-06,2.7855771e-08,6.176278e-08,0_S1
c1_p056_20231011_o07,p056_20231011,56,4,1,14,0_S1,0.78463805,0.022121444,0.16847086,0.024385989,0.00032313424,6.0456077e-05,0_S1
c1_p056_20231017_o09,p056_20231017,56,4,1,15,0_S1,0.30987573,0.14076473,0.4382052,0.10045546,0.009970051,0.00072880636,2_S5
c1_p056_20231019_o11,p056_20231019,56,4,1,16,0_S1,0.11910595,0.008178672,0.86732227,0.0032672875,0.0014082949,0.00071759237,2_S5
c1_p056_20231023_o12,p056_20231023,56,4,1,20,1_S2,0.07347779,0.032931082,0.737838,0.1413238,0.014189134,0.0002403279,2_S5
c1_p056_20231027_o11,p056_20231027,56,4,1,55,2_S5,0.017300475,0.0018842105,0.94674474,0.032880165,0.0011043877,8.5996144e-05,2_S5
c1_p056_20231101_o09,p056_20231101,56,4,1,56,2_S5,0.005495361,0.011331432,0.33940548,0.6169524,0.026295107,0.00052026944,3_S6
c1_p056_20231106_o08,p056_20231106,56,4,1,65,3_S6,1.548401e-06,0.006281559,0.0033738734,0.65471584,0.33204442,0.0035827425,3_S6
c1_p056_20231109_o05,p056_20231109,56,4,1,67,3_S6,5.069026e-06,0.0018079033,0.00045391294,0.1154899,0.8809413,0.0013019833,4_S7
c1_p056_20231120_o07,p056_20231120,56,4,1,70,4_S7,1.6531108e-06,0.6853357,0.00015196485,0.022271907,0.25173303,0.0405058,1_S2
c1_p056_20231127_o07,p056_20231127,56,4,1,72,4_S7,0.00022227872,0.10019419,0.014121728,0.04504898,0.22758052,0.6128323,5_S8
c1_p056_20231130_o06,p056_20231130,56,4,1,73,4_S7,0.000549774,0.0087533165,0.008693094,0.00074129435,0.2326688,0.74859375,5_S8
c1_p056_20231204_o10,p056_20231204,56,4,1,74,4_S7,1.1384226e-05,0.00015605087,0.00033919077,6.585522e-05,0.97707534,0.022352207,4_S7
c1_p056_20231211_o02,p056_20231211,56,4,1,76,4_S7,7.816136e-05,0.001376653,0.0007181034,0.0055750064,0.8924112,0.099840924,4_S7
c1_p056_20231214_o04,p056_20231214,56,4,1,78,4_S7,3.3009565e-05,0.00050731684,0.00022152328,8.765623e-05,0.47611037,0.5230401,5_S8
c1_p056_20231218_o05,p056_20231218,56,4,1,80,5_S8,0.00013437864,0.0061737234,0.0021248898,0.0007007804,0.3396502,0.65121603,5_S8
c1_p056_20231227_o02,p056_20231227,56,4,1,82,5_S8,0.00040009344,0.0043241815,0.003222558,0.0024947068,0.8445684,0.14499006,4_S7
c1_p056_20240104_o07,p056_20240104,56,4,1,83,5_S8,0.00023583593,0.0052718576,0.001196463,7.860638e-05,0.031033171,0.962184,5_S8
c1_p062_20231006_o05,p062_20231006,62,4,1,13,0_S1,0.9997794,9.4864416e-05,0.0001106622,7.062204e-06,1.132949e-06,6.811263e-06,0_S1
c1_p062_20231011_o05,p062_20231011,62,4,1,13,0_S1,0.99988675,6.303014e-05,4.320466e-05,6.5770037e-06,1.4322228e-07,3.319402e-07,0_S1
c1_p062_20231017_o08,p062_20231017,62,4,1,13,0_S1,0.9997646,0.00021468484,1.6195443e-05,3.7199604e-06,1.8043697e-07,4.8928996e-07,0_S1
c1_p062_20231019_o01,p062_20231019,62,4,1,14,0_S1,0.9776283,0.000682379,0.021591369,8.4221465e-05,5.304741e-06,8.457887e-06,0_S1
c1_p062_20231023_o07,p062_20231023,62,4,1,14,0_S1,0.99583745,0.0023924406,0.0017179874,5.19978e-05,4.716852e-08,6.105364e-08,0_S1
c1_p062_20231027_o07,p062_20231027,62,4,1,14,0_S1,0.18349148,0.0013765733,0.80730516,0.007823047,2.2465383e-06,1.4085022e-06,2_S5
c1_p062_20231101_o04,p062_20231101,62,4,1,51,2_S5,0.017401028,0.003890627,0.8501872,0.12817037,0.00031985788,3.0923366e-05,2_S5
c1_p062_20231106_o01,p062_20231106,62,4,1,53,2_S5,2.6099794e-06,2.3230992e-05,0.0013834623,0.98641044,0.012177035,3.2106543e-06,3_S6
c1_p062_20231109_o06,p062_20231109,62,4,1,60,3_S6,4.2094857e-07,0.0011702578,0.0010616161,0.8397575,0.1576952,0.00031499387,3_S6
c1_p062_20231120_o05,p062_20231120,62,4,1,70,4_S7,3.7241904e-07,0.0031656257,0.0003931237,0.71631455,0.27940682,0.000719495,3_S6
c1_p062_20231127_o06,p062_20231127,62,4,1,72,4_S7,8.1526906e-07,0.00039327462,2.5458046e-05,0.013283246,0.9771435,0.009153599,4_S7
c1_p062_20231130_o08,p062_20231130,62,4,1,73,4_S7,1.6942657e-07,0.00020483237,3.8569313e-05,0.018150488,0.976834,0.00477202,4_S7
c1_p062_20231204_o08,p062_20231204,62,4,1,75,4_S7,3.4449945e-07,3.107385e-05,3.373295e-05,0.008456575,0.9913901,8.811713e-05,4_S7
c1_p062_20231211_o06,p062_20231211,62,4,1,77,4_S7,2.6448015e-07,0.0001398277,5.0389794e-05,0.00051964284,0.98805606,0.011233843,4_S7
c1_p062_20231214_o08,p062_20231214,62,4,1,78,4_S7,9.661869e-06,0.00016771279,3.698136e-05,0.0011593302,0.99218833,0.0064378963,4_S7
c1_p062_20231218_o11,p062_20231218,62,4,1,79,4_S7,2.8674597e-06,0.00021792423,0.00010833519,0.0020521337,0.9964728,0.0011459588,4_S7
c1_p062_20231227_o04,p062_20231227,62,4,1,79,4_S7,2.720486e-07,1.4892723e-05,1.078106e-05,0.0004226742,0.9945651,0.0049862387,4_S7
c1_p062_20240115_o04,p062_20240115,62,4,1,82,5_S8,1.7333209e-08,2.7140737e-05,7.0846727e-07,2.2668166e-06,0.018130615,0.9818393,5_S8
c1_p062_20240119_o12,p062_20240119,62,4,1,83,5_S8,5.9468146e-09,7.042987e-06,9.230155e-07,7.86629e-07,2.1266662e-05,0.99996996,5_S8
c1_p062_20240126_o06,p062_20240126,62,4,1,86,5_S8,3.5049447e-06,0.0023849122,3.635483e-05,2.1665131e-05,0.040886965,0.95666665,5_S8
c1_p071_20231006_o01,p071_20231006,71,4,1,13,0_S1,0.9999057,6.339297e-05,2.7183685e-05,2.9221956e-06,1.7246306e-07,6.285292e-07,0_S1
c1_p071_20231011_o09,p071_20231011,71,4,1,13,0_S1,0.9998902,6.526693e-05,3.92199e-05,5.034915e-06,7.117357e-08,1.5908142e-07,0_S1
c1_p071_20231017_o07,p071_20231017,71,4,1,13,0_S1,0.9998636,7.192844e-05,5.4527114e-05,9.509928e-06,1.1585402e-07,3.155763e-07,0_S1
c1_p071_20231019_o06,p071_20231019,71,4,1,13,0_S1,0.9753832,0.00029461074,0.024211114,0.00010125215,5.14293e-06,4.671175e-06,0_S1
c1_p071_20231023_o08,p071_20231023,71,4,1,14,0_S1,0.9904191,0.0057516107,0.0036347501,0.0001915259,1.3518367e-06,1.7338173e-06,0_S1
c1_p071_20231027_o07,p071_20231027,71,4,1,51,2_S5,0.37936625,0.009976491,0.59598553,0.0146295335,3.034081e-05,1.1848387e-05,2_S5
c1_p071_20231101_o06,p071_20231101,71,4,1,60,3_S6,0.0029796667,0.0008039029,0.44303834,0.55302393,0.00014909277,5.0487283e-06,3_S6
c1_p071_20231106_o08,p071_20231106,71,4,1,68,3_S6,0.000103552884,0.00024715802,0.03581012,0.89991915,0.06293299,0.000987099,3_S6
c1_p071_20231109_o07,p071_20231109,71,4,1,69,3_S6,2.2941201e-06,1.7366718e-05,0.010012163,0.9884106,0.0015508052,6.7930805e-06,3_S6
c1_p071_20231120_o09,p071_20231120,71,4,1,70,4_S7,1.6893122e-06,0.0014233585,0.0010563853,0.4523696,0.544227,0.00092194765,4_S7
c1_p071_20231127_o12,p071_20231127,71,4,1,72,4_S7,5.238449e-06,0.001974285,0.0015339603,0.014020055,0.9785355,0.0039309454,4_S7
c1_p071_20231130_o10,p071_20231130,71,4,1,73,4_S7,7.1427417e-07,1.1538174e-05,3.401308e-05,0.00080996676,0.99828064,0.00086306356,4_S7
c1_p071_20231204_o04,p071_20231204,71,4,1,74,4_S7,2.5458343e-05,0.000243573,0.0008780097,0.041509964,0.95679486,0.0005481355,4_S7
c1_p071_20231211_o09,p071_20231211,71,4,1,75,4_S7,2.588159e-06,0.00013184099,5.9505182e-05,0.0006777667,0.98863643,0.010491882,4_S7
c1_p071_20231214_o09,p071_20231214,71,4,1,76,4_S7,3.856121e-05,0.00090882176,0.00010777684,0.0032728415,0.97147983,0.024192162,4_S7
c1_p071_20231218_o05,p071_20231218,71,4,1,77,4_S7,3.5198175e-07,2.0764015e-05,2.895845e-05,7.520934e-05,0.99825376,0.0016209207,4_S7
c1_p071_20231227_o04,p071_20231227,71,4,1,78,4_S7,1.0275824e-07,3.4900468e-06,4.0775044e-06,3.2008837e-05,0.9952147,0.0047456967,4_S7
c1_p071_20240115_o07,p071_20240115,71,4,1,79,4_S7,1.2473131e-06,1.1385181e-05,1.7978455e-05,6.8851594e-05,0.99055946,0.009341082,4_S7
c1_p071_20240119_o07,p071_20240119,71,4,1,82,5_S8,5.1581042e-05,0.00014885797,8.6533626e-05,0.00028854408,0.8043707,0.1950538,4_S7
c1_p071_20240126_o10,p071_20240126,71,4,1,85,5_S8,4.5881843e-06,0.0025012349,0.00030521082,0.00036611693,0.5866618,0.41016102,4_S7
c1_p074_20231006_o10,p074_20231006,74,4,1,13,0_S1,0.99989414,6.5639535e-05,3.212715e-05,6.031173e-06,4.5832562e-07,1.4901814e-06,0_S1
c1_p074_20231011_o05,p074_20231011,74,4,1,13,0_S1,0.99992955,3.5562032e-05,2.6178246e-05,7.2205594e-06,5.8131843e-07,8.080341e-07,0_S1
c1_p074_20231017_o02,p074_20231017,74,4,1,13,0_S1,0.9995185,8.881926e-05,0.00037445643,1.4914647e-05,1.1333785e-06,2.022534e-06,0_S1
c1_p074_20231019_o11,p074_20231019,74,4,1,13,0_S1,0.9991641,2.941136e-05,0.00079608924,9.060991e-06,9.288184e-07,3.8563618e-07,0_S1
c1_p074_20231023_o07,p074_20231023,74,4,1,13,0_S1,0.99949443,0.00034294685,0.00014934377,8.9664645e-06,2.8832621e-06,1.5134835e-06,0_S1
c1_p074_20231027_o05,p074_20231027,74,4,1,20,1_S2,0.022686921,0.0001937583,0.9285763,0.048505314,2.9208193e-05,8.508325e-06,2_S5
c1_p074_20231101_o03,p074_20231101,74,4,1,53,2_S5,0.00034494832,0.0002081528,0.28117576,0.71723264,0.0010114836,2.7071597e-05,3_S6
c1_p074_20231106_o11,p074_20231106,74,4,1,60,3_S6,2.7455362e-06,7.1829396e-05,0.0020438666,0.9260519,0.071531706,0.00029790666,3_S6
c1_p074_20231109_o08,p074_20231109,74,4,1,70,4_S7,2.7601263e-06,3.2879176e-05,0.0005484312,0.648113,0.35127777,2.5171763e-05,3_S6
c1_p074_20231120_o05,p074_20231120,74,4,1,72,4_S7,2.2809479e-07,0.00014833942,0.00017283788,0.50803256,0.4914717,0.00017434629,3_S6
c1_p074_20231127_o09,p074_20231127,74,4,1,73,4_S7,8.220183e-06,0.0002784258,0.00012888253,0.030012397,0.96693945,0.0026326797,4_S7
c1_p074_20231130_o10,p074_20231130,74,4,1,74,4_S7,3.6309063e-06,2.9142631e-05,0.00032567416,0.0011534287,0.987844,0.010644111,4_S7
c1_p074_20231204_o05,p074_20231204,74,4,1,75,4_S7,7.269377e-06,2.6495352e-05,0.00018375869,0.018465508,0.9808889,0.0004280585,4_S7
c1_p074_20231211_o12,p074_20231211,74,4,1,78,4_S7,1.7913949e-07,4.5233387e-06,4.5624627e-05,0.00016647688,0.99842477,0.0013584577,4_S7
c1_p074_20231214_o08,p074_20231214,74,4,1,79,4_S7,1.5008904e-07,0.00025392853,2.4535173e-06,0.00052082154,0.99482536,0.0043973583,4_S7
c1_p074_20231218_o04,p074_20231218,74,4,1,79,4_S7,1.6313192e-07,2.5340015e-07,2.4365966e-06,0.000109705106,0.9998572,3.0336587e-05,4_S7
c1_p074_20231227_o03,p074_20231227,74,4,1,81,5_S8,1.0584256e-06,1.4925113e-06,7.999286e-06,7.875974e-06,0.99516714,0.00481454,4_S7
c1_p074_20240115_o10,p074_20240115,74,4,1,82,5_S8,8.324703e-11,1.4647378e-06,1.5598179e-08,2.539833e-09,5.434511e-06,0.9999931,5_S8
c1_p074_20240119_o11,p074_20240119,74,4,1,83,5_S8,1.5884262e-07,4.107537e-05,3.4869709e-06,2.7604856e-05,0.008502594,0.9914249,5_S8
c1_p074_20240126_o08,p074_20240126,74,4,1,88,5_S8,9.670314e-09,9.478812e-06,1.1581304e-06,7.8079705e-07,0.00051517185,0.9994733,5_S8
c1_p080_20231006_o02,p080_20231006,80,4,1,13,0_S1,0.9998981,5.0236813e-05,4.1497275e-05,8.887524e-06,2.484771e-07,1.109025e-06,0_S1
c1_p080_20231011_o09,p080_20231011,80,4,1,13,0_S1,0.9999113,1.9539064e-05,5.4624754e-05,1.456476e-05,3.8316767e-08,4.20768e-08,0_S1
c1_p080_20231017_o09,p080_20231017,80,4,1,13,0_S1,0.99848807,0.00024172204,0.0012301134,3.674647e-05,7.647894e-07,2.5055656e-06,0_S1
c1_p080_20231019_o08,p080_20231019,80,4,1,13,0_S1,0.88934654,0.004671589,0.10240897,0.0032855773,0.00024826053,3.9051967e-05,0_S1
c1_p080_20231023_o06,p080_20231023,80,4,1,14,0_S1,0.99119616,0.0008017602,0.007242912,0.00050825323,0.00016845527,8.241901e-05,0_S1
c1_p080_20231027_o05,p080_20231027,80,4,1,52,2_S5,0.099804476,0.004712435,0.5083054,0.36295563,0.01640555,0.007816555,2_S5
c1_p080_20231101_o06,p080_20231101,80,4,1,53,2_S5,0.001031107,0.0009682614,0.32775664,0.6301519,0.039028607,0.0010634224,3_S6
c1_p080_20231106_o06,p080_20231106,80,4,1,62,3_S6,1.1585422e-06,4.0744868e-05,0.00036039663,0.775142,0.22427659,0.00017904317,3_S6
c1_p080_20231109_o01,p080_20231109,80,4,1,69,3_S6,9.120154e-07,0.00053194986,0.00067300576,0.7855433,0.21307695,0.00017388459,3_S6
c1_p080_20231120_o11,p080_20231120,80,4,1,70,4_S7,1.469075e-07,0.010394093,1.712327e-05,0.055764597,0.93153256,0.0022915083,4_S7
c1_p080_20231127_o05,p080_20231127,80,4,1,73,4_S7,0.00022041137,0.00961051,0.004339611,0.20730053,0.7707209,0.0078080525,4_S7
c1_p080_20231130_o11,p080_20231130,80,4,1,74,4_S7,1.5860908e-06,0.00026669825,0.00031346345,0.0036553536,0.9814332,0.014329616,4_S7
c1_p080_20231204_o05,p080_20231204,80,4,1,76,4_S7,6.6439275e-06,0.00018144705,0.00015771159,0.010698645,0.9882686,0.0006869315,4_S7
c1_p080_20231211_o10,p080_20231211,80,4,1,77,4_S7,6.1565366e-09,3.7965045e-05,1.4738275e-06,0.00013114508,0.9922167,0.007612756,4_S7
c1_p080_20231214_o03,p080_20231214,80,4,1,78,4_S7,1.0219787e-07,1.0813813e-05,4.1925145e-07,0.000204912,0.9991768,0.000606887,4_S7
c1_p080_20231218_o06,p080_20231218,80,4,1,79,4_S7,1.2366216e-07,1.1975915e-06,1.1382685e-06,3.0200838e-05,0.9982949,0.0016724351,4_S7
c1_p080_20231227_o03,p080_20231227,80,4,1,81,5_S8,3.8875804e-08,6.9466128e-06,1.5039117e-06,7.3622487e-06,0.99183863,0.008145564,4_S7
c1_p080_20240115_o06,p080_20240115,80,4,1,85,5_S8,4.361553e-07,0.00012298438,2.2378523e-05,1.1834653e-05,0.011795303,0.9880471,5_S8
c1_p080_20240119_o03,p080_20240119,80,4,1,88,5_S8,1.480828e-08,1.6733765e-06,2.7844743e-07,1.16478475e-07,1.25264205e-05,0.99998534,5_S8
c1_p080_20240126_o10,p080_20240126,80,4,1,89,5_S8,1.6051301e-05,0.018076446,0.00030142712,8.480666e-05,0.059420306,0.92210096,5_S8
c1_p081_20231006_o05,p081_20231006,81,4,1,13,0_S1,0.99977607,0.000137221,6.904551e-05,1.3691803e-05,7.383599e-07,3.3516526e-06,0_S1
c1_p081_20231011_o08,p081_20231011,81,4,1,13,0_S1,0.99998116,1.1368706e-05,6.934224e-06,5.143408e-07,2.190559e-08,4.9442658e-08,0_S1
c1_p081_20231017_o10,p081_20231017,81,4,1,13,0_S1,0.99942636,0.0003873781,0.00018109668,4.7103886e-06,1.4191433e-07,3.1991655e-07,0_S1
c1_p081_20231019_o12,p081_20231019,81,4,1,13,0_S1,0.9996736,5.7197118e-05,0.00025834306,8.455568e-06,1.7932108e-06,5.5461294e-07,0_S1
c1_p081_20231023_o01,p081_20231023,81,4,1,14,0_S1,0.9898516,0.0018816721,0.00795122,0.0002702293,2.2146303e-05,2.307833e-05,0_S1
c1_p081_20231027_o01,p081_20231027,81,4,1,53,2_S5,0.22626682,0.0055383584,0.7614416,0.0062968074,0.00030255588,0.00015387454,2_S5
c1_p081_20231101_o04,p081_20231101,81,4,1,54,2_S5,0.025506698,0.0022250018,0.5901505,0.32737637,0.042461295,0.012280118,2_S5
c1_p081_20231106_o12,p081_20231106,81,4,1,60,3_S6,2.1718684e-05,0.00390277,0.0040664906,0.74908924,0.24059162,0.0023281234,3_S6
c1_p081_20231109_o01,p081_20231109,81,4,1,64,3_S6,9.006079e-07,0.0086649135,0.00017517497,0.10493125,0.8854059,0.0008218194,4_S7
c1_p081_20231120_o04,p081_20231120,81,4,1,67,3_S6,2.9419975e-06,0.0008349149,8.673188e-05,0.18570143,0.80838317,0.0049908254,4_S7
c1_p081_20231127_o06,p081_20231127,81,4,1,72,4_S7,6.3156076e-06,0.00030504772,9.3077695e-05,0.071137376,0.9250304,0.0034277588,4_S7
c1_p081_20231130_o09,p081_20231130,81,4,1,73,4_S7,1.5783239e-06,0.00024373569,7.596179e-05,0.0004208715,0.34287566,0.6563822,5_S8
c1_p081_20231204_o12,p081_20231204,81,4,1,75,4_S7,1.8075164e-06,0.00047518796,0.00019282482,0.00046825656,0.9570698,0.04179207,4_S7
c1_p081_20231211_o11,p081_20231211,81,4,1,77,4_S7,7.1087385e-08,2.5636029e-05,1.7572314e-05,4.612202e-05,0.98285705,0.01705354,4_S7
c1_p081_20231214_o05,p081_20231214,81,4,1,78,4_S7,5.240665e-07,7.3633555e-06,1.9569313e-06,5.336979e-05,0.98939335,0.010543418,4_S7
c1_p081_20231218_o09,p081_20231218,81,4,1,79,4_S7,1.4235699e-06,4.638226e-05,6.210122e-06,3.9942275e-05,0.9802696,0.019636499,4_S7
c1_p081_20231227_o04,p081_20231227,81,4,1,79,4_S7,2.1102385e-06,1.0381035e-05,3.831621e-06,3.1457592e-05,0.997216,0.0027362178,4_S7
c1_p081_20240115_o02,p081_20240115,81,4,1,83,5_S8,2.2055735e-06,0.00071222393,2.1083568e-05,2.8162447e-05,0.016658297,0.9825781,5_S8
c1_p081_20240119_o07,p081_20240119,81,4,1,85,5_S8,0.0004906795,0.0016845817,0.00073629274,0.0004667636,0.061750893,0.93487084,5_S8
c1_p081_20240126_o04,p081_20240126,81,4,1,89,5_S8,3.8358857e-07,2.349971e-06,6.1493865e-06,8.1566765e-07,0.0010313701,0.9989588,5_S8
c1_p084_20231128_o12,p084_20231128,84,4,1,66,3_S6,2.0038932e-07,1.0908001e-06,3.067675e-05,0.009865382,0.9900614,4.1244744e-05,4_S7
c1_p084_20231130_o05,p084_20231130,84,4,1,68,3_S6,4.722305e-05,0.00049224636,0.0004587921,0.58430815,0.41334394,0.0013496304,3_S6
c1_p084_20231204_o01,p084_20231204,84,4,1,69,3_S6,6.0855587e-07,1.6128495e-05,3.319961e-05,0.005475079,0.99406356,0.0004115348,4_S7
c1_p084_20231207_o12,p084_20231207,84,4,1,70,4_S7,8.350148e-08,4.0276245e-07,1.882886e-05,0.0005535975,0.99936837,5.868509e-05,4_S7
c1_p084_20231211_o05,p084_20231211,84,4,1,71,4_S7,1.9387078e-06,4.825292e-05,1.335521e-05,0.004266911,0.9931781,0.0024914367,4_S7
c1_p084_20231218_o01,p084_20231218,84,4,1,73,4_S7,1.0646934e-09,6.384412e-08,5.4209104e-09,6.4127016e-06,0.99988246,0.00011106504,4_S7
c1_p084_20231227_o02,p084_20231227,84,4,1,75,4_S7,1.0888389e-09,1.5727617e-06,5.332862e-08,1.39203285e-05,0.9993432,0.00064127625,4_S7
c1_p084_20240115_o07,p084_20240115,84,4,1,76,4_S7,1.8930149e-09,2.9012156e-07,3.7633836e-08,1.7071325e-06,0.99988306,0.00011490498,4_S7
c1_p084_20240119_o10,p084_20240119,84,4,1,78,4_S7,1.474444e-06,0.00072571536,4.5605848e-05,0.00038948978,0.9985089,0.0003289081,4_S7
c1_p084_20240126_o09,p084_20240126,84,4,1,80,5_S8,5.7148895e-07,0.016453745,4.6791134e-05,3.0127649e-05,0.19287783,0.79059094,5_S8
c1_p090_20231128_o07,p090_20231128,90,4,1,65,3_S6,7.446638e-06,2.2650236e-05,0.000117433214,0.005019155,0.994517,0.0003161955,4_S7
c1_p090_20231130_o09,p090_20231130,90,4,1,67,3_S6,2.8125269e-05,0.00024421018,0.0005981721,0.14770202,0.8444147,0.0070128324,4_S7
c1_p090_20231204_o06,p090_20231204,90,4,1,65,3_S6,3.861278e-06,3.6432048e-05,7.715078e-05,0.0437174,0.9553463,0.0008188988,4_S7
c1_p090_20231207_o05,p090_20231207,90,4,1,67,3_S6,3.0561382e-06,3.1843e-06,1.2473306e-05,2.80704e-05,0.9995214,0.00043176784,4_S7
c1_p090_20231211_o10,p090_20231211,90,4,1,69,3_S6,2.5039554e-07,9.40281e-06,2.9745063e-06,8.6869484e-05,0.99832577,0.0015747998,4_S7
c1_p090_20231218_o03,p090_20231218,90,4,1,71,4_S7,5.9743076e-07,7.6843535e-06,9.225922e-06,0.00043149063,0.9837578,0.015793186,4_S7
c1_p090_20231227_o11,p090_20231227,90,4,1,73,4_S7,1.1747863e-09,8.141536e-08,4.1593285e-08,1.279259e-05,0.99954236,0.00044475033,4_S7
c1_p090_20240115_o03,p090_20240115,90,4,1,76,4_S7,3.599511e-06,3.188295e-05,2.9151633e-05,0.0003623851,0.9887477,0.010825246,4_S7
c1_p090_20240119_o02,p090_20240119,90,4,1,78,4_S7,9.375112e-06,0.00095949764,0.00011676449,0.0016396944,0.94465584,0.05261886,4_S7
c1_p090_20240126_o01,p090_20240126,90,4,1,80,5_S8,3.881891e-09,2.8770948e-05,6.8497985e-07,5.109455e-06,0.345927,0.6540383,5_S8
c1_p092_20231128_o01,p092_20231128,92,4,1,68,3_S6,9.017802e-05,0.00070020556,0.0016568688,0.57091725,0.4234481,0.0031874652,3_S6
c1_p092_20231130_o06,p092_20231130,92,4,1,69,3_S6,7.6198994e-05,0.0007204389,0.0011232173,0.7122769,0.28458342,0.0012198143,3_S6
c1_p092_20231204_o09,p092_20231204,92,4,1,70,4_S7,0.00022593967,0.0005723204,0.0029726825,0.83844566,0.1545553,0.0032280784,3_S6
c1_p092_20231207_o10,p092_20231207,92,4,1,71,4_S7,7.313568e-06,0.00020578782,0.00019579077,0.0008813771,0.9939849,0.004724907,4_S7
c1_p092_20231211_o06,p092_20231211,92,4,1,72,4_S7,1.28218735e-05,5.2974414e-05,6.725887e-05,0.016035648,0.982756,0.0010753137,4_S7
c1_p092_20231218_o07,p092_20231218,92,4,1,74,4_S7,1.2421232e-06,0.00011274607,1.6175123e-05,0.0035459574,0.987849,0.008474856,4_S7
c1_p092_20231227_o02,p092_20231227,92,4,1,75,4_S7,2.2874588e-07,0.00017145621,3.5474243e-06,0.00047481238,0.99805164,0.0012982829,4_S7
c1_p092_20240115_o09,p092_20240115,92,4,1,76,4_S7,2.397385e-07,9.244807e-06,1.031649e-06,1.6350097e-06,0.99919087,0.0007969431,4_S7
c1_p092_20240119_o10,p092_20240119,92,4,1,78,4_S7,3.2449107e-06,0.0002169319,1.1310018e-05,9.68994e-05,0.997695,0.0019766665,4_S7
c1_p092_20240126_o07,p092_20240126,92,4,1,83,5_S8,3.6023852e-08,2.8031957e-06,2.9621824e-06,1.026118e-06,0.0008782485,0.9991148,5_S8
c1_p100_20231128_o09,p100_20231128,100,4,1,66,3_S6,6.38085e-06,0.00020615768,0.0003190217,0.29494622,0.703856,0.0006662605,4_S7
c1_p100_20231130_o12,p100_20231130,100,4,1,68,3_S6,1.8880759e-05,0.00082716875,0.0035342665,0.60633224,0.3887586,0.0005288899,3_S6
c1_p100_20231204_o03,p100_20231204,100,4,1,69,3_S6,0.00011830776,0.00033158308,0.0029727097,0.84018636,0.15585344,0.0005375528,3_S6
c1_p100_20231207_o12,p100_20231207,100,4,1,68,3_S6,2.6503938e-05,0.0012527206,0.00039958864,0.00242285,0.9555738,0.0403245,4_S7
c1_p100_20231211_o07,p100_20231211,100,4,1,69,3_S6,9.174965e-06,0.00027581866,0.00021273871,0.068735436,0.9287692,0.0019977284,4_S7
c1_p100_20231218_o11,p100_20231218,100,4,1,70,4_S7,6.4810916e-07,0.0089373505,0.00013160879,0.027457343,0.8670155,0.09645759,4_S7
c1_p100_20231227_o01,p100_20231227,100,4,1,72,4_S7,5.3302127e-09,7.833834e-06,1.9488307e-07,3.4191795e-05,0.99981946,0.00013829715,4_S7
c1_p100_20240115_o08,p100_20240115,100,4,1,75,4_S7,7.52607e-09,2.1665375e-05,1.0551868e-06,1.1266033e-05,0.9939628,0.0060031665,4_S7
c1_p100_20240119_o04,p100_20240119,100,4,1,77,4_S7,3.1807745e-06,6.617993e-05,5.6367244e-05,7.199929e-05,0.995906,0.0038962092,4_S7
c1_p100_20240126_o12,p100_20240126,100,4,1,79,4_S7,1.2420642e-05,0.11825469,0.00020335805,0.00026830696,0.6917933,0.18946783,4_S7
