image_id,session,plant,fold,camera,bbch,cls,p_0_S1,p_1_S2,p_2_S5,p_3_S6,p_4_S7,p_5_S8,pred
c4_p005_20230816_o02,p005_20230816,5,0,4,65,3_S6,0.0010119645,0.008142264,0.907018,0.05400648,0.019187212,0.010634111,2_S5
c4_p005_20230921_o07,p005_20230921,5,0,4,77,4_S7,1.3968999e-05,0.0017739288,0.0013340377,0.103178,0.89359033,0.00010974485,4_S7
c4_p005_20231005_o09,p005_20231005,5,0,4,79,4_S7,1.5697126e-06,1.7456794e-05,0.001616252,0.00052806706,0.9962878,0.0015488127,4_S7
c4_p006_20230816_o04,p006_20230816,6,0,4,65,3_S6,0.00025418858,0.003240195,0.015293495,0.9679356,0.013276002,5.304905e-07,3_S6
c4_p006_20230921_o02,p006_20230921,6,0,4,78,4_S7,4.5911225e-10,5.4578937e-08,4.5345524e-07,1.0743234e-06,0.99980336,0.00019510023,4_S7
c4_p006_20231005_o07,p006_20231005,6,0,4,79,4_S7,8.2511e-11,2.4446494e-09,5.4459505e-08,1.3271506e-07,0.99999297,6.9423586e-06,4_S7
c4_p008_20230816_o06,p008_20230816,8,0,4,63,3_S6,4.1614098e-07,0.00094458833,8.066665e-05,0.9981639,0.00080816273,2.3094185e-06,3_S6
c4_p008_20230921_o03,p008_20230921,8,0,4,73,4_S7,1.5432672e-06,1.4999164e-05,0.0044394843,0.007691255,0.98747456,0.0003782179,4_S7
c4_p008_20231005_o11,p008_20231005,8,0,4,76,4_S7,3.888462e-06,0.00019363972,0.00062798406,0.009056435,0.9886529,0.0014651814,4_S7
c4_p010_20230816_o07,p010_20230816,10,0,4,64,3_S6,7.056552e-09,2.2468312e-05,9.010594e-06,0.99996257,5.8594824e-06,5.7647314e-09,3_S6
c4_p010_20230921_o05,p010_20230921,10,0,4,72,4_S7,8.7315275e-05,0.008813831,0.0014961587,0.0036449383,0.9642761,0.021681538,4_S7
c4_p010_20231005_o03,p010_20231005,10,0,4,85,5_S8,1.2360509e-07,8.042535e-05,3.2387961e-06,0.00020141026,0.1092291,0.8904857,5_S8
c4_p016_20230816_o05,p016_20230816,16,0,4,70,4_S7,8.448008e-14,3.0806832e-10,1.6573178e-09,1.0,2.791822e-09,6.1801324e-13,3_S6
c4_p016_20230921_o12,p016_20230921,16,0,4,75,4_S7,8.852572e-08,3.6133704e-05,5.11561e-06,0.42813823,0.5718091,1.139192e-05,4_S7
c4_p016_20231005_o09,p016_20231005,16,0,4,77,4_S7,2.6197145e-07,7.9838055e-06,9.022837e-05,2.27282e-05,0.9982077,0.0016711166,4_S7
c4_p017_20230816_o06,p017_20230816,17,0,4,71,4_S7,7.167725e-09,1.0018634e-05,2.4115245e-06,0.9978011,0.0021864937,1.20980115e-08,3_S6
c4_p017_20230921_o10,p017_20230921,17,0,4,74,4_S7,8.2604896e-07,5.9596834e-05,8.712614e-06,0.0011685325,0.99289095,0.005871284,4_S7
c4_p017_20231005_o06,p017_20231005,17,0,4,72,4_S7,1.18050875e-05,0.0009022154,0.0003762317,2.2213755e-05,0.078863755,0.9198237,5_S8
c4_p025_20230828_o11,p025_20230828,25,0,4,16,0_S1,0.9988894,0.00040109848,0.0006870152,1.5505108e-05,3.645501e-06,3.22931e-06,0_S1
c4_p025_20230904_o03,p025_20230904,25,0,4,22,1_S2,0.8816912,0.118277356,6.7663877e-06,2.1248673e-07,1.0615404e-06,2.3426277e-05,0_S1
c4_p025_20230908_o12,p025_20230908,25,0,4,61,3_S6,8.760172e-05,0.001432656,0.0041635805,0.980584,0.01370066,3.148376e-05,3_S6
c4_p025_20230921_o07,p025_20230921,25,0,4,70,4_S7,3.9085087e-08,3.159293e-06,9.6913216e-05,0.19722484,0.8026654,9.622824e-06,4_S7
c4_p025_20231006_o12,p025_20231006,25,0,4,72,4_S7,5.3375537e-05,0.0021644605,0.10253522,0.41053596,0.48444247,0.00026848595,4_S7
c4_p025_20231017_o04,p025_20231017,25,0,4,75,4_S7,4.4654604e-07,4.0870923e-06,0.0005212825,0.0022989435,0.9896002,0.0075750407,4_S7
c4_p025_20231023_o02,p025_20231023,25,0,4,76,4_S7,1.9033972e-05,0.06982984,0.013710815,0.480843,0.43524832,0.000349086,3_S6
c4_p025_20231027_o12,p025_20231027,25,0,4,77,4_S7,6.175859e-05,0.0024380253,0.0053990437,0.05344348,0.9202846,0.018373001,4_S7
c4_p025_20231101_o07,p025_20231101,25,0,4,78,4_S7,3.4733095e-08,0.99376583,1.0342317e-05,0.00022101359,0.0059880186,1.4672323e-05,1_S2
c4_p025_20231106_o01,p025_20231106,25,0,4,79,4_S7,1.6565126e-06,0.000637812,0.00023916674,0.00045908405,0.99255365,0.0061086477,4_S7
c4_p025_20231109_o12,p025_20231109,25,0,4,79,4_S7,8.120099e-06,0.7350497,0.0017660928,0.011812288,0.24907506,0.002288767,1_S2
c4_p025_20231120_o02,p025_20231120,25,0,4,81,5_S8,0.0009571702,0.065238066,0.028120238,0.0012375368,0.10624836,0.7981986,5_S8
c4_p025_20231124_o04,p025_20231124,25,0,4,81,5_S8,0.00067986455,0.25909638,0.12525696,0.0004299752,0.16781528,0.4467216,5_S8
c4_p025_20231127_o09,p025_20231127,25,0,4,81,5_S8,8.4624975e-05,0.0016676278,0.03756647,0.00033977468,0.6823669,0.27797458,4_S7
c4_p025_20231130_o12,p025_20231130,25,0,4,81,5_S8,0.00014897848,0.0042940183,0.042027544,0.0001958991,0.0032649979,0.9500685,5_S8
c4_p030_20230828_o03,p030_20230828,30,0,4,15,0_S1,0.99407744,0.0021102931,0.0035670833,0.00018139172,1.7885757e-05,4.586183e-05,0_S1
c4_p030_20230904_o12,p030_20230904,30,0,4,53,2_S5,0.0005181104,0.001241533,0.80919605,0.18491703,0.0041117333,1.5498515e-05,2_S5
c4_p030_20230908_o03,p030_20230908,30,0,4,62,3_S6,0.00015325751,0.007880182,0.003869519,0.9825342,0.0054697767,9.30297e-05,3_S6
c4_p030_20230921_o03,p030_20230921,30,0,4,70,4_S7,1.616851e-10,1.5150098e-06,1.527565e-08,2.3663927e-06,0.9999958,2.5810354e-07,4_S7
c4_p030_20231006_o12,p030_20231006,30,0,4,73,4_S7,4.071337e-11,1.1850416e-07,1.5850668e-07,3.911132e-05,0.99996066,2.638613e-08,4_S7
c4_p030_20231017_o02,p030_20231017,30,0,4,75,4_S7,3.0528474e-10,0.12212504,4.7027587e-08,2.0482034e-06,0.87787044,2.406403e-06,4_S7
c4_p030_20231023_o04,p030_20231023,30,0,4,76,4_S7,7.0204144e-14,4.816374e-11,1.6524816e-13,2.1267496e-07,0.99999976,6.1004546e-10,4_S7
c4_p030_20231027_o04,p030_20231027,30,0,4,77,4_S7,1.9213013e-17,1.7506727e-10,1.5343295e-14,3.9174056e-10,1.0,1.5555132e-10,4_S7
c4_p030_20231101_o01,p030_20231101,30,0,4,78,4_S7,1.0244148e-05,7.473285e-05,0.00012260738,0.0065155337,0.98949826,0.0037786704,4_S7
c4_p030_20231106_o08,p030_20231106,30,0,4,79,4_S7,3.7057282e-09,1.9646001e-07,7.858775e-07,1.3475234e-06,0.99976856,0.00022912289,4_S7
c4_p030_20231109_o04,p030_20231109,30,0,4,79,4_S7,1.1089586e-10,5.4212637e-06,8.877932e-09,5.8423723e-08,0.9999051,8.941704e-05,4_S7
c4_p030_20231120_o03,p030_20231120,30,0,4,81,5_S8,7.3999445e-07,6.781557e-05,3.1355985e-06,4.0490177e-06,0.0072882017,0.99263614,5_S8
c4_p030_20231124_o10,p030_20231124,30,0,4,82,5_S8,1.1598829e-07,5.965882e-06,1.5940548e-05,8.624962e-08,0.0006132204,0.9993647,5_S8
c4_p030_20231127_o02,p030_20231127,30,0,4,85,5_S8,3.4668843e-05,0.0019680902,0.0044261133,8.774585e-05,0.7238223,0.26966107,4_S7
c4_p030_20231130_o06,p030_20231130,30,0,4,87,5_S8,8.5691676e-07,1.4386806e-06,3.963817e-06,1.3416494e-07,2.0430023e-05,0.9999732,5_S8
c4_p035_20230828_o11,p035_20230828,35,0,4,14,0_S1,0.98106474,0.010225712,0.0074017826,0.0005670869,0.00035065692,0.00039004578,0_S1
c4_p035_20230904_o01,p035_20230904,35,0,4,16,0_S1,0.00054578437,0.0010555518,0.8800491,0.1104132,0.007919127,1.7252434e-05,2_S5
c4_p035_20230908_o08,p035_20230908,35,0,4,52,2_S5,4.5633886e-05,0.0009908515,0.009468099,0.5805055,0.4088218,0.00016813717,3_S6
c4_p035_20230921_o06,p035_20230921,35,0,4,52,2_S5,1.9800287e-05,0.054564916,0.001000037,0.9221053,0.022302339,7.655592e-06,3_S6
c4_p035_20231006_o07,p035_20231006,35,0,4,52,2_S5,8.5880424e-07,0.19189532,0.00018585834,0.024095953,0.78373235,8.968874e-05,4_S7
c4_p035_20231017_o05,p035_20231017,35,0,4,52,2_S5,1.10457695e-05,0.0013282681,0.0013190235,0.0048377463,0.9772027,0.015301197,4_S7
c4_p035_20231023_o05,p035_20231023,35,0,4,52,2_S5,7.530067e-06,0.01647719,0.0017929617,0.004609533,0.93282855,0.04428432,4_S7
c4_p035_20231027_o02,p035_20231027,35,0,4,52,2_S5,0.00044821738,0.14521427,0.019261915,0.023511434,0.79597116,0.015592958,4_S7
c4_p035_20231101_o11,p035_20231101,35,0,4,52,2_S5,0.0001618004,0.45136192,0.032284606,0.018970203,0.4947914,0.0024300092,4_S7
c4_p035_20231106_o08,p035_20231106,35,0,4,52,2_S5,1.6558049e-06,0.0062875147,0.00028197397,0.0008469281,0.98732346,0.0052584107,4_S7
c4_p035_20231109_o09,p035_20231109,35,0,4,52,2_S5,1.971202e-06,0.24440797,0.0001936216,0.0014298938,0.7527667,0.0011998408,4_S7
c4_p035_20231120_o07,p035_20231120,35,0,4,52,2_S5,3.6992617e-06,0.007612405,0.00045728587,0.0068568937,0.9820025,0.0030672306,4_S7
c4_p035_20231124_o01,p035_20231124,35,0,4,52,2_S5,0.00018566057,0.03564987,0.036862113,0.00035704073,0.10565989,0.82128537,5_S8
c4_p035_20231127_o10,p035_20231127,35,0,4,52,2_S5,3.095721e-05,0.0030204148,0.0062847226,0.0026037653,0.83114386,0.15691629,4_S7
c4_p035_20231130_o06,p035_20231130,35,0,4,52,2_S5,0.00017432832,0.017820701,0.25863588,6.2628395e-05,0.029945003,0.69336146,5_S8
c4_p036_20230828_o07,p036_20230828,36,0,4,51,2_S5,0.890131,0.060318347,0.049178746,0.0002823313,3.8727652e-05,5.084162e-05,0_S1
c4_p036_20230904_o04,p036_20230904,36,0,4,60,3_S6,0.00979447,0.00015838716,0.9869407,0.0030916769,1.3835955e-05,8.5747934e-07,2_S5
c4_p036_20230908_o01,p036_20230908,36,0,4,63,3_S6,9.671764e-06,0.009415514,0.00048029097,0.98958427,0.00050966034,5.419935e-07,3_S6
c4_p036_20230921_o03,p036_20230921,36,0,4,70,4_S7,1.4802299e-08,4.8536767e-06,8.692683e-05,0.25611866,0.7437885,1.1402595e-06,4_S7
c4_p036_20231006_o01,p036_20231006,36,0,4,72,4_S7,3.4461902e-06,0.029321214,0.019796137,0.9182435,0.032559164,7.650357e-05,3_S6
c4_p036_20231017_o03,p036_20231017,36,0,4,73,4_S7,4.149238e-11,4.8581312e-09,1.4906179e-07,9.303816e-07,0.9999871,1.1785395e-05,4_S7
c4_p036_20231023_o02,p036_20231023,36,0,4,74,4_S7,9.483526e-10,2.4357004e-07,5.099173e-07,0.00060739834,0.99894017,0.0004517606,4_S7
c4_p036_20231027_o05,p036_20231027,36,0,4,75,4_S7,4.1733898e-08,2.8301885e-05,6.3329506e-05,0.007998838,0.991774,0.00013543562,4_S7
c4_p036_20231101_o09,p036_20231101,36,0,4,76,4_S7,5.29278e-07,0.025841748,8.584651e-05,0.030244136,0.943327,0.0005007051,4_S7
c4_p036_20231106_o06,p036_20231106,36,0,4,77,4_S7,1.2063537e-06,8.540813e-05,3.183829e-05,8.149669e-05,0.983217,0.01658308,4_S7
c4_p036_20231109_o04,p036_20231109,36,0,4,78,4_S7,7.569432e-08,1.0552391e-05,7.868631e-06,0.00055567094,0.9976699,0.0017559256,4_S7
c4_p036_20231120_o10,p036_20231120,36,0,4,81,5_S8,2.0447833e-05,0.00019385328,0.00013696529,1.9588439e-05,0.0002628223,0.99936646,5_S8
c4_p036_20231124_o08,p036_20231124,36,0,4,82,5_S8,3.4604186e-06,0.00012312761,0.00026236955,9.3180415e-07,0.0003283259,0.9992817,5_S8
c4_p036_20231127_o04,p036_20231127,36,0,4,83,5_S8,6.963242e-05,0.0022527,0.0012696218,4.9422713e-05,0.0028439478,0.9935148,5_S8
c4_p036_20231130_o05,p036_20231130,36,0,4,84,5_S8,9.697688e-06,5.3797416e-05,0.00040642457,1.5867982e-06,0.0003578582,0.99917066,5_S8
c4_p054_20230929_o02,p054_20230929,54,0,4,13,0_S1,0.99947375,6.176917e-05,0.00036407632,7.606269e-05,1.7271042e-05,7.088461e-06,0_S1
c4_p054_20231004_o11,p054_20231004,54,0,4,13,0_S1,0.99925274,0.00015648622,0.0004949184,4.6754947e-05,3.0156076e-05,1.8894149e-05,0_S1
c4_p054_20231011_o12,p054_20231011,54,0,4,14,0_S1,0.9902222,0.0010652196,0.0013838451,0.00095895014,0.005464603,0.00090523384,0_S1
c4_p054_20231017_o04,p054_20231017,54,0,4,53,2_S5,0.8050021,0.025986603,0.14451058,0.019344954,0.002988791,0.002166989,0_S1
c4_p054_20231019_o06,p054_20231019,54,0,4,53,2_S5,0.9797482,0.00095208496,0.018983262,0.00023841449,5.7246387e-05,2.0770609e-05,0_S1
c4_p054_20231023_o06,p054_20231023,54,0,4,60,3_S6,0.1077851,0.00035376742,0.8731821,0.018620158,4.8501413e-05,1.0356726e-05,2_S5
c4_p054_20231027_o07,p054_20231027,54,0,4,65,3_S6,4.2831405e-07,6.3153734e-06,0.00037886263,0.9974541,0.002159691,6.139717e-07,3_S6
c4_p054_20231101_o11,p054_20231101,54,0,4,65,3_S6,1.4379443e-06,1.2945412e-05,0.00019853059,0.92082083,0.078960635,5.581458e-06,3_S6
c4_p054_20231106_o02,p054_20231106,54,0,4,68,3_S6,5.220501e-06,1.7026401e-05,0.0031795343,0.98969835,0.007086298,1.3495916e-05,3_S6
c4_p054_20231109_o05,p054_20231109,54,0,4,70,4_S7,4.9707285e-08,5.644051e-07,1.1333332e-05,0.0043815193,0.9955995,7.109208e-06,4_S7
c4_p054_20231120_o02,p054_20231120,54,0,4,71,4_S7,0.00013936935,3.88469e-05,0.00049823575,0.004270524,0.9940503,0.0010026463,4_S7
c4_p054_20231127_o02,p054_20231127,54,0,4,73,4_S7,1.6239227e-09,3.0853986e-09,2.1198586e-08,2.4014573e-06,0.99999356,4.006379e-06,4_S7
c4_p054_20231130_o04,p054_20231130,54,0,4,75,4_S7,3.307942e-08,1.6237981e-06,6.152006e-06,6.942684e-05,0.9995378,0.00038498786,4_S7
c4_p054_20231204_o04,p054_20231204,54,0,4,78,4_S7,1.0337954e-08,6.1718296e-08,2.3145984e-07,1.2904039e-07,0.999992,7.612904e-06,4_S7
c4_p054_20231211_o04,p054_20231211,54,0,4,79,4_S7,4.7565287e-08,1.0233886e-06,6.4527107e-06,2.6535465e-06,0.9963194,0.0036704943,4_S7
c4_p054_20231214_o11,p054_20231214,54,0,4,79,4_S7,3.0433095e-10,6.878703e-11,2.2917665e-10,1.5122291e-08,0.99995935,4.057526e-05,4_S7
c4_p054_20231218_o07,p054_20231218,54,0,4,79,4_S7,2.7600174e-07,0.0018074092,2.6522386e-05,0.0027220128,0.98927563,0.0061682453,4_S7
c4_p054_20231227_o03,p054_20231227,54,0,4,79,4_S7,1.7754095e-05,1.2056194e-06,3.1630257e-06,3.2329035e-06,0.87359405,0.12638067,4_S7
c4_p054_20240104_o08,p054_20240104,54,0,4,82,5_S8,2.4014284e-08,2.568788e-06,5.602485e-07,1.3253148e-08,0.00015354947,0.99984324,5_S8
c4_p057_20230929_o10,p057_20230929,57,0,4,13,0_S1,0.9997229,1.589388e-05,0.00022457368,3.3578362e-05,1.8131719e-06,1.3487103e-06,0_S1
c4_p057_20231004_o08,p057_20231004,57,0,4,13,0_S1,0.99926454,7.0744616e-05,0.00061285554,2.17002e-05,1.42995905e-05,1.5803904e-05,0_S1
c4_p057_20231011_o05,p057_20231011,57,0,4,21,1_S2,0.99966586,1.7507407e-06,0.00032130128,1.02341755e-05,7.519967e-07,1.3486274e-07,0_S1
c4_p057_20231017_o10,p057_20231017,57,0,4,60,3_S6,0.00011000803,0.0007220278,0.99720263,0.001962442,2.4411488e-06,4.965743e-07,2_S5
c4_p057_20231019_o01,p057_20231019,57,0,4,61,3_S6,0.00013669598,0.000734359,0.09774814,0.90102464,0.00034752404,8.628855e-06,3_S6
c4_p057_20231023_o09,p057_20231023,57,0,4,64,3_S6,1.9512326e-10,1.8367949e-08,2.2636455e-05,0.99997497,2.3803038e-06,1.4665154e-10,3_S6
c4_p057_20231027_o05,p057_20231027,57,0,4,65,3_S6,1.1806072e-06,0.00069487677,0.0015501241,0.8240161,0.1737347,3.070541e-06,3_S6
c4_p057_20231101_o02,p057_20231101,57,0,4,67,3_S6,1.6321669e-06,0.00088942435,0.002563459,0.80691487,0.18954547,8.513588e-05,3_S6
c4_p057_20231106_o11,p057_20231106,57,0,4,70,4_S7,7.6941416e-07,5.5742745e-05,0.00019552633,0.98750013,0.012172144,7.577594e-05,3_S6
c4_p057_20231109_o10,p057_20231109,57,0,4,71,4_S7,2.7455799e-06,0.0006692566,0.00018340282,0.37534997,0.62242466,0.001369918,4_S7
c4_p057_20231120_o05,p057_20231120,57,0,4,73,4_S7,3.146763e-10,7.4554663e-07,9.101997e-06,0.013378677,0.9866111,3.316946e-07,4_S7
c4_p057_20231127_o04,p057_20231127,57,0,4,75,4_S7,1.1632978e-09,8.767602e-08,8.754518e-08,2.9611292e-07,0.999961,3.8432547e-05,4_S7
c4_p057_20231130_o12,p057_20231130,57,0,4,77,4_S7,6.2874943e-07,3.465053e-07,7.78059e-06,8.858413e-05,0.9988061,0.0010966244,4_S7
c4_p057_20231204_o04,p057_20231204,57,0,4,78,4_S7,1.3445897e-09,2.3334168e-09,6.2990844e-09,2.8358329e-08,0.99999475,5.2460514e-06,4_S7
c4_p057_20231211_o11,p057_20231211,57,0,4,79,4_S7,8.370038e-11,1.9071313e-09,1.4903735e-07,2.0428286e-07,0.9999939,5.808501e-06,4_S7
c4_p057_20231214_o03,p057_20231214,57,0,4,79,4_S7,1.7062703e-09,2.7789122e-08,2.733873e-08,5.883345e-06,0.97367406,0.026319979,4_S7
c4_p057_20231218_o08,p057_20231218,57,0,4,79,4_S7,6.048296e-05,0.00013457562,0.0008443936,0.0033522667,0.610233,0.38537535,4_S7
c4_p057_20231227_o02,p057_20231227,57,0,4,80,5_S8,8.269826e-07,1.190914e-06,1.9467361e-06,2.0607774e-07,0.4236585,0.57633734,5_S8
c4_p057_20240104_o06,p057_20240104,57,0,4,83,5_S8,6.0613987e-05,0.0013183749,0.00055017066,1.6821916e-05,0.007114348,0.99093974,5_S8
c4_p066_20231006_o04,p066_20231006,66,0,4,13,0_S1,0.9984535,0.00024992073,0.00084546936,0.00028404908,0.00010205142,6.502366e-05,0_S1
c4_p066_20231011_o07,p066_20231011,66,0,4,13,0_S1,0.9959644,0.00014495535,0.0013606008,0.00018998877,0.0020176773,0.0003223009,0_S1
c4_p066_20231017_o07,p066_20231017,66,0,4,13,0_S1,0.99943346,0.00013097498,0.0002591448,0.000103980536,3.169746e-05,4.076739e-05,0_S1
c4_p066_20231019_o05,p066_20231019,66,0,4,13,0_S1,0.99596965,0.00024437436,0.003527833,0.00017923332,5.9799073e-05,1.9113697e-05,0_S1
c4_p066_20231023_o07,p066_20231023,66,0,4,13,0_S1,0.99743736,0.00011214264,0.002392342,3.441808e-05,9.105892e-06,1.4504456e-05,0_S1
c4_p066_20231027_o12,p066_20231027,66,0,4,14,0_S1,0.82645553,0.0075110137,0.14591333,0.020086896,2.632796e-05,6.9322773e-06,0_S1
c4_p066_20231101_o05,p066_20231101,66,0,4,53,2_S5,0.035535283,0.0001977981,0.9510209,0.013230081,1.5311212e-05,5.9315886e-07,2_S5
c4_p066_20231106_o03,p066_20231106,66,0,4,60,3_S6,8.4416865e-09,1.7728275e-06,0.00011106871,0.9998859,1.2123751e-06,1.048553e-08,3_S6
c4_p066_20231109_o11,p066_20231109,66,0,4,65,3_S6,1.3965548e-09,3.0442027e-06,1.5232153e-05,0.99936885,0.0006128079,9.582864e-09,3_S6
c4_p066_20231120_o02,p066_20231120,66,0,4,67,3_S6,9.125701e-13,1.5397538e-09,7.632044e-08,0.99999976,2.1082198e-07,1.140964e-12,3_S6
c4_p066_20231127_o08,p066_20231127,66,0,4,70,4_S7,1.4312893e-08,5.566403e-06,9.373185e-06,7.434119e-05,0.9999105,1.4408164e-07,4_S7
c4_p066_20231130_o08,p066_20231130,66,0,4,71,4_S7,1.2297126e-05,0.00014256885,0.0027124984,0.0043715406,0.9923511,0.0004100209,4_S7
c4_p066_20231204_o07,p066_20231204,66,0,4,73,4_S7,1.4979041e-09,4.6721803e-07,2.1035312e-06,2.184182e-05,0.99997485,7.2974353e-07,4_S7
c4_p066_20231211_o01,p066_20231211,66,0,4,75,4_S7,9.489117e-08,2.5743151e-05,0.00024381091,0.00035032647,0.9993087,7.130915e-05,4_S7
c4_p066_20231214_o01,p066_20231214,66,0,4,78,4_S7,1.711019e-08,2.3111623e-07,4.2404135e-06,0.0072831227,0.99270904,3.322713e-06,4_S7
c4_p066_20231218_o11,p066_20231218,66,0,4,79,4_S7,3.8160874e-08,3.5959747e-05,7.524642e-05,0.00017424964,0.99953485,0.00017967037,4_S7
c4_p066_20231227_o10,p066_20231227,66,0,4,80,5_S8,2.422971e-07,0.00025668024,1.2187973e-05,2.8699773e-05,0.94842,0.051282138,4_S7
c4_p066_20240115_o04,p066_20240115,66,0,4,82,5_S8,1.3606899e-08,1.5199707e-07,7.6688416e-08,2.3314087e-08,0.00025805214,0.99974173,5_S8
c4_p066_20240119_o05,p066_20240119,66,0,4,82,5_S8,4.198762e-08,9.179808e-07,1.7115646e-06,4.467937e-07,9.195212e-05,0.9999049,5_S8
c4_p066_20240126_o07,p066_20240126,66,0,4,84,5_S8,2.3960842e-11,1.0228305e-09,1.3879579e-09,3.287695e-11,7.780138e-07,0.99999917,5_S8
c4_p069_20231006_o11,p069_20231006,69,0,4,13,0_S1,0.99812645,0.000207952,0.00088194746,0.00052475836,0.0001336558,0.00012527478,0_S1
c4_p069_20231011_o06,p069_20231011,69,0,4,13,0_S1,0.998621,7.4373245e-05,0.0005529509,9.983162e-05,0.00054904824,0.00010283974,0_S1
c4_p069_20231017_o08,p069_20231017,69,0,4,13,0_S1,0.9986822,5.207219e-05,0.0010832995,0.0001744497,4.308815e-06,3.78346e-06,0_S1
c4_p069_20231019_o12,p069_20231019,69,0,4,14,0_S1,0.99478227,9.252143e-05,0.005072424,3.7371134e-05,1.0597164e-05,4.822052e-06,0_S1
c4_p069_20231023_o09,p069_20231023,69,0,4,14,0_S1,0.9924194,0.00027559657,0.0068660653,0.00020722137,0.00015582067,7.5856246e-05,0_S1
c4_p069_20231027_o12,p069_20231027,69,0,4,15,0_S1,0.011869526,0.0041365153,0.9765929,0.0066860034,0.00068065396,3.4338824e-05,2_S5
c4_p069_20231101_o08,p069_20231101,69,0,4,53,2_S5,0.0041048154,0.029652245,0.8469885,0.11614898,0.0030782223,2.723576e-05,2_S5
c4_p069_20231106_o12,p069_20231106,69,0,4,61,3_S6,5.498257e-09,5.8955716e-06,0.0001125182,0.9997085,0.00017302032,1.2673269e-08,3_S6
c4_p069_20231109_o11,p069_20231109,69,0,4,66,3_S6,1.1554567e-07,0.00041532627,0.000104425504,0.9943857,0.005079021,1.5468724e-05,3_S6
c4_p069_20231120_o06,p069_20231120,69,0,4,70,4_S7,2.1001094e-08,2.2777458e-06,4.5993416e-05,0.94558865,0.054295793,6.724708e-05,3_S6
c4_p069_20231127_o09,p069_20231127,69,0,4,72,4_S7,2.7800263e-07,1.0937911e-05,1.64765e-05,0.3036312,0.6963273,1.382365e-05,4_S7
c4_p069_20231130_o07,p069_20231130,69,0,4,73,4_S7,7.0555336e-07,2.4230307e-05,0.00018682983,0.00017933096,0.997543,0.0020659105,4_S7
c4_p069_20231204_o04,p069_20231204,69,0,4,74,4_S7,0.00012036963,0.0020835616,0.0011699827,0.029881358,0.9641379,0.0026068802,4_S7
c4_p069_20231211_o05,p069_20231211,69,0,4,76,4_S7,2.6418982e-07,1.380156e-06,9.274996e-06,4.38833e-05,0.99706584,0.0028793397,4_S7
c4_p069_20231214_o05,p069_20231214,69,0,4,77,4_S7,3.8017505e-09,6.631347e-10,9.4656745e-09,1.5410335e-05,0.9999826,1.9528507e-06,4_S7
c4_p069_20231218_o05,p069_20231218,69,0,4,78,4_S7,8.169113e-09,1.9711799e-09,8.25056e-08,9.799035e-06,0.99975425,0.0002358124,4_S7
c4_p069_20231227_o06,p069_20231227,69,0,4,79,4_S7,1.26874795e-08,3.4546523e-09,1.2073978e-07,6.3744653e-07,0.9995646,0.00043464717,4_S7
c4_p069_20240115_o04,p069_20240115,69,0,4,82,5_S8,1.6986466e-07,6.199668e-06,1.5943017e-06,4.0351608e-07,0.0012967968,0.99869496,5_S8
c4_p069_20240119_o06,p069_20240119,69,0,4,82,5_S8,2.117713e-06,3.419884e-06,6.402823e-06,5.54068e-06,0.0768369,0.92314565,5_S8
c4_p069_20240126_o09,p069_20240126,69,0,4,84,5_S8,4.07563e-07,2.6945013e-06,1.2145764e-06,3.199969e-07,0.021230511,0.9787649,5_S8
c4_p070_20231006_o08,p070_20231006,70,0,4,13,0_S1,0.9984194,0.00029327688,0.00074567745,0.00044149143,5.561329e-05,4.4537795e-05,0_S1
c4_p070_20231011_o08,p070_20231011,70,0,4,13,0_S1,0.99770457,0.000103592,0.0011781325,0.00014935026,0.0006947728,0.00016949607,0_S1
c4_p070_20231017_o03,p070_20231017,70,0,4,13,0_S1,0.9984871,0.00020873961,0.0009996375,0.0002586043,2.3464805e-05,2.2441322e-05,0_S1
c4_p070_20231019_o02,p070_20231019,70,0,4,14,0_S1,0.99868137,9.955403e-05,0.0011425194,2.3011986e-05,3.7435475e-05,1.6143973e-05,0_S1
c4_p070_20231023_o03,p070_20231023,70,0,4,14,0_S1,0.9995479,3.946532e-05,0.00039765882,1.0234949e-05,1.6299912e-06,3.0338065e-06,0_S1
c4_p070_20231027_o01,p070_20231027,70,0,4,21,1_S2,0.48678878,0.0137706185,0.49699566,0.0024228978,9.544718e-06,1.2508053e-05,2_S5
c4_p070_20231101_o12,p070_20231101,70,0,4,60,3_S6,2.5868389e-05,0.00019205219,0.9987263,0.0010477962,6.197788e-06,1.8221897e-06,2_S5
c4_p070_20231106_o08,p070_20231106,70,0,4,62,3_S6,1.9642594e-10,4.914524e-07,9.408793e-06,0.9999838,6.326809e-06,1.6590084e-09,3_S6
c4_p070_20231109_o07,p070_20231109,70,0,4,65,3_S6,1.404469e-08,5.5311408e-05,4.6792582e-05,0.86388326,0.13601461,4.144887e-08,3_S6
c4_p070_20231120_o03,p070_20231120,70,0,4,70,4_S7,3.4860173e-07,8.83736e-05,0.00018583983,0.95951337,0.040209066,3.0616732e-06,3_S6
c4_p070_20231127_o07,p070_20231127,70,0,4,71,4_S7,2.0428483e-09,1.2556265e-07,3.7946518e-07,4.3016884e-05,0.99995613,3.711209e-07,4_S7
c4_p070_20231130_o09,p070_20231130,70,0,4,73,4_S7,3.643516e-07,6.157973e-05,0.001196339,7.5528783e-06,0.99851257,0.00022149713,4_S7
c4_p070_20231204_o04,p070_20231204,70,0,4,75,4_S7,4.2521133e-06,3.2321932e-05,0.0003086568,0.00024695863,0.9993412,6.659022e-05,4_S7
c4_p070_20231211_o04,p070_20231211,70,0,4,76,4_S7,2.6640207e-10,1.062983e-08,2.6099528e-07,1.1518969e-06,0.99999845,2.0152079e-07,4_S7
c4_p070_20231214_o02,p070_20231214,70,0,4,77,4_S7,9.18458e-10,7.685487e-10,1.8222291e-09,1.3336394e-05,0.9999865,1.7916273e-07,4_S7
c4_p070_20231218_o04,p070_20231218,70,0,4,78,4_S7,1.7515031e-08,1.9164358e-06,5.4929535e-07,0.00020585586,0.99826425,0.0015273426,4_S7
c4_p070_20231227_o05,p070_20231227,70,0,4,79,4_S7,2.8260452e-09,1.7436426e-08,1.1661752e-07,2.52257e-06,0.9861763,0.013821028,4_S7
c4_p070_20240115_o04,p070_20240115,70,0,4,83,5_S8,5.5054836e-05,0.0008809623,0.0010490959,0.00019225119,0.023673702,0.9741488,5_S8
c4_p070_20240119_o04,p070_20240119,70,0,4,84,5_S8,1.365373e-05,7.823487e-05,2.1481726e-05,4.4614528e-05,0.0006653796,0.99917656,5_S8
c4_p070_20240126_o01,p070_20240126,70,0,4,88,5_S8,5.2602917e-07,8.118404e-06,4.525451e-06,4.945391e-07,0.00013098316,0.9998554,5_S8
c4_p075_20231006_o05,p075_20231006,75,0,4,13,0_S1,0.9986394,0.0001735558,0.0008455264,0.00024538347,4.9040194e-05,4.7160687e-05,0_S1
c4_p075_20231011_o01,p075_20231011,75,0,4,13,0_S1,0.9997689,2.669748e-05,0.00012833979,3.7810576e-05,2.5341813e-05,1.28746115e-05,0_S1
c4_p075_20231017_o05,p075_20231017,75,0,4,13,0_S1,0.99899393,0.00010125525,0.0006152014,0.00018011409,5.493468e-05,5.452626e-05,0_S1
c4_p075_20231019_o07,p075_20231019,75,0,4,14,0_S1,0.9961041,0.00020181679,0.0018653409,0.00030535742,0.0013863386,0.00013702754,0_S1
c4_p075_20231023_o02,p075_20231023,75,0,4,14,0_S1,0.9946656,0.00152705,0.0027757636,0.00043890154,0.00048721328,0.00010544023,0_S1
c4_p075_20231027_o04,p075_20231027,75,0,4,53,2_S5,0.0038623884,0.0072283335,0.8633068,0.12524624,0.00034391144,1.2302864e-05,2_S5
c4_p075_20231101_o01,p075_20231101,75,0,4,53,2_S5,0.00010840884,0.00013613983,0.87153345,0.12821768,3.753614e-06,5.4422827e-07,2_S5
c4_p075_20231106_o12,p075_20231106,75,0,4,54,2_S5,4.2323645e-11,6.6031576e-09,1.8766057e-05,0.99998116,3.7615997e-08,3.9165754e-11,3_S6
c4_p075_20231109_o04,p075_20231109,75,0,4,60,3_S6,6.8376765e-10,5.933641e-07,1.8882483e-06,0.9998914,0.0001061348,1.518902e-08,3_S6
c4_p075_20231120_o06,p075_20231120,75,0,4,68,3_S6,3.2101475e-08,0.00021075284,1.8859315e-05,0.81986004,0.1799071,3.1772265e-06,3_S6
c4_p075_20231127_o12,p075_20231127,75,0,4,73,4_S7,7.971041e-06,0.0007674168,0.00010760825,0.29528335,0.70378727,4.63723e-05,4_S7
c4_p075_20231130_o09,p075_20231130,75,0,4,74,4_S7,1.0674639e-06,4.529593e-05,2.8658926e-05,0.0014129186,0.99829644,0.00021562727,4_S7
c4_p075_20231204_o11,p075_20231204,75,0,4,75,4_S7,2.2120942e-08,1.4803435e-06,1.5632165e-07,1.5497251e-05,0.99997175,1.11666595e-05,4_S7
c4_p075_20231211_o03,p075_20231211,75,0,4,76,4_S7,9.65029e-08,2.1614226e-06,9.524992e-06,2.0383864e-06,0.9949692,0.0050170426,4_S7
c4_p075_20231214_o09,p075_20231214,75,0,4,77,4_S7,1.9671877e-09,2.3023388e-08,1.1188759e-07,9.509488e-06,0.99998903,1.2840894e-06,4_S7
c4_p075_20231218_o05,p075_20231218,75,0,4,78,4_S7,1.7269467e-09,8.959599e-06,1.3371347e-07,1.1261172e-08,0.9958882,0.004102792,4_S7
c4_p075_20231227_o06,p075_20231227,75,0,4,80,5_S8,4.5696333e-06,6.6387256e-05,1.678464e-05,2.6646965e-06,0.015651327,0.9842582,5_S8
c4_p075_20240115_o08,p075_20240115,75,0,4,83,5_S8,1.0380737e-07,2.421118e-07,1.3956571e-07,9.574207e-08,3.598179e-05,0.9999634,5_S8
c4_p075_20240119_o11,p075_20240119,75,0,4,85,5_S8,2.7889751e-08,1.241908e-07,2.9886445e-07,3.1267513e-09,7.527383e-06,0.999992,5_S8
c4_p075_20240126_o03,p075_20240126,75,0,4,87,5_S8,5.128347e-09,4.1764316e-09,3.6511445e-09,4.586543e-10,5.4663593e-07,0.9999994,5_S8
c4_p079_20231006_o12,p079_20231006,79,0,4,13,0_S1,0.99894494,0.00021919904,0.00058543566,0.00016089888,4.4755958e-05,4.4765864e-05,0_S1
c4_p079_20231011_o01,p079_20231011,79,0,4,13,0_S1,0.99970216,3.2391814e-05,0.00018114614,4.6597794e-05,2.3455168e-05,1.4263336e-05,0_S1
c4_p079_20231017_o11,p079_20231017,79,0,4,13,0_S1,0.9995542,6.916977e-05,0.0002847465,5.7621033e-05,1.6600476e-05,1.7672312e-05,0_S1
c4_p079_20231019_o05,p079_20231019,79,0,4,14,0_S1,0.99952507,6.581429e-05,0.0001233919,7.687403e-06,9.243768e-05,0.00018554523,0_S1
c4_p079_20231023_o12,p079_20231023,79,0,4,14,0_S1,0.7018468,0.0023850955,0.013484596,0.0064358134,0.26671296,0.009134674,0_S1
c4_p079_20231027_o09,p079_20231027,79,0,4,20,1_S2,0.016296683,0.005209617,0.9780375,0.000383695,6.491504e-05,7.5808402e-06,2_S5
c4_p079_20231101_o10,p079_20231101,79,0,4,52,2_S5,9.3278993e-07,0.00011724548,0.9523668,0.047449257,6.429769e-05,1.3740485e-06,2_S5
c4_p079_20231106_o01,p079_20231106,79,0,4,65,3_S6,4.5885423e-07,1.40198445e-05,0.0003931033,0.9993734,0.00021615488,2.9098828e-06,3_S6
c4_p079_20231109_o11,p079_20231109,79,0,4,69,3_S6,4.347762e-10,6.977192e-08,0.00031617619,0.9996804,3.2784096e-06,8.248057e-09,3_S6
c4_p079_20231120_o05,p079_20231120,79,0,4,70,4_S7,2.6727156e-08,3.7937677e-06,1.4870137e-05,0.3614926,0.6384869,1.8471142e-06,4_S7
c4_p079_20231127_o10,p079_20231127,79,0,4,73,4_S7,3.3647257e-07,3.577441e-05,0.00018855988,0.0015617793,0.99819416,1.932817e-05,4_S7
c4_p079_20231130_o04,p079_20231130,79,0,4,74,4_S7,0.0004427734,0.00033303862,0.0020227872,0.08103996,0.9151797,0.0009817231,4_S7
c4_p079_20231204_o12,p079_20231204,79,0,4,75,4_S7,1.2714428e-05,0.0011665185,0.0005730186,0.022609238,0.9753778,0.00026076782,4_S7
c4_p079_20231211_o12,p079_20231211,79,0,4,76,4_S7,2.3445974e-09,1.6800824e-07,4.790395e-06,1.6192736e-05,0.99997795,8.9662393e-07,4_S7
c4_p079_20231214_o03,p079_20231214,79,0,4,77,4_S7,4.0932687e-06,4.8615055e-07,7.813389e-06,0.00028707116,0.99966097,3.9586004e-05,4_S7
c4_p079_20231218_o08,p079_20231218,79,0,4,78,4_S7,1.1786093e-11,1.1982201e-08,4.324767e-09,8.438305e-08,0.99999976,1.4563048e-07,4_S7
c4_p079_20231227_o02,p079_20231227,79,0,4,79,4_S7,1.09706285e-07,2.4688613e-06,1.4058316e-05,1.7143047e-05,0.9897231,0.010243146,4_S7
c4_p079_20240115_o08,p079_20240115,79,0,4,81,5_S8,3.613272e-08,2.0013792e-06,1.0638107e-06,1.6883665e-07,0.001190524,0.99880624,5_S8
c4_p079_20240119_o02,p079_20240119,79,0,4,82,5_S8,2.3529687e-09,8.870955e-09,1.9579979e-08,2.2209323e-09,1.9057348e-06,0.9999981,5_S8
c4_p079_20240126_o01,p079_20240126,79,0,4,87,5_S8,6.881378e-09,1.3050762e-07,3.2340413e-08,5.5910965e-09,7.4671907e-06,0.9999924,5_S8
c4_p086_20231128_o05,p086_20231128,86,0,4,68,3_S6,8.33157e-06,2.5132258e-05,1.8630757e-05,0.9998281,0.000118720964,1.0998086e-06,3_S6
c4_p086_20231130_o03,p086_20231130,86,0,4,69,3_S6,8.343265e-06,1.0348264e-06,1.0427854e-06,0.9999788,1.0815684e-05,2.7122885e-08,3_S6
c4_p086_20231204_o11,p086_20231204,86,0,4,78,4_S7,3.6455313e-05,1.282502e-05,7.0492392e-06,0.99967384,0.00026933002,5.7220973e-07,3_S6
c4_p086_20231207_o03,p086_20231207,86,0,4,67,3_S6,0.00042898871,9.6695345e-05,0.0005332368,0.031290688,0.9601573,0.0074930494,4_S7
c4_p086_20231211_o08,p086_20231211,86,0,4,71,4_S7,8.0641094e-08,1.4691082e-07,1.7005855e-06,0.0005589795,0.99942255,1.6568967e-05,4_S7
c4_p086_20231218_o10,p086_20231218,86,0,4,72,4_S7,6.04738e-11,1.0709394e-08,3.5930746e-08,2.2532575e-05,0.99994814,2.9302717e-05,4_S7
c4_p086_20231227_o01,p086_20231227,86,0,4,73,4_S7,3.223347e-09,1.0046917e-06,2.6336645e-06,5.303341e-06,0.9996389,0.00035216272,4_S7
c4_p086_20240115_o09,p086_20240115,86,0,4,75,4_S7,1.3160796e-08,5.0916367e-07,6.3628164e-07,2.2736e-06,0.90258366,0.09741287,4_S7
c4_p086_20240119_o04,p086_20240119,86,0,4,78,4_S7,8.541433e-10,7.9777834e-07,5.666436e-07,4.7295007e-06,0.9997236,0.000270221,4_S7
c4_p086_20240126_o02,p086_20240126,86,0,4,81,5_S8,1.0576528e-08,5.44545e-06,1.4472831e-06,5.2312345e-07,0.11152611,0.88846654,5_S8
c4_p087_20231128_o09,p087_20231128,87,0,4,66,3_S6,2.0784191e-06,9.649585e-07,4.6167715e-06,0.9999479,4.4258515e-05,2.3932213e-07,3_S6
c4_p087_20231130_o06,p087_20231130,87,0,4,68,3_S6,0.00046379238,0.00015527515,9.104872e-05,0.9867763,0.012409935,0.00010365585,3_S6
c4_p087_20231204_o03,p087_20231204,87,0,4,69,3_S6,3.278619e-05,8.3175495e-05,0.00012349212,0.98095495,0.01879352,1.19924325e-05,3_S6
c4_p087_20231207_o11,p087_20231207,87,0,4,70,4_S7,3.2979028e-07,3.2223568e-06,0.00026935048,0.07582258,0.9237977,0.000106812324,4_S7
c4_p087_20231211_o07,p087_20231211,87,0,4,71,4_S7,5.640503e-07,1.0964421e-06,2.7838403e-06,0.0030076804,0.9949185,0.0020693594,4_S7
c4_p087_20231218_o06,p087_20231218,87,0,4,73,4_S7,3.0908258e-09,1.6883885e-07,4.717973e-06,0.0030327677,0.99694735,1.4951634e-05,4_S7
c4_p087_20231227_o07,p087_20231227,87,0,4,75,4_S7,1.4560959e-09,1.2328404e-07,1.6774227e-07,5.3147975e-05,0.99994516,1.4769747e-06,4_S7
c4_p087_20240115_o10,p087_20240115,87,0,4,78,4_S7,1.9689825e-09,1.0799588e-06,2.8950213e-08,1.5614074e-08,0.99863786,0.0013610101,4_S7
c4_p087_20240119_o03,p087_20240119,87,0,4,79,4_S7,1.8768734e-08,1.3078084e-06,4.197377e-06,5.651626e-06,0.90601087,0.09397794,4_S7
c4_p087_20240126_o10,p087_20240126,87,0,4,81,5_S8,1.2745891e-05,0.00024200663,8.107142e-05,9.0187785e-07,0.004290781,0.99537235,5_S8
c4_p091_20231128_o07,p091_20231128,91,0,4,68,3_S6,1.5255418e-05,1.2638203e-05,2.6812062e-05,0.9990852,0.00085875666,1.3214827e-06,3_S6
c4_p091_20231130_o10,p091_20231130,91,0,4,69,3_S6,1.8031924e-05,2.1331665e-05,8.301792e-05,0.99826556,0.0016109975,9.852305e-07,3_S6
c4_p091_20231204_o09,p091_20231204,91,0,4,67,3_S6,1.6764488e-06,1.5339307e-06,3.405643e-05,0.9956371,0.0043255407,1.11902814e-07,3_S6
c4_p091_20231207_o06,p091_20231207,91,0,4,70,4_S7,1.6185998e-06,5.0087992e-06,0.00018913028,0.0015288758,0.9982229,5.2469222e-05,4_S7
c4_p091_20231211_o07,p091_20231211,91,0,4,71,4_S7,1.7850657e-07,2.6034488e-06,3.3907116e-05,0.0017718402,0.9981665,2.4911835e-05,4_S7
c4_p091_20231218_o10,p091_20231218,91,0,4,72,4_S7,3.9879345e-07,5.930072e-07,3.3659067e-06,1.16274205e-05,0.9993623,0.0006217517,4_S7
c4_p091_20231227_o12,p091_20231227,91,0,4,74,4_S7,1.98702e-11,1.302559e-09,1.6508657e-09,7.912278e-09,0.99977094,0.00022907909,4_S7
c4_p091_20240115_o12,p091_20240115,91,0,4,76,4_S7,4.667431e-11,8.30467e-09,3.221443e-08,3.359652e-07,0.99758565,0.0024139914,4_S7
c4_p091_20240119_o06,p091_20240119,91,0,4,79,4_S7,4.7246966e-09,4.393861e-08,7.5409986e-07,2.0616102e-07,0.19176596,0.808233,5_S8
c4_p091_20240126_o10,p091_20240126,91,0,4,82,5_S8,4.481483e-09,3.2582644e-08,1.6718067e-08,2.2328266e-09,2.4171964e-05,0.9999758,5_S8
c4_p094_20231128_o02,p094_20231128,94,0,4,68,3_S6,1.742518e-05,8.76316e-06,1.2612176e-05,0.99920076,0.0007564913,4.0211644e-06,3_S6
c4_p094_20231130_o09,p094_20231130,94,0,4,69,3_S6,6.309692e-08,1.1990593e-07,6.1094227e-07,0.9999927,6.4545443e-06,7.179711e-10,3_S6
c4_p094_20231204_o04,p094_20231204,94,0,4,70,4_S7,8.0274995e-06,4.623417e-05,2.7930315e-05,0.94212073,0.057781376,1.5801439e-05,3_S6
c4_p094_20231207_o11,p094_20231207,94,0,4,71,4_S7,9.493966e-07,5.8632845e-06,8.503075e-05,0.00037220822,0.9959209,0.0036149998,4_S7
c4_p094_20231211_o08,p094_20231211,94,0,4,72,4_S7,7.4108506e-08,7.84916e-07,6.7132305e-07,0.0105160475,0.98944795,3.437692e-05,4_S7
c4_p094_20231218_o10,p094_20231218,94,0,4,74,4_S7,1.5499298e-11,2.3387648e-11,8.9139245e-11,4.002229e-09,0.99981695,0.00018306295,4_S7
c4_p094_20231227_o06,p094_20231227,94,0,4,76,4_S7,5.227785e-09,3.2460301e-09,8.0306926e-09,3.531332e-08,0.99302304,0.006976955,4_S7
c4_p094_20240115_o02,p094_20240115,94,0,4,77,4_S7,4.2066184e-10,2.0626867e-09,4.4091397e-09,6.780959e-09,0.9927476,0.007252416,4_S7
c4_p094_20240119_o07,p094_20240119,94,0,4,80,5_S8,2.0643168e-07,7.831968e-06,5.7581336e-05,1.7847063e-06,0.0572376,0.94269496,5_S8
c4_p094_20240126_o11,p094_20240126,94,0,4,83,5_S8,2.133994e-07,1.9666056e-06,6.573058e-07,4.565501e-08,0.00021593725,0.9997812,5_S8
c4_p101_20231128_o11,p101_20231128,101,0,4,65,3_S6,1.166791e-06,1.5145346e-06,5.160272e-05,0.99983656,0.00010862825,5.2813493e-07,3_S6
c4_p101_20231130_o10,p101_20231130,101,0,4,69,3_S6,5.0114473e-08,3.712151e-07,4.6798746e-07,0.9997025,0.00029644874,6.888315e-08,3_S6
c4_p101_20231204_o12,p101_20231204,101,0,4,69,3_S6,7.192591e-08,8.61419e-07,4.0406945e-07,0.99602795,0.003970337,4.1812513e-07,3_S6
c4_p101_20231207_o05,p101_20231207,101,0,4,69,3_S6,3.0071467e-07,2.526478e-06,7.22698e-06,0.00067457976,0.9991793,0.00013599687,4_S7
c4_p101_20231211_o05,p101_20231211,101,0,4,70,4_S7,1.6201848e-07,1.4079586e-06,1.925707e-06,0.16681819,0.8331711,7.1482677e-06,4_S7
c4_p101_20231218_o06,p101_20231218,101,0,4,71,4_S7,2.1551463e-12,9.665796e-11,1.5369145e-09,6.7820776e-09,0.99999857,1.4509887e-06,4_S7
c4_p101_20231227_o05,p101_20231227,101,0,4,73,4_S7,1.0456823e-11,1.1007398e-08,1.7431962e-08,5.8845504e-08,0.9999974,2.6118685e-06,4_S7
c4_p101_20240115_o11,p101_20240115,101,0,4,75,4_S7,2.6262614e-06,0.0014741782,0.00084135076,0.00395427,0.97444534,0.019282253,4_S7
c4_p101_20240119_o06,p101_20240119,101,0,4,77,4_S7,9.560546e-08,7.9898155e-07,6.2466647e-06,9.4246786e-07,0.94311,0.056881804,4_S7
c4_p101_20240126_o12,p101_20240126,101,0,4,79,4_S7,4.2228194e-08,4.1555018e-07,1.6699864e-06,9.811718e-07,0.999006,0.0009909588,4_S7
c4_p002_20230816_o10,p002_20230816,2,1,4,68,3_S6,1.8630082e-05,0.00087897864,0.004916331,0.9393691,0.054547653,0.00026936675,3_S6
c4_p002_20230921_o04,p002_20230921,2,1,4,77,4_S7,4.483655e-05,2.7324308e-05,0.0009680779,0.00080274354,0.9961132,0.0020436537,4_S7
c4_p002_20231005_o12,p002_20231005,2,1,4,79,4_S7,6.3689626e-08,1.2626762e-06,0.0001781216,2.197616e-05,0.98784477,0.011953669,4_S7
c4_p026_20230828_o08,p026_20230828,26,1,4,16,0_S1,0.7556621,0.20206258,0.037539717,0.0035925072,0.0006027677,0.0005403299,0_S1
c4_p026_20230904_o02,p026_20230904,26,1,4,53,2_S5,0.037096284,0.10482398,0.1624387,0.10177227,0.46544266,0.12842606,4_S7
c4_p026_20230908_o09,p026_20230908,26,1,4,64,3_S6,0.014090817,0.07262521,0.059818756,0.68948495,0.15545163,0.008528599,3_S6
c4_p026_20230921_o01,p026_20230921,26,1,4,70,4_S7,9.359886e-07,3.395142e-05,0.00043988746,0.005043046,0.99284816,0.0016338931,4_S7
c4_p026_20231006_o10,p026_20231006,26,1,4,71,4_S7,8.4525317e-07,4.6351757e-05,0.00013349121,0.34050143,0.65860474,0.00071309635,4_S7
c4_p026_20231017_o11,p026_20231017,26,1,4,74,4_S7,8.30407e-07,6.975431e-05,0.0007992651,0.29716432,0.69845647,0.003509383,4_S7
c4_p026_20231023_o10,p026_20231023,26,1,4,75,4_S7,4.261612e-09,2.1009484e-06,9.50965e-06,0.010205159,0.98950243,0.00028076768,4_S7
c4_p026_20231027_o04,p026_20231027,26,1,4,76,4_S7,7.147264e-07,0.00012153582,0.0016883117,0.08164259,0.8909187,0.02562813,4_S7
c4_p026_20231101_o09,p026_20231101,26,1,4,77,4_S7,1.01596086e-07,6.301661e-06,0.0064129415,0.00011265547,0.98972464,0.0037434099,4_S7
c4_p026_20231106_o07,p026_20231106,26,1,4,78,4_S7,1.6681044e-08,5.4692377e-06,2.5979523e-05,0.005897774,0.8657596,0.12831108,4_S7
c4_p026_20231109_o07,p026_20231109,26,1,4,79,4_S7,1.8312463e-09,5.510522e-07,1.7365363e-05,0.0007769049,0.9894907,0.009714595,4_S7
c4_p026_20231120_o07,p026_20231120,26,1,4,84,5_S8,2.0333017e-09,2.8975768e-07,4.6390218e-07,7.511351e-05,0.12576304,0.87416106,5_S8
c4_p026_20231124_o02,p026_20231124,26,1,4,85,5_S8,1.2609915e-12,3.8045452e-11,1.8388556e-08,2.9261547e-09,0.5929967,0.40700328,4_S7
c4_p026_20231127_o02,p026_20231127,26,1,4,86,5_S8,2.3942727e-13,4.1761776e-12,5.844098e-10,5.6684546e-10,0.12405736,0.8759426,5_S8
c4_p026_20231130_o12,p026_20231130,26,1,4,89,5_S8,2.4924478e-07,1.600287e-06,0.00016968584,1.698117e-05,0.1492632,0.85054827,5_S8
c4_p027_20230828_o04,p027_20230828,27,1,4,20,1_S2,0.5540578,0.19115606,0.17711987,0.07170208,0.0049191443,0.0010451252,0_S1
c4_p027_20230904_o07,p027_20230904,27,1,4,60,3_S6,0.0028639375,0.03768534,0.17052968,0.5265179,0.24398261,0.018420495,3_S6
c4_p027_20230908_o02,p027_20230908,27,1,4,66,3_S6,0.022219295,0.011010705,0.03431523,0.8684803,0.06259166,0.0013828111,3_S6
c4_p027_20230921_o09,p027_20230921,27,1,4,68,3_S6,0.00065593555,0.00011299732,0.00024366465,0.8342444,0.16427934,0.0004637593,3_S6
c4_p027_20231006_o08,p027_20231006,27,1,4,70,4_S7,1.5084164e-07,7.804428e-07,1.2135399e-05,0.000771291,0.99384284,0.005372843,4_S7
c4_p027_20231017_o07,p027_20231017,27,1,4,72,4_S7,7.9483936e-10,7.5648565e-08,6.032225e-06,3.7338476e-05,0.99517447,0.004782124,4_S7
c4_p027_20231023_o07,p027_20231023,27,1,4,73,4_S7,3.8828803e-06,9.201196e-05,0.004557188,0.032809675,0.95977885,0.0027584615,4_S7
c4_p027_20231027_o08,p027_20231027,27,1,4,74,4_S7,2.3080158e-09,1.6567623e-07,3.0112958e-06,0.0002500431,0.9984652,0.001281609,4_S7
c4_p027_20231101_o07,p027_20231101,27,1,4,75,4_S7,1.595297e-08,7.746009e-07,1.4960849e-05,0.00051659223,0.94168437,0.057783354,4_S7
c4_p027_20231106_o09,p027_20231106,27,1,4,76,4_S7,2.6907345e-09,7.74987e-08,4.8933184e-06,1.928443e-05,0.9945904,0.0053853947,4_S7
c4_p027_20231109_o07,p027_20231109,27,1,4,77,4_S7,7.4012085e-08,6.116158e-06,0.0010376612,0.00060665974,0.99557835,0.0027710935,4_S7
c4_p027_20231120_o11,p027_20231120,27,1,4,78,4_S7,8.481313e-08,1.3596002e-05,0.00041536684,0.004537513,0.98645914,0.008574249,4_S7
c4_p027_20231124_o04,p027_20231124,27,1,4,79,4_S7,3.707928e-12,6.2852806e-11,7.981319e-08,1.1973331e-08,0.85871047,0.14128938,4_S7
c4_p027_20231127_o07,p027_20231127,27,1,4,79,4_S7,1.5094247e-05,6.476233e-05,0.8274284,0.00027586415,0.11640046,0.055815503,2_S5
c4_p027_20231130_o01,p027_20231130,27,1,4,79,4_S7,1.7170348e-09,2.3191337e-08,0.00064288196,1.3327097e-07,0.3435286,0.6558284,5_S8
c4_p032_20230828_o10,p032_20230828,32,1,4,15,0_S1,0.6558054,0.14470805,0.1600521,0.028998917,0.00817216,0.0022633572,0_S1
c4_p032_20230904_o08,p032_20230904,32,1,4,60,3_S6,0.0057460857,0.038001727,0.11806109,0.68639845,0.14603229,0.005760379,3_S6
c4_p032_20230908_o03,p032_20230908,32,1,4,64,3_S6,0.0045702034,0.0061178217,0.021451075,0.43900445,0.5241871,0.004669369,4_S7
c4_p032_20230921_o05,p032_20230921,32,1,4,72,4_S7,0.00029484124,0.0006435551,0.0032263438,0.27425727,0.70162433,0.01995364,4_S7
c4_p032_20231006_o03,p032_20231006,32,1,4,74,4_S7,1.8287331e-10,1.4255737e-08,1.661613e-06,2.8373017e-06,0.9998325,0.00016291639,4_S7
c4_p032_20231017_o05,p032_20231017,32,1,4,75,4_S7,2.8739837e-09,1.244145e-07,8.570956e-05,3.7947517e-05,0.9992655,0.00061061006,4_S7
c4_p032_20231023_o01,p032_20231023,32,1,4,76,4_S7,0.00044641082,0.0016420156,0.19206984,0.10231278,0.696593,0.00693595,4_S7
c4_p032_20231027_o05,p032_20231027,32,1,4,77,4_S7,8.486002e-09,4.0112786e-06,0.00014070509,0.010075871,0.84791124,0.14186819,4_S7
c4_p032_20231101_o07,p032_20231101,32,1,4,78,4_S7,1.5599428e-08,4.0736373e-07,0.00058609154,0.00017437176,0.99762315,0.0016160208,4_S7
c4_p032_20231106_o12,p032_20231106,32,1,4,79,4_S7,7.536001e-08,9.488844e-06,0.0013323559,0.00043879027,0.99210876,0.006110473,4_S7
c4_p032_20231109_o09,p032_20231109,32,1,4,80,5_S8,5.2671263e-09,1.7298084e-06,3.2272867e-05,0.0032016817,0.9785507,0.018213628,4_S7
c4_p032_20231120_o03,p032_20231120,32,1,4,81,5_S8,8.336424e-13,1.2584385e-10,8.0575635e-09,4.254639e-09,0.0012454742,0.9987545,5_S8
c4_p032_20231124_o08,p032_20231124,32,1,4,83,5_S8,1.5961076e-14,4.3735518e-13,2.1283018e-09,1.4271971e-12,0.001467636,0.9985323,5_S8
c4_p032_20231127_o06,p032_20231127,32,1,4,85,5_S8,1.7118365e-13,7.527826e-12,3.4171184e-09,9.187191e-11,0.009062044,0.99093795,5_S8
c4_p032_20231130_o12,p032_20231130,32,1,4,87,5_S8,1.2092747e-13,1.2249058e-11,7.902899e-09,2.4109534e-11,0.00037943272,0.99962056,5_S8
c4_p041_20230828_o08,p041_20230828,41,1,4,14,0_S1,0.11551663,0.056435887,0.3653962,0.086117625,0.3370229,0.039510757,2_S5
c4_p041_20230904_o09,p041_20230904,41,1,4,53,2_S5,0.12769705,0.1996724,0.37996155,0.13645588,0.13568448,0.020528689,2_S5
c4_p041_20230908_o07,p041_20230908,41,1,4,60,3_S6,0.0013597524,0.0065243216,0.032461878,0.7298377,0.22744031,0.0023760435,3_S6
c4_p041_20230921_o02,p041_20230921,41,1,4,66,3_S6,0.0022511154,0.025501603,0.04889392,0.6379249,0.28158984,0.0038386127,3_S6
c4_p041_20231006_o11,p041_20231006,41,1,4,72,4_S7,0.0027208556,0.0009531511,0.036717087,0.050703794,0.908712,0.0001930676,4_S7
c4_p041_20231017_o04,p041_20231017,41,1,4,73,4_S7,1.8578907e-05,7.3933224e-06,0.0011511667,0.0015304077,0.9971644,0.00012810757,4_S7
c4_p041_20231023_o01,p041_20231023,41,1,4,74,4_S7,0.00033902164,0.00084612466,0.77988374,0.047409505,0.17133059,0.00019101986,2_S5
c4_p041_20231027_o02,p041_20231027,41,1,4,75,4_S7,4.8178907e-05,0.00022263132,0.18492791,0.0029302998,0.80597514,0.005895855,4_S7
c4_p041_20231101_o04,p041_20231101,41,1,4,76,4_S7,5.222134e-05,9.1353046e-05,0.62112045,0.0016662285,0.3761845,0.0008852173,2_S5
c4_p041_20231106_o10,p041_20231106,41,1,4,77,4_S7,6.892337e-05,6.595718e-06,0.0067417235,0.000106942476,0.98965454,0.003421283,4_S7
c4_p041_20231109_o11,p041_20231109,41,1,4,78,4_S7,7.661851e-05,6.73908e-05,0.9724992,0.0004077834,0.026740437,0.00020863053,2_S5
c4_p041_20231120_o03,p041_20231120,41,1,4,80,5_S8,5.759528e-06,2.5785645e-05,0.009733104,7.9011144e-05,0.36176652,0.6283898,5_S8
c4_p041_20231124_o04,p041_20231124,41,1,4,85,5_S8,2.518611e-06,4.9628575e-06,0.0037682017,5.347125e-06,0.0021041168,0.99411494,5_S8
c4_p041_20231127_o12,p041_20231127,41,1,4,85,5_S8,8.484387e-06,2.2039274e-05,0.0030538216,2.5757283e-05,0.008455945,0.9884339,5_S8
c4_p041_20231130_o10,p041_20231130,41,1,4,85,5_S8,1.4393796e-05,3.886933e-05,0.003148383,3.092397e-05,0.003690071,0.9930774,5_S8
c4_p042_20230929_o04,p042_20230929,42,1,4,13,0_S1,0.99987507,2.0971813e-05,6.168893e-05,1.9416873e-05,1.8511375e-05,4.2996066e-06,0_S1
c4_p042_20231004_o03,p042_20231004,42,1,4,14,0_S1,0.9997304,8.7938104e-05,0.000111339454,1.6739576e-05,2.3983439e-05,2.961017e-05,0_S1
c4_p042_20231011_o08,p042_20231011,42,1,4,14,0_S1,0.9489283,0.0076584416,0.032921825,0.0027671696,0.0067603174,0.0009638428,0_S1
c4_p042_20231017_o05,p042_20231017,42,1,4,15,0_S1,0.06516034,0.11698917,0.6475463,0.14405924,0.025112437,0.0011325299,2_S5
c4_p042_20231019_o03,p042_20231019,42,1,4,15,0_S1,0.011630909,0.08296017,0.78318775,0.08680818,0.033866268,0.0015467275,2_S5
c4_p042_20231023_o04,p042_20231023,42,1,4,53,2_S5,7.553012e-05,0.002516617,0.006229703,0.9525521,0.038392242,0.00023386754,3_S6
c4_p042_20231027_o06,p042_20231027,42,1,4,54,2_S5,7.1287e-07,0.00024592926,0.0009772204,0.8820839,0.11573347,0.0009588321,3_S6
c4_p042_20231101_o01,p042_20231101,42,1,4,55,2_S5,3.619227e-08,2.0210851e-05,1.8920382e-05,0.9470032,0.052832518,0.00012523697,3_S6
c4_p042_20231106_o09,p042_20231106,42,1,4,62,3_S6,1.3120822e-05,0.0004201503,0.0009959212,0.9052876,0.09269136,0.0005918504,3_S6
c4_p042_20231109_o01,p042_20231109,42,1,4,68,3_S6,7.221943e-08,4.494034e-05,3.9111143e-05,0.99046236,0.00932556,0.0001279727,3_S6
c4_p042_20231120_o09,p042_20231120,42,1,4,70,4_S7,8.867374e-06,0.00042363696,0.0040353984,0.31119242,0.5822918,0.10204788,4_S7
c4_p042_20231127_o06,p042_20231127,42,1,4,72,4_S7,1.4577198e-14,2.8089247e-13,9.380368e-11,4.714708e-09,1.0,4.700506e-08,4_S7
c4_p042_20231130_o09,p042_20231130,42,1,4,74,4_S7,5.283497e-12,1.2153249e-10,4.7236944e-07,4.239729e-08,0.9995134,0.00048613144,4_S7
c4_p042_20231204_o05,p042_20231204,42,1,4,76,4_S7,1.7213211e-13,1.2411989e-12,2.6640319e-09,2.3706265e-10,0.99985147,0.00014853863,4_S7
c4_p042_20231211_o09,p042_20231211,42,1,4,80,5_S8,5.127221e-13,3.9316078e-11,1.6910628e-08,2.8410068e-07,0.99991345,8.622735e-05,4_S7
c4_p042_20231214_o04,p042_20231214,42,1,4,82,5_S8,3.39896e-08,2.081805e-06,2.5832776e-05,0.00014105489,0.96589756,0.033933546,4_S7
c4_p042_20231218_o06,p042_20231218,42,1,4,82,5_S8,2.8614322e-08,8.335315e-07,5.7193047e-06,9.762152e-05,0.9850257,0.014870097,4_S7
c4_p042_20231227_o05,p042_20231227,42,1,4,83,5_S8,9.677386e-09,2.03128e-07,7.992225e-06,5.409667e-06,0.9879445,0.012041907,4_S7
c4_p042_20240104_o10,p042_20240104,42,1,4,84,5_S8,1.8594905e-09,2.4156591e-08,3.3605504e-06,5.985069e-07,0.9219596,0.07803632,4_S7
c4_p044_20230929_o03,p044_20230929,44,1,4,13,0_S1,0.9995859,3.1701235e-05,0.00022276766,4.55138e-05,9.643288e-05,1.7739554e-05,0_S1
c4_p044_20231004_o09,p044_20231004,44,1,4,13,0_S1,0.9794504,0.0044284244,0.014284384,0.0006917775,0.0008391428,0.00030579217,0_S1
c4_p044_20231011_o05,p044_20231011,44,1,4,15,0_S1,0.6999695,0.016058547,0.25510654,0.0073328195,0.020055605,0.0014770201,0_S1
c4_p044_20231017_o06,p044_20231017,44,1,4,20,1_S2,0.10016346,0.109377004,0.6703679,0.096209146,0.021256462,0.0026259872,2_S5
c4_p044_20231019_o11,p044_20231019,44,1,4,51,2_S5,0.022820067,0.062061653,0.22971743,0.56712407,0.113069266,0.005207494,3_S6
c4_p044_20231023_o10,p044_20231023,44,1,4,54,2_S5,3.2283824e-06,0.0001732162,0.000489321,0.99102694,0.008279439,2.7881948e-05,3_S6
c4_p044_20231027_o10,p044_20231027,44,1,4,55,2_S5,1.9957243e-08,2.7322033e-06,7.946583e-06,0.97948587,0.020456957,4.6474244e-05,3_S6
c4_p044_20231101_o04,p044_20231101,44,1,4,59,2_S5,6.812077e-07,0.0004944705,0.0020980197,0.49228927,0.49530622,0.009811338,4_S7
c4_p044_20231106_o08,p044_20231106,44,1,4,61,3_S6,1.03240045e-05,1.1749412e-05,0.00037145437,0.100228176,0.89924383,0.00013446876,4_S7
c4_p044_20231109_o10,p044_20231109,44,1,4,68,3_S6,1.757132e-06,0.00010194397,0.0010758402,0.5188642,0.47929034,0.0006659111,3_S6
c4_p044_20231120_o09,p044_20231120,44,1,4,70,4_S7,3.4601062e-06,3.2145686e-05,0.0057432875,0.033827133,0.9602973,9.6674776e-05,4_S7
c4_p044_20231127_o09,p044_20231127,44,1,4,71,4_S7,1.9486661e-10,1.835176e-09,1.0818636e-06,0.000103954146,0.99989474,2.5059208e-07,4_S7
c4_p044_20231130_o02,p044_20231130,44,1,4,72,4_S7,2.2358858e-13,5.206482e-12,1.481457e-09,1.4616507e-08,0.99999475,5.1832326e-06,4_S7
c4_p044_20231204_o12,p044_20231204,44,1,4,72,4_S7,3.868504e-11,7.306882e-10,1.1629656e-07,1.675594e-05,0.99997973,3.419602e-06,4_S7
c4_p044_20231211_o04,p044_20231211,44,1,4,73,4_S7,1.030089e-08,4.310803e-07,0.00031533834,8.498657e-06,0.3975325,0.6021433,5_S8
c4_p044_20231214_o08,p044_20231214,44,1,4,74,4_S7,1.0447788e-07,3.6430907e-07,1.4813389e-05,3.6300473e-05,0.99120295,0.008745533,4_S7
c4_p044_20231218_o02,p044_20231218,44,1,4,76,4_S7,1.7970874e-06,2.0990383e-05,0.00029422285,0.009524465,0.9884477,0.0017108569,4_S7
c4_p044_20231227_o01,p044_20231227,44,1,4,79,4_S7,6.4118886e-08,4.3568335e-07,4.226581e-06,4.515669e-05,0.98037004,0.019579979,4_S7
c4_p044_20240104_o10,p044_20240104,44,1,4,81,5_S8,1.82581e-07,2.6220962e-06,0.00059465907,5.1637857e-05,0.79970425,0.19964665,4_S7
c4_p047_20230929_o09,p047_20230929,47,1,4,13,0_S1,0.99997246,9.074273e-06,1.0905621e-05,1.841247e-06,2.3057792e-06,3.5487985e-06,0_S1
c4_p047_20231004_o08,p047_20231004,47,1,4,13,0_S1,0.999959,9.90099e-06,1.1654786e-05,5.780122e-06,5.420801e-06,8.2591705e-06,0_S1
c4_p047_20231011_o11,p047_20231011,47,1,4,14,0_S1,0.99622923,0.00096955127,0.0011266305,0.00018520946,0.0006952145,0.00079405936,0_S1
c4_p047_20231017_o03,p047_20231017,47,1,4,15,0_S1,0.5643485,0.15142578,0.25759786,0.025644453,0.0006651724,0.00031826613,0_S1
c4_p047_20231019_o10,p047_20231019,47,1,4,15,0_S1,0.22768468,0.2744179,0.2998543,0.16946259,0.022313716,0.006266802,2_S5
c4_p047_20231023_o08,p047_20231023,47,1,4,16,0_S1,0.0015377009,0.0031643044,0.06453907,0.31014535,0.5989836,0.021629985,4_S7
c4_p047_20231027_o06,p047_20231027,47,1,4,17,0_S1,2.0505051e-05,0.0007594843,0.0014193063,0.74907434,0.22863339,0.020092985,3_S6
c4_p047_20231101_o01,p047_20231101,47,1,4,55,2_S5,0.00072755024,0.020789169,0.2579824,0.47468534,0.24354142,0.0022741302,3_S6
c4_p047_20231106_o02,p047_20231106,47,1,4,61,3_S6,0.004015219,0.017396327,0.20337662,0.64892733,0.12387428,0.00241024,3_S6
c4_p047_20231109_o06,p047_20231109,47,1,4,65,3_S6,4.2476486e-06,0.000112212925,0.0025611094,0.023194171,0.95317847,0.020949857,4_S7
c4_p047_20231120_o12,p047_20231120,47,1,4,70,4_S7,1.906549e-05,0.00014282178,0.008311283,0.031029515,0.9578877,0.0026095798,4_S7
c4_p047_20231127_o10,p047_20231127,47,1,4,71,4_S7,7.363897e-08,2.9465843e-07,2.8813836e-05,0.0024223016,0.99753475,1.3717992e-05,4_S7
c4_p047_20231130_o09,p047_20231130,47,1,4,72,4_S7,2.322802e-08,2.240342e-07,5.5033343e-05,0.00011533036,0.9996006,0.00022879794,4_S7
c4_p047_20231204_o10,p047_20231204,47,1,4,74,4_S7,2.392222e-10,7.1172146e-10,7.37985e-08,2.116702e-05,0.99997807,6.3222336e-07,4_S7
c4_p047_20231211_o12,p047_20231211,47,1,4,76,4_S7,6.5639185e-08,9.827919e-07,8.509383e-06,5.0235943e-05,0.78699285,0.21294726,4_S7
c4_p047_20231214_o02,p047_20231214,47,1,4,78,4_S7,3.9333212e-09,1.2206553e-07,3.1200622e-07,0.0005758382,0.9988153,0.00060842995,4_S7
c4_p047_20231218_o04,p047_20231218,47,1,4,79,4_S7,2.447648e-08,5.3988276e-07,8.1104765e-05,0.00013194807,0.9987167,0.0010697496,4_S7
c4_p047_20231227_o05,p047_20231227,47,1,4,81,5_S8,5.972067e-09,9.649611e-08,1.6737787e-06,4.102874e-07,0.002139718,0.9978581,5_S8
c4_p047_20240104_o11,p047_20240104,47,1,4,82,5_S8,3.1923825e-08,2.7165518e-07,4.696533e-06,4.6682035e-06,0.14267081,0.8573194,5_S8
c4_p049_20230929_o05,p049_20230929,49,1,4,13,0_S1,0.9999473,1.768292e-05,2.7453087e-05,2.0879202e-06,2.3134148e-06,3.1813913e-06,0_S1
c4_p049_20231004_o04,p049_20231004,49,1,4,13,0_S1,0.9975775,0.0014428972,0.00070339005,0.00019098098,4.5968078e-05,3.9249087e-05,0_S1
c4_p049_20231011_o12,p049_20231011,49,1,4,15,0_S1,0.9925597,0.0011842547,0.0029683774,0.0012939473,0.001513731,0.00048004114,0_S1
c4_p049_20231017_o12,p049_20231017,49,1,4,15,0_S1,0.61027527,0.065245695,0.23353988,0.08092387,0.008920627,0.0010946684,0_S1
c4_p049_20231019_o06,p049_20231019,49,1,4,16,0_S1,0.050193783,0.12331342,0.5845013,0.09980377,0.1289285,0.013259186,2_S5
c4_p049_20231023_o11,p049_20231023,49,1,4,20,1_S2,0.0002927137,0.0036859328,0.011468771,0.8896939,0.09414101,0.0007177124,3_S6
c4_p049_20231027_o11,p049_20231027,49,1,4,55,2_S5,2.8323516e-08,4.3841096e-06,3.029171e-06,0.16012307,0.8291844,0.010685042,4_S7
c4_p049_20231101_o07,p049_20231101,49,1,4,60,3_S6,1.1925361e-05,0.0010768007,0.01047622,0.38454092,0.60204726,0.0018469112,4_S7
c4_p049_20231106_o02,p049_20231106,49,1,4,62,3_S6,0.0004765856,0.00045933563,0.013970217,0.5114832,0.47323447,0.0003761557,3_S6
c4_p049_20231109_o07,p049_20231109,49,1,4,64,3_S6,9.01591e-05,0.0033817503,0.040352963,0.53284407,0.41716236,0.006168706,3_S6
c4_p049_20231120_o05,p049_20231120,49,1,4,71,4_S7,6.5729078e-06,8.6631866e-05,0.0052994415,0.102378935,0.89061004,0.0016183985,4_S7
c4_p049_20231127_o07,p049_20231127,49,1,4,72,4_S7,1.714569e-14,1.2629528e-13,3.9060984e-11,2.1224311e-09,0.9999995,4.6851508e-07,4_S7
c4_p049_20231130_o11,p049_20231130,49,1,4,73,4_S7,4.627902e-12,8.653918e-11,1.855333e-08,5.916579e-07,0.999948,5.1418887e-05,4_S7
c4_p049_20231204_o12,p049_20231204,49,1,4,74,4_S7,3.0246938e-10,2.4393465e-09,6.500487e-06,3.4876425e-06,0.9999615,2.84466e-05,4_S7
c4_p049_20231211_o03,p049_20231211,49,1,4,75,4_S7,8.434282e-09,6.696804e-08,1.611109e-05,0.00041896946,0.9994282,0.00013660744,4_S7
c4_p049_20231214_o11,p049_20231214,49,1,4,77,4_S7,2.932062e-08,6.1554886e-08,2.7446004e-06,2.2067425e-05,0.9840156,0.015959572,4_S7
c4_p049_20231218_o12,p049_20231218,49,1,4,78,4_S7,2.7397137e-08,3.2461207e-06,1.3382431e-05,5.5281474e-05,0.97950405,0.020423982,4_S7
c4_p049_20231227_o12,p049_20231227,49,1,4,79,4_S7,1.1965537e-09,2.5032888e-08,3.9477472e-06,8.22953e-08,0.38532048,0.6146755,5_S8
c4_p049_20240104_o08,p049_20240104,49,1,4,82,5_S8,2.024759e-08,1.5724112e-07,7.117368e-05,9.155128e-06,0.9035461,0.09637342,4_S7
c4_p059_20230929_o08,p059_20230929,59,1,4,13,0_S1,0.99983597,3.823641e-05,0.00010198554,9.301909e-06,9.32623e-06,5.183334e-06,0_S1
c4_p059_20231004_o06,p059_20231004,59,1,4,13,0_S1,0.9996743,0.00010750365,0.00021131743,4.993021e-06,8.855296e-07,1.0976969e-06,0_S1
c4_p059_20231011_o03,p059_20231011,59,1,4,15,0_S1,0.7861056,0.16191363,0.03900045,0.010798505,0.0010494294,0.0011322958,0_S1
c4_p059_20231017_o11,p059_20231017,59,1,4,53,2_S5,0.124888904,0.0839859,0.37052232,0.39940464,0.02071746,0.00048077336,3_S6
c4_p059_20231019_o12,p059_20231019,59,1,4,60,3_S6,0.0006860797,0.004414277,0.047734883,0.7989139,0.14755668,0.0006942328,3_S6
c4_p059_20231023_o05,p059_20231023,59,1,4,64,3_S6,0.001074082,0.046381727,0.07224199,0.86881584,0.011271145,0.00021525676,3_S6
c4_p059_20231027_o02,p059_20231027,59,1,4,62,3_S6,2.8397e-06,0.00013073206,0.00082997466,0.97670674,0.02228172,4.8009188e-05,3_S6
c4_p059_20231101_o08,p059_20231101,59,1,4,65,3_S6,0.00048091766,0.012200938,0.105256125,0.42232552,0.45289832,0.0068381103,4_S7
c4_p059_20231106_o10,p059_20231106,59,1,4,70,4_S7,8.153203e-07,4.7724316e-05,0.00030776177,0.4624184,0.53517973,0.002045531,4_S7
c4_p059_20231109_o01,p059_20231109,59,1,4,71,4_S7,1.943773e-05,0.00023044768,0.0016631286,0.711806,0.28604525,0.00023577518,3_S6
c4_p059_20231120_o11,p059_20231120,59,1,4,72,4_S7,8.095441e-06,2.5329726e-05,0.00019545734,0.008223334,0.9484025,0.04314519,4_S7
c4_p059_20231127_o04,p059_20231127,59,1,4,74,4_S7,1.963036e-09,9.606758e-09,1.320272e-06,0.0010381255,0.99896026,2.8410284e-07,4_S7
c4_p059_20231130_o08,p059_20231130,59,1,4,75,4_S7,3.6230188e-10,1.0760716e-09,1.6437804e-06,7.538018e-06,0.9999877,3.1231275e-06,4_S7
c4_p059_20231204_o04,p059_20231204,59,1,4,76,4_S7,8.3293555e-10,4.6400275e-10,3.050318e-06,5.925869e-06,0.9999906,3.9204392e-07,4_S7
c4_p059_20231211_o04,p059_20231211,59,1,4,77,4_S7,2.4793214e-11,3.7609818e-10,8.6867567e-07,3.2712958e-06,0.9999857,1.0243749e-05,4_S7
c4_p059_20231214_o04,p059_20231214,59,1,4,78,4_S7,3.803293e-09,1.9871425e-08,3.6288125e-07,3.446078e-06,0.99977595,0.00022026357,4_S7
c4_p059_20231218_o10,p059_20231218,59,1,4,79,4_S7,1.2548633e-08,1.6667171e-07,1.2612775e-06,3.0849656e-05,0.9891276,0.010840072,4_S7
c4_p059_20231227_o01,p059_20231227,59,1,4,81,5_S8,2.3693878e-09,6.6112975e-08,6.148014e-06,1.9618008e-06,0.25648093,0.7435109,5_S8
c4_p059_20240104_o01,p059_20240104,59,1,4,83,5_S8,6.074519e-08,8.391471e-07,3.8830105e-05,3.194278e-05,0.8420259,0.15790236,4_S7
c4_p073_20231006_o05,p073_20231006,73,1,4,13,0_S1,0.99991155,1.3023337e-05,3.065999e-05,1.5506637e-05,1.738663e-05,1.1909586e-05,0_S1
c4_p073_20231011_o09,p073_20231011,73,1,4,13,0_S1,0.9998976,1.5838366e-05,3.4417266e-05,8.81306e-06,2.1150989e-05,2.2190752e-05,0_S1
c4_p073_20231017_o10,p073_20231017,73,1,4,13,0_S1,0.9988815,0.00020608868,0.0007413474,9.269807e-05,5.8182504e-05,2.0069727e-05,0_S1
c4_p073_20231019_o10,p073_20231019,73,1,4,13,0_S1,0.99367154,0.003156579,0.0017258902,0.00075221946,0.00027514886,0.00041854582,0_S1
c4_p073_20231023_o10,p073_20231023,73,1,4,14,0_S1,0.95761186,0.004045745,0.033255085,0.0028749676,0.0020303037,0.00018207944,0_S1
c4_p073_20231027_o09,p073_20231027,73,1,4,51,2_S5,0.015140268,0.072128825,0.45125014,0.39160305,0.06871102,0.0011667308,2_S5
c4_p073_20231101_o05,p073_20231101,73,1,4,53,2_S5,0.00013430226,0.0016153216,0.97105867,0.020114088,0.0070570232,2.0603657e-05,2_S5
c4_p073_20231106_o05,p073_20231106,73,1,4,69,3_S6,7.594733e-07,0.00011519267,0.0021507952,0.98780733,0.009919103,6.7756228e-06,3_S6
c4_p073_20231109_o08,p073_20231109,73,1,4,70,4_S7,0.00076830667,0.004342227,0.028488673,0.22093344,0.7299787,0.015488654,4_S7
c4_p073_20231120_o05,p073_20231120,73,1,4,71,4_S7,9.949199e-09,1.6650185e-07,1.0403519e-06,4.9852835e-05,0.99977475,0.00017418097,4_S7
c4_p073_20231127_o01,p073_20231127,73,1,4,72,4_S7,9.71522e-07,9.608058e-06,0.0003445291,0.00043351125,0.99405956,0.005151887,4_S7
c4_p073_20231130_o08,p073_20231130,73,1,4,75,4_S7,0.00026724557,0.000706846,0.20642065,0.00850092,0.7105644,0.073539935,4_S7
c4_p073_20231204_o07,p073_20231204,73,1,4,76,4_S7,4.2477644e-09,2.1072255e-08,2.5666723e-06,4.5092514e-05,0.9998776,7.4677046e-05,4_S7
c4_p073_20231211_o03,p073_20231211,73,1,4,77,4_S7,2.0026758e-07,2.6440014e-07,5.4263804e-05,0.0006427795,0.99918514,0.0001172759,4_S7
c4_p073_20231214_o01,p073_20231214,73,1,4,78,4_S7,3.5861408e-08,1.1197353e-08,1.4698221e-06,5.5696876e-07,0.9984164,0.001581613,4_S7
c4_p073_20231218_o10,p073_20231218,73,1,4,79,4_S7,5.402112e-07,6.950593e-07,7.526199e-05,9.809329e-06,0.9982822,0.0016315215,4_S7
c4_p073_20231227_o06,p073_20231227,73,1,4,79,4_S7,1.7045856e-07,4.0527576e-07,3.784812e-05,1.4647032e-05,0.9986052,0.0013417993,4_S7
c4_p073_20240115_o08,p073_20240115,73,1,4,84,5_S8,1.8851915e-05,0.000100224795,7.182156e-05,2.922767e-05,0.015810346,0.98396957,5_S8
c4_p073_20240119_o05,p073_20240119,73,1,4,85,5_S8,3.177345e-05,3.9699928e-05,4.4995348e-05,3.6470396e-05,0.004298636,0.99554837,5_S8
c4_p073_20240126_o11,p073_20240126,73,1,4,86,5_S8,5.289453e-06,1.5195609e-06,3.46848e-05,2.1247033e-06,0.010769532,0.9891868,5_S8
c4_p077_20231006_o11,p077_20231006,77,1,4,13,0_S1,0.9998566,1.7034876e-05,5.6424593e-05,2.648305e-05,3.265988e-05,1.0837674e-05,0_S1
c4_p077_20231011_o02,p077_20231011,77,1,4,13,0_S1,0.9999325,9.67457e-06,2.3700653e-05,5.8185396e-06,1.5194347e-05,1.3141538e-05,0_S1
c4_p077_20231017_o10,p077_20231017,77,1,4,13,0_S1,0.9988175,0.00040147794,0.00049440423,0.0001581249,7.6503224e-05,5.1953393e-05,0_S1
c4_p077_20231019_o08,p077_20231019,77,1,4,14,0_S1,0.9730601,0.0068072174,0.007290385,0.002573277,0.0043338807,0.00593513,0_S1
c4_p077_20231023_o12,p077_20231023,77,1,4,20,1_S2,0.9778156,0.011961215,0.008880963,0.0011821581,8.39669e-05,7.612201e-05,0_S1
c4_p077_20231027_o07,p077_20231027,77,1,4,53,2_S5,0.0023961586,0.03462479,0.06246422,0.8160762,0.07894359,0.0054950533,3_S6
c4_p077_20231101_o04,p077_20231101,77,1,4,55,2_S5,0.00067473267,0.006838392,0.029613804,0.9317249,0.030396186,0.00075208436,3_S6
c4_p077_20231106_o05,p077_20231106,77,1,4,60,3_S6,0.00015113049,0.004741642,0.0057208957,0.9253941,0.062724106,0.0012681055,3_S6
c4_p077_20231109_o04,p077_20231109,77,1,4,69,3_S6,6.643319e-06,7.610848e-05,0.000586298,0.9518354,0.04733399,0.00016165311,3_S6
c4_p077_20231120_o05,p077_20231120,77,1,4,70,4_S7,6.8287096e-07,5.3327913e-05,0.00037759732,0.08302402,0.9164435,0.00010095106,4_S7
c4_p077_20231127_o12,p077_20231127,77,1,4,73,4_S7,3.354978e-12,6.0604084e-11,3.3693688e-08,1.4106752e-08,0.9988374,0.0011625588,4_S7
c4_p077_20231130_o11,p077_20231130,77,1,4,75,4_S7,1.2828149e-06,5.8176233e-06,0.002863894,0.0022680485,0.9944405,0.00042047264,4_S7
c4_p077_20231204_o03,p077_20231204,77,1,4,76,4_S7,1.8466434e-08,4.373267e-08,2.5609308e-05,6.2813066e-05,0.9998559,5.5566725e-05,4_S7
c4_p077_20231211_o12,p077_20231211,77,1,4,77,4_S7,3.306503e-11,3.9588985e-11,6.602823e-08,5.511173e-07,0.9999949,4.510634e-06,4_S7
c4_p077_20231214_o09,p077_20231214,77,1,4,78,4_S7,1.4694255e-08,4.513459e-08,2.9732594e-06,3.782935e-05,0.9998734,8.567815e-05,4_S7
c4_p077_20231218_o07,p077_20231218,77,1,4,79,4_S7,3.922908e-08,3.2042539e-07,1.3463814e-05,2.9594514e-05,0.9981218,0.001834838,4_S7
c4_p077_20231227_o07,p077_20231227,77,1,4,79,4_S7,5.047123e-08,4.1752855e-07,2.1297834e-05,1.3368413e-05,0.9815044,0.018460529,4_S7
c4_p077_20240115_o09,p077_20240115,77,1,4,81,5_S8,2.5888002e-07,1.630723e-06,1.1150699e-05,1.0175746e-06,0.0064845216,0.99350137,5_S8
c4_p077_20240119_o08,p077_20240119,77,1,4,84,5_S8,5.6731534e-07,9.141126e-07,6.7717597e-06,7.074447e-07,0.0003995952,0.9995914,5_S8
c4_p077_20240126_o01,p077_20240126,77,1,4,88,5_S8,2.8640175e-06,1.9309871e-05,2.1506392e-05,6.384867e-06,0.003485117,0.9964647,5_S8
c4_p078_20231006_o07,p078_20231006,78,1,4,13,0_S1,0.99982005,1.0891486e-05,5.1428196e-05,2.970795e-05,6.380293e-05,2.425976e-05,0_S1
c4_p078_20231011_o06,p078_20231011,78,1,4,13,0_S1,0.9999505,4.412093e-06,1.6863785e-05,3.2496703e-06,1.2891707e-05,1.207749e-05,0_S1
c4_p078_20231017_o03,p078_20231017,78,1,4,13,0_S1,0.99913603,0.0003249021,0.00040895047,8.43946e-05,2.149202e-05,2.4399053e-05,0_S1
c4_p078_20231019_o05,p078_20231019,78,1,4,14,0_S1,0.9930636,0.0012075553,0.0014835234,0.00091997866,0.0014974934,0.0018277423,0_S1
c4_p078_20231023_o06,p078_20231023,78,1,4,51,2_S5,0.848739,0.005081511,0.13793142,0.0034179187,0.0040733,0.00075684657,0_S1
c4_p078_20231027_o12,p078_20231027,78,1,4,53,2_S5,0.334928,0.39874104,0.17693266,0.039446294,0.033423785,0.016528191,1_S2
c4_p078_20231101_o05,p078_20231101,78,1,4,60,3_S6,0.0013026627,0.016531311,0.37812668,0.46064025,0.14137983,0.002019282,3_S6
c4_p078_20231106_o09,p078_20231106,78,1,4,63,3_S6,8.4571056e-08,1.6704558e-05,3.9504008e-05,0.99163073,0.008303048,9.889499e-06,3_S6
c4_p078_20231109_o05,p078_20231109,78,1,4,70,4_S7,1.0286415e-06,6.4657084e-05,0.00043631237,0.29595792,0.7031558,0.0003842915,4_S7
c4_p078_20231120_o11,p078_20231120,78,1,4,71,4_S7,1.2004804e-05,0.00028023068,0.000975819,0.40358976,0.5913821,0.003760093,4_S7
c4_p078_20231127_o10,p078_20231127,78,1,4,72,4_S7,4.1260363e-11,1.5266512e-09,1.4087112e-07,1.7582101e-06,0.99976236,0.00023578935,4_S7
c4_p078_20231130_o12,p078_20231130,78,1,4,74,4_S7,3.188337e-10,3.2330552e-09,8.6996215e-07,1.3058782e-06,0.99998164,1.6213735e-05,4_S7
c4_p078_20231204_o03,p078_20231204,78,1,4,76,4_S7,2.3736596e-10,1.0374208e-09,2.132922e-08,1.0899818e-05,0.99997807,1.1008913e-05,4_S7
c4_p078_20231211_o08,p078_20231211,78,1,4,78,4_S7,1.09519956e-10,1.3163617e-10,5.345488e-07,5.7771894e-07,0.99999356,5.396564e-06,4_S7
c4_p078_20231214_o03,p078_20231214,78,1,4,79,4_S7,7.82706e-10,1.4218409e-09,2.8937047e-08,4.2501472e-07,0.9999691,3.042793e-05,4_S7
c4_p078_20231218_o05,p078_20231218,78,1,4,79,4_S7,9.8662554e-08,3.0187502e-06,4.5310004e-05,3.554907e-05,0.9970565,0.0028596018,4_S7
c4_p078_20231227_o04,p078_20231227,78,1,4,79,4_S7,5.4110483e-08,2.635119e-07,4.4424196e-06,6.460083e-06,0.9895766,0.010412157,4_S7
c4_p078_20240115_o06,p078_20240115,78,1,4,83,5_S8,5.2670934e-10,8.81521e-09,1.1068515e-06,9.5884785e-09,0.00035162354,0.99964726,5_S8
c4_p078_20240119_o01,p078_20240119,78,1,4,84,5_S8,1.768466e-07,1.0401328e-06,3.289698e-06,6.5258166e-07,0.00086709874,0.9991278,5_S8
c4_p078_20240126_o09,p078_20240126,78,1,4,89,5_S8,3.872384e-08,5.997017e-07,1.7823766e-06,5.903293e-07,0.0010033116,0.9989937,5_S8
c4_p083_20231128_o06,p083_20231128,83,1,4,68,3_S6,0.00014904102,0.00040620798,0.0015088283,0.9287917,0.06906645,7.779773e-05,3_S6
c4_p083_20231130_o04,p083_20231130,83,1,4,69,3_S6,4.5907604e-05,0.00017240185,0.0006873999,0.85237503,0.14668392,3.537694e-05,3_S6
c4_p083_20231204_o09,p083_20231204,83,1,4,70,4_S7,1.8074501e-05,4.247988e-05,0.0029298514,0.04295824,0.9539143,0.00013704255,4_S7
c4_p083_20231207_o03,p083_20231207,83,1,4,71,4_S7,0.00018302926,0.0007875962,0.009152462,0.22773357,0.7331123,0.02903102,4_S7
c4_p083_20231211_o05,p083_20231211,83,1,4,73,4_S7,4.931165e-07,2.7222263e-06,7.637735e-05,0.008586714,0.99093527,0.00039839436,4_S7
c4_p083_20231218_o06,p083_20231218,83,1,4,75,4_S7,3.57432e-08,1.2341793e-06,4.313588e-06,0.00020306092,0.99811745,0.0016739656,4_S7
c4_p083_20231227_o02,p083_20231227,83,1,4,77,4_S7,3.8541157e-07,1.7921235e-05,6.496311e-05,0.0002097735,0.98054904,0.01915793,4_S7
c4_p083_20240115_o01,p083_20240115,83,1,4,78,4_S7,3.6471288e-09,2.0440889e-07,1.0863241e-05,6.135037e-07,0.9947225,0.005265851,4_S7
c4_p083_20240119_o03,p083_20240119,83,1,4,79,4_S7,1.2903312e-09,2.0730212e-08,2.7607891e-06,2.0233879e-06,0.9724233,0.027571825,4_S7
c4_p083_20240126_o04,p083_20240126,83,1,4,83,5_S8,3.223372e-11,4.5087996e-09,4.207325e-08,4.295914e-09,0.008579715,0.99142027,5_S8
c4_p085_20231128_o03,p085_20231128,85,1,4,65,3_S6,0.00061840925,0.0006896041,0.011220511,0.60219,0.38470215,0.0005793323,3_S6
c4_p085_20231130_o01,p085_20231130,85,1,4,68,3_S6,2.2965725e-05,8.4123785e-05,0.00038769323,0.54689884,0.4524899,0.00011644386,3_S6
c4_p085_20231204_o03,p085_20231204,85,1,4,69,3_S6,3.5687208e-07,4.2082925e-06,4.1343006e-05,0.005577638,0.9932979,0.0010785935,4_S7
c4_p085_20231207_o03,p085_20231207,85,1,4,70,4_S7,0.00015066958,0.0004300999,0.010155331,0.12489313,0.8556337,0.008737006,4_S7
c4_p085_20231211_o11,p085_20231211,85,1,4,71,4_S7,3.8290777e-06,3.075187e-06,0.0006774366,0.003637643,0.9954399,0.00023805913,4_S7
c4_p085_20231218_o12,p085_20231218,85,1,4,72,4_S7,6.6939556e-08,3.5644706e-07,3.6565468e-06,4.5556248e-05,0.99760926,0.0023410127,4_S7
c4_p085_20231227_o07,p085_20231227,85,1,4,74,4_S7,3.489672e-05,0.00010294336,0.0005406031,0.000890867,0.91217566,0.086255014,4_S7
c4_p085_20240115_o05,p085_20240115,85,1,4,77,4_S7,3.4341758e-06,7.738304e-06,0.00014168827,4.451443e-05,0.9542541,0.045548514,4_S7
c4_p085_20240119_o04,p085_20240119,85,1,4,79,4_S7,1.1205831e-07,7.5947796e-08,1.532305e-06,3.8471994e-06,0.9982613,0.0017331238,4_S7
c4_p085_20240126_o02,p085_20240126,85,1,4,81,5_S8,1.3746996e-08,1.4122905e-08,2.0232665e-05,3.5811186e-07,0.98912865,0.010850769,4_S7
c4_p089_20231128_o06,p089_20231128,89,1,4,64,3_S6,0.000120994824,0.00039968276,0.0031708444,0.61758995,0.37835523,0.00036330774,3_S6
c4_p089_20231130_o04,p089_20231130,89,1,4,67,3_S6,3.9805184e-07,2.98332e-06,2.7355749e-05,0.034276135,0.9656804,1.2757043e-05,4_S7
c4_p089_20231204_o06,p089_20231204,89,1,4,68,3_S6,7.027337e-07,1.9564122e-06,1.911514e-05,0.06414814,0.93582153,8.630729e-06,4_S7
c4_p089_20231207_o04,p089_20231207,89,1,4,70,4_S7,1.0735881e-08,1.8517584e-07,1.3023686e-06,0.0024655443,0.9974929,4.004157e-05,4_S7
c4_p089_20231211_o02,p089_20231211,89,1,4,71,4_S7,9.876249e-09,2.0669086e-08,2.9689184e-06,0.00048126257,0.9995072,8.524402e-06,4_S7
c4_p089_20231218_o03,p089_20231218,89,1,4,73,4_S7,1.093751e-07,1.9262755e-07,3.4663751e-06,9.406414e-06,0.9988104,0.0011764637,4_S7
c4_p089_20231227_o04,p089_20231227,89,1,4,74,4_S7,1.1771073e-07,1.1900448e-07,4.869577e-06,8.719093e-06,0.99956757,0.0004186057,4_S7
c4_p089_20240115_o10,p089_20240115,89,1,4,77,4_S7,3.6292228e-08,9.9355525e-08,3.724463e-05,2.08246e-06,0.99588865,0.00407193,4_S7
c4_p089_20240119_o08,p089_20240119,89,1,4,78,4_S7,3.050111e-07,3.895606e-06,0.00055313745,1.39208e-05,0.98258346,0.016845206,4_S7
c4_p089_20240126_o03,p089_20240126,89,1,4,81,5_S8,1.6665699e-07,2.8838974e-07,6.8539157e-06,3.5808928e-06,0.90943635,0.09055275,4_S7
c4_p097_20231128_o06,p097_20231128,97,1,4,64,3_S6,0.0005310209,0.00066625525,0.0052153454,0.93992776,0.053579737,7.9882375e-05,3_S6
c4_p097_20231130_o01,p097_20231130,97,1,4,67,3_S6,5.2044225e-06,2.2863389e-05,0.00011113419,0.62749463,0.37235752,8.656868e-06,3_S6
c4_p097_20231204_o03,p097_20231204,97,1,4,69,3_S6,0.00020270055,0.0007689428,0.00401126,0.48421818,0.5103469,0.00045200923,4_S7
c4_p097_20231207_o08,p097_20231207,97,1,4,68,3_S6,9.839398e-06,0.00014422725,0.0019407686,0.04805611,0.94377327,0.006075823,4_S7
c4_p097_20231211_o06,p097_20231211,97,1,4,69,3_S6,5.9201245e-08,2.580188e-07,8.5057245e-06,0.002970866,0.9970168,3.5121636e-06,4_S7
c4_p097_20231218_o06,p097_20231218,97,1,4,71,4_S7,1.1084568e-08,3.7981016e-07,8.387843e-07,4.608831e-05,0.996986,0.0029666943,4_S7
c4_p097_20231227_o08,p097_20231227,97,1,4,72,4_S7,8.411871e-09,1.381253e-07,1.9854879e-06,1.2040174e-07,0.9955148,0.0044829557,4_S7
c4_p097_20240115_o08,p097_20240115,97,1,4,75,4_S7,2.7434828e-07,1.5539046e-05,0.00016281975,0.0006294535,0.99829274,0.0008992731,4_S7
c4_p097_20240119_o09,p097_20240119,97,1,4,79,4_S7,1.1122125e-08,1.2786316e-07,6.9099533e-06,1.9024883e-05,0.991546,0.008428004,4_S7
c4_p097_20240126_o08,p097_20240126,97,1,4,80,5_S8,2.089685e-10,1.661772e-08,6.6618426e-08,1.9805582e-06,0.99536043,0.004637514,4_S7
c4_p099_20231128_o03,p099_20231128,99,1,4,65,3_S6,0.002762067,0.0022360436,0.017990107,0.8566352,0.11962014,0.0007564355,3_S6
c4_p099_20231130_o08,p099_20231130,99,1,4,66,3_S6,4.4866283e-05,4.23708e-05,0.00029069316,0.9643289,0.035291884,1.3337492e-06,3_S6
c4_p099_20231204_o05,p099_20231204,99,1,4,68,3_S6,1.6515667e-05,3.0654068e-05,0.00055590813,0.5673546,0.43200836,3.3908833e-05,3_S6
c4_p099_20231207_o08,p099_20231207,99,1,4,70,4_S7,8.34714e-06,7.092768e-05,0.00041784707,0.23818748,0.7610693,0.00024609332,4_S7
c4_p099_20231211_o05,p099_20231211,99,1,4,71,4_S7,5.3142785e-06,1.081493e-05,0.00028586344,0.1569129,0.8426947,9.0310044e-05,4_S7
c4_p099_20231218_o12,p099_20231218,99,1,4,72,4_S7,4.0745363e-10,2.8305662e-09,2.625077e-08,2.19374e-06,0.9998529,0.00014485599,4_S7
c4_p099_20231227_o05,p099_20231227,99,1,4,74,4_S7,5.708453e-07,2.0063442e-06,0.0039835395,1.1752119e-05,0.994201,0.0018010829,4_S7
c4_p099_20240115_o12,p099_20240115,99,1,4,78,4_S7,1.85243e-08,4.918432e-07,1.0074309e-05,1.6768056e-05,0.99830353,0.001669047,4_S7
c4_p099_20240119_o05,p099_20240119,99,1,4,79,4_S7,9.87678e-10,1.938027e-08,6.3717257e-06,4.5012956e-07,0.9997483,0.00024496485,4_S7
c4_p099_20240126_o09,p099_20240126,99,1,4,80,5_S8,1.0697244e-09,5.6321325e-09,8.927392e-07,1.2616396e-06,0.99830014,0.001697674,4_S7
c4_p003_20230816_o02,p003_20230816,3,2,4,64,3_S6,0.00022975508,7.1649214e-05,0.00030039687,0.0036211223,0.82328343,0.17249367,4_S7
c4_p003_20230921_o08,p003_20230921,3,2,4,77,4_S7,3.596514e-06,8.6387644e-07,3.2975826e-05,0.017834984,0.9821144,1.3106038e-05,4_S7
c4_p003_20231005_o08,p003_20231005,3,2,4,79,4_S7,6.65769e-08,4.8482884e-09,3.948776e-07,6.3948486e-05,0.9998035,0.0001321389,4_S7
c4_p004_20230816_o11,p004_20230816,4,2,4,61,3_S6,0.012985008,0.0007801004,0.75839835,0.16894414,0.058551576,0.00034079934,2_S5
c4_p004_20230921_o02,p004_20230921,4,2,4,79,4_S7,2.8294266e-07,2.6654148e-09,8.725983e-07,5.894833e-05,0.9999374,2.5734855e-06,4_S7
c4_p004_20231005_o12,p004_20231005,4,2,4,82,5_S8,0.0007668438,0.001593188,0.00059147814,0.0016695466,0.06890998,0.926469,5_S8
c4_p009_20230816_o11,p009_20230816,9,2,4,64,3_S6,2.4214274e-05,0.000117803764,0.0059673865,0.9538895,0.039869763,0.00013137424,3_S6
c4_p009_20230921_o10,p009_20230921,9,2,4,75,4_S7,1.4973547e-07,1.2743104e-07,1.5159654e-06,0.00017985959,0.9972,0.0026183135,4_S7
c4_p009_20231005_o01,p009_20231005,9,2,4,84,5_S8,7.797881e-05,9.794422e-06,3.0851086e-05,2.1845883e-05,0.0039855307,0.995874,5_S8
c4_p014_20230816_o08,p014_20230816,14,2,4,69,3_S6,6.093112e-07,1.0129513e-06,9.881245e-05,0.91870177,0.08119705,7.60628e-07,3_S6
c4_p014_20230921_o02,p014_20230921,14,2,4,76,4_S7,2.295982e-07,1.7139527e-07,0.0001528071,2.8673789e-05,0.9968605,0.0029576488,4_S7
c4_p014_20231005_o06,p014_20231005,14,2,4,79,4_S7,1.9846499e-05,1.2066956e-05,1.1209774e-05,2.130681e-05,0.7419792,0.25795642,4_S7
c4_p015_20230816_o01,p015_20230816,15,2,4,66,3_S6,5.465503e-06,8.549692e-06,0.0013952659,0.9977704,0.0008197364,6.537942e-07,3_S6
c4_p015_20230921_o12,p015_20230921,15,2,4,73,4_S7,1.6145934e-06,3.2420402e-08,8.753151e-06,0.00040076164,0.99956745,2.1437605e-05,4_S7
c4_p015_20231005_o06,p015_20231005,15,2,4,77,4_S7,7.476787e-05,0.0002740927,0.0023136837,0.00015760816,0.24039473,0.75678515,5_S8
c4_p018_20230816_o11,p018_20230816,18,2,4,68,3_S6,0.00040916368,0.0031671377,0.024969585,0.9632447,0.007184814,0.0010247005,3_S6
c4_p018_20230921_o10,p018_20230921,18,2,4,78,4_S7,6.651989e-08,7.2914736e-07,0.000102393846,0.00030384623,0.93076974,0.06882319,4_S7
c4_p018_20231005_o05,p018_20231005,18,2,4,89,5_S8,2.649939e-06,1.1512923e-06,9.553186e-06,1.552285e-05,0.99614304,0.0038281665,4_S7
c4_p019_20230816_o03,p019_20230816,19,2,4,70,4_S7,0.00087299844,0.0030538193,0.69605464,0.2758343,0.023788424,0.00039580624,2_S5
c4_p019_20230921_o01,p019_20230921,19,2,4,78,4_S7,6.0294034e-11,4.367569e-12,2.5507687e-09,1.9373763e-08,0.9999999,9.6797706e-08,4_S7
c4_p019_20231005_o07,p019_20231005,19,2,4,85,5_S8,8.838212e-05,5.694864e-05,0.0101354085,0.00082178315,0.9847429,0.004154604,4_S7
c4_p020_20230816_o03,p020_20230816,20,2,4,70,4_S7,3.677075e-05,0.00014513933,0.007410703,0.3736406,0.6186916,7.512186e-05,4_S7
c4_p020_20230921_o01,p020_20230921,20,2,4,72,4_S7,1.0989128e-06,9.358435e-07,1.604797e-05,0.11226022,0.8877196,2.1067124e-06,4_S7
c4_p020_20231005_o10,p020_20231005,20,2,4,78,4_S7,1.4497496e-05,3.2050607e-06,1.4313681e-05,4.571846e-05,0.787583,0.21233937,4_S7
c4_p022_20230828_o11,p022_20230828,22,2,4,19,0_S1,0.99964905,7.931555e-06,0.00033007123,9.092133e-06,2.5832337e-06,1.2085225e-06,0_S1
c4_p022_20230904_o01,p022_20230904,22,2,4,53,2_S5,0.261451,0.059110124,0.60676515,0.05704615,0.0154839065,0.00014359178,2_S5
c4_p022_20230908_o03,p022_20230908,22,2,4,63,3_S6,5.8652156e-05,5.970661e-05,0.010693536,0.9871144,0.0017980924,0.00027557183,3_S6
c4_p022_20230921_o11,p022_20230921,22,2,4,70,4_S7,1.7889244e-07,4.6996842e-08,4.7141657e-06,3.289327e-06,0.9995468,0.00044484567,4_S7
c4_p022_20231006_o06,p022_20231006,22,2,4,72,4_S7,3.7108287e-06,8.93464e-05,0.050405316,0.0232335,0.9181443,0.008123829,4_S7
c4_p022_20231017_o03,p022_20231017,22,2,4,75,4_S7,1.1969615e-09,5.124741e-10,4.1957065e-07,3.137585e-07,0.99999094,8.270579e-06,4_S7
c4_p022_20231023_o02,p022_20231023,22,2,4,77,4_S7,2.8794088e-07,1.3343896e-06,0.00012346596,0.006258007,0.9935777,3.919837e-05,4_S7
c4_p022_20231027_o12,p022_20231027,22,2,4,78,4_S7,7.04925e-07,8.837597e-06,2.7037919e-05,0.00020775924,0.99720025,0.0025554472,4_S7
c4_p022_20231101_o10,p022_20231101,22,2,4,79,4_S7,1.9438453e-08,2.0173212e-07,0.00096273515,3.420687e-06,0.9973213,0.0017123527,4_S7
c4_p022_20231106_o07,p022_20231106,22,2,4,80,5_S8,9.265065e-07,3.6301637e-06,0.00045178985,4.309564e-05,0.9977337,0.0017668663,4_S7
c4_p022_20231109_o10,p022_20231109,22,2,4,80,5_S8,6.412514e-08,2.423917e-07,8.4521486e-07,1.0552997e-05,0.99914396,0.0008443211,4_S7
c4_p022_20231120_o03,p022_20231120,22,2,4,84,5_S8,1.0164993e-05,3.9235606e-06,6.7161704e-06,4.196522e-07,0.0025063793,0.99747235,5_S8
c4_p022_20231124_o02,p022_20231124,22,2,4,86,5_S8,1.6450715e-06,7.972168e-06,0.0002615935,8.066757e-06,0.006113398,0.9936074,5_S8
c4_p022_20231127_o03,p022_20231127,22,2,4,88,5_S8,3.0168394e-07,1.5647511e-06,3.2102807e-06,1.3103554e-06,0.00014082322,0.9998528,5_S8
c4_p022_20231130_o04,p022_20231130,22,2,4,89,5_S8,1.0094053e-06,9.323351e-06,0.00020558806,6.9319362e-06,0.0047492827,0.99502784,5_S8
c4_p024_20230828_o03,p024_20230828,24,2,4,15,0_S1,0.99415225,0.0005770114,0.0050812606,0.00013582203,4.9060116e-05,4.6380064e-06,0_S1
c4_p024_20230904_o03,p024_20230904,24,2,4,17,0_S1,0.93090457,0.03746536,0.028729893,0.0025589939,0.00030829303,3.2959062e-05,0_S1
c4_p024_20230908_o11,p024_20230908,24,2,4,23,1_S2,0.0011895456,0.00040150483,0.08277475,0.8877511,0.027861262,2.1782222e-05,3_S6
c4_p024_20230921_o04,p024_20230921,24,2,4,28,1_S2,0.00090058055,0.0032999422,0.026044244,0.7020799,0.26656437,0.0011108876,3_S6
c4_p024_20231006_o08,p024_20231006,24,2,4,29,1_S2,1.7400303e-05,2.7721183e-06,0.0023352227,0.0015190992,0.64735115,0.3487743,4_S7
c4_p024_20231017_o08,p024_20231017,24,2,4,29,1_S2,1.09455334e-10,1.9782929e-11,1.792816e-07,3.36635e-08,0.99999654,3.2237915e-06,4_S7
c4_p024_20231023_o12,p024_20231023,24,2,4,29,1_S2,0.00011636935,0.00062241266,0.7617641,0.09559138,0.14157143,0.0003342916,2_S5
c4_p024_20231027_o10,p024_20231027,24,2,4,29,1_S2,1.4246301e-05,9.115759e-05,0.6696217,0.002026906,0.32043022,0.007815795,2_S5
c4_p024_20231101_o07,p024_20231101,24,2,4,29,1_S2,2.5143228e-05,8.2363666e-05,0.18166924,0.00023076782,0.7979171,0.02007534,4_S7
c4_p024_20231106_o04,p024_20231106,24,2,4,29,1_S2,2.2611068e-05,2.3893392e-05,0.5656831,0.000111265326,0.4236981,0.010461004,2_S5
c4_p024_20231109_o02,p024_20231109,24,2,4,29,1_S2,2.2414259e-05,9.224041e-06,0.69047636,0.00043329332,0.3080345,0.0010242646,2_S5
c4_p024_20231120_o03,p024_20231120,24,2,4,29,1_S2,5.7241527e-05,0.00014262035,0.8616688,0.0001437953,0.11550155,0.022485992,2_S5
c4_p024_20231124_o02,p024_20231124,24,2,4,29,1_S2,3.153759e-05,7.0382666e-05,0.10041159,9.4746814e-05,0.67966765,0.2197241,4_S7
c4_p024_20231127_o07,p024_20231127,24,2,4,51,2_S5,1.4489872e-07,8.9945814e-08,0.99905795,5.0226197e-09,3.4374792e-05,0.0009074625,2_S5
c4_p024_20231130_o09,p024_20231130,24,2,4,51,2_S5,8.327447e-06,5.475722e-05,0.97021145,4.1748808e-05,0.012705589,0.016978169,2_S5
c4_p028_20230828_o02,p028_20230828,28,2,4,15,0_S1,0.9991911,7.693058e-05,0.00017160075,0.0004994514,5.086343e-05,9.980705e-06,0_S1
c4_p028_20230904_o08,p028_20230904,28,2,4,51,2_S5,0.029393252,0.0082467925,0.8133291,0.13204615,0.016860776,0.00012394077,2_S5
c4_p028_20230908_o06,p028_20230908,28,2,4,61,3_S6,0.0010301898,4.334554e-05,0.7802005,0.20257312,0.015034275,0.0011185159,2_S5
c4_p028_20230921_o11,p028_20230921,28,2,4,70,4_S7,2.1614343e-05,2.189588e-05,0.007416427,0.008005393,0.9825302,0.0020043233,4_S7
c4_p028_20231006_o03,p028_20231006,28,2,4,73,4_S7,1.8786776e-06,8.987199e-06,0.004609544,0.3966996,0.59812003,0.0005599111,4_S7
c4_p028_20231017_o02,p028_20231017,28,2,4,74,4_S7,8.1990464e-10,2.1192164e-09,3.712991e-08,7.0905635e-06,0.9978946,0.0020983869,4_S7
c4_p028_20231023_o10,p028_20231023,28,2,4,75,4_S7,4.304107e-05,0.0004942173,0.009347879,0.12796351,0.86150026,0.00065110304,4_S7
c4_p028_20231027_o04,p028_20231027,28,2,4,76,4_S7,0.0009854231,0.004917502,0.11305403,0.4063667,0.4732531,0.0014232838,4_S7
c4_p028_20231101_o04,p028_20231101,28,2,4,77,4_S7,4.97382e-07,1.6544825e-06,5.5197223e-05,0.00090367143,0.9988961,0.00014276696,4_S7
c4_p028_20231106_o12,p028_20231106,28,2,4,78,4_S7,3.1981287e-07,2.5524784e-07,1.8131139e-05,0.00024536802,0.99970955,2.6356463e-05,4_S7
c4_p028_20231109_o10,p028_20231109,28,2,4,79,4_S7,3.0917002e-07,2.1739018e-07,1.5259565e-06,0.00017331933,0.9997423,8.216615e-05,4_S7
c4_p028_20231120_o10,p028_20231120,28,2,4,81,5_S8,6.959001e-06,2.0896015e-05,6.315216e-05,5.7973702e-06,0.026496598,0.9734066,5_S8
c4_p028_20231124_o08,p028_20231124,28,2,4,84,5_S8,4.659154e-09,6.242136e-08,4.128939e-07,9.404845e-08,5.179018e-05,0.99994755,5_S8
c4_p028_20231127_o07,p028_20231127,28,2,4,86,5_S8,2.9302769e-06,3.6932415e-05,0.0017034874,6.6688563e-06,0.00045635094,0.9977937,5_S8
c4_p028_20231130_o06,p028_20231130,28,2,4,89,5_S8,5.3918353e-05,0.00015357361,0.000109819746,6.954587e-05,0.0014239462,0.99818915,5_S8
c4_p033_20230828_o06,p033_20230828,33,2,4,16,0_S1,0.92370963,0.000563099,0.07558198,0.00013288559,1.07028545e-05,1.6878895e-06,0_S1
c4_p033_20230904_o10,p033_20230904,33,2,4,52,2_S5,0.0003972958,0.004081131,0.019703811,0.9747995,0.00096470176,5.359758e-05,3_S6
c4_p033_20230908_o11,p033_20230908,33,2,4,61,3_S6,0.011744798,0.016137421,0.13815191,0.6475046,0.18600343,0.00045772272,3_S6
c4_p033_20230921_o04,p033_20230921,33,2,4,70,4_S7,6.5548597e-06,3.6495905e-05,0.0019259972,0.0033467854,0.652967,0.34171715,4_S7
c4_p033_20231006_o08,p033_20231006,33,2,4,72,4_S7,9.870832e-08,3.6359907e-07,1.0993694e-05,0.00022483637,0.9845108,0.015252837,4_S7
c4_p033_20231017_o11,p033_20231017,33,2,4,73,4_S7,8.774891e-05,0.000105071376,0.015714144,0.13069114,0.8525006,0.00090130884,4_S7
c4_p033_20231023_o03,p033_20231023,33,2,4,74,4_S7,6.4626784e-07,7.99665e-06,0.8172016,0.0018517317,0.18091023,2.7726746e-05,2_S5
c4_p033_20231027_o06,p033_20231027,33,2,4,75,4_S7,1.0332583e-06,2.6610073e-06,0.00013442559,0.00044729933,0.9978085,0.0016060814,4_S7
c4_p033_20231101_o02,p033_20231101,33,2,4,76,4_S7,2.4767079e-08,5.09318e-08,1.8831412e-05,3.6830435e-05,0.99992716,1.7173197e-05,4_S7
c4_p033_20231106_o01,p033_20231106,33,2,4,77,4_S7,1.3369265e-07,1.2665966e-07,7.752854e-05,9.187165e-05,0.9998258,4.67651e-06,4_S7
c4_p033_20231109_o06,p033_20231109,33,2,4,78,4_S7,8.523821e-07,3.2373778e-06,0.00015519754,0.00077158445,0.9960114,0.0030577555,4_S7
c4_p033_20231120_o10,p033_20231120,33,2,4,83,5_S8,2.2143235e-05,2.638482e-05,3.4436976e-05,0.00032942218,0.008310733,0.99127686,5_S8
c4_p033_20231124_o09,p033_20231124,33,2,4,85,5_S8,1.2415106e-06,5.206925e-06,6.8421937e-06,8.660239e-06,0.0002235167,0.9997545,5_S8
c4_p033_20231127_o07,p033_20231127,33,2,4,87,5_S8,7.6869605e-07,2.7306444e-06,2.2250013e-05,1.5563462e-06,0.02149758,0.9784752,5_S8
c4_p033_20231130_o02,p033_20231130,33,2,4,89,5_S8,4.900488e-07,1.0471987e-06,8.8384866e-07,3.992269e-07,0.0004871778,0.99951005,5_S8
c4_p040_20230828_o08,p040_20230828,40,2,4,14,0_S1,0.99867636,7.2476314e-06,0.00046332297,0.0008331165,1.908266e-05,8.2168765e-07,0_S1
c4_p040_20230904_o01,p040_20230904,40,2,4,54,2_S5,0.6846886,0.00017308723,0.29351306,0.015754102,0.0056789103,0.0001922162,0_S1
c4_p040_20230908_o05,p040_20230908,40,2,4,62,3_S6,1.0172627e-05,0.00013296137,0.0008197473,0.9909162,0.008077883,4.3070308e-05,3_S6
c4_p040_20230921_o04,p040_20230921,40,2,4,65,3_S6,1.6640998e-07,1.4093861e-07,8.960603e-06,1.1803353e-05,0.99941564,0.00056343985,4_S7
c4_p040_20231006_o03,p040_20231006,40,2,4,71,4_S7,9.6805605e-11,4.591108e-11,8.399936e-12,2.3440862e-07,0.99978167,0.00021806103,4_S7
c4_p040_20231017_o12,p040_20231017,40,2,4,72,4_S7,4.839609e-08,1.4350314e-07,1.0361697e-05,9.909019e-05,0.99330336,0.0065869773,4_S7
c4_p040_20231023_o04,p040_20231023,40,2,4,73,4_S7,9.169529e-09,6.308112e-08,5.842661e-07,1.3407423e-05,0.9996164,0.00036949528,4_S7
c4_p040_20231027_o07,p040_20231027,40,2,4,74,4_S7,8.4854996e-08,7.1340105e-07,5.347241e-05,0.0011629583,0.9753177,0.023465088,4_S7
c4_p040_20231101_o10,p040_20231101,40,2,4,75,4_S7,4.5233855e-06,9.145005e-06,0.002476546,0.0064940075,0.9718988,0.019117102,4_S7
c4_p040_20231106_o09,p040_20231106,40,2,4,76,4_S7,7.7264815e-08,7.9092125e-08,4.9220466e-07,1.4061627e-05,0.66842884,0.33155644,4_S7
c4_p040_20231109_o12,p040_20231109,40,2,4,77,4_S7,1.7081872e-07,1.4926387e-06,1.0845035e-05,0.00018882402,0.98324996,0.016548695,4_S7
c4_p040_20231120_o10,p040_20231120,40,2,4,81,5_S8,8.885048e-08,4.796354e-07,3.74001e-05,7.254767e-06,0.9830535,0.01690126,4_S7
c4_p040_20231124_o11,p040_20231124,40,2,4,82,5_S8,5.5604467e-08,5.3400674e-07,1.0255517e-06,3.8494424e-08,1.992456e-05,0.99997854,5_S8
c4_p040_20231127_o01,p040_20231127,40,2,4,84,5_S8,3.8261028e-08,3.2688197e-07,4.1752222e-07,7.1815e-08,0.00010161501,0.9998975,5_S8
c4_p040_20231130_o10,p040_20231130,40,2,4,87,5_S8,1.0628687e-08,6.991864e-08,2.2729536e-07,2.473281e-08,2.4809697e-05,0.99997485,5_S8
c4_p052_20230929_o06,p052_20230929,52,2,4,13,0_S1,0.9997857,4.308815e-06,0.00010505749,7.178592e-05,3.095174e-05,2.2238826e-06,0_S1
c4_p052_20231004_o08,p052_20231004,52,2,4,13,0_S1,0.99998,9.54379e-08,1.8411843e-05,1.0339614e-06,4.097073e-07,1.3536106e-07,0_S1
c4_p052_20231011_o09,p052_20231011,52,2,4,14,0_S1,0.99495345,0.0043506254,0.0006641014,1.0448676e-05,1.6074113e-05,5.1926254e-06,0_S1
c4_p052_20231017_o12,p052_20231017,52,2,4,52,2_S5,0.76934737,0.000810972,0.22414014,0.0006601668,0.0049768197,6.448466e-05,0_S1
c4_p052_20231019_o07,p052_20231019,52,2,4,53,2_S5,0.96519077,0.025116054,0.0072757886,0.002049031,0.00032020736,4.810516e-05,0_S1
c4_p052_20231023_o08,p052_20231023,52,2,4,61,3_S6,0.0027822652,0.006219554,0.022538519,0.943089,0.02531945,5.1165243e-05,3_S6
c4_p052_20231027_o05,p052_20231027,52,2,4,68,3_S6,3.993307e-05,0.00017994294,0.009996892,0.98766994,0.002111822,1.4980878e-06,3_S6
c4_p052_20231101_o08,p052_20231101,52,2,4,67,3_S6,0.00022009222,0.0010282318,0.0721354,0.9203668,0.0062236898,2.57835e-05,3_S6
c4_p052_20231106_o11,p052_20231106,52,2,4,68,3_S6,0.0002912474,0.0037704234,0.42394984,0.44880098,0.1230453,0.00014221194,3_S6
c4_p052_20231109_o12,p052_20231109,52,2,4,70,4_S7,4.7596765e-07,1.3458385e-05,0.9864868,0.0003304794,0.013166516,2.245337e-06,2_S5
c4_p052_20231120_o10,p052_20231120,52,2,4,72,4_S7,0.000117454205,0.0005825392,0.10288569,0.4020381,0.49407622,0.00029997758,4_S7
c4_p052_20231127_o06,p052_20231127,52,2,4,73,4_S7,7.741325e-10,3.9804868e-10,5.7499383e-09,1.91018e-07,0.9999356,6.420739e-05,4_S7
c4_p052_20231130_o11,p052_20231130,52,2,4,75,4_S7,1.469093e-05,4.6830377e-05,0.06899272,0.00039177493,0.92308855,0.0074654245,4_S7
c4_p052_20231204_o07,p052_20231204,52,2,4,76,4_S7,2.2591384e-09,2.1984954e-09,9.574163e-08,7.756526e-07,0.999894,0.00010511367,4_S7
c4_p052_20231211_o03,p052_20231211,52,2,4,77,4_S7,1.212773e-07,2.2674766e-07,2.5260528e-05,3.7908212e-05,0.97888845,0.021048134,4_S7
c4_p052_20231214_o10,p052_20231214,52,2,4,78,4_S7,1.3995756e-08,6.1926113e-09,2.177056e-07,1.4236298e-07,0.99853337,0.0014662142,4_S7
c4_p052_20231218_o12,p052_20231218,52,2,4,79,4_S7,1.2840897e-07,1.7251799e-07,3.6218964e-06,1.0129684e-06,0.95915914,0.04083597,4_S7
c4_p052_20231227_o07,p052_20231227,52,2,4,79,4_S7,4.2603128e-07,1.1054963e-06,2.7687294e-05,8.80305e-07,0.025857251,0.9741125,5_S8
c4_p052_20240104_o09,p052_20240104,52,2,4,84,5_S8,6.948109e-07,9.4421756e-07,1.3753623e-06,4.190258e-08,0.00018538632,0.9998116,5_S8
c4_p058_20230929_o02,p058_20230929,58,2,4,13,0_S1,0.9995974,1.6675038e-05,0.0002881327,2.7309856e-05,5.495853e-05,1.5645532e-05,0_S1
c4_p058_20231004_o04,p058_20231004,58,2,4,13,0_S1,0.99944526,6.5637696e-06,0.0003521998,0.00011386971,7.910689e-05,2.9653838e-06,0_S1
c4_p058_20231011_o04,p058_20231011,58,2,4,14,0_S1,0.8948992,0.0025125835,0.06741987,0.024581874,0.010469797,0.000116652525,0_S1
c4_p058_20231017_o11,p058_20231017,58,2,4,52,2_S5,0.9663078,0.0002538485,0.004334147,0.013119126,0.015765931,0.00021906347,0_S1
c4_p058_20231019_o06,p058_20231019,58,2,4,53,2_S5,0.042470906,0.003127356,0.9363053,0.016704693,0.0013011347,9.07062e-05,2_S5
c4_p058_20231023_o05,p058_20231023,58,2,4,54,2_S5,0.0023226612,0.005437322,0.97514546,0.016395412,0.0006826404,1.651518e-05,2_S5
c4_p058_20231027_o04,p058_20231027,58,2,4,55,2_S5,0.0026280705,0.011846162,0.11469336,0.745931,0.12474855,0.00015288162,3_S6
c4_p058_20231101_o11,p058_20231101,58,2,4,59,2_S5,1.4589302e-06,5.8007254e-06,0.03724731,0.9624778,0.00026758373,4.998092e-08,3_S6
c4_p058_20231106_o06,p058_20231106,58,2,4,63,3_S6,4.2600946e-06,3.093174e-05,0.62443274,0.3655113,0.010018492,2.270679e-06,2_S5
c4_p058_20231109_o03,p058_20231109,58,2,4,64,3_S6,1.7725062e-05,9.7539836e-05,0.13079017,0.85802823,0.011059856,6.4833944e-06,3_S6
c4_p058_20231120_o02,p058_20231120,58,2,4,67,3_S6,2.9025387e-06,8.789971e-06,0.008527535,0.037184115,0.954243,3.361183e-05,4_S7
c4_p058_20231127_o04,p058_20231127,58,2,4,71,4_S7,3.3714124e-07,6.8000435e-07,0.00034694397,0.00034254306,0.9987833,0.0005262018,4_S7
c4_p058_20231130_o06,p058_20231130,58,2,4,73,4_S7,6.9030735e-05,0.0003707669,0.8432969,0.004464753,0.14083993,0.0109587,2_S5
c4_p058_20231204_o05,p058_20231204,58,2,4,74,4_S7,1.2123725e-06,4.9248456e-07,0.011968239,5.900304e-05,0.98785686,0.00011417951,4_S7
c4_p058_20231211_o10,p058_20231211,58,2,4,75,4_S7,3.6167922e-09,2.503626e-09,2.8866898e-05,7.641952e-06,0.9999628,6.7326016e-07,4_S7
c4_p058_20231214_o07,p058_20231214,58,2,4,76,4_S7,3.9097845e-09,1.0522379e-09,1.3184868e-08,1.3345435e-05,0.9999728,1.3804236e-05,4_S7
c4_p058_20231218_o02,p058_20231218,58,2,4,78,4_S7,1.9199314e-07,5.844272e-07,4.1001745e-06,7.0569668e-06,0.6824188,0.31756935,4_S7
c4_p058_20231227_o11,p058_20231227,58,2,4,79,4_S7,1.0066406e-06,2.080406e-06,1.1508059e-05,0.0001294642,0.8847564,0.11509949,4_S7
c4_p058_20240104_o09,p058_20240104,58,2,4,81,5_S8,1.3251104e-06,7.028822e-07,2.3563043e-06,3.862493e-05,0.9680701,0.031887036,4_S7
c4_p060_20230929_o11,p060_20230929,60,2,4,13,0_S1,0.99985266,1.9982456e-06,5.1174044e-05,5.5001095e-05,3.7905378e-05,1.267558e-06,0_S1
c4_p060_20231004_o12,p060_20231004,60,2,4,13,0_S1,0.99856395,2.278139e-05,0.0013098033,7.3016854e-05,2.7121487e-05,3.341293e-06,0_S1
c4_p060_20231011_o10,p060_20231011,60,2,4,53,2_S5,0.99918777,5.0749106e-05,0.0007039519,2.046708e-05,3.1846936e-05,5.2294054e-06,0_S1
c4_p060_20231017_o06,p060_20231017,60,2,4,60,3_S6,0.86990273,0.04463282,0.069580175,0.013838474,0.0019980837,4.7732967e-05,0_S1
c4_p060_20231019_o10,p060_20231019,60,2,4,67,3_S6,0.00062617025,0.00015761657,0.9967505,0.0023269604,0.00013824156,6.333918e-07,2_S5
c4_p060_20231023_o02,p060_20231023,60,2,4,67,3_S6,0.0033453633,0.0005343051,0.044728138,0.9493782,0.0020078754,6.1580126e-06,3_S6
c4_p060_20231027_o01,p060_20231027,60,2,4,67,3_S6,0.00010588655,0.0012408422,0.45134968,0.5464569,0.0008433761,3.2900891e-06,3_S6
c4_p060_20231101_o12,p060_20231101,60,2,4,70,4_S7,1.585493e-05,0.00010368038,0.19508345,0.08642719,0.71826965,0.00010012094,4_S7
c4_p060_20231106_o05,p060_20231106,60,2,4,70,4_S7,5.5657638e-05,0.00042892536,0.10966883,0.74199605,0.14782333,2.7192888e-05,3_S6
c4_p060_20231109_o03,p060_20231109,60,2,4,70,4_S7,0.00055975415,0.0016848473,0.79333943,0.12282293,0.080935664,0.00065730046,2_S5
c4_p060_20231120_o12,p060_20231120,60,2,4,71,4_S7,2.684819e-07,3.0464694e-08,4.0613006e-07,4.88899e-06,0.9997944,0.00020009858,4_S7
c4_p060_20231127_o10,p060_20231127,60,2,4,72,4_S7,4.5072483e-07,2.4752637e-06,3.3076506e-06,0.00033462973,0.96545714,0.034202013,4_S7
c4_p060_20231130_o11,p060_20231130,60,2,4,73,4_S7,2.8345163e-08,1.2751116e-08,6.054418e-06,1.266589e-06,0.9982844,0.0017081907,4_S7
c4_p060_20231204_o03,p060_20231204,60,2,4,74,4_S7,5.73754e-07,7.9974427e-07,0.006876656,2.8725424e-06,0.962689,0.0304301,4_S7
c4_p060_20231211_o10,p060_20231211,60,2,4,75,4_S7,2.8480256e-06,1.677798e-05,0.023257844,0.00026934547,0.8945599,0.08189323,4_S7
c4_p060_20231214_o05,p060_20231214,60,2,4,77,4_S7,2.968729e-08,1.2257575e-08,7.7612066e-07,6.0451684e-06,0.9992292,0.0007638648,4_S7
c4_p060_20231218_o11,p060_20231218,60,2,4,78,4_S7,1.2520074e-05,1.2281275e-05,0.07412839,1.27012e-05,0.14610638,0.77972764,5_S8
c4_p060_20231227_o04,p060_20231227,60,2,4,79,4_S7,4.531769e-07,9.4006344e-07,4.1430838e-05,7.30447e-07,0.17203906,0.8279174,5_S8
c4_p060_20240104_o06,p060_20240104,60,2,4,84,5_S8,2.4788955e-07,6.383703e-07,4.074055e-06,1.5314838e-07,0.0010360702,0.9989588,5_S8
c4_p063_20231006_o02,p063_20231006,63,2,4,13,0_S1,0.9991447,2.186179e-05,0.00038231642,8.5232976e-05,0.00032529994,4.056738e-05,0_S1
c4_p063_20231011_o08,p063_20231011,63,2,4,13,0_S1,0.9997738,5.1677903e-06,0.0001624349,1.5870002e-05,3.767316e-05,5.122652e-06,0_S1
c4_p063_20231017_o02,p063_20231017,63,2,4,13,0_S1,0.9997464,9.094753e-06,0.00018680231,6.4747082e-06,3.655157e-05,1.4683781e-05,0_S1
c4_p063_20231019_o11,p063_20231019,63,2,4,14,0_S1,0.45740178,0.020220311,0.1624287,0.20538324,0.14588262,0.008683371,0_S1
c4_p063_20231023_o07,p063_20231023,63,2,4,14,0_S1,0.99957496,2.3231181e-05,0.00015450154,4.5884182e-05,0.00010014946,0.00010132072,0_S1
c4_p063_20231027_o11,p063_20231027,63,2,4,14,0_S1,0.78975034,0.07971914,0.12637131,0.00394053,0.00018836094,3.027132e-05,0_S1
c4_p063_20231101_o11,p063_20231101,63,2,4,53,2_S5,0.04146553,0.8364443,0.11747874,0.00457392,2.961079e-05,7.974083e-06,1_S2
c4_p063_20231106_o09,p063_20231106,63,2,4,60,3_S6,3.716407e-05,0.00034415015,0.09447021,0.9026071,0.0025408932,4.662597e-07,3_S6
c4_p063_20231109_o01,p063_20231109,63,2,4,64,3_S6,0.0001415349,0.0006756185,0.19135045,0.8035581,0.004266012,8.322268e-06,3_S6
c4_p063_20231120_o10,p063_20231120,63,2,4,70,4_S7,0.0068277842,0.00052325556,0.0060577006,0.34328917,0.64302546,0.00027662178,4_S7
c4_p063_20231127_o03,p063_20231127,63,2,4,71,4_S7,1.0118408e-07,2.0362913e-07,6.395516e-06,2.1116084e-05,0.9990513,0.00092081947,4_S7
c4_p063_20231130_o03,p063_20231130,63,2,4,72,4_S7,3.7331145e-05,6.278606e-05,0.0023471308,0.7735836,0.22365403,0.00031515415,3_S6
c4_p063_20231204_o02,p063_20231204,63,2,4,75,4_S7,6.109011e-06,1.1203309e-05,0.0026918924,0.19582367,0.8014227,4.4388955e-05,4_S7
c4_p063_20231211_o06,p063_20231211,63,2,4,78,4_S7,1.6811063e-06,2.795586e-06,0.0029776532,0.007320958,0.989673,2.3929857e-05,4_S7
c4_p063_20231214_o04,p063_20231214,63,2,4,79,4_S7,1.9034577e-06,5.172859e-07,4.5430388e-05,0.00011062776,0.9992834,0.00055816554,4_S7
c4_p063_20231218_o01,p063_20231218,63,2,4,79,4_S7,6.889229e-08,2.3607313e-08,2.2815156e-07,2.8401737e-06,0.99979895,0.00019778563,4_S7
c4_p063_20231227_o09,p063_20231227,63,2,4,79,4_S7,1.9697748e-07,7.6727574e-10,7.919043e-08,5.749692e-07,0.9992084,0.00079067517,4_S7
c4_p063_20240115_o10,p063_20240115,63,2,4,83,5_S8,3.76958e-07,2.0675402e-07,3.3214505e-07,2.121546e-07,0.34746003,0.6525388,5_S8
c4_p063_20240119_o04,p063_20240119,63,2,4,84,5_S8,1.3027352e-05,9.124229e-05,6.3436346e-05,6.672752e-06,0.001222365,0.9986033,5_S8
c4_p063_20240126_o04,p063_20240126,63,2,4,85,5_S8,7.871558e-06,6.173754e-05,1.3220464e-05,8.523929e-06,0.0003691282,0.9995395,5_S8
c4_p064_20231006_o06,p064_20231006,64,2,4,13,0_S1,0.99931633,2.2116852e-05,0.0002947983,5.151668e-05,0.00027789167,3.7290793e-05,0_S1
c4_p064_20231011_o05,p064_20231011,64,2,4,13,0_S1,0.9999683,1.4891903e-07,2.7699255e-06,5.5379854e-07,2.6636983e-05,1.6506905e-06,0_S1
c4_p064_20231017_o07,p064_20231017,64,2,4,13,0_S1,0.9997733,5.1935285e-06,0.00019412316,9.227974e-06,1.3295659e-05,4.7847125e-06,0_S1
c4_p064_20231019_o12,p064_20231019,64,2,4,13,0_S1,0.99539965,0.00034150505,0.001287948,0.0012128298,0.001566846,0.00019123548,0_S1
c4_p064_20231023_o03,p064_20231023,64,2,4,13,0_S1,0.9997929,7.307528e-05,9.012215e-05,3.268135e-05,6.024659e-06,5.206961e-06,0_S1
c4_p064_20231027_o03,p064_20231027,64,2,4,14,0_S1,0.6484105,0.04437538,0.30581623,0.0013497967,3.662104e-05,1.1424144e-05,0_S1
c4_p064_20231101_o07,p064_20231101,64,2,4,52,2_S5,0.0037787776,0.0038013882,0.9676642,0.023845207,0.0009013443,9.118976e-06,2_S5
c4_p064_20231106_o03,p064_20231106,64,2,4,61,3_S6,1.4595497e-05,0.0015324063,0.6520757,0.34633973,3.739944e-05,1.3750719e-07,2_S5
c4_p064_20231109_o05,p064_20231109,64,2,4,65,3_S6,7.92673e-07,8.228334e-07,0.0020867777,0.99774736,0.00016415908,3.615436e-08,3_S6
c4_p064_20231120_o05,p064_20231120,64,2,4,69,3_S6,2.2899705e-05,2.2231284e-06,0.0001226318,0.02243194,0.97706294,0.00035729675,4_S7
c4_p064_20231127_o01,p064_20231127,64,2,4,69,3_S6,6.0959396e-06,3.440219e-05,0.00081028795,0.82157505,0.17750329,7.090947e-05,3_S6
c4_p064_20231130_o05,p064_20231130,64,2,4,71,4_S7,4.1578417e-07,5.8732425e-08,2.3464268e-05,7.8975216e-05,0.9998173,7.98539e-05,4_S7
c4_p064_20231204_o02,p064_20231204,64,2,4,73,4_S7,3.1994448e-06,2.8752838e-06,0.00039727878,0.032476526,0.96704155,7.8514415e-05,4_S7
c4_p064_20231211_o05,p064_20231211,64,2,4,75,4_S7,1.1030973e-05,6.7378855e-06,0.0074465782,0.05530777,0.9371715,5.6426383e-05,4_S7
c4_p064_20231214_o05,p064_20231214,64,2,4,77,4_S7,1.409253e-08,1.845662e-10,1.243346e-08,6.6900907e-06,0.99999285,5.1321047e-07,4_S7
c4_p064_20231218_o04,p064_20231218,64,2,4,78,4_S7,2.7937682e-08,9.504081e-10,1.5169283e-07,3.3343408e-08,0.99998677,1.3108392e-05,4_S7
c4_p064_20231227_o06,p064_20231227,64,2,4,79,4_S7,4.9832653e-07,1.3306747e-07,5.48302e-07,0.0007104703,0.99405,0.0052382755,4_S7
c4_p064_20240115_o06,p064_20240115,64,2,4,79,4_S7,1.41425135e-05,4.050555e-05,0.0005004939,0.002957332,0.47208163,0.52440584,5_S8
c4_p064_20240119_o04,p064_20240119,64,2,4,81,5_S8,3.9001836e-05,0.00012467738,0.0009169498,0.00012640018,0.08709278,0.9117002,5_S8
c4_p064_20240126_o08,p064_20240126,64,2,4,82,5_S8,2.3230518e-06,1.6545501e-06,8.88803e-06,1.4893197e-05,0.043621954,0.95635015,5_S8
c4_p065_20231006_o07,p065_20231006,65,2,4,13,0_S1,0.99820125,4.7627163e-05,0.00049223634,0.00019073553,0.0009955278,7.261687e-05,0_S1
c4_p065_20231011_o03,p065_20231011,65,2,4,13,0_S1,0.99990344,3.4582402e-07,3.5220871e-06,1.3515112e-06,8.53571e-05,5.8794653e-06,0_S1
c4_p065_20231017_o12,p065_20231017,65,2,4,13,0_S1,0.9997917,6.4508836e-06,0.00017382101,1.0227979e-05,1.4127241e-05,3.7605143e-06,0_S1
c4_p065_20231019_o08,p065_20231019,65,2,4,13,0_S1,0.9880058,0.0010003119,0.003097426,0.0052649584,0.0021671164,0.00046433526,0_S1
c4_p065_20231023_o07,p065_20231023,65,2,4,13,0_S1,0.99999034,2.470963e-07,9.17182e-06,5.0013718e-08,3.770628e-08,2.232925e-07,0_S1
c4_p065_20231027_o10,p065_20231027,65,2,4,51,2_S5,0.9357373,0.04227503,0.021620238,0.00023390654,0.00011693291,1.6576234e-05,0_S1
c4_p065_20231101_o02,p065_20231101,65,2,4,52,2_S5,0.0014985873,0.0051722983,0.97148705,0.020580428,0.0012529867,8.661328e-06,2_S5
c4_p065_20231106_o10,p065_20231106,65,2,4,60,3_S6,1.5952047e-06,9.020539e-06,0.0034046245,0.98331267,0.013270475,1.6375005e-06,3_S6
c4_p065_20231109_o10,p065_20231109,65,2,4,68,3_S6,3.876315e-05,1.71106e-05,0.0010138997,0.93370444,0.06521778,8.037631e-06,3_S6
c4_p065_20231120_o12,p065_20231120,65,2,4,70,4_S7,2.1724352e-06,5.5700484e-06,0.0009238703,0.8379544,0.16111216,1.8255639e-06,3_S6
c4_p065_20231127_o07,p065_20231127,65,2,4,73,4_S7,3.4789144e-07,1.5503582e-07,4.0691198e-06,0.04074185,0.9592474,6.0884067e-06,4_S7
c4_p065_20231130_o04,p065_20231130,65,2,4,74,4_S7,5.5535256e-06,8.267189e-06,0.011659662,0.047135897,0.94115496,3.575179e-05,4_S7
c4_p065_20231204_o03,p065_20231204,65,2,4,75,4_S7,2.7894166e-06,3.6502452e-06,4.2896463e-05,0.8521183,0.14782995,2.452555e-06,3_S6
c4_p065_20231211_o04,p065_20231211,65,2,4,76,4_S7,3.2720905e-07,8.721569e-08,8.810452e-06,0.0036344312,0.9963553,1.0455891e-06,4_S7
c4_p065_20231214_o09,p065_20231214,65,2,4,78,4_S7,1.57094e-08,1.2516915e-11,8.931564e-11,4.6851414e-06,0.9999951,1.4586136e-07,4_S7
c4_p065_20231218_o10,p065_20231218,65,2,4,79,4_S7,3.470505e-05,1.2167467e-05,3.9099315e-05,0.00043555367,0.97708374,0.022394717,4_S7
c4_p065_20231227_o06,p065_20231227,65,2,4,79,4_S7,6.8326425e-09,1.5556703e-09,3.0672638e-08,4.6026973e-09,0.9788954,0.021104624,4_S7
c4_p065_20240115_o10,p065_20240115,65,2,4,79,4_S7,9.379173e-08,4.8032246e-07,2.3832954e-06,1.3828392e-07,0.035471015,0.9645259,5_S8
c4_p065_20240119_o12,p065_20240119,65,2,4,80,5_S8,3.758423e-06,2.2002794e-05,0.00017312069,8.285957e-06,0.007295451,0.99249744,5_S8
c4_p065_20240126_o08,p065_20240126,65,2,4,88,5_S8,7.088619e-07,2.2427005e-06,4.6147554e-07,3.580889e-07,4.784275e-05,0.9999484,5_S8
c4_p068_20231006_o01,p068_20231006,68,2,4,13,0_S1,0.99926287,2.6270573e-05,0.00029884756,8.393733e-05,0.00028931344,3.8663773e-05,0_S1
c4_p068_20231011_o11,p068_20231011,68,2,4,13,0_S1,0.99997246,3.1415692e-07,1.33486765e-05,1.2621078e-06,1.1440356e-05,1.1658983e-06,0_S1
c4_p068_20231017_o11,p068_20231017,68,2,4,13,0_S1,0.9999893,7.545582e-08,1.00872785e-05,3.793081e-07,7.513513e-08,4.3241382e-08,0_S1
c4_p068_20231019_o07,p068_20231019,68,2,4,14,0_S1,0.99746215,7.2713e-05,0.00058916863,0.00083820807,0.00089004455,0.00014775849,0_S1
c4_p068_20231023_o06,p068_20231023,68,2,4,14,0_S1,0.9387746,0.0026756043,0.05211177,0.004569657,0.0013825502,0.00048581554,0_S1
c4_p068_20231027_o01,p068_20231027,68,2,4,52,2_S5,0.030548505,0.00755605,0.95876414,0.0030485287,8.077022e-05,1.97553e-06,2_S5
c4_p068_20231101_o04,p068_20231101,68,2,4,52,2_S5,0.9956564,4.0666415e-05,0.002831715,4.1942585e-05,0.0012761306,0.00015309191,0_S1
c4_p068_20231106_o10,p068_20231106,68,2,4,64,3_S6,1.8042945e-05,0.00011177022,0.04172417,0.9400229,0.01811886,4.377617e-06,3_S6
c4_p068_20231109_o05,p068_20231109,68,2,4,65,3_S6,5.556716e-06,5.1930678e-05,0.008866931,0.9903902,0.00068533234,6.608001e-08,3_S6
c4_p068_20231120_o02,p068_20231120,68,2,4,67,3_S6,0.00044898465,0.0003977105,0.010067254,0.86009127,0.1287802,0.00021465351,3_S6
c4_p068_20231127_o08,p068_20231127,68,2,4,68,3_S6,3.1594448e-07,3.498673e-08,1.0373801e-05,4.2835495e-06,0.99992156,6.336992e-05,4_S7
c4_p068_20231130_o09,p068_20231130,68,2,4,69,3_S6,2.7643166e-05,8.817778e-06,0.034167696,0.0011181495,0.96149606,0.0031816438,4_S7
c4_p068_20231204_o06,p068_20231204,68,2,4,70,4_S7,8.349405e-07,2.418335e-07,2.2650067e-06,0.7477589,0.25223753,2.0394044e-07,3_S6
c4_p068_20231211_o09,p068_20231211,68,2,4,71,4_S7,4.305596e-05,1.1402514e-05,0.0032250588,0.016420366,0.9797468,0.0005532052,4_S7
c4_p068_20231214_o02,p068_20231214,68,2,4,73,4_S7,2.0234681e-06,9.1393396e-08,1.1759798e-06,5.74867e-05,0.99937373,0.0005655286,4_S7
c4_p068_20231218_o03,p068_20231218,68,2,4,75,4_S7,3.8860697e-05,7.189723e-05,0.0025165502,0.00092200545,0.9468983,0.0495524,4_S7
c4_p068_20231227_o02,p068_20231227,68,2,4,78,4_S7,2.7286317e-06,1.1492587e-06,9.639158e-06,6.871637e-06,0.97415394,0.02582578,4_S7
c4_p068_20240115_o09,p068_20240115,68,2,4,79,4_S7,4.5277565e-07,7.5668527e-07,1.0854134e-05,5.310043e-05,0.9917572,0.008177602,4_S7
c4_p068_20240119_o02,p068_20240119,68,2,4,80,5_S8,3.722398e-06,1.5281797e-05,8.338125e-05,2.0808668e-05,0.01145351,0.98842317,5_S8
c4_p068_20240126_o07,p068_20240126,68,2,4,81,5_S8,5.2334462e-06,1.9177356e-05,0.00013887754,8.68606e-05,0.015007567,0.9847423,5_S8
c4_p082_20231128_o11,p082_20231128,82,2,4,67,3_S6,0.0015187669,0.0011162984,0.0019227687,0.95747465,0.03787144,9.6130454e-05,3_S6
c4_p082_20231130_o12,p082_20231130,82,2,4,68,3_S6,2.7439699e-05,1.6832235e-05,0.000108874854,0.94631815,0.05351212,1.6557167e-05,3_S6
c4_p082_20231204_o10,p082_20231204,82,2,4,69,3_S6,0.00031180397,5.032476e-05,5.8193036e-05,0.28864628,0.7104047,0.00052863173,4_S7
c4_p082_20231207_o01,p082_20231207,82,2,4,70,4_S7,5.4327884e-05,1.646005e-05,0.00024273228,0.05614609,0.9419767,0.0015636391,4_S7
c4_p082_20231211_o01,p082_20231211,82,2,4,72,4_S7,1.5536807e-05,1.6574458e-06,3.2574386e-05,0.12958427,0.870264,0.000101917794,4_S7
c4_p082_20231218_o08,p082_20231218,82,2,4,73,4_S7,8.455611e-07,1.7967652e-07,1.1436929e-06,0.0002903742,0.99968493,2.25462e-05,4_S7
c4_p082_20231227_o08,p082_20231227,82,2,4,74,4_S7,3.8358948e-08,2.8572238e-09,6.572931e-08,4.6884484e-06,0.99998355,1.16789715e-05,4_S7
c4_p082_20240115_o01,p082_20240115,82,2,4,76,4_S7,1.0019813e-06,2.6431312e-08,1.1711234e-06,1.5046666e-05,0.99912375,0.00085905567,4_S7
c4_p082_20240119_o10,p082_20240119,82,2,4,78,4_S7,4.6182533e-09,2.686261e-09,1.7726146e-08,6.370711e-07,0.99933213,0.0006672142,4_S7
c4_p082_20240126_o02,p082_20240126,82,2,4,84,5_S8,8.0178336e-07,2.3167493e-06,7.352085e-07,1.6402554e-08,3.993587e-05,0.99995625,5_S8
c4_p088_20231128_o06,p088_20231128,88,2,4,67,3_S6,1.2325804e-05,1.5462056e-05,8.848786e-05,0.97886914,0.02098122,3.330145e-05,3_S6
c4_p088_20231130_o05,p088_20231130,88,2,4,68,3_S6,2.082315e-06,3.8747532e-07,1.1810311e-05,0.9872541,0.012730625,1.0263476e-06,3_S6
c4_p088_20231204_o12,p088_20231204,88,2,4,69,3_S6,2.227934e-05,1.4259579e-05,0.00040176327,0.38890877,0.6092788,0.0013740513,4_S7
c4_p088_20231207_o09,p088_20231207,88,2,4,71,4_S7,0.00014071293,2.8366234e-05,7.965285e-05,0.20058422,0.7966349,0.0025320493,4_S7
c4_p088_20231211_o09,p088_20231211,88,2,4,73,4_S7,3.565388e-05,7.513468e-05,0.001110003,0.38944656,0.6089666,0.00036610386,4_S7
c4_p088_20231218_o08,p088_20231218,88,2,4,75,4_S7,1.4800399e-05,2.4159408e-07,7.0367664e-06,3.6702255e-05,0.997905,0.00203632,4_S7
c4_p088_20231227_o06,p088_20231227,88,2,4,77,4_S7,2.0730256e-06,2.855467e-07,1.8869165e-05,2.72422e-05,0.9999435,8.073363e-06,4_S7
c4_p088_20240115_o06,p088_20240115,88,2,4,78,4_S7,7.3536453e-06,2.4895844e-06,0.00079736527,1.1401808e-05,0.9968882,0.0022930787,4_S7
c4_p088_20240119_o05,p088_20240119,88,2,4,79,4_S7,4.0599366e-06,6.5013182e-06,0.00017737244,4.945704e-05,0.972391,0.027371673,4_S7
c4_p088_20240126_o12,p088_20240126,88,2,4,80,5_S8,2.6926858e-07,4.6090395e-07,1.7891158e-06,1.4720008e-06,0.057742022,0.94225407,5_S8
c4_p095_20231128_o10,p095_20231128,95,2,4,66,3_S6,2.2493881e-05,1.1010891e-05,3.7696755e-05,0.9971853,0.0027350432,8.429231e-06,3_S6
c4_p095_20231130_o12,p095_20231130,95,2,4,68,3_S6,5.4986e-07,1.960174e-06,1.5693322e-05,0.99851876,0.0014627256,2.622181e-07,3_S6
c4_p095_20231204_o04,p095_20231204,95,2,4,70,4_S7,2.3125505e-05,1.8046792e-06,6.4417914e-06,0.7955169,0.20444831,3.390654e-06,3_S6
c4_p095_20231207_o01,p095_20231207,95,2,4,70,4_S7,1.3180637e-05,2.6306452e-06,3.2698156e-06,0.63701767,0.3629247,3.8598177e-05,3_S6
c4_p095_20231211_o05,p095_20231211,95,2,4,71,4_S7,6.831912e-05,8.865492e-05,0.00059145316,0.81525356,0.18372023,0.00027768806,3_S6
c4_p095_20231218_o04,p095_20231218,95,2,4,73,4_S7,3.6885777e-07,7.823593e-08,8.6859706e-07,5.2601248e-05,0.9998436,0.00010256167,4_S7
c4_p095_20231227_o01,p095_20231227,95,2,4,75,4_S7,5.1005236e-07,9.051541e-08,1.8774213e-07,2.9309938e-05,0.99858665,0.0013833063,4_S7
c4_p095_20240115_o10,p095_20240115,95,2,4,78,4_S7,4.9689015e-07,9.763453e-07,6.346466e-07,6.7246706e-06,0.15068403,0.8493071,5_S8
c4_p095_20240119_o08,p095_20240119,95,2,4,79,4_S7,1.009488e-06,3.7647435e-08,4.05892e-08,1.6296677e-05,0.96988064,0.030101987,4_S7
c4_p095_20240126_o04,p095_20240126,95,2,4,80,5_S8,4.8200455e-08,1.7753521e-07,1.2159266e-07,4.7553744e-08,0.00059556525,0.9994042,5_S8
c4_p098_20231128_o06,p098_20231128,98,2,4,66,3_S6,3.088936e-05,9.891446e-06,0.0021963697,0.9453858,0.052370787,6.1699056e-06,3_S6
c4_p098_20231130_o01,p098_20231130,98,2,4,68,3_S6,2.2881866e-06,2.4589312e-06,1.7563329e-05,0.9974275,0.0025495877,4.743284e-07,3_S6
c4_p098_20231204_o01,p098_20231204,98,2,4,69,3_S6,5.5051925e-05,6.049377e-06,1.8438996e-05,0.97610134,0.023816027,3.1726665e-06,3_S6
c4_p098_20231207_o07,p098_20231207,98,2,4,70,4_S7,6.1345294e-05,7.9891715e-06,1.4352943e-05,0.10898494,0.8908178,0.00011354899,4_S7
c4_p098_20231211_o06,p098_20231211,98,2,4,71,4_S7,3.0547542e-07,6.0933026e-08,3.0297997e-07,0.06514324,0.93485206,3.9901297e-06,4_S7
c4_p098_20231218_o03,p098_20231218,98,2,4,72,4_S7,8.541226e-08,1.7422327e-08,5.9466768e-08,8.508353e-05,0.99931705,0.0005976907,4_S7
c4_p098_20231227_o06,p098_20231227,98,2,4,73,4_S7,1.4461938e-07,4.8959972e-08,9.3294125e-07,0.00019043582,0.9995092,0.00029926896,4_S7
c4_p098_20240115_o06,p098_20240115,98,2,4,77,4_S7,4.400881e-06,4.5136414e-07,4.346078e-07,3.7007307e-05,0.98840535,0.011552323,4_S7
c4_p098_20240119_o11,p098_20240119,98,2,4,79,4_S7,9.902555e-09,2.00959e-09,9.798309e-07,3.8218988e-07,0.9999144,8.429338e-05,4_S7
c4_p098_20240126_o01,p098_20240126,98,2,4,81,5_S8,1.5011925e-09,4.5897885e-10,6.963065e-11,2.1050341e-09,0.03866605,0.961334,5_S8
c4_p011_20230816_o10,p011_20230816,11,3,4,27,1_S2,1.3563381e-08,7.729744e-09,0.009268249,0.99046344,0.0002683036,2.6487443e-10,3_S6
c4_p011_20230921_o03,p011_20230921,11,3,4,51,2_S5,4.7589555e-07,3.4373074e-06,1.0283006e-05,6.788383e-05,0.999813,0.00010491847,4_S7
c4_p011_20231005_o04,p011_20231005,11,3,4,52,2_S5,9.557645e-06,1.4353554e-05,0.0012220347,0.0009118469,0.9613744,0.03646779,4_S7
c4_p012_20230816_o02,p012_20230816,12,3,4,65,3_S6,1.12350385e-07,2.668291e-06,0.00017586915,0.99934095,0.00048008014,2.5636987e-07,3_S6
c4_p012_20230921_o07,p012_20230921,12,3,4,79,4_S7,0.00015282069,0.001199321,0.0003801252,0.004672163,0.9927614,0.000834206,4_S7
c4_p012_20231005_o12,p012_20231005,12,3,4,82,5_S8,0.0072819996,0.014172082,0.000895629,0.0011524681,0.23294538,0.7435524,5_S8
c4_p021_20230816_o03,p021_20230816,21,3,4,64,3_S6,1.15586786e-07,3.1505906e-06,1.2017646e-05,0.997837,0.0021471307,6.1668305e-07,3_S6
c4_p021_20230921_o05,p021_20230921,21,3,4,83,5_S8,1.513313e-07,9.058409e-06,7.053875e-06,1.3711379e-05,0.99878985,0.0011802856,4_S7
c4_p021_20231005_o06,p021_20231005,21,3,4,83,5_S8,5.596645e-08,3.871423e-07,3.5831067e-06,9.758497e-06,0.99635553,0.0036307995,4_S7
c4_p029_20230828_o07,p029_20230828,29,3,4,20,1_S2,0.99175316,2.5208325e-05,0.008214066,6.067849e-07,6.6673724e-06,3.3093553e-07,0_S1
c4_p029_20230904_o12,p029_20230904,29,3,4,52,2_S5,0.35738337,0.00016668481,0.34363386,0.050481047,0.24822667,0.0001083298,0_S1
c4_p029_20230908_o12,p029_20230908,29,3,4,60,3_S6,0.0016775521,0.008146616,0.09276006,0.28593135,0.6112419,0.0002424512,4_S7
c4_p029_20230921_o12,p029_20230921,29,3,4,65,3_S6,3.9473482e-09,2.6798574e-07,1.0948228e-05,2.6897562e-05,0.999954,7.93682e-06,4_S7
c4_p029_20231006_o05,p029_20231006,29,3,4,71,4_S7,2.0284527e-09,2.0972302e-09,2.915356e-07,1.0303048e-05,0.99998343,5.9803683e-06,4_S7
c4_p029_20231017_o07,p029_20231017,29,3,4,72,4_S7,1.3001181e-09,3.1429622e-07,6.8464425e-07,2.2616468e-06,0.9999342,6.247488e-05,4_S7
c4_p029_20231023_o03,p029_20231023,29,3,4,73,4_S7,7.028881e-08,5.5414457e-08,6.7598603e-06,1.7030548e-07,0.99985147,0.00014142018,4_S7
c4_p029_20231027_o12,p029_20231027,29,3,4,74,4_S7,2.2798455e-05,0.006263543,0.0003744317,0.00044305198,0.9862925,0.0066036624,4_S7
c4_p029_20231101_o01,p029_20231101,29,3,4,75,4_S7,0.0018235209,0.018057264,0.0087928325,0.005050209,0.81138134,0.15489483,4_S7
c4_p029_20231106_o10,p029_20231106,29,3,4,76,4_S7,1.1436168e-07,0.14536412,0.00023568897,0.00010094785,0.854263,3.621387e-05,4_S7
c4_p029_20231109_o06,p029_20231109,29,3,4,79,4_S7,5.924836e-10,9.266453e-06,1.7435443e-06,5.4810883e-08,0.9999871,1.7611901e-06,4_S7
c4_p029_20231120_o06,p029_20231120,29,3,4,81,5_S8,3.7662953e-06,0.0005689782,0.00033722402,3.3070355e-05,0.78986067,0.20919627,4_S7
c4_p029_20231124_o02,p029_20231124,29,3,4,83,5_S8,5.3731746e-05,0.0016647216,8.2179664e-05,0.00010517317,0.008631522,0.9894627,5_S8
c4_p029_20231127_o01,p029_20231127,29,3,4,87,5_S8,3.992889e-06,0.0001016883,9.130781e-06,5.0420655e-05,0.049836233,0.94999856,5_S8
c4_p029_20231130_o11,p029_20231130,29,3,4,89,5_S8,7.4489963e-06,5.0307615e-05,1.694271e-05,6.365251e-06,0.0003090011,0.99961,5_S8
c4_p031_20230828_o09,p031_20230828,31,3,4,14,0_S1,0.99999845,3.442896e-08,1.4981347e-06,9.475953e-10,2.406344e-09,2.6411033e-09,0_S1
c4_p031_20230904_o07,p031_20230904,31,3,4,22,1_S2,0.9996681,9.942661e-06,0.00032020322,1.2466663e-06,2.494422e-07,2.4491257e-07,0_S1
c4_p031_20230908_o05,p031_20230908,31,3,4,61,3_S6,0.00013840075,0.00041014064,0.1562188,0.37118888,0.4720161,2.7589673e-05,4_S7
c4_p031_20230921_o05,p031_20230921,31,3,4,63,3_S6,5.4749076e-09,2.4078638e-08,0.00054025254,0.03900448,0.960455,2.224695e-07,4_S7
c4_p031_20231006_o09,p031_20231006,31,3,4,71,4_S7,4.654472e-11,7.6302145e-11,4.6861288e-08,8.9622674e-08,0.9999999,2.3694618e-08,4_S7
c4_p031_20231017_o11,p031_20231017,31,3,4,73,4_S7,0.00076132535,8.226643e-05,0.050057042,0.0032863687,0.873533,0.07227998,4_S7
c4_p031_20231023_o06,p031_20231023,31,3,4,74,4_S7,5.0919504e-09,2.53637e-07,6.54184e-08,1.2341421e-07,0.9992403,0.00075918605,4_S7
c4_p031_20231027_o08,p031_20231027,31,3,4,75,4_S7,3.7029102e-09,4.0941558e-08,2.379845e-06,2.1708355e-07,0.99987376,0.00012359739,4_S7
c4_p031_20231101_o08,p031_20231101,31,3,4,76,4_S7,6.650514e-09,0.0003022996,1.7767878e-05,1.085219e-06,0.99929035,0.0003885259,4_S7
c4_p031_20231106_o02,p031_20231106,31,3,4,77,4_S7,5.473612e-05,0.008387375,0.009145183,0.010900517,0.9409235,0.030588703,4_S7
c4_p031_20231109_o08,p031_20231109,31,3,4,79,4_S7,3.2335683e-05,0.0057783946,0.00011458507,0.00034849774,0.9766459,0.017080246,4_S7
c4_p031_20231120_o08,p031_20231120,31,3,4,80,5_S8,3.728654e-05,0.0020510484,0.00026048688,0.00092383655,0.920597,0.076130204,4_S7
c4_p031_20231124_o01,p031_20231124,31,3,4,81,5_S8,1.1122382e-06,1.0619496e-05,2.4345516e-06,1.14084614e-07,0.00075901387,0.9992267,5_S8
c4_p031_20231127_o12,p031_20231127,31,3,4,84,5_S8,8.545635e-08,3.2188375e-08,2.1268114e-08,1.1108929e-08,0.0019008322,0.998099,5_S8
c4_p031_20231130_o04,p031_20231130,31,3,4,85,5_S8,3.632003e-07,1.1416958e-05,2.660949e-06,2.0311704e-07,0.0001602877,0.99982506,5_S8
c4_p037_20230828_o10,p037_20230828,37,3,4,14,0_S1,0.9937727,0.0030323097,0.002603981,0.00041215916,0.00017441485,4.483183e-06,0_S1
c4_p037_20230904_o12,p037_20230904,37,3,4,54,2_S5,0.00023989269,6.8962116e-05,0.27388027,0.7229795,0.0028304183,9.842229e-07,3_S6
c4_p037_20230908_o09,p037_20230908,37,3,4,60,3_S6,0.0021132124,0.028671557,0.0058901887,0.94923276,0.013810056,0.0002822608,3_S6
c4_p037_20230921_o03,p037_20230921,37,3,4,70,4_S7,1.4658591e-05,1.50558635e-05,0.35021254,0.17293563,0.47681087,1.1226586e-05,4_S7
c4_p037_20231006_o12,p037_20231006,37,3,4,71,4_S7,0.00044889475,0.0013443694,0.031952105,0.3823355,0.58385277,6.628397e-05,4_S7
c4_p037_20231017_o03,p037_20231017,37,3,4,73,4_S7,4.9898663e-06,2.8840339e-05,8.652316e-06,0.0006948342,0.9991648,9.7844124e-05,4_S7
c4_p037_20231023_o08,p037_20231023,37,3,4,75,4_S7,3.4822367e-06,6.340276e-05,0.00015950552,8.908891e-06,0.99927264,0.0004920722,4_S7
c4_p037_20231027_o06,p037_20231027,37,3,4,76,4_S7,0.008877868,0.0040081493,0.0021338747,0.0019010538,0.74699354,0.23608552,4_S7
c4_p037_20231101_o03,p037_20231101,37,3,4,77,4_S7,8.239532e-06,0.0001367394,0.00010387369,0.00014574421,0.99653155,0.003073996,4_S7
c4_p037_20231106_o04,p037_20231106,37,3,4,78,4_S7,6.4344583e-15,3.6817692e-13,5.42494e-09,8.690924e-11,1.0,5.678658e-12,4_S7
c4_p037_20231109_o01,p037_20231109,37,3,4,79,4_S7,6.5949375e-09,5.796037e-06,3.1091777e-06,4.2498073e-06,0.9999734,1.3400398e-05,4_S7
c4_p037_20231120_o07,p037_20231120,37,3,4,80,5_S8,0.00022819742,0.0008968804,0.00069023174,0.00016418911,0.0039866464,0.99403375,5_S8
c4_p037_20231124_o06,p037_20231124,37,3,4,85,5_S8,4.4612434e-06,3.0295846e-06,6.641914e-05,3.628048e-06,6.687473e-05,0.99985564,5_S8
c4_p037_20231127_o03,p037_20231127,37,3,4,87,5_S8,2.3906903e-06,5.3557937e-06,1.0662132e-05,2.3433684e-06,9.423475e-05,0.99988496,5_S8
c4_p037_20231130_o12,p037_20231130,37,3,4,89,5_S8,2.385296e-05,0.00035552974,0.0002520909,3.0262492e-05,0.0011237529,0.9982145,5_S8
c4_p038_20230828_o11,p038_20230828,38,3,4,14,0_S1,0.99984217,1.5157112e-05,0.00014120837,2.2737294e-07,1.109202e-06,1.2921117e-07,0_S1
c4_p038_20230904_o08,p038_20230904,38,3,4,60,3_S6,0.007658359,0.0050275926,0.95718765,0.029924328,0.00019650217,5.604433e-06,2_S5
c4_p038_20230908_o03,p038_20230908,38,3,4,62,3_S6,4.9865057e-06,0.00048517587,0.002420152,0.83225596,0.16482067,1.3082032e-05,3_S6
c4_p038_20230921_o04,p038_20230921,38,3,4,71,4_S7,2.1801152e-06,0.00017813769,0.008417969,0.5142372,0.47668445,0.00047998983,3_S6
c4_p038_20231006_o09,p038_20231006,38,3,4,72,4_S7,2.675354e-13,7.648701e-11,3.9397458e-11,4.33715e-12,0.9999994,6.08579e-07,4_S7
c4_p038_20231017_o11,p038_20231017,38,3,4,73,4_S7,2.9778474e-07,0.00012547313,0.00025612683,0.00011958615,0.99612087,0.0033775936,4_S7
c4_p038_20231023_o09,p038_20231023,38,3,4,74,4_S7,1.0668148e-10,1.2890677e-09,4.1268483e-10,2.7253906e-11,0.99992037,7.967788e-05,4_S7
c4_p038_20231027_o07,p038_20231027,38,3,4,75,4_S7,1.7437952e-07,5.821044e-07,1.48301e-05,2.7259222e-07,0.9946366,0.005347608,4_S7
c4_p038_20231101_o06,p038_20231101,38,3,4,76,4_S7,0.00017650794,0.0025707767,0.00029610278,0.0033266926,0.8859505,0.107679434,4_S7
c4_p038_20231106_o03,p038_20231106,38,3,4,77,4_S7,6.616679e-08,3.3491174e-06,0.0055481438,0.0029760227,0.99146944,2.8259096e-06,4_S7
c4_p038_20231109_o06,p038_20231109,38,3,4,78,4_S7,3.407583e-09,1.7748634e-07,1.5385511e-09,8.011155e-09,0.9996972,0.00030262576,4_S7
c4_p038_20231120_o10,p038_20231120,38,3,4,79,4_S7,1.1763626e-05,0.00013827914,4.9817914e-05,1.6173792e-06,0.29905134,0.70074725,5_S8
c4_p038_20231124_o08,p038_20231124,38,3,4,79,4_S7,9.89014e-09,3.2078304e-08,2.3930489e-09,7.329332e-09,0.26763263,0.7323674,5_S8
c4_p038_20231127_o12,p038_20231127,38,3,4,79,4_S7,1.04632245e-05,0.00023687257,0.0072165555,4.6024845e-05,0.033249874,0.95924026,5_S8
c4_p038_20231130_o10,p038_20231130,38,3,4,80,5_S8,1.1242521e-06,6.8645977e-06,6.8610934e-05,1.4265694e-06,0.28287405,0.7170479,5_S8
c4_p039_20230828_o07,p039_20230828,39,3,4,14,0_S1,0.99929416,2.75093e-05,0.0006691802,2.4813207e-06,5.683154e-06,9.942644e-07,0_S1
c4_p039_20230904_o03,p039_20230904,39,3,4,17,0_S1,0.1765386,0.0017800379,0.8085308,0.0026637835,0.01042117,6.557767e-05,2_S5
c4_p039_20230908_o09,p039_20230908,39,3,4,53,2_S5,0.37706086,0.100747444,0.016124802,0.38040274,0.1249503,0.000713806,3_S6
c4_p039_20230921_o12,p039_20230921,39,3,4,70,4_S7,4.3937375e-11,3.252618e-07,3.542277e-08,3.9379486e-08,0.99998415,1.5475305e-05,4_S7
c4_p039_20231006_o11,p039_20231006,39,3,4,73,4_S7,6.177052e-09,6.9247726e-08,1.2283646e-06,3.3440283e-06,0.99999535,9.707923e-08,4_S7
c4_p039_20231017_o08,p039_20231017,39,3,4,74,4_S7,2.6426257e-08,6.9189537e-07,3.4874745e-06,3.5075394e-05,0.9999505,1.0217095e-05,4_S7
c4_p039_20231023_o03,p039_20231023,39,3,4,75,4_S7,2.2101814e-09,4.7294172e-08,5.443277e-06,2.8426857e-07,0.9999864,7.829974e-06,4_S7
c4_p039_20231027_o05,p039_20231027,39,3,4,76,4_S7,2.504889e-05,0.017888224,0.2775955,0.092886016,0.6085567,0.0030485503,4_S7
c4_p039_20231101_o01,p039_20231101,39,3,4,77,4_S7,3.1880434e-05,0.0007948575,0.017984625,0.010793559,0.96991515,0.00047983948,4_S7
c4_p039_20231106_o03,p039_20231106,39,3,4,78,4_S7,1.8582467e-06,0.00030383238,0.0053972006,0.0014883623,0.99276686,4.179303e-05,4_S7
c4_p039_20231109_o08,p039_20231109,39,3,4,79,4_S7,6.916791e-05,0.0118727535,0.0005468684,0.0017803864,0.9796489,0.0060818903,4_S7
c4_p039_20231120_o10,p039_20231120,39,3,4,80,5_S8,6.575785e-05,0.00046281455,0.90000594,0.00030445238,0.016073285,0.08308772,2_S5
c4_p039_20231124_o03,p039_20231124,39,3,4,81,5_S8,1.6753585e-05,0.0005298999,0.48809657,0.00010240398,0.009554477,0.5016999,5_S8
c4_p039_20231127_o10,p039_20231127,39,3,4,81,5_S8,0.00011108131,0.0003521102,0.07175863,0.0007135814,0.21760581,0.7094588,5_S8
c4_p039_20231130_o08,p039_20231130,39,3,4,82,5_S8,0.00019210017,0.0017291614,0.017714009,0.0012126073,0.0037501517,0.97540194,5_S8
c4_p045_20230929_o10,p045_20230929,45,3,4,13,0_S1,0.9996941,2.3487958e-06,0.00029715558,9.386886e-07,4.877761e-06,6.259451e-07,0_S1
c4_p045_20231004_o07,p045_20231004,45,3,4,13,0_S1,0.9999759,2.0509192e-06,1.9402356e-05,6.139583e-08,2.3267812e-06,9.9096496e-08,0_S1
c4_p045_20231011_o05,p045_20231011,45,3,4,14,0_S1,0.9976451,0.0004897539,0.000121078236,7.156517e-05,0.0016676042,4.9020223e-06,0_S1
c4_p045_20231017_o08,p045_20231017,45,3,4,15,0_S1,0.99824715,0.0014004748,0.00034075737,9.9267945e-06,1.4188234e-06,3.5293974e-07,0_S1
c4_p045_20231019_o12,p045_20231019,45,3,4,51,2_S5,0.00024443446,3.2328826e-06,0.9924064,0.0030387272,0.004306927,1.9340753e-07,2_S5
c4_p045_20231023_o12,p045_20231023,45,3,4,53,2_S5,0.0024701299,0.004866795,0.5039685,0.45003805,0.038653657,2.9012997e-06,2_S5
c4_p045_20231027_o06,p045_20231027,45,3,4,60,3_S6,0.007053166,0.5410646,0.040780563,0.18611857,0.2230805,0.0019025722,1_S2
c4_p045_20231101_o03,p045_20231101,45,3,4,61,3_S6,1.4818706e-06,2.720312e-07,0.0003557421,0.0053398195,0.9943025,1.5971818e-07,4_S7
c4_p045_20231106_o08,p045_20231106,45,3,4,66,3_S6,9.891806e-09,2.0454563e-05,7.961868e-06,0.998892,0.0010770983,2.5530471e-06,3_S6
c4_p045_20231109_o10,p045_20231109,45,3,4,70,4_S7,8.223561e-10,1.0463469e-09,1.04085025e-07,0.00021831437,0.9997812,3.9081368e-07,4_S7
c4_p045_20231120_o10,p045_20231120,45,3,4,72,4_S7,2.737487e-07,3.601933e-07,1.14431905e-05,0.0021335946,0.99780995,4.4508615e-05,4_S7
c4_p045_20231127_o06,p045_20231127,45,3,4,73,4_S7,2.4395246e-09,2.532094e-08,2.2793618e-06,5.072366e-07,0.9999926,4.5398015e-06,4_S7
c4_p045_20231130_o04,p045_20231130,45,3,4,76,4_S7,4.3938325e-08,2.8293385e-08,5.4845714e-06,0.00032150815,0.9996724,6.2384936e-07,4_S7
c4_p045_20231204_o10,p045_20231204,45,3,4,77,4_S7,3.4263982e-07,8.2734154e-08,1.6137527e-06,4.3678037e-06,0.9999877,5.8275355e-06,4_S7
c4_p045_20231211_o03,p045_20231211,45,3,4,78,4_S7,7.614702e-09,1.5046832e-06,1.958328e-06,2.3396115e-06,0.99997985,1.43909965e-05,4_S7
c4_p045_20231214_o02,p045_20231214,45,3,4,78,4_S7,1.4530874e-06,8.646683e-06,3.5015597e-05,7.4163734e-05,0.9993994,0.00048136443,4_S7
c4_p045_20231218_o04,p045_20231218,45,3,4,79,4_S7,3.120605e-08,9.695241e-07,5.9660624e-07,5.0606452e-08,0.9999236,7.4845186e-05,4_S7
c4_p045_20231227_o02,p045_20231227,45,3,4,79,4_S7,1.8564664e-08,7.405604e-08,1.1493353e-06,2.4603357e-06,0.9980792,0.0019170997,4_S7
c4_p045_20240104_o02,p045_20240104,45,3,4,80,5_S8,1.649038e-08,2.2244845e-07,2.1285918e-07,9.5988185e-08,0.04174228,0.95825714,5_S8
c4_p046_20230929_o04,p046_20230929,46,3,4,13,0_S1,0.99987113,3.6691213e-06,0.00010809494,2.70518e-06,1.1796194e-05,2.5546676e-06,0_S1
c4_p046_20231004_o06,p046_20231004,46,3,4,13,0_S1,0.9919213,0.00010071132,0.0078988485,2.7883912e-05,4.598907e-05,5.2937457e-06,0_S1
c4_p046_20231011_o05,p046_20231011,46,3,4,14,0_S1,0.99915636,1.4098123e-05,0.00067088974,2.7680471e-05,0.00013006176,9.173382e-07,0_S1
c4_p046_20231017_o09,p046_20231017,46,3,4,52,2_S5,0.9742167,0.021560477,0.004120493,8.687069e-05,1.3913594e-05,1.5532612e-06,0_S1
c4_p046_20231019_o01,p046_20231019,46,3,4,54,2_S5,0.0003704588,0.00011074676,0.95879084,0.038825206,0.0019023928,2.943842e-07,2_S5
c4_p046_20231023_o06,p046_20231023,46,3,4,60,3_S6,0.043427683,0.0067375023,0.7000171,0.2222712,0.02752588,2.067128e-05,2_S5
c4_p046_20231027_o09,p046_20231027,46,3,4,61,3_S6,5.7506655e-05,0.00038906996,0.0057261353,0.98059,0.013224853,1.2488887e-05,3_S6
c4_p046_20231101_o11,p046_20231101,46,3,4,61,3_S6,2.2156566e-08,3.8349856e-07,0.00015798626,0.9997174,0.00012420285,1.3641233e-08,3_S6
c4_p046_20231106_o12,p046_20231106,46,3,4,65,3_S6,2.4794792e-08,2.724501e-07,7.0403294e-05,0.9794041,0.020524815,2.671667e-07,3_S6
c4_p046_20231109_o02,p046_20231109,46,3,4,66,3_S6,1.9029167e-07,2.9980297e-06,1.4048301e-05,0.0012871693,0.9986817,1.3752388e-05,4_S7
c4_p046_20231120_o12,p046_20231120,46,3,4,71,4_S7,7.099935e-07,3.2224012e-05,2.122812e-07,0.0051570195,0.9948079,1.9238707e-06,4_S7
c4_p046_20231127_o10,p046_20231127,46,3,4,71,4_S7,3.2154182e-06,5.7625468e-05,6.1881976e-05,0.07255711,0.92731047,9.710306e-06,4_S7
c4_p046_20231130_o02,p046_20231130,46,3,4,72,4_S7,8.295488e-09,0.00040072767,2.3186862e-08,6.8834256e-06,0.99944645,0.0001459468,4_S7
c4_p046_20231204_o12,p046_20231204,46,3,4,73,4_S7,3.3386635e-10,1.13326074e-07,4.4371344e-08,0.00015278682,0.99984705,5.790965e-09,4_S7
c4_p046_20231211_o04,p046_20231211,46,3,4,76,4_S7,1.0860903e-06,4.4086213e-05,2.5174846e-05,4.643447e-07,0.99359965,0.0063295593,4_S7
c4_p046_20231214_o07,p046_20231214,46,3,4,78,4_S7,3.4849688e-09,8.0109196e-08,5.732442e-09,8.921388e-06,0.9999895,1.490551e-06,4_S7
c4_p046_20231218_o07,p046_20231218,46,3,4,79,4_S7,2.6598473e-06,3.4939185e-05,5.718292e-05,8.230925e-05,0.99110705,0.008715847,4_S7
c4_p046_20231227_o02,p046_20231227,46,3,4,79,4_S7,2.9107896e-06,2.0793777e-05,0.0005365638,0.0001495635,0.85441536,0.14487483,4_S7
c4_p046_20240104_o03,p046_20240104,46,3,4,81,5_S8,5.584076e-06,2.341948e-05,3.490407e-05,1.8534973e-05,0.00087830966,0.9990392,5_S8
c4_p048_20230929_o03,p048_20230929,48,3,4,13,0_S1,0.9999517,1.6338018e-06,4.0499875e-05,6.661653e-07,4.129152e-06,1.2947679e-06,0_S1
c4_p048_20231004_o10,p048_20231004,48,3,4,13,0_S1,0.9999999,8.016114e-10,1.5415128e-07,1.4603629e-11,4.8629656e-10,1.9921895e-10,0_S1
c4_p048_20231011_o06,p048_20231011,48,3,4,14,0_S1,0.9223169,0.0029902465,0.06360222,0.0003826269,0.010384228,0.00032374528,0_S1
c4_p048_20231017_o09,p048_20231017,48,3,4,15,0_S1,0.8197765,0.15088604,0.029198958,5.068667e-05,8.663991e-05,1.1322066e-06,0_S1
c4_p048_20231019_o04,p048_20231019,48,3,4,16,0_S1,0.07497778,0.014322391,0.8675478,0.041854933,0.0012807916,1.637133e-05,2_S5
c4_p048_20231023_o03,p048_20231023,48,3,4,54,2_S5,3.340482e-08,3.7502428e-08,0.00090154505,0.99859303,0.00050531456,2.7529348e-09,3_S6
c4_p048_20231027_o11,p048_20231027,48,3,4,60,3_S6,3.0429765e-09,1.74982e-08,5.9528782e-05,0.99991417,2.632917e-05,3.0091757e-10,3_S6
c4_p048_20231101_o08,p048_20231101,48,3,4,62,3_S6,4.941113e-07,1.6418726e-05,0.0010411193,0.95465446,0.044285987,1.5428639e-06,3_S6
c4_p048_20231106_o11,p048_20231106,48,3,4,65,3_S6,7.4316824e-07,3.3866e-05,0.0012515553,0.99079144,0.007918965,3.4023244e-06,3_S6
c4_p048_20231109_o01,p048_20231109,48,3,4,67,3_S6,8.6993605e-06,0.6817845,0.008576894,0.027945958,0.281392,0.00029191864,1_S2
c4_p048_20231120_o10,p048_20231120,48,3,4,70,4_S7,1.9960131e-08,3.9545742e-07,0.0009009651,1.47161845e-05,0.99908245,1.4008302e-06,4_S7
c4_p048_20231127_o07,p048_20231127,48,3,4,72,4_S7,1.8414684e-09,4.7176627e-09,2.2924626e-08,5.162074e-07,0.9999989,5.4616356e-07,4_S7
c4_p048_20231130_o12,p048_20231130,48,3,4,73,4_S7,1.8087189e-06,1.1112423e-05,6.193674e-05,5.3903106e-05,0.8987816,0.10108964,4_S7
c4_p048_20231204_o06,p048_20231204,48,3,4,74,4_S7,1.88594e-07,1.7484122e-06,1.0197995e-05,8.0340105e-06,0.99385923,0.0061205425,4_S7
c4_p048_20231211_o11,p048_20231211,48,3,4,76,4_S7,8.521945e-11,3.5315764e-09,4.275075e-09,4.052109e-09,0.99998057,1.9458223e-05,4_S7
c4_p048_20231214_o07,p048_20231214,48,3,4,77,4_S7,6.5211956e-09,1.00103975e-07,9.655832e-08,1.0256773e-05,0.99998415,5.436339e-06,4_S7
c4_p048_20231218_o10,p048_20231218,48,3,4,78,4_S7,2.7518931e-06,0.00020284862,0.0007517043,6.243564e-05,0.66383976,0.33514044,4_S7
c4_p048_20231227_o07,p048_20231227,48,3,4,79,4_S7,2.0830491e-08,9.3237315e-07,1.7534654e-05,6.1700293e-06,0.9949864,0.004988962,4_S7
c4_p048_20240104_o10,p048_20240104,48,3,4,80,5_S8,3.0525916e-06,5.0761055e-06,2.85354e-06,5.1167917e-06,0.007099214,0.9928847,5_S8
c4_p053_20230929_o12,p053_20230929,53,3,4,13,0_S1,0.99998057,1.2151118e-06,1.48415975e-05,2.9981678e-07,1.9767463e-06,9.649634e-07,0_S1
c4_p053_20231004_o05,p053_20231004,53,3,4,13,0_S1,0.99901545,7.508735e-07,0.0009815018,6.223256e-07,1.2437204e-06,3.9522203e-07,0_S1
c4_p053_20231011_o08,p053_20231011,53,3,4,15,0_S1,0.7574905,0.0025766895,0.2182408,0.010708133,0.010932263,5.1626805e-05,0_S1
c4_p053_20231017_o09,p053_20231017,53,3,4,53,2_S5,0.02025774,8.151159e-05,0.9537863,0.022589086,0.0032810974,4.2598776e-06,2_S5
c4_p053_20231019_o12,p053_20231019,53,3,4,54,2_S5,0.1104125,0.0050390665,0.8434082,0.03297359,0.008151468,1.52189705e-05,2_S5
c4_p053_20231023_o03,p053_20231023,53,3,4,60,3_S6,8.3902334e-05,2.9416979e-05,0.21515542,0.7844791,0.0002520802,1.0674525e-07,3_S6
c4_p053_20231027_o06,p053_20231027,53,3,4,63,3_S6,3.812495e-08,1.8833266e-08,0.0022624906,0.9136822,0.08405512,4.4535955e-08,3_S6
c4_p053_20231101_o01,p053_20231101,53,3,4,65,3_S6,0.00022898547,0.00059368974,0.044860963,0.85435086,0.0999379,2.7558104e-05,3_S6
c4_p053_20231106_o02,p053_20231106,53,3,4,67,3_S6,8.854221e-08,9.605243e-07,0.0001162954,0.0012603332,0.9986216,6.4333534e-07,4_S7
c4_p053_20231109_o08,p053_20231109,53,3,4,70,4_S7,1.7701986e-07,0.07101485,3.550113e-05,0.00050282304,0.9284436,2.974997e-06,4_S7
c4_p053_20231120_o09,p053_20231120,53,3,4,72,4_S7,1.2678775e-06,1.1443858e-06,0.00010388616,0.004778376,0.9926368,0.0024784121,4_S7
c4_p053_20231127_o07,p053_20231127,53,3,4,74,4_S7,4.8780826e-08,3.0853784e-07,8.0999125e-06,3.6738063e-05,0.9999422,1.2680338e-05,4_S7
c4_p053_20231130_o10,p053_20231130,53,3,4,75,4_S7,5.750987e-09,1.132908e-08,1.3148589e-07,4.075582e-08,0.9999082,9.156677e-05,4_S7
c4_p053_20231204_o09,p053_20231204,53,3,4,76,4_S7,1.20515e-10,8.044324e-11,8.219229e-10,2.3287827e-09,0.9999981,1.8846589e-06,4_S7
c4_p053_20231211_o11,p053_20231211,53,3,4,78,4_S7,7.5490414e-07,9.108958e-05,0.000109921224,3.5781327e-06,0.979162,0.020632727,4_S7
c4_p053_20231214_o06,p053_20231214,53,3,4,80,5_S8,3.4121917e-06,1.6305208e-05,2.4280098e-07,1.4804531e-06,0.9770866,0.022891974,4_S7
c4_p053_20231218_o01,p053_20231218,53,3,4,81,5_S8,5.0310507e-07,6.360454e-06,1.0237092e-05,0.0014528066,0.99523383,0.00329628,4_S7
c4_p053_20231227_o11,p053_20231227,53,3,4,79,4_S7,1.4153497e-06,1.5367823e-05,2.2903316e-05,4.192077e-05,0.015752444,0.984166,5_S8
c4_p053_20240104_o12,p053_20240104,53,3,4,79,4_S7,5.3601474e-07,1.786077e-06,1.1550958e-05,1.39757285e-05,0.0014418417,0.9985304,5_S8
c4_p061_20230929_o12,p061_20230929,61,3,4,13,0_S1,0.99996054,2.0863415e-06,3.091945e-05,7.5601633e-07,3.6816127e-06,2.0520927e-06,0_S1
c4_p061_20231004_o04,p061_20231004,61,3,4,13,0_S1,0.9999988,2.525221e-09,1.2441423e-06,1.8567245e-10,2.6825626e-09,3.009954e-09,0_S1
c4_p061_20231011_o10,p061_20231011,61,3,4,14,0_S1,0.95662004,0.00047880836,0.04139685,0.00041474178,0.0010221452,6.7484914e-05,0_S1
c4_p061_20231017_o08,p061_20231017,61,3,4,53,2_S5,0.08084392,0.020053705,0.5328439,0.09183796,0.27439582,2.4728453e-05,2_S5
c4_p061_20231019_o05,p061_20231019,61,3,4,53,2_S5,0.0019074039,0.0026340808,0.015334134,0.5328942,0.4469932,0.00023699754,3_S6
c4_p061_20231023_o09,p061_20231023,61,3,4,60,3_S6,2.1497394e-06,1.6772775e-06,0.037352465,0.00014802262,0.96249557,1.6960438e-08,4_S7
c4_p061_20231027_o04,p061_20231027,61,3,4,61,3_S6,0.022238644,0.0063745864,0.2343933,0.62857497,0.108012006,0.00040653435,3_S6
c4_p061_20231101_o09,p061_20231101,61,3,4,62,3_S6,5.4155444e-05,0.0004124025,0.1894442,0.73589975,0.07418778,1.7513161e-06,3_S6
c4_p061_20231106_o12,p061_20231106,61,3,4,63,3_S6,7.51946e-05,0.0011065962,0.009685528,0.9641266,0.024879891,0.00012616694,3_S6
c4_p061_20231109_o08,p061_20231109,61,3,4,63,3_S6,5.1040575e-07,2.3444845e-05,0.00057431875,0.07265727,0.9267419,2.5260954e-06,4_S7
c4_p061_20231120_o01,p061_20231120,61,3,4,71,4_S7,4.2992753e-05,5.3783242e-05,0.00073134224,0.010454745,0.9886764,4.0755065e-05,4_S7
c4_p061_20231127_o09,p061_20231127,61,3,4,72,4_S7,1.10930834e-10,1.8666216e-10,2.6350973e-09,4.054179e-07,0.99999917,3.8817552e-07,4_S7
c4_p061_20231130_o11,p061_20231130,61,3,4,73,4_S7,1.7564527e-07,4.5452592e-07,3.7633024e-06,2.4532046e-05,0.9996774,0.00029370887,4_S7
c4_p061_20231204_o10,p061_20231204,61,3,4,74,4_S7,6.177575e-08,3.13971e-07,4.380227e-06,3.437542e-06,0.9997019,0.00028978745,4_S7
c4_p061_20231211_o04,p061_20231211,61,3,4,75,4_S7,3.7448444e-07,6.373342e-07,0.0001231269,2.5144295e-06,0.99715495,0.002718385,4_S7
c4_p061_20231214_o02,p061_20231214,61,3,4,76,4_S7,1.0900319e-06,3.795603e-07,3.065189e-06,1.81039e-05,0.9991972,0.000780129,4_S7
c4_p061_20231218_o07,p061_20231218,61,3,4,79,4_S7,2.7140086e-08,4.476708e-09,1.5859958e-06,3.3559127e-07,0.99988425,0.00011387509,4_S7
c4_p061_20231227_o07,p061_20231227,61,3,4,80,5_S8,3.404326e-05,0.00016061102,0.0012872589,0.00019612786,0.58314043,0.41518146,4_S7
c4_p061_20240104_o08,p061_20240104,61,3,4,82,5_S8,7.596213e-06,9.824452e-07,1.839435e-05,1.839413e-06,0.80037785,0.19959332,4_S7
c4_p067_20231006_o09,p067_20231006,67,3,4,13,0_S1,0.999209,3.7890906e-05,0.0005837815,3.5652738e-05,0.000110849964,2.2854356e-05,0_S1
c4_p067_20231011_o04,p067_20231011,67,3,4,13,0_S1,0.9997458,9.469028e-06,0.00018884236,9.905896e-06,2.7129592e-05,1.8792512e-05,0_S1
c4_p067_20231017_o06,p067_20231017,67,3,4,13,0_S1,0.9995378,3.5044384e-06,0.00044585968,3.6424271e-06,8.107702e-06,1.0927793e-06,0_S1
c4_p067_20231019_o08,p067_20231019,67,3,4,14,0_S1,0.93136275,0.012462321,0.04704011,0.006894806,0.001897431,0.0003426692,0_S1
c4_p067_20231023_o08,p067_20231023,67,3,4,14,0_S1,0.9510997,9.287937e-05,0.0487027,1.977891e-05,7.291291e-05,1.2012315e-05,0_S1
c4_p067_20231027_o09,p067_20231027,67,3,4,54,2_S5,0.89589095,0.04011062,0.060519647,0.0018009943,0.0016113853,6.634744e-05,0_S1
c4_p067_20231101_o12,p067_20231101,67,3,4,60,3_S6,0.008095706,5.55311e-08,0.99187636,7.1968026e-07,2.7085942e-05,4.4477697e-10,2_S5
c4_p067_20231106_o01,p067_20231106,67,3,4,63,3_S6,5.39002e-06,1.41619685e-05,0.0065410226,0.99138075,0.0020585195,1.628679e-07,3_S6
c4_p067_20231109_o12,p067_20231109,67,3,4,69,3_S6,3.6674028e-06,1.5006767e-05,0.0011928887,0.99736816,0.0014196002,7.352615e-07,3_S6
c4_p067_20231120_o09,p067_20231120,67,3,4,70,4_S7,0.00019162723,0.00014712662,0.0034853478,0.31860322,0.6774796,9.306687e-05,4_S7
c4_p067_20231127_o11,p067_20231127,67,3,4,71,4_S7,1.8158795e-08,2.1989071e-07,1.2277615e-06,0.007211205,0.99278694,4.1021445e-07,4_S7
c4_p067_20231130_o07,p067_20231130,67,3,4,72,4_S7,1.1541461e-07,7.1945067e-07,1.1516174e-05,0.0011414237,0.99881375,3.25059e-05,4_S7
c4_p067_20231204_o04,p067_20231204,67,3,4,75,4_S7,2.5081953e-08,7.007745e-08,2.1950518e-06,1.5156824e-05,0.99991465,6.802768e-05,4_S7
c4_p067_20231211_o07,p067_20231211,67,3,4,76,4_S7,9.828486e-09,1.635319e-08,2.5407053e-07,3.388811e-05,0.9999654,4.5549754e-07,4_S7
c4_p067_20231214_o08,p067_20231214,67,3,4,77,4_S7,5.1205827e-08,2.918877e-07,1.7109509e-06,0.0009211265,0.9990717,5.1748398e-06,4_S7
c4_p067_20231218_o03,p067_20231218,67,3,4,78,4_S7,1.5249475e-06,7.848458e-06,4.381933e-05,0.0006093517,0.9851879,0.0141495615,4_S7
c4_p067_20231227_o09,p067_20231227,67,3,4,79,4_S7,9.13696e-05,0.00032977434,0.00095723144,0.01637135,0.9496624,0.032587964,4_S7
c4_p067_20240115_o07,p067_20240115,67,3,4,79,4_S7,9.08627e-06,1.07718915e-05,4.5324898e-05,1.8022844e-05,0.0013135467,0.9986034,5_S8
c4_p067_20240119_o07,p067_20240119,67,3,4,82,5_S8,2.4377605e-06,5.8811715e-06,3.827032e-06,1.1035225e-05,0.0007451307,0.9992317,5_S8
c4_p067_20240126_o04,p067_20240126,67,3,4,86,5_S8,5.790572e-05,4.5139146e-05,3.2127904e-05,0.0005808531,0.0010796626,0.99820435,5_S8
c4_p072_20231006_o01,p072_20231006,72,3,4,13,0_S1,0.9997526,1.5441488e-05,0.00016670306,8.70223e-06,4.547969e-05,1.1010337e-05,0_S1
c4_p072_20231011_o06,p072_20231011,72,3,4,13,0_S1,0.9982147,0.00018684406,0.0011734153,0.000120514036,0.00021857556,8.5909785e-05,0_S1
c4_p072_20231017_o06,p072_20231017,72,3,4,13,0_S1,0.9999695,8.652854e-06,2.0033556e-05,4.920109e-07,9.20911e-07,4.3469112e-07,0_S1
c4_p072_20231019_o10,p072_20231019,72,3,4,14,0_S1,0.90788454,0.01338233,0.07598214,0.0017621733,0.00066344783,0.00032545504,0_S1
c4_p072_20231023_o11,p072_20231023,72,3,4,15,0_S1,0.99872154,1.7067451e-08,0.0012784566,2.8432015e-10,8.807865e-10,5.384325e-10,0_S1
c4_p072_20231027_o04,p072_20231027,72,3,4,53,2_S5,0.011749152,0.001840266,0.98138547,0.0049806572,4.4275104e-05,2.467046e-07,2_S5
c4_p072_20231101_o07,p072_20231101,72,3,4,55,2_S5,0.0007800858,0.00031976437,0.8352825,0.006074755,0.15754046,2.406608e-06,2_S5
c4_p072_20231106_o02,p072_20231106,72,3,4,63,3_S6,5.5630466e-08,1.0469999e-07,0.00018269038,0.9989436,0.00087348046,1.6214265e-08,3_S6
c4_p072_20231109_o03,p072_20231109,72,3,4,65,3_S6,9.2191854e-05,0.00015462452,0.025420103,0.9066748,0.06760472,5.3574833e-05,3_S6
c4_p072_20231120_o08,p072_20231120,72,3,4,70,4_S7,1.1309541e-08,8.941428e-08,0.0059828935,0.59639865,0.39761844,1.0284735e-08,3_S6
c4_p072_20231127_o07,p072_20231127,72,3,4,72,4_S7,9.198148e-08,6.903047e-07,2.1010503e-05,0.010878844,0.9890914,7.94337e-06,4_S7
c4_p072_20231130_o08,p072_20231130,72,3,4,75,4_S7,8.679867e-07,0.00023619743,1.3107315e-05,0.00012430301,0.9995566,6.896042e-05,4_S7
c4_p072_20231204_o12,p072_20231204,72,3,4,76,4_S7,2.0039797e-06,1.6847393e-05,9.3276416e-05,0.00076405733,0.9990746,4.9187074e-05,4_S7
c4_p072_20231211_o11,p072_20231211,72,3,4,77,4_S7,8.115358e-08,2.0725497e-06,1.4029098e-06,1.6742e-05,0.99997616,3.42605e-06,4_S7
c4_p072_20231214_o03,p072_20231214,72,3,4,78,4_S7,6.684554e-08,9.519859e-08,2.6900398e-07,1.196964e-05,0.9997315,0.00025602835,4_S7
c4_p072_20231218_o04,p072_20231218,72,3,4,79,4_S7,3.459983e-08,8.990682e-09,2.2409587e-07,1.593902e-06,0.9987111,0.0012870426,4_S7
c4_p072_20231227_o04,p072_20231227,72,3,4,79,4_S7,3.2754346e-09,5.2350386e-09,1.1730565e-08,3.2415578e-08,0.99767035,0.0023295823,4_S7
c4_p072_20240115_o06,p072_20240115,72,3,4,82,5_S8,6.075638e-08,1.7866984e-07,1.5786141e-07,5.396327e-08,0.0027078823,0.9972916,5_S8
c4_p072_20240119_o01,p072_20240119,72,3,4,83,5_S8,9.209166e-06,1.0146452e-05,4.3189175e-06,2.3433718e-06,0.0009796831,0.9989943,5_S8
c4_p072_20240126_o05,p072_20240126,72,3,4,86,5_S8,1.03892175e-08,2.8337999e-08,1.5198008e-08,3.87627e-09,3.3803983e-05,0.99996614,5_S8
c4_p076_20231006_o03,p076_20231006,76,3,4,13,0_S1,0.9996215,1.38768255e-05,0.00029512664,8.320679e-06,5.0194136e-05,1.0870606e-05,0_S1
c4_p076_20231011_o12,p076_20231011,76,3,4,13,0_S1,0.99826705,6.7183595e-05,0.0014720488,9.492467e-05,7.559989e-05,2.3132869e-05,0_S1
c4_p076_20231017_o04,p076_20231017,76,3,4,13,0_S1,0.99351245,5.3172393e-05,0.0055588633,8.172145e-05,0.00077348854,2.0303603e-05,0_S1
c4_p076_20231019_o05,p076_20231019,76,3,4,14,0_S1,0.96391845,0.0010518024,0.03131088,0.0014872205,0.0019940773,0.00023766849,0_S1
c4_p076_20231023_o05,p076_20231023,76,3,4,15,0_S1,0.93987423,0.0003607654,0.044243816,0.00022333689,0.015024749,0.00027299215,0_S1
c4_p076_20231027_o10,p076_20231027,76,3,4,20,1_S2,0.023898678,0.038454574,0.48925626,0.40124848,0.046993636,0.0001483009,2_S5
c4_p076_20231101_o04,p076_20231101,76,3,4,53,2_S5,5.990437e-06,1.2124158e-06,0.06346682,0.18237384,0.7541521,3.7476646e-08,4_S7
c4_p076_20231106_o03,p076_20231106,76,3,4,60,3_S6,2.5434486e-09,2.6962079e-08,4.2899734e-05,0.9960524,0.0039046428,1.382834e-08,3_S6
c4_p076_20231109_o07,p076_20231109,76,3,4,64,3_S6,9.328291e-06,0.00021283659,0.00027589133,0.97696894,0.022247178,0.0002858588,3_S6
c4_p076_20231120_o04,p076_20231120,76,3,4,68,3_S6,3.3760173e-08,6.4102375e-07,9.769222e-06,0.003412689,0.9965719,5.0472286e-06,4_S7
c4_p076_20231127_o09,p076_20231127,76,3,4,72,4_S7,7.915791e-05,0.0018479672,0.008156969,0.0019131931,0.9044567,0.08354604,4_S7
c4_p076_20231130_o12,p076_20231130,76,3,4,73,4_S7,3.745747e-06,1.2709508e-05,0.00010566816,0.017638987,0.9821415,9.738869e-05,4_S7
c4_p076_20231204_o11,p076_20231204,76,3,4,74,4_S7,3.2779877e-05,7.0946335e-05,8.8800225e-05,0.008926518,0.99070054,0.00018035965,4_S7
c4_p076_20231211_o04,p076_20231211,76,3,4,75,4_S7,1.6480683e-07,1.6226195e-07,2.262046e-05,3.2280127e-06,0.9974421,0.002531712,4_S7
c4_p076_20231214_o03,p076_20231214,76,3,4,75,4_S7,1.9878017e-08,1.610545e-08,8.568366e-09,6.6484483e-07,0.9996594,0.00033989517,4_S7
c4_p076_20231218_o03,p076_20231218,76,3,4,76,4_S7,1.6344538e-05,1.6748949e-05,1.4565124e-05,2.2795932e-05,0.8451095,0.15482,4_S7
c4_p076_20231227_o11,p076_20231227,76,3,4,78,4_S7,7.160636e-06,6.235183e-05,0.00079470524,1.88391e-05,0.7104198,0.28869712,4_S7
c4_p076_20240115_o10,p076_20240115,76,3,4,80,5_S8,3.7076483e-05,0.0008698413,0.008732483,4.3394204e-05,0.005694514,0.98462266,5_S8
c4_p076_20240119_o12,p076_20240119,76,3,4,84,5_S8,5.019257e-06,3.6168665e-06,3.203877e-06,1.1567411e-06,6.629974e-05,0.9999207,5_S8
c4_p076_20240126_o12,p076_20240126,76,3,4,86,5_S8,8.878109e-06,1.9059626e-05,1.380287e-05,2.7162947e-05,0.00018296498,0.99974805,5_S8
c4_p093_20231128_o08,p093_20231128,93,3,4,66,3_S6,1.4726173e-06,5.915667e-06,0.00030533283,0.99948174,0.0002055032,6.8633604e-08,3_S6
c4_p093_20231130_o02,p093_20231130,93,3,4,68,3_S6,2.351618e-08,4.3866288e-07,5.0008493e-06,0.99762374,0.0023707934,1.3146445e-08,3_S6
c4_p093_20231204_o07,p093_20231204,93,3,4,69,3_S6,2.1098167e-06,1.4515868e-05,0.0001412164,0.9920696,0.0077679628,4.650616e-06,3_S6
c4_p093_20231207_o01,p093_20231207,93,3,4,70,4_S7,1.3218138e-07,1.5424968e-06,5.4251403e-05,0.41690502,0.5830382,7.831902e-07,4_S7
c4_p093_20231211_o03,p093_20231211,93,3,4,71,4_S7,1.8172087e-09,1.074749e-08,3.9128845e-06,0.002941303,0.9970547,2.4436305e-08,4_S7
c4_p093_20231218_o05,p093_20231218,93,3,4,73,4_S7,1.6823738e-09,1.0691867e-08,1.4660981e-08,6.849496e-08,0.99992764,7.223187e-05,4_S7
c4_p093_20231227_o12,p093_20231227,93,3,4,75,4_S7,3.3536066e-06,2.2641454e-05,4.298995e-05,0.00019409315,0.99700063,0.0027362583,4_S7
c4_p093_20240115_o05,p093_20240115,93,3,4,76,4_S7,9.725821e-09,1.3802162e-07,9.73169e-08,5.4283742e-08,0.96996284,0.0300369,4_S7
c4_p093_20240119_o05,p093_20240119,93,3,4,79,4_S7,1.8520281e-07,4.239642e-07,1.61332e-07,0.00019995192,0.99486864,0.0049305963,4_S7
c4_p093_20240126_o07,p093_20240126,93,3,4,83,5_S8,9.191448e-05,0.00017957286,1.356422e-06,2.220958e-05,0.0016219182,0.998083,5_S8
c4_p096_20231128_o07,p096_20231128,96,3,4,66,3_S6,1.6840487e-06,6.619842e-06,0.00014035964,0.99980634,4.495088e-05,1.09450966e-07,3_S6
c4_p096_20231130_o01,p096_20231130,96,3,4,68,3_S6,2.6521732e-07,4.566e-06,3.5285353e-05,0.9997551,0.0002047787,1.715948e-08,3_S6
c4_p096_20231204_o10,p096_20231204,96,3,4,69,3_S6,7.1626004e-05,0.00031403056,0.0015741537,0.9778787,0.020123502,3.8052913e-05,3_S6
c4_p096_20231207_o09,p096_20231207,96,3,4,70,4_S7,1.917105e-06,3.054285e-05,7.4496864e-05,0.9729001,0.026957957,3.4983237e-05,3_S6
c4_p096_20231211_o07,p096_20231211,96,3,4,71,4_S7,9.743897e-06,8.860183e-06,0.00029351295,0.8337248,0.16595894,4.140544e-06,3_S6
c4_p096_20231218_o04,p096_20231218,96,3,4,73,4_S7,3.665096e-10,3.7978032e-10,2.4504715e-07,2.4872566e-06,0.99999714,1.04827016e-07,4_S7
c4_p096_20231227_o10,p096_20231227,96,3,4,76,4_S7,7.96033e-06,9.438717e-05,0.00019447166,0.00032885783,0.9936081,0.0057662157,4_S7
c4_p096_20240115_o03,p096_20240115,96,3,4,77,4_S7,5.6293072e-09,2.394247e-09,8.0722e-08,1.889651e-08,0.99999785,1.9825197e-06,4_S7
c4_p096_20240119_o11,p096_20240119,96,3,4,83,5_S8,3.4271976e-09,1.8727388e-08,1.0769988e-06,1.5672483e-06,0.9999856,1.1769248e-05,4_S7
c4_p096_20240126_o01,p096_20240126,96,3,4,89,5_S8,2.0172435e-07,9.338369e-08,4.3101988e-08,1.5434856e-07,0.0008793188,0.9991202,5_S8
c4_p001_20230816_o02,p001_20230816,1,4,4,70,4_S7,1.01252635e-05,0.0007392593,0.0071974318,0.95747185,0.034574833,6.5508484e-06,3_S6
c4_p001_20230921_o12,p001_20230921,1,4,4,79,4_S7,7.6172306e-05,0.064771526,0.0049152668,0.560198,0.36993334,0.00010568481,3_S6
c4_p001_20231005_o07,p001_20231005,1,4,4,87,5_S8,1.400967e-07,3.080447e-08,1.2245467e-07,2.7997757e-08,5.0790673e-05,0.999949,5_S8
c4_p007_20230816_o09,p007_20230816,7,4,4,67,3_S6,3.861548e-06,5.2134505e-06,0.00024185842,0.9648838,0.034865182,2.3464578e-08,3_S6
c4_p007_20230921_o04,p007_20230921,7,4,4,80,5_S8,0.0029432396,0.0021950926,0.008996716,0.507968,0.47201672,0.0058802096,3_S6
c4_p007_20231005_o11,p007_20231005,7,4,4,83,5_S8,0.0063523306,0.0038287505,0.003576863,0.0021605482,0.00877092,0.97531056,5_S8
c4_p013_20230816_o01,p013_20230816,13,4,4,59,2_S5,3.05534e-05,0.00033558827,0.00040045456,0.9943053,0.004927762,2.7871977e-07,3_S6
c4_p013_20230921_o12,p013_20230921,13,4,4,75,4_S7,1.1441264e-06,0.00023444113,8.832965e-05,5.1105053e-05,0.99920005,0.00042483472,4_S7
c4_p013_20231005_o08,p013_20231005,13,4,4,88,5_S8,2.5077257e-05,6.0696857e-06,0.00017887713,2.960759e-06,0.00062916765,0.9991578,5_S8
c4_p023_20230828_o05,p023_20230828,23,4,4,14,0_S1,0.9998202,0.00016090246,1.7543363e-05,4.1990324e-07,3.493899e-07,6.018302e-07,0_S1
c4_p023_20230904_o12,p023_20230904,23,4,4,22,1_S2,0.11250623,0.20059414,0.6714949,0.013766766,0.00023553878,0.0014023773,2_S5
c4_p023_20230908_o04,p023_20230908,23,4,4,63,3_S6,7.2626895e-06,0.0002146675,0.91462636,0.08413567,0.0010150629,9.918681e-07,2_S5
c4_p023_20230921_o02,p023_20230921,23,4,4,70,4_S7,3.4545898e-05,0.008320307,0.0045243134,0.9784454,0.00862584,4.9526974e-05,3_S6
c4_p023_20231006_o10,p023_20231006,23,4,4,71,4_S7,1.091178e-06,2.2893611e-05,0.0004353417,0.00030450785,0.9992255,1.0620577e-05,4_S7
c4_p023_20231017_o05,p023_20231017,23,4,4,73,4_S7,1.2597597e-09,8.465576e-08,9.997667e-08,5.7176706e-08,0.99995327,4.6523346e-05,4_S7
c4_p023_20231023_o06,p023_20231023,23,4,4,77,4_S7,2.6640276e-08,0.0010931453,8.183532e-06,9.867893e-06,0.99863523,0.00025351043,4_S7
c4_p023_20231027_o05,p023_20231027,23,4,4,78,4_S7,9.471531e-09,0.00013483553,7.840746e-06,8.877754e-07,0.99867755,0.0011787929,4_S7
c4_p023_20231101_o08,p023_20231101,23,4,4,79,4_S7,5.927554e-06,0.09873465,0.00038646001,4.833469e-06,0.8935122,0.0073559135,4_S7
c4_p023_20231106_o03,p023_20231106,23,4,4,78,4_S7,3.0140488e-06,0.0047630845,3.105367e-05,6.503134e-06,0.98980755,0.005388813,4_S7
c4_p023_20231109_o09,p023_20231109,23,4,4,79,4_S7,3.3008507e-06,7.6728014e-05,4.0049898e-05,7.5815196e-06,0.9914658,0.008406464,4_S7
c4_p023_20231120_o08,p023_20231120,23,4,4,81,5_S8,4.4231894e-07,1.695594e-07,4.4927074e-07,5.7563163e-08,1.3783727e-05,0.9999852,5_S8
c4_p023_20231124_o02,p023_20231124,23,4,4,83,5_S8,1.3516044e-06,3.2166702e-07,1.7655804e-06,8.7447205e-08,0.00016135232,0.999835,5_S8
c4_p023_20231127_o12,p023_20231127,23,4,4,84,5_S8,4.078235e-06,4.810987e-07,6.5541553e-06,6.907696e-08,0.0005853724,0.99940336,5_S8
c4_p023_20231130_o02,p023_20231130,23,4,4,85,5_S8,1.20627965e-05,1.2207271e-05,5.7060526e-05,1.4752383e-07,0.0041243793,0.9957942,5_S8
c4_p034_20230828_o01,p034_20230828,34,4,4,15,0_S1,0.9926811,0.003496931,0.0037166832,8.679449e-05,1.0581813e-05,7.935001e-06,0_S1
c4_p034_20230904_o07,p034_20230904,34,4,4,53,2_S5,6.0246434e-06,0.00040028867,0.97572815,0.023585558,0.0002794965,4.4118337e-07,2_S5
c4_p034_20230908_o03,p034_20230908,34,4,4,61,3_S6,2.9643486e-08,5.6289704e-05,2.154131e-06,0.9845256,0.015415125,7.631054e-07,3_S6
c4_p034_20230921_o01,p034_20230921,34,4,4,70,4_S7,0.00042784185,0.0008103665,0.0030959868,0.03695745,0.95686656,0.001841748,4_S7
c4_p034_20231006_o01,p034_20231006,34,4,4,72,4_S7,2.9308183e-06,3.5641024e-05,0.0006248931,0.00040399804,0.9982065,0.00072606903,4_S7
c4_p034_20231017_o03,p034_20231017,34,4,4,73,4_S7,2.2635754e-07,7.286084e-05,5.663153e-05,0.0022109302,0.9976503,8.993729e-06,4_S7
c4_p034_20231023_o12,p034_20231023,34,4,4,74,4_S7,2.5458316e-06,2.116192e-06,0.00070384145,4.2583983e-06,0.9989304,0.0003568157,4_S7
c4_p034_20231027_o11,p034_20231027,34,4,4,76,4_S7,5.410148e-05,1.2687141e-05,0.0101546515,1.8102397e-05,0.92388606,0.06587452,4_S7
c4_p034_20231101_o01,p034_20231101,34,4,4,77,4_S7,8.227086e-06,6.9477865e-05,0.00017748395,8.018832e-05,0.99951434,0.00015024746,4_S7
c4_p034_20231106_o01,p034_20231106,34,4,4,78,4_S7,9.254929e-08,3.09477e-06,2.2151215e-05,4.8900756e-07,0.9992618,0.0007123682,4_S7
c4_p034_20231109_o06,p034_20231109,34,4,4,79,4_S7,2.2228552e-07,1.9830362e-07,1.9610252e-05,1.1162975e-05,0.9994722,0.00049660215,4_S7
c4_p034_20231120_o07,p034_20231120,34,4,4,82,5_S8,9.397608e-09,5.1655977e-09,5.3054354e-08,1.0420349e-09,2.6283016e-05,0.99997365,5_S8
c4_p034_20231124_o06,p034_20231124,34,4,4,86,5_S8,2.5739682e-08,3.853237e-07,4.1331472e-07,3.7802943e-09,9.522271e-06,0.9999896,5_S8
c4_p034_20231127_o09,p034_20231127,34,4,4,88,5_S8,2.137136e-07,3.1651176e-08,2.4986772e-07,4.093475e-08,5.9389613e-06,0.99999356,5_S8
c4_p034_20231130_o04,p034_20231130,34,4,4,89,5_S8,3.399907e-05,9.255797e-05,0.0024462985,3.8350972e-06,0.015502009,0.9819212,5_S8
c4_p043_20230929_o05,p043_20230929,43,4,4,13,0_S1,0.99997485,6.943785e-07,1.1559816e-05,7.383452e-06,5.393458e-06,1.3250296e-07,0_S1
c4_p043_20231004_o04,p043_20231004,43,4,4,13,0_S1,0.99955446,2.2618158e-05,0.0003910785,1.5516401e-06,1.5730888e-05,1.4517039e-05,0_S1
c4_p043_20231011_o05,p043_20231011,43,4,4,14,0_S1,0.9991811,7.1124494e-05,0.00026639184,0.00026187146,0.00020690584,1.2665334e-05,0_S1
c4_p043_20231017_o04,p043_20231017,43,4,4,52,2_S5,0.87308,0.0005276671,0.12606706,0.0002770087,4.4035904e-05,4.2696424e-06,0_S1
c4_p043_20231019_o11,p043_20231019,43,4,4,53,2_S5,3.115409e-05,5.3061517e-06,0.9999285,3.3591805e-05,1.3418689e-06,2.317907e-08,2_S5
c4_p043_20231023_o06,p043_20231023,43,4,4,60,3_S6,0.00874827,0.0026603132,0.5558382,0.43117118,0.0014168594,0.00016515054,2_S5
c4_p043_20231027_o06,p043_20231027,43,4,4,61,3_S6,9.964618e-05,0.0006135339,0.031026512,0.9662426,0.0020019016,1.5855323e-05,3_S6
c4_p043_20231101_o09,p043_20231101,43,4,4,64,3_S6,0.010270234,0.044712596,0.14113115,0.55679226,0.21534364,0.0317501,3_S6
c4_p043_20231106_o12,p043_20231106,43,4,4,70,4_S7,1.8816779e-07,3.60477e-05,1.0999894e-05,0.9998203,0.00013250254,7.2002204e-10,3_S6
c4_p043_20231109_o08,p043_20231109,43,4,4,70,4_S7,7.765439e-06,0.0002730148,0.00017900034,0.9810862,0.018440455,1.3581657e-05,3_S6
c4_p043_20231120_o02,p043_20231120,43,4,4,70,4_S7,6.4358936e-08,1.1860026e-06,0.011442403,9.626523e-05,0.98845917,8.1724323e-07,4_S7
c4_p043_20231127_o04,p043_20231127,43,4,4,71,4_S7,1.3982333e-06,9.771877e-07,3.701132e-05,0.021437453,0.9785075,1.5652638e-05,4_S7
c4_p043_20231130_o10,p043_20231130,43,4,4,71,4_S7,3.0168017e-06,7.026912e-05,0.00018142434,0.0026297877,0.9963122,0.00080324314,4_S7
c4_p043_20231204_o03,p043_20231204,43,4,4,72,4_S7,2.6906885e-11,3.5779152e-10,6.7249964e-08,4.4539705e-09,0.9999994,4.731953e-07,4_S7
c4_p043_20231211_o08,p043_20231211,43,4,4,74,4_S7,3.095653e-05,0.0028013769,0.01187023,0.00092972023,0.7870837,0.19728404,4_S7
c4_p043_20231214_o05,p043_20231214,43,4,4,76,4_S7,4.732139e-08,1.0678032e-09,1.0801723e-08,1.2304771e-06,0.999877,0.00012176446,4_S7
c4_p043_20231218_o05,p043_20231218,43,4,4,77,4_S7,2.982985e-07,3.8766274e-07,2.091879e-06,6.393322e-06,0.99924314,0.0007476387,4_S7
c4_p043_20231227_o04,p043_20231227,43,4,4,78,4_S7,2.426713e-07,2.3604233e-07,1.5566602e-06,8.96573e-06,0.9999769,1.2157895e-05,4_S7
c4_p043_20240104_o11,p043_20240104,43,4,4,79,4_S7,1.352483e-06,2.657037e-07,1.2577322e-06,1.94473e-06,0.999131,0.0008641288,4_S7
c4_p050_20230929_o08,p050_20230929,50,4,4,13,0_S1,0.9999082,2.7113833e-06,6.0424067e-05,2.2906106e-05,5.6297395e-06,1.03697154e-07,0_S1
c4_p050_20231004_o06,p050_20231004,50,4,4,13,0_S1,0.9999577,2.1304877e-06,3.5794405e-05,2.2996314e-06,1.958931e-06,2.0523363e-07,0_S1
c4_p050_20231011_o09,p050_20231011,50,4,4,14,0_S1,0.9999459,3.3468856e-07,2.997961e-05,4.765311e-07,2.0224428e-05,2.9948133e-06,0_S1
c4_p050_20231017_o01,p050_20231017,50,4,4,15,0_S1,0.9339869,0.007150401,0.05543191,0.003413547,1.2329019e-05,4.910885e-06,0_S1
c4_p050_20231019_o04,p050_20231019,50,4,4,16,0_S1,0.07889898,0.000934587,0.91745716,0.002517484,0.0001777067,1.4060485e-05,2_S5
c4_p050_20231023_o12,p050_20231023,50,4,4,20,1_S2,2.9021867e-05,4.646123e-05,0.9428597,0.057061702,3.1611355e-06,7.489353e-09,2_S5
c4_p050_20231027_o02,p050_20231027,50,4,4,21,1_S2,2.3334821e-06,1.4229372e-06,0.14864095,0.8492899,0.0020652597,6.7467404e-08,3_S6
c4_p050_20231101_o02,p050_20231101,50,4,4,54,2_S5,6.767658e-06,0.0004726011,0.03416524,0.959235,0.006119708,6.761107e-07,3_S6
c4_p050_20231106_o03,p050_20231106,50,4,4,67,3_S6,7.693935e-05,3.3874323e-05,0.0018558068,0.9902754,0.007757708,2.4257233e-07,3_S6
c4_p050_20231109_o10,p050_20231109,50,4,4,69,3_S6,1.913171e-07,7.2335604e-07,9.214341e-06,0.012131798,0.987854,4.074685e-06,4_S7
c4_p050_20231120_o05,p050_20231120,50,4,4,70,4_S7,1.0373714e-06,1.945243e-05,1.1575346e-05,0.818021,0.18194678,1.5145652e-07,3_S6
c4_p050_20231127_o04,p050_20231127,50,4,4,72,4_S7,4.5141144e-11,2.1470392e-09,7.671421e-10,2.6743626e-06,0.99999714,2.2663849e-07,4_S7
c4_p050_20231130_o08,p050_20231130,50,4,4,74,4_S7,3.7535467e-06,1.27794e-06,1.8137218e-05,0.00026650567,0.9994622,0.00024813903,4_S7
c4_p050_20231204_o03,p050_20231204,50,4,4,75,4_S7,3.4381006e-08,1.0265421e-08,8.492594e-07,3.977627e-06,0.999995,2.2145574e-07,4_S7
c4_p050_20231211_o06,p050_20231211,50,4,4,76,4_S7,3.1376084e-12,9.348993e-13,4.958768e-09,1.8333992e-09,1.0,8.4186863e-10,4_S7
c4_p050_20231214_o10,p050_20231214,50,4,4,78,4_S7,1.0672331e-06,3.535077e-07,2.3405644e-05,3.541875e-06,0.9996848,0.00028683117,4_S7
c4_p050_20231218_o11,p050_20231218,50,4,4,79,4_S7,1.8656912e-05,1.5846485e-05,0.00012360944,4.3214903e-05,0.9610816,0.038716994,4_S7
c4_p050_20231227_o12,p050_20231227,50,4,4,81,5_S8,4.9534183e-06,1.4855196e-06,1.5801554e-05,4.1205624e-07,0.15980968,0.8401677,5_S8
c4_p050_20240104_o12,p050_20240104,50,4,4,79,4_S7,0.0001269308,2.397889e-06,2.0090305e-05,2.4814435e-07,0.08987306,0.9099774,5_S8
c4_p051_20230929_o07,p051_20230929,51,4,4,13,0_S1,0.99997246,5.3212693e-06,1.8970992e-05,2.2224892e-06,9.942345e-07,9.917992e-08,0_S1
c4_p051_20231004_o08,p051_20231004,51,4,4,13,0_S1,0.9994942,2.0475503e-05,0.0004785613,3.0750373e-06,2.9369396e-06,7.50878e-07,0_S1
c4_p051_20231011_o01,p051_20231011,51,4,4,15,0_S1,0.8496278,0.0006675782,0.024360945,0.07790991,0.046970084,0.00046373697,0_S1
c4_p051_20231017_o06,p051_20231017,51,4,4,52,2_S5,0.8510413,0.009397252,0.091880426,0.011966017,0.03474151,0.00097341166,0_S1
c4_p051_20231019_o09,p051_20231019,51,4,4,60,3_S6,0.008474042,0.003004144,0.9860454,0.00037209288,0.0020875963,1.6715429e-05,2_S5
c4_p051_20231023_o10,p051_20231023,51,4,4,65,3_S6,0.00032795258,0.007056028,0.11143578,0.86077124,0.020402228,6.8616346e-06,3_S6
c4_p051_20231027_o11,p051_20231027,51,4,4,66,3_S6,1.5980748e-05,2.9235141e-05,0.012261679,0.96839124,0.019301362,4.5293186e-07,3_S6
c4_p051_20231101_o03,p051_20231101,51,4,4,69,3_S6,2.1265814e-08,6.318131e-05,1.7741264e-06,0.9991204,0.00081464637,2.300421e-09,3_S6
c4_p051_20231106_o01,p051_20231106,51,4,4,70,4_S7,6.603361e-08,8.78706e-05,2.4195879e-06,0.99926025,0.0006493229,5.2494444e-09,3_S6
c4_p051_20231109_o08,p051_20231109,51,4,4,71,4_S7,1.5568343e-06,0.00013124109,0.020456,0.97222906,0.0071774,4.717329e-06,3_S6
c4_p051_20231120_o04,p051_20231120,51,4,4,72,4_S7,2.7242409e-06,0.00010893405,0.00011076057,0.93358225,0.06617102,2.4320081e-05,3_S6
c4_p051_20231127_o06,p051_20231127,51,4,4,75,4_S7,2.0334033e-11,1.6130594e-10,3.3615838e-10,4.4497035e-08,0.99999976,1.433381e-07,4_S7
c4_p051_20231130_o10,p051_20231130,51,4,4,76,4_S7,9.739546e-06,0.0001329848,0.009587931,0.030009486,0.9435289,0.016730957,4_S7
c4_p051_20231204_o12,p051_20231204,51,4,4,77,4_S7,3.6289555e-10,1.5937356e-09,4.295315e-08,2.0629757e-06,0.999998,5.9982413e-10,4_S7
c4_p051_20231211_o09,p051_20231211,51,4,4,78,4_S7,1.0582768e-05,0.0006533735,0.010010972,0.0013512248,0.97308975,0.014884163,4_S7
c4_p051_20231214_o05,p051_20231214,51,4,4,79,4_S7,5.515609e-09,4.6876255e-07,3.5123072e-08,0.00013576234,0.9997867,7.7121695e-05,4_S7
c4_p051_20231218_o11,p051_20231218,51,4,4,79,4_S7,1.1456005e-08,2.1339272e-06,5.4790753e-06,6.7627866e-06,0.9998933,9.226948e-05,4_S7
c4_p051_20231227_o05,p051_20231227,51,4,4,81,5_S8,1.4944894e-05,0.00013736844,0.00012134972,4.027192e-06,0.47404212,0.5256802,5_S8
c4_p051_20240104_o02,p051_20240104,51,4,4,82,5_S8,7.162809e-05,2.240739e-06,1.6939013e-05,2.7916167e-06,0.61550677,0.38439965,4_S7
c4_p055_20230929_o05,p055_20230929,55,4,4,13,0_S1,0.99994874,6.6259267e-06,2.8654773e-05,8.333393e-06,7.3570845e-06,3.3584408e-07,0_S1
c4_p055_20231004_o05,p055_20231004,55,4,4,13,0_S1,0.9996402,0.000121431956,0.00022824323,1.2640165e-06,6.156733e-06,2.6077157e-06,0_S1
c4_p055_20231011_o09,p055_20231011,55,4,4,14,0_S1,0.99999607,1.7362282e-07,3.2663263e-06,1.340102e-07,2.8180608e-07,1.2837073e-07,0_S1
c4_p055_20231017_o12,p055_20231017,55,4,4,20,1_S2,0.015353821,0.3042116,0.09684178,0.5820536,0.0014851391,5.4109656e-05,3_S6
c4_p055_20231019_o02,p055_20231019,55,4,4,54,2_S5,0.0025926556,6.401796e-05,0.99701786,0.00029637842,2.8097915e-05,1.0271782e-06,2_S5
c4_p055_20231023_o03,p055_20231023,55,4,4,55,2_S5,0.00014876157,0.0012649383,0.9105702,0.08744822,0.00056610256,1.728245e-06,2_S5
c4_p055_20231027_o04,p055_20231027,55,4,4,60,3_S6,0.00017656712,0.004726119,0.015224457,0.9758163,0.003996175,6.031998e-05,3_S6
c4_p055_20231101_o04,p055_20231101,55,4,4,63,3_S6,2.4251149e-05,0.026973063,0.0006214487,0.38712645,0.5850849,0.00016990144,4_S7
c4_p055_20231106_o05,p055_20231106,55,4,4,67,3_S6,0.0001543819,0.009021861,0.0033762276,0.8443553,0.14299245,9.976746e-05,3_S6
c4_p055_20231109_o04,p055_20231109,55,4,4,69,3_S6,7.337504e-07,4.275718e-05,0.00023053904,0.93511844,0.06460603,1.5460075e-06,3_S6
c4_p055_20231120_o04,p055_20231120,55,4,4,71,4_S7,4.1276785e-08,2.5082645e-06,2.6299165e-05,0.0012494831,0.99871945,2.2979932e-06,4_S7
c4_p055_20231127_o09,p055_20231127,55,4,4,72,4_S7,5.4553383e-11,1.7569863e-09,6.512616e-08,1.504955e-06,0.99999833,1.9783295e-08,4_S7
c4_p055_20231130_o08,p055_20231130,55,4,4,75,4_S7,6.58326e-07,7.8302384e-07,0.00013571503,4.0873623e-05,0.99956685,0.0002550889,4_S7
c4_p055_20231204_o11,p055_20231204,55,4,4,76,4_S7,2.345785e-08,2.3459583e-09,1.7122757e-07,2.6532803e-08,0.9994597,0.00054011727,4_S7
c4_p055_20231211_o04,p055_20231211,55,4,4,77,4_S7,1.2569745e-07,1.2113237e-05,8.353694e-05,8.344211e-07,0.975155,0.024748331,4_S7
c4_p055_20231214_o05,p055_20231214,55,4,4,78,4_S7,2.7510902e-07,8.26031e-08,6.474308e-07,1.2037103e-07,0.9832212,0.016777666,4_S7
c4_p055_20231218_o07,p055_20231218,55,4,4,79,4_S7,3.937656e-06,2.728889e-05,3.855859e-05,4.714593e-05,0.7610243,0.23885876,4_S7
c4_p055_20231227_o04,p055_20231227,55,4,4,79,4_S7,4.1995413e-06,1.0282516e-05,3.2610773e-05,2.0703994e-05,0.71161205,0.28832012,4_S7
c4_p055_20240104_o11,p055_20240104,55,4,4,80,5_S8,9.823125e-10,4.871182e-10,4.874837e-09,4.1948365e-09,0.0011722232,0.99882776,5_S8
c4_p056_20230929_o09,p056_20230929,56,4,4,13,0_S1,0.9991203,0.00011937735,0.00060627825,0.00012695782,2.612368e-05,1.0977448e-06,0_S1
c4_p056_20231004_o08,p056_20231004,56,4,4,13,0_S1,0.99956733,0.00030113957,0.00012224246,4.4524645e-06,2.2851514e-06,2.5425645e-06,0_S1
c4_p056_20231011_o07,p056_20231011,56,4,4,14,0_S1,0.9956613,0.00032540478,0.0018234416,0.002083309,9.2382936e-05,1.4167733e-05,0_S1
c4_p056_20231017_o09,p056_20231017,56,4,4,15,0_S1,0.007115622,0.02600676,0.9070675,0.057349626,0.002444569,1.5972562e-05,2_S5
c4_p056_20231019_o11,p056_20231019,56,4,4,16,0_S1,0.00061995647,0.00018154156,0.9979442,0.0008686386,0.0003854391,3.2939062e-07,2_S5
c4_p056_20231023_o12,p056_20231023,56,4,4,20,1_S2,0.0010151739,0.0004738925,0.854064,0.13961947,0.004823405,4.1055787e-06,2_S5
c4_p056_20231027_o11,p056_20231027,56,4,4,55,2_S5,1.531735e-05,0.00969352,0.020290133,0.21838924,0.7514033,0.00020861026,4_S7
c4_p056_20231101_o09,p056_20231101,56,4,4,56,2_S5,3.114116e-06,3.6542482e-05,0.001283987,0.9939237,0.0047526057,3.7412605e-08,3_S6
c4_p056_20231106_o08,p056_20231106,56,4,4,65,3_S6,2.6009056e-06,0.0003010786,0.0002961305,0.06594489,0.933134,0.0003213602,4_S7
c4_p056_20231109_o05,p056_20231109,56,4,4,67,3_S6,1.9647834e-05,0.00018435257,0.005388528,0.8988202,0.09545328,0.00013397925,3_S6
c4_p056_20231120_o07,p056_20231120,56,4,4,70,4_S7,9.810995e-06,2.3599585e-05,0.000294957,0.00027718107,0.9982565,0.0011379564,4_S7
c4_p056_20231127_o07,p056_20231127,56,4,4,72,4_S7,1.7016704e-06,5.7251514e-06,2.6964526e-05,2.2719707e-05,0.97796565,0.021977263,4_S7
c4_p056_20231130_o06,p056_20231130,56,4,4,73,4_S7,5.1378684e-06,2.1540676e-05,0.0005193207,4.604668e-06,0.997355,0.0020944728,4_S7
c4_p056_20231204_o10,p056_20231204,56,4,4,74,4_S7,7.753593e-12,5.955977e-11,8.599166e-10,9.5993e-11,0.9999999,1.3057445e-07,4_S7
c4_p056_20231211_o02,p056_20231211,56,4,4,76,4_S7,9.623488e-13,3.541611e-11,4.497158e-09,1.0676508e-10,0.9999999,1.3690351e-07,4_S7
c4_p056_20231214_o04,p056_20231214,56,4,4,78,4_S7,2.4446234e-07,2.241774e-06,1.2322046e-05,3.5726687e-06,0.69695264,0.30302897,4_S7
c4_p056_20231218_o05,p056_20231218,56,4,4,80,5_S8,5.194408e-07,8.847172e-06,0.00010856463,1.1455458e-05,0.8484409,0.15142977,4_S7
c4_p056_20231227_o02,p056_20231227,56,4,4,82,5_S8,9.331983e-07,0.0022431177,4.8624366e-05,2.8649662e-05,0.84384596,0.15383273,4_S7
c4_p056_20240104_o07,p056_20240104,56,4,4,83,5_S8,7.9678685e-08,1.8928324e-06,1.8126477e-05,4.060765e-06,0.39166525,0.6083106,5_S8
c4_p062_20231006_o05,p062_20231006,62,4,4,13,0_S1,0.9998092,4.0606656e-06,9.568573e-05,1.1164131e-05,7.322429e-05,6.6659622e-06,0_S1
c4_p062_20231011_o05,p062_20231011,62,4,4,13,0_S1,0.9999957,2.5519222e-08,1.5341053e-06,1.8750926e-07,2.343856e-06,1.4503625e-07,0_S1
c4_p062_20231017_o08,p062_20231017,62,4,4,13,0_S1,0.9994006,1.3450782e-05,0.0005240536,1.1317992e-05,4.458871e-05,5.9248187e-06,0_S1
c4_p062_20231019_o01,p062_20231019,62,4,4,14,0_S1,0.9973471,7.416203e-06,0.0018196545,7.487468e-06,0.00047628663,0.00034200502,0_S1
c4_p062_20231023_o07,p062_20231023,62,4,4,14,0_S1,0.99761367,4.2311003e-05,0.002223431,9.5258874e-05,2.3603605e-05,1.8636985e-06,0_S1
c4_p062_20231027_o07,p062_20231027,62,4,4,14,0_S1,0.002239561,7.25542e-05,0.99684143,0.0005912325,0.00025397912,1.2245463e-06,2_S5
c4_p062_20231101_o04,p062_20231101,62,4,4,51,2_S5,2.7015406e-07,1.864128e-05,0.9970431,0.0029367323,1.303022e-06,7.6694056e-09,2_S5
c4_p062_20231106_o01,p062_20231106,62,4,4,53,2_S5,1.4534427e-07,3.468123e-07,0.00018747138,0.99972826,8.3720064e-05,1.5648276e-08,3_S6
c4_p062_20231109_o06,p062_20231109,62,4,4,60,3_S6,3.5477104e-08,1.2642648e-06,7.612131e-05,0.9978629,0.0020596797,1.124425e-08,3_S6
c4_p062_20231120_o05,p062_20231120,62,4,4,70,4_S7,5.2784594e-07,7.3693656e-05,3.2631982e-05,0.98634934,0.013541469,2.4295296e-06,3_S6
c4_p062_20231127_o06,p062_20231127,62,4,4,72,4_S7,4.4255535e-07,3.0724998e-06,3.5634195e-05,0.0038133927,0.99614584,1.5634178e-06,4_S7
c4_p062_20231130_o08,p062_20231130,62,4,4,73,4_S7,6.499149e-06,5.9934348e-05,0.0006609319,0.0063449014,0.98710686,0.0058208317,4_S7
c4_p062_20231204_o08,p062_20231204,62,4,4,75,4_S7,0.00018407339,0.00038673714,0.002173917,0.005882066,0.84807885,0.14329432,4_S7
c4_p062_20231211_o06,p062_20231211,62,4,4,77,4_S7,7.771754e-07,2.0424905e-06,0.00031839224,2.6529307e-05,0.99910825,0.00054400385,4_S7
c4_p062_20231214_o08,p062_20231214,62,4,4,78,4_S7,3.893697e-09,8.177862e-06,1.6013919e-05,0.0017353629,0.99823916,1.1951835e-06,4_S7
c4_p062_20231218_o11,p062_20231218,62,4,4,79,4_S7,1.4644139e-08,1.1661678e-07,0.0032366996,4.8126705e-05,0.99671423,7.937582e-07,4_S7
c4_p062_20231227_o04,p062_20231227,62,4,4,79,4_S7,2.8799543e-09,9.914948e-05,3.414653e-05,1.0361209e-06,0.9998109,5.4861026e-05,4_S7
c4_p062_20240115_o04,p062_20240115,62,4,4,82,5_S8,6.8557364e-09,9.0685095e-09,5.4202346e-08,3.3654228e-08,4.224275e-06,0.9999957,5_S8
c4_p062_20240119_o12,p062_20240119,62,4,4,83,5_S8,4.3638943e-06,1.6699014e-05,0.00017199606,7.410269e-06,0.00037709964,0.99942255,5_S8
c4_p062_20240126_o06,p062_20240126,62,4,4,86,5_S8,1.821005e-06,2.3369091e-07,2.1555581e-06,6.74573e-07,4.1151754e-05,0.99995387,5_S8
c4_p071_20231006_o01,p071_20231006,71,4,4,13,0_S1,0.99976796,1.6513617e-05,9.168377e-05,4.2814398e-05,7.710562e-05,3.9352917e-06,0_S1
c4_p071_20231011_o09,p071_20231011,71,4,4,13,0_S1,0.99989605,6.513881e-06,4.653852e-05,2.121973e-05,2.8653129e-05,1.1603719e-06,0_S1
c4_p071_20231017_o07,p071_20231017,71,4,4,13,0_S1,0.9993167,5.238017e-06,0.00060420705,1.5273627e-05,5.6732828e-05,1.8957529e-06,0_S1
c4_p071_20231019_o06,p071_20231019,71,4,4,13,0_S1,0.9112469,0.00013887369,0.08781512,0.00049340003,0.00025872697,4.6973757e-05,0_S1
c4_p071_20231023_o08,p071_20231023,71,4,4,14,0_S1,0.9288216,8.885871e-05,0.07038515,0.00035203798,0.00031687814,3.548829e-05,0_S1
c4_p071_20231027_o07,p071_20231027,71,4,4,51,2_S5,3.5830453e-05,1.7909898e-06,0.9767849,0.023176868,5.682108e-07,5.4272387e-09,2_S5
c4_p071_20231101_o06,p071_20231101,71,4,4,60,3_S6,0.00022113051,0.0011198908,0.9454619,0.05217483,0.001020812,1.4351233e-06,2_S5
c4_p071_20231106_o08,p071_20231106,71,4,4,68,3_S6,7.256979e-08,4.250288e-08,0.00011634699,0.9998777,5.9042163e-06,1.5548114e-08,3_S6
c4_p071_20231109_o07,p071_20231109,71,4,4,69,3_S6,5.0416133e-06,1.07539445e-05,0.022930052,0.9768733,0.00018065124,2.3916004e-07,3_S6
c4_p071_20231120_o09,p071_20231120,71,4,4,70,4_S7,1.9688157e-08,2.4735305e-06,0.00019585124,0.00044890866,0.9993512,1.5867946e-06,4_S7
c4_p071_20231127_o12,p071_20231127,71,4,4,72,4_S7,2.701058e-07,0.005171568,1.796676e-05,0.00078984536,0.9937289,0.00029141648,4_S7
c4_p071_20231130_o10,p071_20231130,71,4,4,73,4_S7,1.0178922e-07,1.2100192e-05,1.0138563e-05,0.00010062413,0.9998658,1.1294528e-05,4_S7
c4_p071_20231204_o04,p071_20231204,71,4,4,74,4_S7,1.3682154e-07,4.8577494e-05,2.152778e-07,4.932211e-05,0.99975485,0.0001468831,4_S7
c4_p071_20231211_o09,p071_20231211,71,4,4,75,4_S7,1.6238446e-06,2.8979593e-06,4.4720506e-05,0.0018211806,0.99386686,0.0042627254,4_S7
c4_p071_20231214_o09,p071_20231214,71,4,4,76,4_S7,4.4981643e-06,2.4885006e-07,2.4944848e-06,3.0400612e-05,0.9995622,0.0004001468,4_S7
c4_p071_20231218_o05,p071_20231218,71,4,4,77,4_S7,1.7448347e-10,1.424882e-08,2.1070313e-07,1.5045527e-09,0.9974355,0.0025642891,4_S7
c4_p071_20231227_o04,p071_20231227,71,4,4,78,4_S7,2.1754716e-09,1.0321902e-07,7.095439e-06,1.2015688e-07,0.9905329,0.009459756,4_S7
c4_p071_20240115_o07,p071_20240115,71,4,4,79,4_S7,1.0749733e-08,4.4916405e-08,1.0547894e-07,1.7257538e-07,0.009226674,0.9907731,5_S8
c4_p071_20240119_o07,p071_20240119,71,4,4,82,5_S8,8.753898e-08,1.2150153e-07,5.0142597e-05,4.0109658e-06,0.13654502,0.86340064,5_S8
c4_p071_20240126_o10,p071_20240126,71,4,4,85,5_S8,4.7494108e-08,1.9298652e-09,1.5300108e-08,5.253535e-10,4.507403e-06,0.99999547,5_S8
c4_p074_20231006_o10,p074_20231006,74,4,4,13,0_S1,0.9998099,8.418548e-06,8.919765e-05,1.7479222e-05,7.274166e-05,2.3004538e-06,0_S1
c4_p074_20231011_o05,p074_20231011,74,4,4,13,0_S1,0.9999658,3.4845905e-07,5.6006693e-06,1.4639968e-06,2.321457e-05,3.574361e-06,0_S1
c4_p074_20231017_o02,p074_20231017,74,4,4,13,0_S1,0.9999088,8.140538e-06,7.0371825e-05,1.4924163e-06,7.89568e-06,3.3747463e-06,0_S1
c4_p074_20231019_o11,p074_20231019,74,4,4,13,0_S1,0.9920677,2.1299213e-05,0.006709872,6.6155306e-05,0.0009090758,0.00022580828,0_S1
c4_p074_20231023_o07,p074_20231023,74,4,4,13,0_S1,0.99971944,3.4372664e-05,0.00023776857,4.240227e-06,9.15233e-07,3.1741515e-06,0_S1
c4_p074_20231027_o05,p074_20231027,74,4,4,20,1_S2,0.00028653003,1.5349204e-05,0.9741901,0.025386913,0.00012046332,6.0886896e-07,2_S5
c4_p074_20231101_o03,p074_20231101,74,4,4,53,2_S5,0.0013046376,0.00013988298,0.9255105,0.07299929,4.1136773e-05,4.517851e-06,2_S5
c4_p074_20231106_o11,p074_20231106,74,4,4,60,3_S6,3.703969e-05,2.5553401e-05,1.0085715e-05,0.9992872,0.0006263307,1.3922681e-05,3_S6
c4_p074_20231109_o08,p074_20231109,74,4,4,70,4_S7,5.5688084e-05,0.00086154963,0.27902493,0.7119573,0.008082634,1.793634e-05,3_S6
c4_p074_20231120_o05,p074_20231120,74,4,4,72,4_S7,6.938546e-05,0.0011846195,0.0031720146,0.8681997,0.12735142,2.2907401e-05,3_S6
c4_p074_20231127_o09,p074_20231127,74,4,4,73,4_S7,2.7961403e-06,1.0164437e-05,4.465067e-06,0.06317267,0.9367533,5.663853e-05,4_S7
c4_p074_20231130_o10,p074_20231130,74,4,4,74,4_S7,1.6933005e-05,5.6991e-07,4.4014254e-05,0.002940556,0.9969921,5.8882047e-06,4_S7
c4_p074_20231204_o05,p074_20231204,74,4,4,75,4_S7,1.4657219e-06,1.0567372e-06,2.8349775e-06,0.0018573992,0.9980907,4.655268e-05,4_S7
c4_p074_20231211_o12,p074_20231211,74,4,4,78,4_S7,9.047782e-06,5.4564225e-07,0.00016635143,3.3747227e-05,0.99941695,0.00037336597,4_S7
c4_p074_20231214_o08,p074_20231214,74,4,4,79,4_S7,1.7664041e-08,8.22785e-10,5.035e-09,2.7279919e-08,0.9999821,1.7873836e-05,4_S7
c4_p074_20231218_o04,p074_20231218,74,4,4,79,4_S7,1.0399804e-06,9.720653e-10,2.0703358e-06,1.9136715e-07,0.99995446,4.227706e-05,4_S7
c4_p074_20231227_o03,p074_20231227,74,4,4,81,5_S8,1.0526019e-06,2.1360151e-08,2.1738506e-06,6.691737e-08,0.0028302262,0.99716645,5_S8
c4_p074_20240115_o10,p074_20240115,74,4,4,82,5_S8,1.1086817e-08,8.877146e-09,6.7584054e-08,2.3727118e-09,0.0005132187,0.9994867,5_S8
c4_p074_20240119_o11,p074_20240119,74,4,4,83,5_S8,8.160712e-05,0.00029841877,0.001366414,1.3132116e-05,0.07125281,0.92698765,5_S8
c4_p074_20240126_o08,p074_20240126,74,4,4,88,5_S8,2.6999792e-06,9.24039e-08,1.3792973e-06,4.709054e-08,0.000111043584,0.9998847,5_S8
c4_p080_20231006_o02,p080_20231006,80,4,4,13,0_S1,0.9998054,5.2834994e-06,6.8180016e-05,2.5921934e-05,9.2505325e-05,2.7391334e-06,0_S1
c4_p080_20231011_o09,p080_20231011,80,4,4,13,0_S1,0.9998692,5.94534e-06,5.7102458e-05,1.22499805e-05,4.91736e-05,6.195219e-06,0_S1
c4_p080_20231017_o09,p080_20231017,80,4,4,13,0_S1,0.9847195,0.00061425613,0.013585267,0.00041297195,0.000636967,3.1017324e-05,0_S1
c4_p080_20231019_o08,p080_20231019,80,4,4,13,0_S1,0.3378637,7.1470815e-05,0.6599477,0.00082237535,0.0012796493,1.5107567e-05,2_S5
c4_p080_20231023_o06,p080_20231023,80,4,4,14,0_S1,0.16888975,0.0014528175,0.22708283,0.58528286,0.01693152,0.00036026587,3_S6
c4_p080_20231027_o05,p080_20231027,80,4,4,52,2_S5,0.00011126472,6.5036875e-05,0.3774107,0.6209243,0.0014871595,1.4764786e-06,3_S6
c4_p080_20231101_o06,p080_20231101,80,4,4,53,2_S5,0.0014401666,6.547048e-05,0.9296309,0.021177469,0.04760522,8.0804544e-05,2_S5
c4_p080_20231106_o06,p080_20231106,80,4,4,62,3_S6,8.788953e-08,4.9860804e-09,2.0660564e-06,0.9989511,0.0010467503,3.9878336e-09,3_S6
c4_p080_20231109_o01,p080_20231109,80,4,4,69,3_S6,1.4269681e-06,1.0720593e-06,0.0017853561,0.99617404,0.002037749,3.5075368e-07,3_S6
c4_p080_20231120_o11,p080_20231120,80,4,4,70,4_S7,3.2197477e-07,2.5656827e-05,6.803429e-06,0.3255216,0.6744452,3.7015306e-07,4_S7
c4_p080_20231127_o05,p080_20231127,80,4,4,73,4_S7,0.00011410867,0.00024613412,0.00015619176,0.06770383,0.93100375,0.00077608833,4_S7
c4_p080_20231130_o11,p080_20231130,80,4,4,74,4_S7,2.4077212e-07,2.052406e-05,0.0002090643,6.386848e-05,0.9993919,0.00031432402,4_S7
c4_p080_20231204_o05,p080_20231204,80,4,4,76,4_S7,7.236731e-05,0.0015808833,0.0006566507,0.07381565,0.8663018,0.057572555,4_S7
c4_p080_20231211_o10,p080_20231211,80,4,4,77,4_S7,1.473618e-06,7.478631e-05,0.00021158425,3.5027246e-05,0.99815506,0.0015221018,4_S7
c4_p080_20231214_o03,p080_20231214,80,4,4,78,4_S7,1.6383032e-08,7.081423e-08,2.2392132e-05,0.0016036424,0.998073,0.00030096652,4_S7
c4_p080_20231218_o06,p080_20231218,80,4,4,79,4_S7,2.5582603e-06,7.11058e-07,1.5896216e-05,4.7517435e-05,0.9662536,0.033679735,4_S7
c4_p080_20231227_o03,p080_20231227,80,4,4,81,5_S8,3.1963104e-08,2.6927493e-08,4.076903e-06,3.6907153e-05,0.96867377,0.031285293,4_S7
c4_p080_20240115_o06,p080_20240115,80,4,4,85,5_S8,1.4570752e-07,1.0706333e-07,3.5029936e-07,1.2071631e-07,5.9006936e-05,0.9999403,5_S8
c4_p080_20240119_o03,p080_20240119,80,4,4,88,5_S8,3.0988453e-08,2.666183e-09,4.341468e-08,6.0411205e-09,1.212099e-06,0.9999987,5_S8
c4_p080_20240126_o10,p080_20240126,80,4,4,89,5_S8,3.4958316e-07,1.7664995e-07,1.05422366e-07,2.2291738e-08,3.8827093e-06,0.9999956,5_S8
c4_p081_20231006_o05,p081_20231006,81,4,4,13,0_S1,0.9998826,3.1658622e-06,3.626041e-05,1.4746297e-05,6.15439e-05,1.7014852e-06,0_S1
c4_p081_20231011_o08,p081_20231011,81,4,4,13,0_S1,0.999962,4.6024743e-06,2.050164e-05,2.8733484e-06,8.587008e-06,1.4438654e-06,0_S1
c4_p081_20231017_o10,p081_20231017,81,4,4,13,0_S1,0.99933225,4.1855164e-05,0.0005336127,3.169715e-05,5.7099012e-05,3.5596063e-06,0_S1
c4_p081_20231019_o12,p081_20231019,81,4,4,13,0_S1,0.90988356,0.000108732136,0.08902197,0.00029244533,0.0005549071,0.00013830577,0_S1
c4_p081_20231023_o01,p081_20231023,81,4,4,14,0_S1,0.78784704,0.004978997,0.03413249,0.13101171,0.04162682,0.00040285694,0_S1
c4_p081_20231027_o01,p081_20231027,81,4,4,53,2_S5,0.025241474,0.0043482957,0.95376843,0.010593329,0.005937994,0.000110465095,2_S5
c4_p081_20231101_o04,p081_20231101,81,4,4,54,2_S5,5.0435652e-08,1.0643307e-06,0.99928963,0.00065029506,5.8963764e-05,5.361985e-10,2_S5
c4_p081_20231106_o12,p081_20231106,81,4,4,60,3_S6,1.0390326e-06,7.0759347e-06,1.3847112e-05,0.9991605,0.0008171367,4.360515e-07,3_S6
c4_p081_20231109_o01,p081_20231109,81,4,4,64,3_S6,3.371381e-07,6.010403e-06,0.00010092488,0.9993781,0.0005143151,3.101262e-07,3_S6
c4_p081_20231120_o04,p081_20231120,81,4,4,67,3_S6,6.173357e-06,0.0032736994,0.077634014,0.5554671,0.36360526,1.3686908e-05,3_S6
c4_p081_20231127_o06,p081_20231127,81,4,4,72,4_S7,1.3230068e-07,3.561839e-05,4.431928e-06,0.0005446418,0.9993856,2.9617182e-05,4_S7
c4_p081_20231130_o09,p081_20231130,81,4,4,73,4_S7,3.244024e-09,6.8063287e-07,9.771677e-07,6.029977e-08,0.9986469,0.0013513913,4_S7
c4_p081_20231204_o12,p081_20231204,81,4,4,75,4_S7,4.1995567e-11,6.927089e-09,9.84712e-10,3.6259489e-09,0.99999845,1.5864357e-06,4_S7
c4_p081_20231211_o11,p081_20231211,81,4,4,77,4_S7,3.809914e-07,1.3191785e-05,3.4330897e-05,1.6370593e-06,0.8206969,0.17925353,4_S7
c4_p081_20231214_o05,p081_20231214,81,4,4,78,4_S7,9.3077785e-09,1.15756855e-07,4.1760586e-08,0.00014477746,0.99982184,3.3267257e-05,4_S7
c4_p081_20231218_o09,p081_20231218,81,4,4,79,4_S7,3.738049e-06,5.1953723e-08,1.1996972e-06,3.0530078e-08,0.98711616,0.012878788,4_S7
c4_p081_20231227_o04,p081_20231227,81,4,4,79,4_S7,1.4373404e-08,1.5756866e-07,1.2400042e-07,2.8044347e-08,0.9931399,0.006859818,4_S7
c4_p081_20240115_o02,p081_20240115,81,4,4,83,5_S8,9.569543e-06,2.5472837e-06,2.775915e-06,1.7287698e-07,0.00038097738,0.99960405,5_S8
c4_p081_20240119_o07,p081_20240119,81,4,4,85,5_S8,9.649808e-09,5.680373e-10,1.2179222e-09,1.0839962e-10,3.9546387e-07,0.99999964,5_S8
c4_p081_20240126_o04,p081_20240126,81,4,4,89,5_S8,4.606071e-09,5.3688154e-10,5.9830546e-10,2.726631e-11,2.7683473e-07,0.99999976,5_S8
c4_p084_20231128_o12,p084_20231128,84,4,4,66,3_S6,1.5061358e-05,2.9460723e-06,2.3494533e-05,0.9979851,0.001971174,2.1410824e-06,3_S6
c4_p084_20231130_o05,p084_20231130,84,4,4,68,3_S6,5.905548e-06,1.700788e-06,1.405398e-06,0.9997837,0.00020553685,1.7420977e-06,3_S6
c4_p084_20231204_o01,p084_20231204,84,4,4,69,3_S6,2.1922742e-06,1.3226061e-05,6.3214825e-06,0.88469106,0.11528499,2.1296048e-06,3_S6
c4_p084_20231207_o12,p084_20231207,84,4,4,70,4_S7,2.5494223e-06,7.856615e-08,1.621531e-05,0.005402846,0.9945661,1.2175913e-05,4_S7
c4_p084_20231211_o05,p084_20231211,84,4,4,71,4_S7,5.0989524e-07,1.6524652e-08,1.4366134e-07,3.762928e-05,0.9929969,0.0069648577,4_S7
c4_p084_20231218_o01,p084_20231218,84,4,4,73,4_S7,1.1624042e-05,1.5198826e-05,1.7520455e-05,0.00017713707,0.49830547,0.5014731,5_S8
c4_p084_20231227_o02,p084_20231227,84,4,4,75,4_S7,6.023074e-08,5.109938e-06,4.1267584e-05,0.00019872394,0.9995528,0.00020196007,4_S7
c4_p084_20240115_o07,p084_20240115,84,4,4,76,4_S7,4.0260525e-07,1.2138669e-05,4.9612296e-05,7.707132e-05,0.98258877,0.017271962,4_S7
c4_p084_20240119_o10,p084_20240119,84,4,4,78,4_S7,1.5306999e-06,0.00013548104,0.0008577062,0.00019671267,0.99764365,0.0011648567,4_S7
c4_p084_20240126_o09,p084_20240126,84,4,4,80,5_S8,1.1680912e-06,3.570067e-06,5.4862667e-06,7.9203613e-07,0.007960733,0.9920283,5_S8
c4_p090_20231128_o07,p090_20231128,90,4,4,65,3_S6,0.001046398,3.99591e-06,2.5933816e-05,0.81245977,0.18525904,0.0012049183,3_S6
c4_p090_20231130_o09,p090_20231130,90,4,4,67,3_S6,8.9934997e-07,1.1879081e-07,5.553971e-07,0.99992085,7.754115e-05,3.5343458e-08,3_S6
c4_p090_20231204_o06,p090_20231204,90,4,4,65,3_S6,8.755668e-05,1.4890349e-05,1.39497415e-05,0.65633804,0.3434069,0.00013865936,3_S6
c4_p090_20231207_o05,p090_20231207,90,4,4,67,3_S6,0.000101203026,1.0208362e-07,2.609197e-05,0.0048713754,0.9949085,9.274698e-05,4_S7
c4_p090_20231211_o10,p090_20231211,90,4,4,69,3_S6,9.721217e-06,2.1680068e-08,3.0805435e-07,0.0001237942,0.99368286,0.0061832764,4_S7
c4_p090_20231218_o03,p090_20231218,90,4,4,71,4_S7,3.3897085e-10,1.4299059e-08,2.265805e-08,6.1872703e-07,0.9999982,1.1831094e-06,4_S7
c4_p090_20231227_o11,p090_20231227,90,4,4,73,4_S7,0.00048430896,0.0002927215,0.002202955,0.0003641689,0.99582845,0.0008274108,4_S7
c4_p090_20240115_o03,p090_20240115,90,4,4,76,4_S7,4.475383e-06,2.764609e-05,0.0007713501,0.00036729246,0.99744046,0.0013887454,4_S7
c4_p090_20240119_o02,p090_20240119,90,4,4,78,4_S7,9.908013e-09,2.3083433e-07,0.0003143561,4.6741124e-07,0.9991498,0.0005351384,4_S7
c4_p090_20240126_o01,p090_20240126,90,4,4,80,5_S8,2.0418408e-06,9.053242e-06,2.2591128e-05,2.84492e-06,0.3317603,0.6682032,5_S8
c4_p092_20231128_o01,p092_20231128,92,4,4,68,3_S6,0.0001619989,1.226729e-05,0.00021628001,0.99793124,0.0016546879,2.3496985e-05,3_S6
c4_p092_20231130_o06,p092_20231130,92,4,4,69,3_S6,4.872974e-06,1.8374676e-06,8.8023955e-07,0.99954385,0.00044835208,1.8580803e-07,3_S6
c4_p092_20231204_o09,p092_20231204,92,4,4,70,4_S7,1.9247953e-05,8.406242e-06,3.0465258e-06,0.154313,0.8439229,0.0017334413,4_S7
c4_p092_20231207_o10,p092_20231207,92,4,4,71,4_S7,1.3959637e-07,4.0213727e-08,4.7271078e-07,1.5235858e-05,0.9998579,0.00012619514,4_S7
c4_p092_20231211_o06,p092_20231211,92,4,4,72,4_S7,1.5517877e-08,8.833892e-10,3.4426055e-09,2.19354e-05,0.9999738,4.2785514e-06,4_S7
c4_p092_20231218_o07,p092_20231218,92,4,4,74,4_S7,7.137377e-08,4.1436087e-06,2.6557711e-06,0.000488885,0.9988545,0.00064976985,4_S7
c4_p092_20231227_o02,p092_20231227,92,4,4,75,4_S7,4.224902e-09,2.8385045e-06,2.2951074e-06,1.1949359e-06,0.99987674,0.00011691458,4_S7
c4_p092_20240115_o09,p092_20240115,92,4,4,76,4_S7,1.2578067e-06,1.2862907e-06,2.0350097e-05,1.2015263e-05,0.9782656,0.021699455,4_S7
c4_p092_20240119_o10,p092_20240119,92,4,4,78,4_S7,8.910977e-08,9.79374e-08,8.155211e-06,1.2106537e-06,0.99708754,0.0029028703,4_S7
c4_p092_20240126_o07,p092_20240126,92,4,4,83,5_S8,1.1060694e-08,1.3769693e-08,5.1458812e-08,7.4051054e-09,9.646568e-06,0.99999034,5_S8
c4_p100_20231128_o09,p100_20231128,100,4,4,66,3_S6,2.7062963e-05,4.6741948e-06,4.19936e-05,0.99939466,0.0005153092,1.6315165e-05,3_S6
c4_p100_20231130_o12,p100_20231130,100,4,4,68,3_S6,1.2399214e-05,7.2788716e-05,3.334246e-05,0.90903777,0.09081487,2.873801e-05,3_S6
c4_p100_20231204_o03,p100_20231204,100,4,4,69,3_S6,2.5745753e-06,9.860951e-05,6.628437e-06,0.8046033,0.19521715,7.1769435e-05,3_S6
c4_p100_20231207_o12,p100_20231207,100,4,4,68,3_S6,6.5357937e-09,5.987061e-07,1.2031521e-06,5.8349756e-06,0.9999714,2.0979236e-05,4_S7
c4_p100_20231211_o07,p100_20231211,100,4,4,69,3_S6,0.000108125736,2.691909e-05,9.326894e-06,0.005475568,0.36812097,0.6262591,5_S8
c4_p100_20231218_o11,p100_20231218,100,4,4,70,4_S7,2.3686676e-08,3.9755427e-08,2.0119758e-07,2.4630954e-06,0.9960295,0.0039678263,4_S7
c4_p100_20231227_o01,p100_20231227,100,4,4,72,4_S7,2.0525714e-09,5.2669723e-08,2.0387524e-06,2.741722e-05,0.9999436,2.6832207e-05,4_S7
c4_p100_20240115_o08,p100_20240115,100,4,4,75,4_S7,4.080662e-05,5.291214e-05,0.0003748367,2.1573249e-05,0.49171653,0.50779337,5_S8
c4_p100_20240119_o04,p100_20240119,100,4,4,77,4_S7,1.8620046e-08,7.702354e-08,8.642288e-07,5.668151e-07,0.9999231,7.5356525e-05,4_S7
c4_p100_20240126_o12,p100_20240126,100,4,4,79,4_S7,9.662377e-06,7.424946e-06,7.610616e-05,6.313479e-05,0.33749965,0.662344,5_S8
