session,plant,fold,bbch,cls,p_0_S1,p_1_S2,p_2_S5,p_3_S6,p_4_S7,p_5_S8,pred,camera
p005_20230816,5,0,65,3_S6,0.07236244335724999,0.03064827539775,0.330963213965,0.37339352,0.18855210974999997,0.0040804355625,3_S6,fusion
p005_20230921,5,0,77,4_S7,0.06186720334975,0.01532639715,0.038070300925,0.10590940625,0.7573047424999999,0.0215219802125,4_S7,fusion
p005_20231005,5,0,79,4_S7,0.09998288499315,0.0109332866435,0.03424796295,0.0077061193525000005,0.65530701,0.191822704675,4_S7,fusion
p006_20230816,6,0,65,3_S6,0.0067040925699999995,0.0249141978,0.048185803025,0.7820861725,0.134209138075,0.0039005670996,3_S6,fusion
p006_20230921,6,0,78,4_S7,0.0014798505116780626,0.00382064298705925,0.004119081729685,0.016822374390195002,0.72601179125,0.2477462700575,4_S7,fusion
p006_20231005,6,0,79,4_S7,0.00035967092312774994,0.003594642575258475,0.0038970659072512497,0.0058465763847423,0.4895442563625,0.49675784633965003,5_S8,fusion
p008_20230816,8,0,63,3_S6,0.002595690438695,0.0152350416575,0.0403524684125,0.8597221525000001,0.08077528538249999,0.001319368691055,3_S6,fusion
p008_20230921,8,0,73,4_S7,0.0010675333585499999,0.006187832199375,0.02557688195,0.062202993794500006,0.896046645,0.008918174675,4_S7,fusion
p008_20231005,8,0,76,4_S7,0.0052899478715,0.009578925227775,0.017939741665,0.01725053840611,0.41942628125,0.53051460535,5_S8,fusion
p010_20230816,10,0,64,3_S6,0.0006565737655129999,0.006208460387925,0.009405815338499999,0.925778355,0.0573032806206,0.00064750655520785,3_S6,fusion
p010_20230921,10,0,72,4_S7,0.00046948443624999993,0.00433738763,0.011585853925,0.02775128083,0.9419801875,0.013875794475,4_S7,fusion
p010_20231005,10,0,85,5_S8,0.0724427278962725,0.020509655866249997,0.035293247296525,0.014537971011499999,0.03706347125,0.8201529000000001,5_S8,fusion
p016_20230816,16,0,70,4_S7,0.00049517102252112,0.00891989057701708,0.012964785164329449,0.6813422675,0.2951682731979555,0.0011095960161545033,3_S6,fusion
p016_20230921,16,0,75,4_S7,0.00302448759568,0.00335008251615,0.009292642485750001,0.1410056532875,0.7561896524999999,0.08713751318,4_S7,fusion
p016_20231005,16,0,77,4_S7,0.016767068065002503,0.020993645076375002,0.023604691432499998,0.013366844867500002,0.69456637,0.230701391775,4_S7,fusion
p017_20230816,17,0,71,4_S7,3.304258715624999e-05,0.000912086789,0.0013803282536249998,0.882747975,0.1148125414,0.000114029162102875,3_S6,fusion
p017_20230921,17,0,74,4_S7,0.0006161024475649999,0.0052108519585,0.010285687208499998,0.13337509146150003,0.8377334,0.0127788627,4_S7,fusion
p017_20231005,17,0,72,4_S7,1.368975725e-05,0.0005366354455,0.00026695790000000005,0.00014711213,0.041556244,0.9574793350000002,5_S8,fusion
p025_20230828,25,0,16,0_S1,0.9741132849999999,0.007015257549999999,0.015142240835,0.0029238558714999997,0.00046072712299999996,0.00034458194175,0_S1,fusion
p025_20230904,25,0,22,1_S2,0.29833905675,0.1800656545,0.28263793409692495,0.1988069906216825,0.0374960711351,0.00265430918425,0_S1,fusion
p025_20230908,25,0,61,3_S6,0.002166641635,0.007835491192499999,0.02360989912625,0.941732135,0.0242946727025,0.00036119313012625,3_S6,fusion
p025_20230921,25,0,70,4_S7,0.005845544791271751,0.02658503204825,0.023193060354,0.3214527915,0.622105575,0.000817957671,4_S7,fusion
p025_20231006,25,0,72,4_S7,0.002693901462312825,0.0035082412632499995,0.031901874359499996,0.11192485411474999,0.8400801274999999,0.009891009136,4_S7,fusion
p025_20231017,25,0,75,4_S7,8.927078597500001e-07,0.000220139370875,0.000905634647,0.00095263042025,0.995537765,0.00238297447875,4_S7,fusion
p025_20231023,25,0,76,4_S7,6.300487228476e-05,0.0210157833268,0.0065971760697675,0.131777565037,0.8339838275,0.00656271158605,4_S7,fusion
p025_20231027,25,0,77,4_S7,0.00012136426607499999,0.00475016555,0.0095524982285,0.07035523131,0.726370035,0.18885068700000002,4_S7,fusion
p025_20231101,25,0,78,4_S7,0.00015167577719124998,0.26941264449999996,0.008480071109715,0.052730569921250005,0.64667614715,0.02254887767325,4_S7,fusion
p025_20231106,25,0,79,4_S7,0.00032296745621500004,0.0079586349925,0.00887753419925,0.033107305163,0.9301786875,0.019554819124999998,4_S7,fusion
p025_20231109,25,0,79,4_S7,6.351745975e-05,0.2629260221,0.002678229475,0.0058856452975000004,0.6589266475,0.069519919,4_S7,fusion
p025_20231120,25,0,81,5_S8,0.000269582548180875,0.01934465364143675,0.00850602417449,0.0019329425565664,0.2237798790805,0.74616695,5_S8,fusion
p025_20231124,25,0,81,5_S8,0.00021882589265,0.06782367504,0.0333857223875,0.000557185240075,0.089117483075,0.808897085,5_S8,fusion
p025_20231127,25,0,81,5_S8,4.8358032299999996e-05,0.0007998333999999999,0.0098950541175,0.00030077779309999996,0.1811643772,0.8077916199999999,5_S8,fusion
p025_20231130,25,0,81,5_S8,0.00116286321225,0.011260245524625,0.026343327865,0.0048208795008099995,0.072561403865,0.883851245,5_S8,fusion
p030_20230828,30,0,15,0_S1,0.91281795,0.030014448524999997,0.046832734325,0.008018391555,0.001191462611,0.0011250198375,0_S1,fusion
p030_20230904,30,0,53,2_S5,0.0888875076,0.12688111075,0.410912605,0.3516817475,0.01980263425,0.00183436531475,2_S5,fusion
p030_20230908,30,0,62,3_S6,0.0008316754925,0.008053405874999999,0.021515037499999997,0.8930574,0.075696690675,0.0008457963424999999,3_S6,fusion
p030_20230921,30,0,70,4_S7,7.830005092127499e-05,0.0030424426499500003,0.004015304911412499,0.162979304348175,0.8286121474999999,0.0012724722758850001,4_S7,fusion
p030_20231006,30,0,73,4_S7,0.0001249938979048425,0.0030585441674300003,0.004759373400695,0.097930506985,0.8848439050000001,0.0092826885215325,4_S7,fusion
p030_20231017,30,0,75,4_S7,5.271720346184999e-06,0.031565647681675,5.370638364675e-05,0.00063978141585,0.9654612575,0.00227437510825,4_S7,fusion
p030_20231023,30,0,76,4_S7,6.138010886301036e-06,0.002272930497040935,0.000994493308041312,0.00417466332124,0.989022715,0.003529079461586365,4_S7,fusion
p030_20231027,30,0,77,4_S7,1.4366869500004802e-05,0.002637422693766818,0.002605954250003836,0.00962897714043514,0.9429212124999999,0.04219206748888783,4_S7,fusion
p030_20231101,30,0,78,4_S7,2.51655881151e-05,0.00341868557385,0.002135181497075,0.007850775225925,0.7783124725,0.20825774835000002,4_S7,fusion
p030_20231106,30,0,79,4_S7,2.0910990594550003e-05,0.0012949916033775,0.001061871169625,0.008735006578095,0.944829515,0.0440576957225,4_S7,fusion
p030_20231109,30,0,79,4_S7,1.686634648965e-06,0.000884260310925,0.000139245732983,0.00034148675193075004,0.9884753625,0.01015792626,4_S7,fusion
p030_20231120,30,0,81,5_S8,6.210264711249999e-05,0.0019545512494999998,0.002774682484625,0.0012142016763250002,0.340128494595,0.6538659274999999,5_S8,fusion
p030_20231124,30,0,82,5_S8,0.0001436026565235,0.0063936155408275,0.0129295704145,0.0002031158900085,0.08991507668250001,0.8904150525000001,5_S8,fusion
p030_20231127,30,0,85,5_S8,1.129275083e-05,0.0005149122731975001,0.00114323330025,2.693029021425e-05,0.1812345965795,0.8170690525000001,5_S8,fusion
p030_20231130,30,0,87,5_S8,0.00025528144844,0.00046291945115,0.0011764338042499999,0.000171470799735,0.0005461357657500001,0.9973877425000001,5_S8,fusion
p035_20230828,35,0,14,0_S1,0.84352647,0.01170921545,0.135916321675,0.0068838102075,0.0009642243725000001,0.0009999478825,0_S1,fusion
p035_20230904,35,0,16,0_S1,0.08454614131625,0.0353308892,0.6008436375,0.21933573499999998,0.05677790253825,0.003165686793875,2_S5,fusion
p035_20230908,35,0,52,2_S5,0.06408746282149999,0.004863925275,0.09759888925,0.6872303500000001,0.145508726425,0.000710663445,3_S6,fusion
p035_20230921,35,0,52,2_S5,0.058708768635749996,0.047852615875,0.12204974005000001,0.6277795775,0.13684664467000002,0.006762673930512501,3_S6,fusion
p035_20231006,35,0,52,2_S5,0.01700932148606,0.12453172525,0.06819121308500001,0.216460447525,0.564470645,0.009336663185000002,4_S7,fusion
p035_20231017,35,0,52,2_S5,0.007883078192375001,0.068560329275,0.073342031375,0.180826211575,0.6603240075,0.009064350950000001,4_S7,fusion
p035_20231023,35,0,52,2_S5,0.0009120306867500001,0.0235655665,0.035320605775,0.1096715905,0.815965305,0.014564918100000001,4_S7,fusion
p035_20231027,35,0,52,2_S5,0.0006833095208500001,0.2973092625,0.024644179299,0.052181046625000005,0.6008322150000001,0.02435000695,4_S7,fusion
p035_20231101,35,0,52,2_S5,0.00018847521350000003,0.12246811020750001,0.01570353365925,0.039711989175,0.8161979575,0.0057299484,4_S7,fusion
p035_20231106,35,0,52,2_S5,0.0015352116819249998,0.0184836694175,0.02187169424,0.0581008329375,0.8963647299999999,0.0036438440124999995,4_S7,fusion
p035_20231109,35,0,52,2_S5,0.000489173166765,0.10083357975,0.0144933231211,0.06180874738,0.798811255,0.0235638972,4_S7,fusion
p035_20231120,35,0,52,2_S5,0.005472770757925,0.06805198825,0.0216566358675,0.033471350535000007,0.8068961325,0.06445112465000001,4_S7,fusion
p035_20231124,35,0,52,2_S5,0.0006878090500000001,0.046978167800000005,0.0248468228675,0.0070432372825,0.646972205,0.27347172,4_S7,fusion
p035_20231127,35,0,52,2_S5,0.001784121856825,0.021214882475,0.028960901900000002,0.019402571196,0.5545441025,0.37409342250000005,4_S7,fusion
p035_20231130,35,0,52,2_S5,0.005894343296925,0.0691429757575,0.09398523665,0.031084487957925,0.35107233149999995,0.44882066475,5_S8,fusion
p036_20230828,36,0,51,2_S5,0.8643966750000001,0.03522743925,0.0481826735,0.051148264375,0.000618993773,0.00042596176499999996,0_S1,fusion
p036_20230904,36,0,60,3_S6,0.17320811695000002,0.06437258729,0.415671233,0.323394666725,0.020683033563749998,0.002670366170585,2_S5,fusion
p036_20230908,36,0,63,3_S6,0.0034852954985,0.011767249025,0.0222928222825,0.9003666925,0.061365194815,0.00072267493749,3_S6,fusion
p036_20230921,36,0,70,4_S7,6.03548321225e-06,0.0006396256891749998,0.0005077902999999999,0.27582677375000003,0.7209299775,0.002089795292375,4_S7,fusion
p036_20231006,36,0,72,4_S7,0.005231563612556,0.024671097484999998,0.061297162380749996,0.332428661395,0.570578701,0.005792808135,4_S7,fusion
p036_20231017,36,0,73,4_S7,0.012873090787828095,0.0294599053145328,0.0585469694524475,0.1024851177929,0.7937205375,0.00291437174875,4_S7,fusion
p036_20231023,36,0,74,4_S7,0.00223368668466315,0.038809917142509996,0.056095687434325,0.287643768085,0.6079513425,0.007265563618,4_S7,fusion
p036_20231027,36,0,75,4_S7,0.0007310877424745,0.013066124882749998,0.0433045301565,0.149846513465,0.732667255,0.060384456655,4_S7,fusion
p036_20231101,36,0,76,4_S7,0.00389602061635,0.06155972725,0.0323571299025,0.08319279699999999,0.795028925,0.023965410175,4_S7,fusion
p036_20231106,36,0,77,4_S7,0.000243755445925,0.047796432282499995,0.0152316735725,0.0367296416725,0.8208754875,0.07912299249999999,4_S7,fusion
p036_20231109,36,0,78,4_S7,0.0024855184085799996,0.13124275459775,0.04604582090775,0.092674021535,0.643772225,0.08377964789999999,4_S7,fusion
p036_20231120,36,0,81,5_S8,0.03592790523575,0.022104930970000002,0.0425599371975,0.01175261521225,0.032223652325,0.8554310150000001,5_S8,fusion
p036_20231124,36,0,82,5_S8,0.00263850240265,0.011395394377500001,0.0169258987125,0.0073596124035375,0.020519033675,0.9411615125,5_S8,fusion
p036_20231127,36,0,83,5_S8,0.001473489491,0.0022082870125,0.0045250286499999995,0.027263221264,0.02248840791,0.9420415625,5_S8,fusion
p036_20231130,36,0,84,5_S8,0.0037210030773000002,0.0025897928555,0.007970465627500001,0.009317673492725,0.00463347755,0.971767575,5_S8,fusion
p054_20230929,54,0,13,0_S1,0.9998100025,3.3851400199999996e-05,0.0001091951575,2.621809325e-05,1.01124700625e-05,1.063440775e-05,0_S1,fusion
p054_20231004,54,0,13,0_S1,0.9915697725000001,0.00028222033,0.007690907316499999,8.759386425e-05,0.00010302699325,0.00026645194200000004,0_S1,fusion
p054_20231011,54,0,14,0_S1,0.9849362850000001,0.0024128858,0.006305045925,0.0031683079174999996,0.0026601742195,0.00051727065325,0_S1,fusion
p054_20231017,54,0,53,2_S5,0.681043928,0.026135763149999998,0.15434465,0.09580597382250002,0.0396143989,0.0030553238275,0_S1,fusion
p054_20231019,54,0,53,2_S5,0.4375975875,0.02829604499,0.45286489799999996,0.06715851087250001,0.01294436482175,0.00113856581975,2_S5,fusion
p054_20231023,54,0,60,3_S6,0.1413573545,0.045047391855,0.6903408849999999,0.08973606525,0.03134903085325,0.0021692888014999997,2_S5,fusion
p054_20231027,54,0,65,3_S6,0.0050175204535125,0.02015454544335,0.2121529056575,0.6140421875000001,0.14797131025,0.0006615240929250001,3_S6,fusion
p054_20231101,54,0,65,3_S6,0.0006907474345875,0.019930422393,0.101163446755,0.8412581175,0.03677689874,0.00018035989158749998,3_S6,fusion
p054_20231106,54,0,68,3_S6,0.00021422455025000002,0.00411204462525,0.023287590325,0.654940965,0.3165980405,0.0008471002572499999,3_S6,fusion
p054_20231109,54,0,70,4_S7,0.00047069373182125,0.004213062067775,0.025881153308,0.34072752847500004,0.627749305,0.0009582666095,4_S7,fusion
p054_20231120,54,0,71,4_S7,0.046437857513999994,0.011221306685,0.038813877861,0.08515648625000001,0.8058465524999999,0.01252391145,4_S7,fusion
p054_20231127,54,0,73,4_S7,8.456864881750001e-07,6.419149097465e-05,8.376677049650001e-05,0.016373079739325003,0.9831473825,0.00033072144375,4_S7,fusion
p054_20231130,54,0,75,4_S7,7.6662781355e-05,0.0008700392170249999,0.0013589089665,0.031545448909999996,0.9606289,0.0055200638400000005,4_S7,fusion
p054_20231204,54,0,78,4_S7,3.798479598850001e-05,0.00023510457957400002,0.00070646368246,0.019424589510097498,0.9776564349999999,0.0019394431009999997,4_S7,fusion
p054_20231211,54,0,79,4_S7,1.9255205967499996e-06,0.00028991712940000004,0.00018007382442500002,0.010756077761625,0.9875427675,0.0012293451725000001,4_S7,fusion
p054_20231214,54,0,79,4_S7,4.737375977375e-07,1.13195009467575e-05,2.09243625441625e-05,0.00026106278607274997,0.92212796,0.077578207315,4_S7,fusion
p054_20231218,54,0,79,4_S7,4.5190829174999996e-06,0.0004833443403125,0.0001002819301,0.0031226908325,0.9832755325,0.01301362844,4_S7,fusion
p054_20231227,54,0,79,4_S7,2.6169439074999998e-05,7.973034609999999e-05,0.000275297549425,0.00074364206545,0.68583213575,0.31304307675,4_S7,fusion
p054_20240104,54,0,82,5_S8,4.8090499396e-05,0.000101198609375,0.0004566679415,0.000543048997167,0.6235164698675,0.37533452,4_S7,fusion
p057_20230929,57,0,13,0_S1,0.99986072,2.7884016625e-05,7.7685794225e-05,1.89148643915e-05,7.459942942e-06,7.3578930499999995e-06,0_S1,fusion
p057_20231004,57,0,13,0_S1,0.998365225,0.000522289454,0.0008782236774999999,0.00014912425742499998,3.951549765e-05,4.5574971499999995e-05,0_S1,fusion
p057_20231011,57,0,21,1_S2,0.94162249,0.010251737325175,0.03778857482,0.009158257793875,0.000730959336675,0.000447979056935,0_S1,fusion
p057_20231017,57,0,60,3_S6,0.1315016099355,0.049521695122499994,0.7084121250000001,0.09670796975,0.012157628537200002,0.001698992466075,2_S5,fusion
p057_20231019,57,0,61,3_S6,0.01639646479825,0.045175945249999995,0.4293775425,0.494414605,0.01380502801,0.0008304308772,3_S6,fusion
p057_20231023,57,0,64,3_S6,0.0034836841283733145,0.03609350371048725,0.11336606326375,0.8155574925,0.03089547590095,0.000603759371686385,3_S6,fusion
p057_20231027,57,0,65,3_S6,0.00022642844722999998,0.01905102259,0.020740275824999998,0.7798532375,0.17788132,0.0022477754720500003,3_S6,fusion
p057_20231101,57,0,67,3_S6,0.000384014181675,0.0075776446225,0.223712743675,0.555599555,0.2124027386175,0.000323273462505,3_S6,fusion
p057_20231106,57,0,70,4_S7,1.85599223925e-06,0.0010549075712499999,0.002586304437925,0.8524482675,0.14375642724999999,0.00015224725349999998,3_S6,fusion
p057_20231109,57,0,71,4_S7,1.4518624958597499e-05,0.001440212006,0.0030672522732825,0.272771764875,0.7159826450000001,0.0067236202039,4_S7,fusion
p057_20231120,57,0,73,4_S7,0.000300614520624075,0.0041746916599075005,0.00619142996625,0.09539097896000001,0.8683263625,0.02561596067365,4_S7,fusion
p057_20231127,57,0,75,4_S7,1.36692637595e-06,5.0416551355000006e-05,0.00021800525808999998,0.07154406965773,0.92199509,0.00619102919175,4_S7,fusion
p057_20231130,57,0,77,4_S7,4.813150755750001e-05,0.002217293568825,0.0009384875225,0.0156559683775,0.90050272,0.0806374636,4_S7,fusion
p057_20231204,57,0,78,4_S7,8.871442270685e-06,0.0001209493042412,0.00029677201205109997,0.02262728858191815,0.9736253275,0.0033208064128499998,4_S7,fusion
p057_20231211,57,0,79,4_S7,2.1721192640094998e-05,0.004103440748032825,0.0009740740693375,0.001297582808965,0.9209389799999999,0.07266419000025,4_S7,fusion
p057_20231214,57,0,79,4_S7,4.735633120075e-06,6.516833568e-06,1.39796850825e-05,7.068820125000001e-05,0.9592352675,0.0406687577375,4_S7,fusion
p057_20231218,57,0,79,4_S7,2.38611541425e-05,4.4430909112499995e-05,0.0002406252915,0.0008866837281249999,0.793105975,0.20569843375000002,4_S7,fusion
p057_20231227,57,0,80,5_S8,8.71752425e-07,3.5415372249999995e-05,0.000102903112275,9.064791692499999e-05,0.333898253,0.665871925,5_S8,fusion
p057_20240104,57,0,83,5_S8,5.3595404409599996e-05,0.0003591380858675,0.000190259368375,0.00077554645229525,0.420852054315,0.5777694195,5_S8,fusion
p066_20231006,66,0,13,0_S1,0.9995057,7.183628015e-05,0.000242399445475,7.374496255e-05,3.4746563375e-05,7.1561463325e-05,0_S1,fusion
p066_20231011,66,0,13,0_S1,0.9987496375,6.938853825e-05,0.0004972517773750001,5.6805961075e-05,0.000522140286875,0.00010475981312500001,0_S1,fusion
p066_20231017,66,0,13,0_S1,0.999630275,0.00010096962475,0.00016086630175,5.690726742500001e-05,2.1020841875000002e-05,2.99494772e-05,0_S1,fusion
p066_20231019,66,0,13,0_S1,0.9938936225,0.0012167686818,0.0039178422575,0.000625723197775,0.0002291240885375,0.000116941369925,0_S1,fusion
p066_20231023,66,0,13,0_S1,0.997459635,0.00087616168,0.0013618975475000001,0.000220972929,5.251508485e-05,2.876840775e-05,0_S1,fusion
p066_20231027,66,0,14,0_S1,0.4893593475,0.0284032049,0.43932818500000004,0.03836752255,0.0036420786784749997,0.000899670149325,0_S1,fusion
p066_20231101,66,0,53,2_S5,0.066259837,0.027615384499999996,0.8079987925,0.0924024871,0.005255491797462501,0.00046802270958999994,2_S5,fusion
p066_20231106,66,0,60,3_S6,0.00032647005510627505,0.00598934614505,0.054668722924999996,0.9336874525000001,0.005279600626275,4.8398348499999996e-05,3_S6,fusion
p066_20231109,66,0,65,3_S6,0.00102255757681545,0.007512264699425,0.04394303598325001,0.918690505,0.02860008642,0.00023155741178350003,3_S6,fusion
p066_20231120,66,0,67,3_S6,2.7220050787142524e-05,0.00173081779618845,0.00375499821661,0.4777446823,0.516528540205495,0.000213758788285241,4_S7,fusion
p066_20231127,66,0,70,4_S7,5.0814322642499996e-06,0.0010735771594525,0.0011577494297,0.020234188039999997,0.97569625,0.0018331825222599998,4_S7,fusion
p066_20231130,66,0,71,4_S7,1.6293194919e-05,0.001683876754,0.0021793046913499998,0.13699849585,0.858381685,0.000740386709,4_S7,fusion
p066_20231204,66,0,73,4_S7,3.284922906025e-06,0.0001892182523575,0.00037548760822499997,0.019240814520249998,0.9799422625,0.0002489527886325,4_S7,fusion
p066_20231211,66,0,75,4_S7,5.980067225e-07,5.20042295e-05,0.00015837409832500002,0.00409937080325,0.9917701750000001,0.0039194501125,4_S7,fusion
p066_20231214,66,0,78,4_S7,7.782001665e-07,4.016614335000001e-06,3.303833532e-05,0.002100151036725,0.99471256,0.00314945170325,4_S7,fusion
p066_20231218,66,0,79,4_S7,7.6484981885e-06,0.000181143879375,0.0003437088625,0.007507486395,0.9816176375,0.010342358732500001,4_S7,fusion
p066_20231227,66,0,80,5_S8,4.95368112925e-05,0.0003930192185,0.00069286776575,0.00406460950325,0.8287781475,0.1660218165,4_S7,fusion
p066_20240115,66,0,82,5_S8,8.52311027475e-06,4.55871502675e-05,0.000117769871104,3.0339892546749998e-05,0.0016097267247500002,0.9981880825,5_S8,fusion
p066_20240119,66,0,82,5_S8,6.4956822565000005e-06,5.222026284999999e-06,1.4691474537499999e-05,2.5212081603499996e-06,0.000450081775,0.9995209949999999,5_S8,fusion
p066_20240126,66,0,84,5_S8,3.30980247769605e-05,3.3076042138375003e-05,9.3803988039475e-05,8.51747235212375e-05,0.006165401120949999,0.99358946,5_S8,fusion
p069_20231006,69,0,13,0_S1,0.9994686625,6.0758361275e-05,0.00023435418127500002,0.00013284082943,3.5904983399999996e-05,6.7465529225e-05,0_S1,fusion
p069_20231011,69,0,13,0_S1,0.99960688,3.416750945e-05,0.000156823557375,3.1183804435e-05,0.000141124616475,2.9817210424999998e-05,0_S1,fusion
p069_20231017,69,0,13,0_S1,0.999169915,0.0001727037841,0.00047695463874999997,0.00012777182470749998,2.8090579728999998e-05,2.4592772450000002e-05,0_S1,fusion
p069_20231019,69,0,14,0_S1,0.9801696950000001,0.003337789709775,0.01310990486575,0.002389626757415,0.0007233660508559999,0.000269632645675,0_S1,fusion
p069_20231023,69,0,14,0_S1,0.976537215,0.0070497428925000005,0.013966229325000001,0.0018889234399999998,0.000353811238175,0.00020414635350000002,0_S1,fusion
p069_20231027,69,0,15,0_S1,0.027492903750000002,0.031814368825,0.8162394275,0.11974824214999999,0.004360192047499999,0.00034484508100000004,2_S5,fusion
p069_20231101,69,0,53,2_S5,0.011659056463249998,0.02194641805,0.6975980325000001,0.2566913725,0.01169772386825,0.0004073919455175,2_S5,fusion
p069_20231106,69,0,61,3_S6,5.8802559377000005e-05,0.0019690542904,0.016104225239749997,0.97772319,0.004123115371750001,2.161434176e-05,3_S6,fusion
p069_20231109,69,0,66,3_S6,0.00018647887389726202,0.023213557663925,0.025304622228500002,0.9047394000000001,0.04600175342499999,0.0005541569120260001,3_S6,fusion
p069_20231120,69,0,70,4_S7,0.0059557490413235,0.02180356743095,0.05474492851650001,0.5444746925,0.36712015075000004,0.005900911292,3_S6,fusion
p069_20231127,69,0,72,4_S7,1.55422934075e-05,0.00028509731525,0.00037049806,0.0863981215,0.91143302,0.0014976995124999998,4_S7,fusion
p069_20231130,69,0,73,4_S7,0.00033391846434,0.00468502217675,0.0103132991075,0.100894298115,0.8300132075,0.053760250875,4_S7,fusion
p069_20231204,69,0,74,4_S7,0.0002290532025,0.0018575296400000002,0.00458267081,0.0652691205,0.9236224599999999,0.004439149704999999,4_S7,fusion
p069_20231211,69,0,76,4_S7,6.043026905e-06,0.000110387124,0.00022343349900000003,0.0031588056675,0.8387938425,0.15770747765,4_S7,fusion
p069_20231214,69,0,77,4_S7,0.000395476700562625,9.7417545808675e-05,0.0005463409192936249,0.0016640860282925002,0.99333175,0.003964973637675,4_S7,fusion
p069_20231218,69,0,78,4_S7,0.00036116073465325,0.000224448771094975,0.0036534878949,0.001885646676665,0.965475685,0.02839954845,4_S7,fusion
p069_20231227,69,0,79,4_S7,2.8380096152375002e-05,1.6452373663075e-05,3.8948713195e-05,3.34550966725e-05,0.8776972650000001,0.12218548597125001,4_S7,fusion
p069_20240115,69,0,82,5_S8,0.000473599298665,0.0004308678295,0.003950869750425,0.00021624042527,0.08828069944999999,0.9066477549999999,5_S8,fusion
p069_20240119,69,0,82,5_S8,0.0061508536991999995,0.001409039614205,0.0029255386375000004,0.0005013683834275,0.0201136727775,0.9688995149999999,5_S8,fusion
p069_20240126,69,0,84,5_S8,0.000450369043385,0.00022111244663,0.00039322530517500005,0.0001825391696635,0.010978685216249999,0.9877741,5_S8,fusion
p070_20231006,70,0,13,0_S1,0.99956885,8.611927835e-05,0.0001999256903,0.00011278319557749999,1.61665734925e-05,1.61355683e-05,0_S1,fusion
p070_20231011,70,0,13,0_S1,0.9993810599999999,4.1463958e-05,0.00031312256155,4.1832507924999994e-05,0.000176123778275,4.6391371775000003e-05,0_S1,fusion
p070_20231017,70,0,13,0_S1,0.9993879999999999,0.00012679765749999997,0.000343613872,0.0001027742982625,1.7679021335e-05,2.11666575e-05,0_S1,fusion
p070_20231019,70,0,14,0_S1,0.9692377,0.0046273538125,0.0201205526,0.0035359846223750003,0.001814599839,0.0006638041547500001,0_S1,fusion
p070_20231023,70,0,14,0_S1,0.978643785,0.004475421295,0.01322127318,0.0029998570269999998,0.0004311399223725,0.00022845883949999997,0_S1,fusion
p070_20231027,70,0,21,1_S2,0.1483077615,0.032505903125,0.7000389175,0.113998227745,0.004616176475015,0.0005330181745099999,2_S5,fusion
p070_20231101,70,0,60,3_S6,0.009018466747249999,0.013316035422499999,0.44988534925,0.52299124155,0.0046633379840000004,0.0001255663324255,3_S6,fusion
p070_20231106,70,0,62,3_S6,3.0935619708645e-05,0.00278490342485,0.011940998868475002,0.9795488475,0.00567568005975,1.862571950485e-05,3_S6,fusion
p070_20231109,70,0,65,3_S6,0.0005534466778725001,0.008665133641999999,0.0436257635705,0.7448871825000001,0.20157918300000002,0.0006893032167175,3_S6,fusion
p070_20231120,70,0,70,4_S7,5.5477667845e-05,0.0024656912175,0.006921410386249999,0.47158350057500004,0.5177044752500001,0.0012694527777999999,4_S7,fusion
p070_20231127,70,0,71,4_S7,1.4012278234575e-05,0.0006296063197125001,0.001142088053045,0.018880282421,0.97854379,0.0007901686227249999,4_S7,fusion
p070_20231130,70,0,73,4_S7,0.00011318499000000001,0.0016501049249999999,0.002403748875,0.024416327994575,0.9559718924999999,0.0154446835325,4_S7,fusion
p070_20231204,70,0,75,4_S7,7.3580624249999994e-06,0.0002689716555,0.00040555129,0.031899862625,0.96551424,0.0019040396299999998,4_S7,fusion
p070_20231211,70,0,76,4_S7,1.5641247405175e-06,0.00022043108695750003,0.00011368264232,0.00042787236040000003,0.9851890950000001,0.0140473663801975,4_S7,fusion
p070_20231214,70,0,77,4_S7,1.5100466139500002e-05,2.8655346287175e-05,0.000371296749557275,7.622663150000001e-05,0.950042175,0.04946655275568251,4_S7,fusion
p070_20231218,70,0,78,4_S7,0.00014692390630775,0.0013641912127,0.0017053016363375,0.0058755151707500005,0.9090161125,0.0818919389,4_S7,fusion
p070_20231227,70,0,79,4_S7,1.46777408263e-05,0.0002069648634065,0.00024453122338,0.000761106703575,0.8839615875,0.114811109,4_S7,fusion
p070_20240115,70,0,83,5_S8,1.7734169325e-05,0.00023411541634999999,0.0003267509275,5.14659663625e-05,0.013402930007500001,0.9859669600000001,5_S8,fusion
p070_20240119,70,0,84,5_S8,2.42620210715e-05,3.767890715e-05,4.799072400000001e-05,1.4773567725e-05,0.0046327143050000005,0.9952425425,5_S8,fusion
p070_20240126,70,0,88,5_S8,8.09484687675e-05,4.93763391925e-06,9.657460325e-06,7.971797201500001e-07,0.000812568065,0.99909115,5_S8,fusion
p075_20231006,75,0,13,0_S1,0.9995670000000001,6.1212423575e-05,0.000247217488225,6.50690188e-05,1.68193174e-05,4.26739315e-05,0_S1,fusion
p075_20231011,75,0,13,0_S1,0.9998676274999999,2.656476125e-05,5.780707075e-05,1.81282491e-05,1.2678854137499999e-05,1.7155369624999998e-05,0_S1,fusion
p075_20231017,75,0,13,0_S1,0.9993625275,0.00014583922915499997,0.0003073295212625,0.0001093246552535,4.0177334316375004e-05,3.4833628155e-05,0_S1,fusion
p075_20231019,75,0,14,0_S1,0.9829153700000001,0.002493302736,0.011495342975,0.0018057642329999998,0.000970187960825,0.00031999632250000003,0_S1,fusion
p075_20231023,75,0,14,0_S1,0.840401695,0.011424967325,0.14375470689999997,0.00305004321,0.00103207535,0.00033652986000000005,0_S1,fusion
p075_20231027,75,0,53,2_S5,0.13132752335,0.029525582875,0.7359371825000001,0.09796926825,0.0046404264200000005,0.0006000239795,2_S5,fusion
p075_20231101,75,0,53,2_S5,0.001974472905,0.0581670232075,0.6056359175,0.328806134,0.0053042530475,0.0001121386606025,2_S5,fusion
p075_20231106,75,0,54,2_S5,2.5415284965911247e-05,0.0011590331757894,0.0058517786099999995,0.99120074,0.0017470575289992502,1.59235755414385e-05,3_S6,fusion
p075_20231109,75,0,60,3_S6,4.427219489827125e-05,0.0027612846387075002,0.013896156239070749,0.9543165175,0.0288817022825,0.00010009014471944999,3_S6,fusion
p075_20231120,75,0,68,3_S6,0.00011761515579375,0.002717956345,0.007005108403750001,0.43440633175,0.5490462425,0.006706721356625001,4_S7,fusion
p075_20231127,75,0,73,4_S7,3.69589189375e-05,0.0043606263145,0.00241148158675,0.0879409093725,0.893955465,0.011294539244,4_S7,fusion
p075_20231130,75,0,74,4_S7,4.2073342360000005e-05,0.00066964748325,0.0015437894224999999,0.0384925376625,0.9515701099999999,0.007681825192500001,4_S7,fusion
p075_20231204,75,0,75,4_S7,2.84006905355e-05,0.000258534503125,0.0005551223104125,0.17103441181275,0.8278749224999999,0.000248628068375,4_S7,fusion
p075_20231211,75,0,76,4_S7,1.87700701875e-06,2.635319455e-05,0.000126236944,0.0054190773326,0.9919282749999999,0.0024982241505,4_S7,fusion
p075_20231214,75,0,77,4_S7,1.2663488529425001e-05,1.1108206022e-05,7.04885681475e-05,0.00019853022125000002,0.9867997925,0.012907371396349999,4_S7,fusion
p075_20231218,75,0,78,4_S7,1.4237648486675001e-05,7.669567825e-05,0.0004602127833675,0.001451119827793,0.914481325,0.083516449,4_S7,fusion
p075_20231227,75,0,80,5_S8,0.000153907928575,0.0002830377665,0.0025196347400000003,0.00036837966162499996,0.36221865175,0.6344563695000001,5_S8,fusion
p075_20240115,75,0,83,5_S8,6.6250780925e-06,3.5142865287499996e-06,4.25365990275e-05,1.8553513152500002e-06,0.0192931945375,0.980652255,5_S8,fusion
p075_20240119,75,0,85,5_S8,3.149034974225e-05,2.5320619369999998e-06,1.825185333e-05,9.029345469325e-06,0.0005441995307499999,0.9993945,5_S8,fusion
p075_20240126,75,0,87,5_S8,0.000119557222121,5.6687260734150004e-05,0.00013544810393612501,4.0884795885825e-05,0.0001159240700025,0.9995315025,5_S8,fusion
p079_20231006,79,0,13,0_S1,0.9996143725,7.962870725e-05,0.00018634410324999998,4.701293093e-05,1.7406914075e-05,5.5249708625e-05,0_S1,fusion
p079_20231011,79,0,13,0_S1,0.9998692475,2.0492117325000002e-05,6.291937075000001e-05,1.914682668e-05,1.163231142e-05,1.6561050275e-05,0_S1,fusion
p079_20231017,79,0,13,0_S1,0.9995274875,0.000127192297,0.00020207988325000002,6.703031305499999e-05,4.0830095195999995e-05,3.5421784124999996e-05,0_S1,fusion
p079_20231019,79,0,14,0_S1,0.9949571575,0.00113088689525,0.00294520795,0.00054172496585,0.00026268590875,0.00016234496025,0_S1,fusion
p079_20231023,79,0,14,0_S1,0.8624814000000001,0.00680590611,0.0395776566,0.019390958594499998,0.06893679827,0.00280726610475,0_S1,fusion
p079_20231027,79,0,20,1_S2,0.31862178575,0.07970196175,0.48936796424999995,0.0950611345,0.014761386865,0.0024857784250499997,2_S5,fusion
p079_20231101,79,0,52,2_S5,0.021615000391982504,0.02209683902,0.5103422825,0.43291429175,0.01214477356,0.000886814371725,2_S5,fusion
p079_20231106,79,0,65,3_S6,4.37698642783875e-05,0.001301663287275,0.010818344192875,0.9799308875,0.0078918166875,1.355453529825e-05,3_S6,fusion
p079_20231109,79,0,69,3_S6,0.00021522731565694998,0.006683824205979999,0.0362007433858,0.929665035,0.0270943497274,0.00014078355328924998,3_S6,fusion
p079_20231120,79,0,70,4_S7,7.791444686325e-05,0.002210416209675,0.0036937252555,0.1893698295,0.8029699175,0.0016782238248000002,4_S7,fusion
p079_20231127,79,0,73,4_S7,1.11036915425e-05,0.00172021120025,0.00259585422325,0.0899626943675,0.9050368775000001,0.00067322708,4_S7,fusion
p079_20231130,79,0,74,4_S7,0.00016275167175000001,0.0007263251075,0.00340053821,0.13783776320000002,0.855081465,0.00279118605,4_S7,fusion
p079_20231204,79,0,75,4_S7,5.8351948781165e-05,0.001052692185387475,0.001739379473576,0.08250600253077275,0.9124443825,0.0021991652952675,4_S7,fusion
p079_20231211,79,0,76,4_S7,3.5535961109999996e-07,8.780790735e-06,4.5766143125e-05,0.00368732885008,0.9926119175,0.0036459094659825,4_S7,fusion
p079_20231214,79,0,77,4_S7,0.00035389582617499995,0.0006599692858875,0.00038134350975,0.00098088282,0.9905774924999999,0.007046460776,4_S7,fusion
p079_20231218,79,0,78,4_S7,8.20651264652325e-06,0.00010584786055025,0.00026650287994175,0.009064145530762499,0.9670662400000001,0.02348905676762,4_S7,fusion
p079_20231227,79,0,79,4_S7,8.74578899625e-06,3.7920440325e-05,0.00021069609400000002,0.00020605452275,0.925454295,0.07408234775,4_S7,fusion
p079_20240115,79,0,81,5_S8,3.2882299405e-05,0.000109462500575,0.000197828572425,7.34339910125e-05,0.12341305110000002,0.87617336,5_S8,fusion
p079_20240119,79,0,82,5_S8,0.000230246252918175,5.69449398545e-05,0.00015356333842475,5.9082910459575e-05,0.0007721916167,0.99872801,5_S8,fusion
p079_20240126,79,0,87,5_S8,0.00017424923547125,9.214432333249999e-05,0.00021447360317825001,6.6066015205375e-05,0.000213634818025,0.9992394575,5_S8,fusion
p086_20231128,86,0,68,3_S6,5.197045353750001e-05,9.38420395e-05,0.00067379707175,0.9209775,0.078155337991,4.755966965e-05,3_S6,fusion
p086_20231130,86,0,69,3_S6,0.00057346826785,0.0021039450298499995,0.01168828716885,0.95862074,0.026861563171,0.00015203453857125002,3_S6,fusion
p086_20231204,86,0,78,4_S7,2.1743475825e-05,0.00025841750275,0.00091080375405,0.8022527175,0.19652649625500002,2.98596585825e-05,3_S6,fusion
p086_20231207,86,0,67,3_S6,0.000318065404,0.00210484697375,0.002927578525,0.3236443605,0.6659170375,0.00508809196,4_S7,fusion
p086_20231211,86,0,71,4_S7,7.054692637249999e-06,0.00011404367720500001,0.00031857000987499997,0.0333687014,0.965334205,0.0008574250917499999,4_S7,fusion
p086_20231218,86,0,72,4_S7,1.772383014445e-05,7.1131681532e-05,0.000370636949764,0.01613556064275,0.9782569475,0.0051479618485,4_S7,fusion
p086_20231227,86,0,73,4_S7,0.00031831286929241497,0.0031945262211245,0.00819090176065,0.043642784274175,0.9281266499999999,0.016526813501275,4_S7,fusion
p086_20240115,86,0,75,4_S7,8.178844559274999e-05,0.0004321683392125,0.00047941392981,0.0005964968817499999,0.933850285,0.06455985160275,4_S7,fusion
p086_20240119,86,0,78,4_S7,0.016147722269360825,0.005689097914085,0.015147155120899999,0.025725002571425,0.906121575,0.03116943075,4_S7,fusion
p086_20240126,86,0,81,5_S8,0.000184587002592,0.0004158232575,0.0012752617436,0.00045771885776,0.1262797815,0.8713868575,5_S8,fusion
p087_20231128,87,0,66,3_S6,0.00041766587842499996,0.00029296204562500005,0.0024147776088,0.82110626,0.17540766012875,0.0003606767592975,3_S6,fusion
p087_20231130,87,0,68,3_S6,0.000224963234,0.00054672735425,0.0022025974060000003,0.9457616225000001,0.05115677525,0.000107316183625,3_S6,fusion
p087_20231204,87,0,69,3_S6,0.0001144711822,0.00043837607125,0.0012175540285,0.7564499625000001,0.241673084,0.000106536052625,3_S6,fusion
p087_20231207,87,0,70,4_S7,0.00012312035457000002,0.0007929394141999999,0.0036689083599999997,0.26654467400000004,0.7130814600000001,0.01578888309475,4_S7,fusion
p087_20231211,87,0,71,4_S7,1.35523107225e-05,4.637364095e-05,0.000161315534325,0.2597689541,0.7369758173500001,0.00303397011064,4_S7,fusion
p087_20231218,87,0,73,4_S7,0.0023819808615730747,0.0064758880878625,0.04115926999203,0.11313395141669999,0.8191810225,0.017667899078725003,4_S7,fusion
p087_20231227,87,0,75,4_S7,0.0012351805017682999,0.001194644902185,0.0030446456039424996,0.01462897377225,0.9661168550000001,0.013779725654675,4_S7,fusion
p087_20240115,87,0,78,4_S7,1.2908905495625e-05,0.0004050174402,0.00024116812805325,0.0005869839537685,0.931835,0.066918944775,4_S7,fusion
p087_20240119,87,0,79,4_S7,2.6519669843499998e-05,3.668091585e-05,9.0851518e-05,8.903141565e-05,0.9530599200000001,0.046697017115,4_S7,fusion
p087_20240126,87,0,81,5_S8,4.69186029e-05,0.0027965384444999996,0.00039033485500000005,5.684520608750001e-05,0.0400508545,0.9566584574999999,5_S8,fusion
p091_20231128,91,0,68,3_S6,2.2097504675e-05,0.00014382403975,0.0006836389015,0.7428427625,0.25619931574,0.000108322779175,3_S6,fusion
p091_20231130,91,0,69,3_S6,3.87238916675e-05,0.00042923150449999996,0.001804405134225,0.9679356675,0.029744081375000002,4.784343961325001e-05,3_S6,fusion
p091_20231204,91,0,67,3_S6,1.781034635e-05,0.000177568796425,0.0005037376185000001,0.8887989000000001,0.11042011142500001,8.18610192785e-05,3_S6,fusion
p091_20231207,91,0,70,4_S7,0.000701089118225,0.0018082046448000002,0.0060931498742500005,0.23889641245,0.7518528925,0.00064823097075,4_S7,fusion
p091_20231211,91,0,71,4_S7,2.7306246662499998e-05,0.0001396449547,0.0003767674330000001,0.1739066808,0.8252719199999999,0.00027767372875,4_S7,fusion
p091_20231218,91,0,72,4_S7,0.00022110030724865,0.0005407502393199999,0.0027916736639415,0.033867035908875,0.9547193374999999,0.00786012866575,4_S7,fusion
p091_20231227,91,0,74,4_S7,0.001687396959332475,0.0024338983869097498,0.003832779103316425,0.0203506072954195,0.9378678275,0.0338274766945,4_S7,fusion
p091_20240115,91,0,76,4_S7,0.012937061686668578,0.0086441912786675,0.0160023294036075,0.012525288781300001,0.8156291625000001,0.13426197785,4_S7,fusion
p091_20240119,91,0,79,4_S7,0.00014792089992415,0.00025471204465249994,0.0008521406199650001,0.0007588976777549999,0.76824309,0.22974324325,4_S7,fusion
p091_20240126,91,0,82,5_S8,4.933485401625e-05,4.0735394426e-05,0.00030314389058174997,0.00016829155625265,0.00293044543925,0.9965080725000001,5_S8,fusion
p094_20231128,94,0,68,3_S6,2.70286144875e-05,0.00016679185174999997,0.00090261539875,0.772659695,0.22620899357500002,3.488318685e-05,3_S6,fusion
p094_20231130,94,0,69,3_S6,0.00013422891183,0.0009397092249824999,0.0025736624790674996,0.95581368,0.040451224636075,8.7480985742775e-05,3_S6,fusion
p094_20231204,94,0,70,4_S7,2.4863961025e-05,0.00028913776025,0.0011838986147499999,0.9527986575,0.045685399,1.80541241075e-05,3_S6,fusion
p094_20231207,94,0,71,4_S7,0.00037632055728249996,0.0009739197826249999,0.0033809408567499998,0.223853555555,0.7700929540000001,0.00132228715,4_S7,fusion
p094_20231211,94,0,72,4_S7,1.67329243615e-05,0.0001693580725,0.0005038863010125,0.030839211124999998,0.9668307325000001,0.00164003648,4_S7,fusion
p094_20231218,94,0,74,4_S7,0.0002688201122300745,0.0011986101545969118,0.003073484659177311,0.036446379393807245,0.9278382475000001,0.031174471287499998,4_S7,fusion
p094_20231227,94,0,76,4_S7,0.0008480915221496,0.000903167264330025,0.0011816956974081499,0.006113712204612501,0.9142422225,0.07671113461275,4_S7,fusion
p094_20240115,94,0,77,4_S7,0.00028050765153446,0.0013333716630341752,0.001009092853284925,0.00016747485901475,0.9354814499999999,0.06172809725000001,4_S7,fusion
p094_20240119,94,0,80,5_S8,0.00547967606042,0.0013394959795,0.0030254709839999997,0.000899552134075,0.379203818875,0.6100519799999999,5_S8,fusion
p094_20240126,94,0,83,5_S8,4.0942683492e-05,0.0002995082797375,0.000365774700775,0.00034319102308499996,0.0917908140625,0.9071598,5_S8,fusion
p101_20231128,101,0,65,3_S6,4.5590702385749994e-05,0.000384224983225,0.0025175055825000002,0.71474406,0.2821697370625,0.0001388913665575,3_S6,fusion
p101_20231130,101,0,69,3_S6,2.5010233647249998e-05,0.00044080777147499997,0.0014563731615649998,0.9411968625000001,0.056827757435,5.319292875475e-05,3_S6,fusion
p101_20231204,101,0,69,3_S6,3.00955459775e-05,0.00071942017225,0.0013465924773625,0.60912415,0.38869637175,8.34116720325e-05,3_S6,fusion
p101_20231207,101,0,69,3_S6,0.0001551968720925,0.001525557562,0.00281056498875,0.169575114065,0.8225480249999999,0.0033855357925,4_S7,fusion
p101_20231211,101,0,70,4_S7,9.2423059375e-06,0.0001488008914,0.0003905200915,0.112369355,0.8868031749999999,0.00027889388642499997,4_S7,fusion
p101_20231218,101,0,71,4_S7,6.943755509211575e-06,4.055136837449001e-05,0.000234096899583625,0.0052064480074694,0.9893444675,0.005167431009675,4_S7,fusion
p101_20231227,101,0,73,4_S7,1.041118922920575e-05,9.203776124949999e-05,0.00033263715706550003,0.003489887536376,0.9846172900000001,0.011457734462125,4_S7,fusion
p101_20240115,101,0,75,4_S7,0.000328844310634125,0.001477037182175,0.001396024387725,0.0059091391138999996,0.8741236675,0.11676530372499999,4_S7,fusion
p101_20240119,101,0,77,4_S7,0.000252456746365,0.0001843570103875,0.0014651693411749998,0.000749288679465,0.8960934,0.10125536075,4_S7,fusion
p101_20240126,101,0,79,4_S7,2.648782615975e-05,0.00028485682839,0.00045872139332,0.0008622127147545001,0.69549209,0.3028756622,4_S7,fusion
p002_20230816,2,1,68,3_S6,0.0012882889605,0.014460735277500001,0.11980903975000001,0.554666725,0.30808855074999997,0.0016866951625,3_S6,fusion
p002_20230921,2,1,77,4_S7,0.000179734716,0.00014678010194999998,0.017338361147500002,0.014215897635,0.9411917324999999,0.026927421199999996,4_S7,fusion
p002_20231005,2,1,79,4_S7,0.003743415876904021,0.00042101833365839985,0.07596434316318014,0.004264035584824815,0.8812706675,0.034336493352500004,4_S7,fusion
p026_20230828,26,1,16,0_S1,0.4541414775,0.12866941675,0.39026583675,0.021739507550000002,0.004032212675,0.001151573385,0_S1,fusion
p026_20230904,26,1,53,2_S5,0.134134298,0.0788308615,0.48957296750000007,0.10521203400000001,0.158725388,0.0335244473,2_S5,fusion
p026_20230908,26,1,64,3_S6,0.0037289736925,0.019731337037499998,0.06668740025,0.8128131075,0.09418854675,0.0028506317082499996,3_S6,fusion
p026_20230921,26,1,70,4_S7,6.2865263749999995e-06,0.00012594376,0.00847431599,0.313713064,0.6769983075,0.00068207218385,4_S7,fusion
p026_20231006,26,1,71,4_S7,7.7082687175e-06,3.9612571e-05,0.0016064296500000002,0.09653978585,0.9008728874999999,0.0009335733875,4_S7,fusion
p026_20231017,26,1,74,4_S7,2.00633675015e-05,0.0003493222231325,0.01443408510575,0.11918867749999999,0.8641947425000001,0.00181311862,4_S7,fusion
p026_20231023,26,1,75,4_S7,2.4091874450500004e-05,0.000245285350375,0.009568288482500001,0.013867419399999999,0.9707418775,0.005552996245,4_S7,fusion
p026_20231027,26,1,76,4_S7,1.7878939873924998e-07,3.0403363246125e-05,0.00042953827896000004,0.021682938702,0.9709313999999999,0.0069255168899999995,4_S7,fusion
p026_20231101,26,1,77,4_S7,2.579815545375e-07,1.08956056435e-05,0.0018500732796474999,0.0037523161074999997,0.990108935,0.004277573005,4_S7,fusion
p026_20231106,26,1,78,4_S7,1.450255863675e-07,1.0522045186025e-05,0.00026483587668375,0.00889792159021,0.9578342750000001,0.03299229395,4_S7,fusion
p026_20231109,26,1,79,4_S7,1.7366738050000003e-08,4.39095251e-07,0.000320408813015,0.00026731186675,0.9513453325000001,0.048066534475,4_S7,fusion
p026_20231120,26,1,84,5_S8,2.2374320294999998e-08,1.0164528228825e-06,1.32965952575e-06,2.345893745e-05,0.032166357619999995,0.967807765,5_S8,fusion
p026_20231124,26,1,85,5_S8,5.054570177478749e-07,7.574776450362999e-06,2.3942326764e-05,8.928586553867499e-05,0.3172265295,0.682652145,5_S8,fusion
p026_20231127,26,1,86,5_S8,9.419332243568174e-07,1.9341983515444005e-06,5.4313671852449996e-05,2.0262460843865002e-05,0.03355631659,0.966366265,5_S8,fusion
p026_20231130,26,1,89,5_S8,0.0009307790474949999,0.00043296415067499997,0.042789397490875,0.000384485602325,0.045116415927250006,0.9103460025,5_S8,fusion
p027_20230828,27,1,20,1_S2,0.35650492,0.1682996,0.4147071525,0.0544445035,0.0053179429025,0.0007258865025,2_S5,fusion
p027_20230904,27,1,60,3_S6,0.11563796437500001,0.0786475549,0.344059915,0.346733533,0.10833093925,0.00659007289,3_S6,fusion
p027_20230908,27,1,66,3_S6,0.005622322151475,0.0039909648855,0.011506704525000001,0.934574135,0.04390175345,0.00040412404750000004,3_S6,fusion
p027_20230921,27,1,68,3_S6,0.00016531678142250002,4.01874801875e-05,0.0012775287025,0.27069753475,0.72753881,0.0002806333585,4_S7,fusion
p027_20231006,27,1,70,4_S7,6.789537366000001e-05,0.00025429802945,0.07898331134975,0.25225220175,0.6666613425,0.0017809258210000002,4_S7,fusion
p027_20231017,27,1,72,4_S7,1.26339368484e-06,9.984980841250001e-06,0.001198586828,0.031525133218999996,0.96522508,0.0020400134775,4_S7,fusion
p027_20231023,27,1,73,4_S7,0.0001661176786425,0.0012982931880500001,0.043835329225,0.04032003075,0.91026468,0.004115505825,4_S7,fusion
p027_20231027,27,1,74,4_S7,3.5076550570200004e-06,1.61498938e-05,0.0016787101437749999,0.006203314575,0.9897766125,0.0023217247535,4_S7,fusion
p027_20231101,27,1,75,4_S7,2.6329692575000003e-07,3.0188306750000002e-06,0.00082892453475,0.0018340080825,0.981697935,0.0156358855375,4_S7,fusion
p027_20231106,27,1,76,4_S7,8.117004509715501e-06,3.368698314095e-05,0.00672665339535,0.00132660132725,0.97956322,0.01234176845,4_S7,fusion
p027_20231109,27,1,77,4_S7,1.8789721734000002e-06,3.3820818398250005e-05,0.0017609111382499998,0.00313138067325,0.9895572875,0.005514682955,4_S7,fusion
p027_20231120,27,1,78,4_S7,3.03518861775e-06,2.5368060475e-05,0.0123437534715,0.0027357617412,0.8585435575,0.12634851725000001,4_S7,fusion
p027_20231124,27,1,79,4_S7,1.4645716692482001e-05,9.877644028201502e-06,0.0004138940740475,0.00157413716183275,0.95436203,0.0436253949,4_S7,fusion
p027_20231127,27,1,79,4_S7,5.832439293745001e-06,4.1621741365625e-05,0.20732793882949999,0.00034235195311,0.7504778799999999,0.0418044278,4_S7,fusion
p027_20231130,27,1,79,4_S7,4.3171321301200005e-05,6.214744173425e-05,0.0185981507825,0.0003383649151175,0.3543321925,0.626625975,5_S8,fusion
p032_20230828,32,1,15,0_S1,0.4270170575,0.08871760649999999,0.4400303825,0.033037663499999995,0.009952836349999999,0.00124444053,2_S5,fusion
p032_20230904,32,1,60,3_S6,0.039192658925,0.076079119,0.5312424825,0.29094650375,0.060208109925,0.00233108897,2_S5,fusion
p032_20230908,32,1,64,3_S6,0.001230663065,0.0019889010525,0.039348718049999995,0.7463374125000001,0.20972336625000002,0.0013709201387499999,3_S6,fusion
p032_20230921,32,1,72,4_S7,8.6447509675e-05,0.00025241647125,0.010017449599999999,0.092034878,0.8918653725,0.005743422200000001,4_S7,fusion
p032_20231006,32,1,74,4_S7,4.86049025249975e-05,0.000683256436581025,0.007844091853124999,0.131753463924325,0.8577782350000001,0.0018923431965,4_S7,fusion
p032_20231017,32,1,75,4_S7,1.7864057842499997e-07,1.4924365e-06,0.00011365695824999999,0.00211453068175,0.9973445625,0.00042555470849999996,4_S7,fusion
p032_20231023,32,1,76,4_S7,0.00011176819062401999,0.00044858247455374997,0.048231774294999995,0.0989415606625,0.850286185,0.00198015383875,4_S7,fusion
p032_20231027,32,1,77,4_S7,6.776180806871751e-06,0.000213514445210635,0.00251940344818,0.056542552901375,0.897297045,0.04342070323825,4_S7,fusion
p032_20231101,32,1,78,4_S7,1.0860949245e-06,1.60401759575e-05,0.000848623795,0.01069300291,0.9782444875,0.01019675315,4_S7,fusion
p032_20231106,32,1,79,4_S7,5.373671800000001e-07,3.7649262315e-06,0.0007214996261749999,0.0001756568858,0.9838637724999999,0.01523472775,4_S7,fusion
p032_20231109,32,1,80,5_S8,2.3119618457499999e-07,3.40038219625e-06,3.17668315e-05,0.0008087607505499999,0.599083284,0.40007256950000003,4_S7,fusion
p032_20231120,32,1,81,5_S8,1.7894895634106e-06,9.808287854625e-07,2.0059320190875e-05,1.2123682097500003e-06,0.0011280417425,0.9988479149999999,5_S8,fusion
p032_20231124,32,1,83,5_S8,1.487467490999027e-05,1.4082527934338796e-05,0.00047881134357545004,5.887758935679927e-05,0.030035302,0.9693980449999999,5_S8,fusion
p032_20231127,32,1,85,5_S8,0.0003417192361575209,2.5308442088456502e-05,0.0003647250575746,9.37530957207275e-05,0.179070193,0.820104285,5_S8,fusion
p032_20231130,32,1,87,5_S8,1.6264045800958677e-06,3.0802621636244996e-06,3.306014750850001e-05,1.1779905381383499e-05,0.003414032257875,0.9965363675,5_S8,fusion
p041_20230828,41,1,14,0_S1,0.6142106650000001,0.040083210499999994,0.2108618535,0.028216849615,0.0943882786675,0.0122391182725,0_S1,fusion
p041_20230904,41,1,53,2_S5,0.07730749425,0.09726650875000001,0.58183856,0.189201548,0.04842535905,0.0059605410499999996,2_S5,fusion
p041_20230908,41,1,60,3_S6,0.0020492663,0.0060386605,0.189099357,0.6834137275,0.11863631217500001,0.0007626762250000001,3_S6,fusion
p041_20230921,41,1,66,3_S6,0.00059743292845,0.00702767928455,0.0167571151375,0.394019073985,0.5802833575,0.0013153354742499999,4_S7,fusion
p041_20231006,41,1,72,4_S7,0.0007809733335,0.00076835731,0.0620059505,0.18426659875,0.750446705,0.001731421945,4_S7,fusion
p041_20231017,41,1,73,4_S7,0.0006439307485815,0.00048666411903999996,0.0249182023595,0.04699794457499999,0.925927365,0.001025936017,4_S7,fusion
p041_20231023,41,1,74,4_S7,8.6053185804045e-05,0.000240782005917,0.20170905015725002,0.2166715883675,0.5809518775000001,0.00034063392725000005,4_S7,fusion
p041_20231027,41,1,75,4_S7,1.80394977685e-05,0.000125038338075,0.09838183148075,0.011368611700000001,0.88397455,0.006131967785000001,4_S7,fusion
p041_20231101,41,1,76,4_S7,2.1392400215e-05,3.4773798025e-05,0.1791256095,0.001046266055,0.8174412499999999,0.0023306934899999998,4_S7,fusion
p041_20231106,41,1,77,4_S7,0.0016959697108645002,0.00012856979629017503,0.029506742540500005,0.0036250339216250004,0.96174946,0.0032942360339999997,4_S7,fusion
p041_20231109,41,1,78,4_S7,0.0014207379032181251,0.000170819743758925,0.2578674201275,0.0012828597569925,0.7259996692499999,0.0132585113325,4_S7,fusion
p041_20231120,41,1,80,5_S8,0.00027079843718924996,0.0003017221226725,0.018511074239000003,0.00030606130095,0.13239900275,0.8482113499999999,5_S8,fusion
p041_20231124,41,1,85,5_S8,6.240344325000001e-05,4.5185501624999997e-05,0.0076640662475,0.00038143998625000003,0.02625570475,0.9655912275,5_S8,fusion
p041_20231127,41,1,85,5_S8,0.00017080346675,0.00016495561550000003,0.017935371295,0.00222565074575,0.009637929625,0.9698652775,5_S8,fusion
p041_20231130,41,1,85,5_S8,0.00086642282725,0.00036344348,0.0069735559,0.0005357238605,0.019297666582500005,0.9719632,5_S8,fusion
p042_20230929,42,1,13,0_S1,0.999924155,1.0856012025e-05,4.3631360475e-05,5.4599091775e-06,8.7342630275e-06,7.1746080799999995e-06,0_S1,fusion
p042_20231004,42,1,14,0_S1,0.9996182899999999,0.0001035958835,0.000242098331,6.773355549999999e-06,1.361703025e-05,1.5610869750000002e-05,0_S1,fusion
p042_20231011,42,1,14,0_S1,0.9070619249999999,0.028482513454499998,0.04796151961,0.00428860274905,0.0099283788775,0.002277035823475,0_S1,fusion
p042_20231017,42,1,15,0_S1,0.14867564937500002,0.048190418225000003,0.517356235,0.12313826127500002,0.161981268615,0.0006581702155,2_S5,fusion
p042_20231019,42,1,15,0_S1,0.03891473475,0.07546364,0.7853514625,0.08761899425,0.012064401649999999,0.00058677519,2_S5,fusion
p042_20231023,42,1,53,2_S5,0.0335297289925,0.028760811825,0.44429938575,0.470388411625,0.02273849675,0.00028316845,3_S6,fusion
p042_20231027,42,1,54,2_S5,0.000612770752155,0.008232437456,0.07016170824,0.6799370575,0.2391886475,0.0018674016685,3_S6,fusion
p042_20231101,42,1,55,2_S5,0.0004894034178175,0.01151693755025,0.0707831008455,0.604283415,0.311967881,0.0009593263925,3_S6,fusion
p042_20231106,42,1,62,3_S6,5.3725636425e-06,0.0005443058623,0.0009340088437499999,0.6902754925,0.30805026,0.0001905684215,3_S6,fusion
p042_20231109,42,1,68,3_S6,9.349044953075e-06,0.00096932620119,0.00360497036575,0.685935817,0.3092978,0.000182728547175,3_S6,fusion
p042_20231120,42,1,70,4_S7,2.996705013415e-06,0.0001487699835575,0.00134977349875,0.14423809325,0.8283367700000001,0.0259236031125,4_S7,fusion
p042_20231127,42,1,72,4_S7,2.64882289219693e-05,0.00017267500935372313,0.0025018652288259203,0.016788844892677002,0.979440765,0.001069422711265,4_S7,fusion
p042_20231130,42,1,74,4_S7,9.0712394337425e-07,5.6391735831225e-06,0.00048135389761,0.007611069750572501,0.9869613875000001,0.00493965331,4_S7,fusion
p042_20231204,42,1,76,4_S7,5.798973176008028e-06,3.179685730304972e-05,0.000856899954407975,0.003040557011765663,0.99097863,0.0050862597625,4_S7,fusion
p042_20231211,42,1,80,5_S8,3.15915832305525e-07,2.9455340250194996e-06,0.000115189976157,0.00030805874692,0.9840526624999999,0.015520802337500002,4_S7,fusion
p042_20231214,42,1,82,5_S8,2.092384671408e-05,6.3964501228e-05,0.00027889889125000004,0.00042385711775,0.7391925392500001,0.260019875125,4_S7,fusion
p042_20231218,42,1,82,5_S8,9.088907238326e-06,7.538817349894174e-05,0.0007292286834425,0.00020045822122325002,0.851319155,0.14766666095,4_S7,fusion
p042_20231227,42,1,83,5_S8,2.82259235095e-05,4.52390492625e-05,0.00038339270125,4.2385606749999996e-05,0.69026479,0.30923598325,4_S7,fusion
p042_20240104,42,1,84,5_S8,6.645586065375e-06,7.17890205575e-06,0.000129199562525,4.2519161875000004e-06,0.58357521425,0.41627749000000003,4_S7,fusion
p044_20230929,44,1,13,0_S1,0.9979729749999999,3.7559095325e-05,0.001794006529625,4.02603792725e-05,0.0001174861214625,3.77105115675e-05,0_S1,fusion
p044_20231004,44,1,13,0_S1,0.9939214000000001,0.001441519215,0.004123655009,0.00018284959770000002,0.00023386640925,9.6692511575e-05,0_S1,fusion
p044_20231011,44,1,15,0_S1,0.62183819,0.05140074525,0.2943911425,0.021800198875,0.009822971405,0.0007467375125,0_S1,fusion
p044_20231017,44,1,20,1_S2,0.12064216275,0.07770510975,0.6386484,0.12262840075,0.039110546275,0.001265379965,2_S5,fusion
p044_20231019,44,1,51,2_S5,0.024630008125,0.066184915,0.5748680875,0.27189760625000003,0.06029978895,0.00211955873875,2_S5,fusion
p044_20231023,44,1,54,2_S5,0.0512411935956,0.1208789688,0.34316913025,0.41844346250000003,0.06490076325000001,0.0013664900795,3_S6,fusion
p044_20231027,44,1,55,2_S5,9.905640288575001e-05,0.0062020561333249995,0.14959948764575,0.6031825925000001,0.24060810595,0.00030868831114999997,3_S6,fusion
p044_20231101,44,1,59,2_S5,1.601429645e-05,0.00039830483749999995,0.0271247595875,0.5268310475,0.4425988275,0.003031011900335,3_S6,fusion
p044_20231106,44,1,61,3_S6,1.181976581e-05,0.0004986897335,0.0010272017525,0.46903605400000004,0.525832785,0.0035934374352,4_S7,fusion
p044_20231109,44,1,68,3_S6,1.7786580555e-05,0.0028123300062500006,0.0032963915550000005,0.4320102225,0.5614538525,0.00040944626499999997,4_S7,fusion
p044_20231120,44,1,70,4_S7,1.7064532041925e-05,0.0006973995451465001,0.0030805610083250003,0.0756707910375,0.91730091,0.003233310204,4_S7,fusion
p044_20231127,44,1,71,4_S7,5.274449697765e-07,5.407062366025e-06,4.656032586e-05,0.003199033058425,0.9965396875000001,0.00020877910227,4_S7,fusion
p044_20231130,44,1,72,4_S7,4.0136077119721445e-06,2.00763293141205e-05,0.00048345856018925,0.0008124478200767501,0.9790660125,0.01961399105815,4_S7,fusion
p044_20231204,44,1,72,4_S7,4.17699335876e-06,2.269043348205e-05,0.00034755947339,0.002285682246,0.9960558475000001,0.0012840806005000001,4_S7,fusion
p044_20231211,44,1,73,4_S7,9.421719490000001e-07,1.4397287249999999e-06,0.000161357010575,0.00058343708925,0.8353420325,0.1639108021725,4_S7,fusion
p044_20231214,44,1,74,4_S7,2.9024410368250003e-08,1.521719527e-07,4.816884250875e-06,6.3853880795e-05,0.9873868875,0.01254431197,4_S7,fusion
p044_20231218,44,1,76,4_S7,4.499662904292e-07,5.2544276637e-06,7.65641631595e-05,0.0023859138946999998,0.99201605,0.0055157513374999995,4_S7,fusion
p044_20231227,44,1,79,4_S7,3.7803925250000006e-08,2.1283568750000002e-07,0.00030789822216500007,1.219255765e-05,0.7043186275,0.29536099475,4_S7,fusion
p044_20240104,44,1,81,5_S8,6.7330148175e-08,7.2768924675e-07,0.000154274901675,1.32576397275e-05,0.5709748668250001,0.42885681,4_S7,fusion
p047_20230929,47,1,13,0_S1,0.99996233,6.16714993e-06,2.05967713325e-05,7.929285512500001e-07,3.7460616375e-06,6.3548229825e-06,0_S1,fusion
p047_20231004,47,1,13,0_S1,0.999684265,6.32342637125e-05,0.00022034940677500002,5.4756051975e-06,1.4968891899999998e-05,1.16797647075e-05,0_S1,fusion
p047_20231011,47,1,14,0_S1,0.9594126475,0.012279785635,0.017360696154999997,0.0023844476362499998,0.00662695716175,0.0019354433051500001,0_S1,fusion
p047_20231017,47,1,15,0_S1,0.35539710675,0.09139698874999999,0.5265711775,0.0220146618,0.0039642970849999995,0.000655751823,2_S5,fusion
p047_20231019,47,1,15,0_S1,0.12861183,0.1317760245,0.667688375,0.06349768924999999,0.00672035469,0.001705698165,2_S5,fusion
p047_20231023,47,1,16,0_S1,0.01681244135,0.06195232035,0.4204130975,0.280878465,0.21196614975,0.007977541825,2_S5,fusion
p047_20231027,47,1,17,0_S1,6.1188941175e-05,0.004869758282499999,0.040774085075,0.6628417424999999,0.28566368649999996,0.005789532545,3_S6,fusion
p047_20231101,47,1,55,2_S5,0.0006908166174999999,0.0156265983,0.26535829925,0.5909026525000001,0.126377676,0.0010439738150000001,3_S6,fusion
p047_20231106,47,1,61,3_S6,0.002781077725,0.016322617299999998,0.12550079675,0.785909615,0.065896808125,0.0035890702025,3_S6,fusion
p047_20231109,47,1,65,3_S6,2.94750011175e-06,5.1238991375e-05,0.006926834889,0.2029034035,0.783967165,0.00614844921635,4_S7,fusion
p047_20231120,47,1,70,4_S7,0.000571947383840325,0.0037239121328690003,0.013616976751525001,0.0608157835675,0.908695425,0.012575962829999999,4_S7,fusion
p047_20231127,47,1,71,4_S7,1.5577399724964018e-06,2.6380637729894824e-05,7.8044260347375e-05,0.2487807404135,0.7509781474999999,0.00013515858550000001,4_S7,fusion
p047_20231130,47,1,72,4_S7,2.7464797084e-05,0.00013165336917225,0.000776211336225,0.08573937443525001,0.9061433649999999,0.00718192105,4_S7,fusion
p047_20231204,47,1,74,4_S7,2.0363177291203377e-05,4.635654470877925e-05,0.00020255385945925,0.0982915357051375,0.9008127,0.000626484209465,4_S7,fusion
p047_20231211,47,1,76,4_S7,6.129642013e-08,7.559395110499999e-07,4.1935907950000006e-05,0.00029318749374999996,0.9453219875,0.05434205448,4_S7,fusion
p047_20231214,47,1,78,4_S7,7.6134680905e-07,1.5266996296500001e-06,2.7581872555e-05,0.0002025702556,0.9955531725,0.0042143796874999995,4_S7,fusion
p047_20231218,47,1,79,4_S7,9.032606829e-08,8.509142857499998e-07,0.00014398119775,0.00011918013400499999,0.9706245250000001,0.029111403120000004,4_S7,fusion
p047_20231227,47,1,81,5_S8,3.73387995e-08,3.3418213749999996e-07,0.003520931775225,8.89771825e-06,0.628699482,0.36777030525,4_S7,fusion
p047_20240104,47,1,82,5_S8,1.40535962501e-06,7.06041100375e-07,6.6767976e-06,2.0575734e-06,0.041836786485,0.9581522999999998,5_S8,fusion
p049_20230929,49,1,13,0_S1,0.9991719475,2.5219655280000004e-05,0.0007730777323749999,7.187455351e-06,1.2559566560000002e-05,9.99606208e-06,0_S1,fusion
p049_20231004,49,1,13,0_S1,0.9988720500000001,0.00042116112674999996,0.00063408622675,4.9268556075e-05,1.2694393375e-05,1.0707177587500001e-05,0_S1,fusion
p049_20231011,49,1,15,0_S1,0.9853036275,0.0060940299500000005,0.00677240465,0.00107624081075,0.0005814558975,0.00017223419825,0_S1,fusion
p049_20231017,49,1,15,0_S1,0.26680928282500005,0.078380081425,0.38628025749999995,0.15697473150000002,0.11102046353249999,0.00053520190075,2_S5,fusion
p049_20231019,49,1,16,0_S1,0.0347009415375,0.043592819750000004,0.555721265,0.29851846,0.06351679385,0.0039496905175,2_S5,fusion
p049_20231023,49,1,20,1_S2,0.029144945392500003,0.031872379775,0.32463370525,0.5725722175,0.0414838414,0.000292907245,3_S6,fusion
p049_20231027,49,1,55,2_S5,3.6794595879e-05,0.005201111702400001,0.04853929279275,0.6521417174999999,0.29121919492500004,0.0028618764385,3_S6,fusion
p049_20231101,49,1,60,3_S6,1.3466955325e-05,0.000964518803,0.040701940025,0.33332530575,0.62411954925,0.00087518503,4_S7,fusion
p049_20231106,49,1,62,3_S6,0.00015310347274999998,0.0011785632374999998,0.00662962555,0.7426918499999999,0.248839335,0.000507490602,3_S6,fusion
p049_20231109,49,1,64,3_S6,7.3584541187425e-05,0.00270170098814,0.058867294022499995,0.299725500925,0.6362853024999999,0.002346605365,4_S7,fusion
p049_20231120,49,1,71,4_S7,8.8752457039e-05,0.0032011824277999998,0.016832801672499998,0.1544234404,0.822386835,0.00306702349,4_S7,fusion
p049_20231127,49,1,72,4_S7,7.072724776061141e-05,0.00014315840472657382,0.0062370835690152455,0.0048295164901077745,0.95742855,0.03129094554377,4_S7,fusion
p049_20231130,49,1,73,4_S7,0.00020597774776855049,0.000170187998559795,0.0010224375663325002,0.005035135914475,0.9672373925,0.02632886416175,4_S7,fusion
p049_20231204,49,1,74,4_S7,1.2199820746150003e-06,3.024569254625e-06,6.44806569e-05,0.000433756640625,0.994482565,0.005014944742499999,4_S7,fusion
p049_20231211,49,1,75,4_S7,2.4135157245750004e-06,1.0430458102275e-05,0.000276870055835,0.0020475946236025,0.9961909250000001,0.0014717108750000002,4_S7,fusion
p049_20231214,49,1,77,4_S7,3.74842042413e-07,2.5594163761575e-06,4.30469696385e-05,6.49687175e-05,0.97467591,0.025213173332499998,4_S7,fusion
p049_20231218,49,1,78,4_S7,1.2760253260000001e-06,6.82261937925e-06,0.00010601669624999999,7.9070127115e-05,0.988425285,0.011381538625,4_S7,fusion
p049_20231227,49,1,79,4_S7,1.2820976191749999e-06,4.5046665844999995e-06,0.0005512594138,1.3282147025e-05,0.6925198875,0.3069097715,4_S7,fusion
p049_20240104,49,1,82,5_S8,3.4343427848125e-08,1.3776557202375e-07,1.9504845735859998e-05,2.3715693745715e-06,0.25803684918285,0.7419411149999999,5_S8,fusion
p059_20230929,59,1,13,0_S1,0.9996516799999999,2.03570971e-05,0.00030905076095,5.432188425e-06,7.334283159999999e-06,6.1285799325e-06,0_S1,fusion
p059_20231004,59,1,13,0_S1,0.99931806,0.00041958079349999994,0.00024704339174999997,6.831734325e-06,4.5285211e-06,3.9241178925000005e-06,0_S1,fusion
p059_20231011,59,1,15,0_S1,0.6924780500000001,0.06609031435,0.19699259349999998,0.04084847560999999,0.002839251834,0.000751242841,0_S1,fusion
p059_20231017,59,1,53,2_S5,0.054107822,0.04711472525,0.609612775,0.25348376250000004,0.035173200495,0.00050771015275,2_S5,fusion
p059_20231019,59,1,60,3_S6,0.0403697507175,0.033768221499999994,0.396185782,0.4533375475,0.075910654725,0.000428014515,3_S6,fusion
p059_20231023,59,1,64,3_S6,0.0059450553575,0.089710482425,0.17841090999999998,0.6855277949999999,0.04019765527500001,0.0002081078975,3_S6,fusion
p059_20231027,59,1,62,3_S6,0.00012903118263975002,0.018515163596875,0.0456228995,0.907041295,0.028570639425000002,0.000120980113325,3_S6,fusion
p059_20231101,59,1,65,3_S6,0.000156307079475,0.0046289992175,0.06718671905000001,0.6049336574999999,0.3211856415,0.0019086748425,3_S6,fusion
p059_20231106,59,1,70,4_S7,9.486836917625001e-07,6.981877080699999e-05,0.0009579571384,0.347815003975,0.650428125,0.0007281407057500001,4_S7,fusion
p059_20231109,59,1,71,4_S7,5.4939655700000005e-06,0.00028989643734,0.0015244609185,0.6573506275000001,0.340647475,0.00018203731425,3_S6,fusion
p059_20231120,59,1,72,4_S7,2.0891454057974996e-06,1.0558499251325e-05,7.9980251775e-05,0.01085701748,0.9779574675,0.011092862334,4_S7,fusion
p059_20231127,59,1,74,4_S7,1.1639718215000001e-06,1.44076325145e-05,8.536761915000001e-05,0.008228694350000001,0.991054325,0.00061601770821,4_S7,fusion
p059_20231130,59,1,75,4_S7,3.6248020925470005e-05,7.44041530179e-05,0.018530331912600003,0.0038873823795000004,0.9567055150000001,0.020766135681875,4_S7,fusion
p059_20231204,59,1,76,4_S7,4.1683528338875e-06,1.06089845156875e-05,0.0001454855205,0.006310824442250001,0.9926334849999999,0.0008954368759800001,4_S7,fusion
p059_20231211,59,1,77,4_S7,3.1965228830349997e-07,5.40715834545e-07,2.67329489175e-05,9.095473395e-05,0.9917850625,0.00809643581225,4_S7,fusion
p059_20231214,59,1,78,4_S7,5.47842274046e-06,6.2375171774e-06,3.03252331875e-05,0.0003490987022,0.99252536,0.0070834776175,4_S7,fusion
p059_20231218,59,1,79,4_S7,7.0152084075e-07,1.1129836775e-06,0.0029309612134999995,1.3162372575e-05,0.80146209,0.1955919805,4_S7,fusion
p059_20231227,59,1,81,5_S8,4.701757763100001e-09,1.3856994283315003e-07,2.16821466875e-06,6.3257440366e-06,0.6185369675,0.381454382,4_S7,fusion
p059_20240104,59,1,83,5_S8,1.1024258425e-07,1.9654818251249997e-06,2.1656469465e-05,1.405975185e-05,0.5191671157575,0.480795105,4_S7,fusion
p073_20231006,73,1,13,0_S1,0.9997122950000001,9.975453780000001e-06,0.00024567098562500004,6.888429521749999e-06,1.84605558e-05,6.7157781025e-06,0_S1,fusion
p073_20231011,73,1,13,0_S1,0.998016925,7.241803252000001e-05,0.001680509918275,7.58756611025e-05,0.0001230465099825,3.11750821e-05,0_S1,fusion
p073_20231017,73,1,13,0_S1,0.9986145949999999,0.000215636266335,0.0010655057376500001,4.98566840575e-05,4.201007551e-05,1.2387575905e-05,0_S1,fusion
p073_20231019,73,1,13,0_S1,0.9956446299999999,0.0018402298400000002,0.002045766586,0.00020960853450000002,9.974771434999999e-05,0.00015999007095,0_S1,fusion
p073_20231023,73,1,14,0_S1,0.87819245,0.01803139448,0.09265821862500001,0.00760662226975,0.00277125785975,0.0007400623914999999,0_S1,fusion
p073_20231027,73,1,51,2_S5,0.13432521525000002,0.10353439874999999,0.599123235,0.138878002,0.0225736954,0.0015655003625,2_S5,fusion
p073_20231101,73,1,53,2_S5,0.00280535479,0.0152672709,0.799048635,0.17734463325000002,0.005291352924999999,0.0002427638905,2_S5,fusion
p073_20231106,73,1,69,3_S6,2.048096372475e-05,0.002565888929915,0.04255300446125,0.729101625,0.22571636712499998,4.2572416450000005e-05,3_S6,fusion
p073_20231109,73,1,70,4_S7,0.0004050003049225125,0.00475835912314,0.07935251628975001,0.47707983750000005,0.4342098565,0.00419440969625,3_S6,fusion
p073_20231120,73,1,71,4_S7,0.000351360191554025,0.00601627036428,0.01720895169605,0.08829814195874999,0.886392235,0.0017330570615,4_S7,fusion
p073_20231127,73,1,72,4_S7,1.6625878657500001e-06,1.7719919875e-05,0.0001864137645,0.0688812284975,0.9291309350000001,0.00178205675,4_S7,fusion
p073_20231130,73,1,75,4_S7,0.00124062593,0.001456605975,0.06942195835000001,0.049291565324999995,0.8099487974999999,0.06864038950000001,4_S7,fusion
p073_20231204,73,1,76,4_S7,0.0011282997551911001,0.0017123882883137498,0.001826888533075,0.1986419343785,0.75589259,0.0407979060365,4_S7,fusion
p073_20231211,73,1,77,4_S7,2.152588272e-05,6.484467835000001e-06,0.0001015097235,0.0012837234750000001,0.9959203575,0.002666385,4_S7,fusion
p073_20231214,73,1,78,4_S7,0.0008812923805309999,0.00024536484785499994,0.00086195529365,0.00292923185269,0.9919223425,0.0031598469999999995,4_S7,fusion
p073_20231218,73,1,79,4_S7,0.0010185036166725,0.0006048870196275001,0.00636047425525,0.000240188552475,0.92280144,0.06897455934999999,4_S7,fusion
p073_20231227,73,1,79,4_S7,0.00022171982853125,0.00026041820511207506,0.0017090145876499999,0.00086691731339525,0.9614073325,0.0355345941125,4_S7,fusion
p073_20240115,73,1,84,5_S8,9.129810236624999e-05,4.4774679884500006e-05,0.00010643532187500001,1.4777641244999999e-05,0.00477126949,0.9949714275000001,5_S8,fusion
p073_20240119,73,1,85,5_S8,2.4729207860732502e-05,1.2808782212745751e-05,3.7421150616775e-05,1.3206761007925e-05,0.0011414821775,0.9987702924999999,5_S8,fusion
p073_20240126,73,1,86,5_S8,0.00044006907898,2.05141206675e-05,0.000443412132325,3.62211201125e-05,0.00397807633375,0.9950817125000001,5_S8,fusion
p077_20231006,77,1,13,0_S1,0.9994809250000001,6.42468366275e-05,0.00035733156777500004,2.3272820400499996e-05,5.0864004975000005e-05,2.33427190675e-05,0_S1,fusion
p077_20231011,77,1,13,0_S1,0.9998669625,9.7000089425e-06,0.000104635785175,3.2953860375e-06,9.786396424999998e-06,5.5590149625e-06,0_S1,fusion
p077_20231017,77,1,13,0_S1,0.9988337749999999,0.000132057869375,0.0009165578566999999,5.14199155e-05,4.6159574712500005e-05,2.00605331175e-05,0_S1,fusion
p077_20231019,77,1,14,0_S1,0.9856296725000001,0.00254263457,0.008338118275,0.0007106210334,0.0012415172072499999,0.00153740002375,0_S1,fusion
p077_20231023,77,1,20,1_S2,0.993470335,0.003243114841,0.0029238739412500003,0.00030726027725,2.983356e-05,2.5616197835000003e-05,0_S1,fusion
p077_20231027,77,1,53,2_S5,0.20442624465,0.08278800600000001,0.47763967,0.213140434725,0.020420743492499997,0.0015849237800000002,2_S5,fusion
p077_20231101,77,1,55,2_S5,0.007595686177500001,0.027984284100000003,0.4688609135,0.47052042125000004,0.024503834180000003,0.0005348637229999999,3_S6,fusion
p077_20231106,77,1,60,3_S6,0.00011717734454249999,0.0085490091305,0.042003830075000005,0.8392358,0.10959415735,0.0004999983145075,3_S6,fusion
p077_20231109,77,1,69,3_S6,0.00033988291260175,0.0068831190448750005,0.06873823795999999,0.6904320399999999,0.2331925686,0.000414145684575,3_S6,fusion
p077_20231120,77,1,70,4_S7,0.00033771829673,0.004906577476875,0.027985506755,0.2259136075,0.738413135,0.002443453665,4_S7,fusion
p077_20231127,77,1,73,4_S7,4.414537382492e-06,9.456782520721e-06,7.32056786895e-05,0.058248607626688,0.9413135374999999,0.00035073877625,4_S7,fusion
p077_20231130,77,1,75,4_S7,0.0001709639503075,0.000822702059225,0.112121918765,0.0137371180925,0.8574281825,0.015719144435,4_S7,fusion
p077_20231204,77,1,76,4_S7,5.51620044835e-05,0.0001239676561675,0.001636112828,0.0853486309665,0.9110000875,0.00183600369225,4_S7,fusion
p077_20231211,77,1,77,4_S7,4.8797983388374996e-06,1.5165140925396249e-05,0.0008798086251150001,0.00042727684707499997,0.9917812975,0.006891561261,4_S7,fusion
p077_20231214,77,1,78,4_S7,1.031624358825e-06,6.51319054025e-06,2.08411655e-05,0.001180721991625,0.9980308375,0.0007600959050000001,4_S7,fusion
p077_20231218,77,1,79,4_S7,6.1248914365e-07,3.4983928004999997e-06,0.000223842715925,0.000120487782275,0.99618936,0.0034622128000000004,4_S7,fusion
p077_20231227,77,1,79,4_S7,1.1285952379325e-06,2.2232766214e-06,0.00016671936454,2.635913709025e-05,0.9839668874999999,0.0158366788075,4_S7,fusion
p077_20240115,77,1,81,5_S8,9.5883057825e-07,2.11019222575e-06,0.000252540024675,2.357033575e-06,0.11279961816500002,0.88694238,5_S8,fusion
p077_20240119,77,1,84,5_S8,1.9665142555e-07,2.7551723275e-07,2.437322825e-06,3.6780487250000004e-07,0.008467739074,0.9915289775,5_S8,fusion
p077_20240126,77,1,88,5_S8,1.11793675333e-06,5.086781349425e-06,8.4363368425e-06,4.40320768e-06,0.24534226541999998,0.7546386672500001,5_S8,fusion
p078_20231006,78,1,13,0_S1,0.9993365774999999,4.2517447955e-05,0.0005459377317350001,1.780434564e-05,3.9172871065e-05,1.803833737e-05,0_S1,fusion
p078_20231011,78,1,13,0_S1,0.9998772125,1.5667539475e-05,8.828925299999999e-05,2.9076588799999996e-06,9.082860725e-06,6.828986265e-06,0_S1,fusion
p078_20231017,78,1,13,0_S1,0.9905093174999999,0.000301490362125,0.008974069765999999,0.00010433112840249999,8.166208601249998e-05,2.921289559e-05,0_S1,fusion
p078_20231019,78,1,14,0_S1,0.9716972500000001,0.00107036666575,0.023727052025,0.000947864515875,0.0018465013149999998,0.0007109063363,0_S1,fusion
p078_20231023,78,1,51,2_S5,0.78632781,0.009042587037500001,0.19198871176250001,0.00656345167525,0.005665169267,0.00041226486535,0_S1,fusion
p078_20231027,78,1,53,2_S5,0.15484839975,0.20356606924999998,0.483644725,0.1188823785,0.033499327499999995,0.005559107875,2_S5,fusion
p078_20231101,78,1,60,3_S6,0.004568715314,0.029122360874999996,0.52860276,0.3260314015,0.11078877725,0.00088600089,2_S5,fusion
p078_20231106,78,1,63,3_S6,1.3213702021125e-05,0.0018579076141249998,0.010272840459499999,0.9522653749999999,0.03552688347500001,6.377638525e-05,3_S6,fusion
p078_20231109,78,1,70,4_S7,7.1401611088625e-05,0.00439092280589,0.012719792074249999,0.5773683924999999,0.40498531125000004,0.00046422283074999996,3_S6,fusion
p078_20231120,78,1,71,4_S7,1.721126067615e-05,0.0008340436422600001,0.001421311405,0.2893507325,0.706283905,0.0020927724,4_S7,fusion
p078_20231127,78,1,72,4_S7,2.6638648121574997e-07,3.9501863028e-06,3.7513650155e-05,0.043716290660025005,0.9544363550000001,0.0018056640374999999,4_S7,fusion
p078_20231130,78,1,74,4_S7,3.98789719341495e-05,9.88040954353825e-05,0.002322281166075,0.01320789033355,0.9815414675,0.0027897258182499997,4_S7,fusion
p078_20231204,78,1,76,4_S7,4.823021958990001e-06,4.6358302940200004e-05,0.000102043707305,0.07437820459700001,0.92534005,0.00012852544825000002,4_S7,fusion
p078_20231211,78,1,78,4_S7,1.792447638614e-06,1.3643279952792501e-05,0.00027289636249425,0.002468449193025,0.9967739575000001,0.000469282861,4_S7,fusion
p078_20231214,78,1,79,4_S7,5.1762373475715e-06,0.000252354637511625,0.00023481887826349999,0.012125214988680001,0.9850937025000001,0.002288742059,4_S7,fusion
p078_20231218,78,1,79,4_S7,8.138041215387e-07,4.4445564749265e-06,3.11658957e-05,2.704281767e-05,0.9857182200000001,0.014218325682500001,4_S7,fusion
p078_20231227,78,1,79,4_S7,6.0758336719462495e-06,6.079370182925e-05,0.00049314978815,0.001370238181,0.97858709,0.019482696425,4_S7,fusion
p078_20240115,78,1,83,5_S8,0.0009686403559650851,0.00160664738826625,0.007101698861550001,0.001607414570944625,0.37535115838500005,0.6133644435,5_S8,fusion
p078_20240119,78,1,84,5_S8,6.839936602023858e-08,2.7183928204094967e-07,1.236546490577918e-06,2.02854814972635e-07,0.00022162138633675,0.9997766425000001,5_S8,fusion
p078_20240126,78,1,89,5_S8,3.5648541169e-07,5.59917599575e-07,2.5105924725e-06,1.8916175325e-06,0.0019974669677749997,0.9979972275,5_S8,fusion
p083_20231128,83,1,68,3_S6,0.005110292127650001,0.0007832179322500001,0.0021391501325,0.7994440525000001,0.1909225485,0.0016007581669999999,3_S6,fusion
p083_20231130,83,1,69,3_S6,0.00018826241893749997,0.00040691726275000006,0.0005960231145,0.9264036825,0.07229082384999999,0.00011428834317499999,3_S6,fusion
p083_20231204,83,1,70,4_S7,0.000148235036,0.00014285177749999997,0.0010311348275,0.6263469924999999,0.372122318,0.00020847501250000002,3_S6,fusion
p083_20231207,83,1,71,4_S7,0.00393351279675,0.003725673302,0.027313314999999998,0.2150222075,0.733470535,0.016534721925,4_S7,fusion
p083_20231211,83,1,73,4_S7,2.2220638255000003e-05,2.2088285224999997e-05,0.0006507480340000001,0.016387045075,0.9813726675000001,0.0015452642900000001,4_S7,fusion
p083_20231218,83,1,75,4_S7,1.5816519358995e-07,6.935335635375e-07,1.90973617575e-05,8.149953725000001e-05,0.9985214125,0.0013771568725,4_S7,fusion
p083_20231227,83,1,77,4_S7,1.771593308807525e-06,1.78590459999525e-05,0.0011213241044849998,0.0007559795172125,0.9915707025,0.0065323455095,4_S7,fusion
p083_20240115,83,1,78,4_S7,2.954113458051075e-07,4.0269399229400004e-07,3.6344482030375e-05,9.999999675525001e-06,0.9872767425,0.012676192610000001,4_S7,fusion
p083_20240119,83,1,79,4_S7,7.904145940055001e-06,6.934343318187502e-05,0.003382010717375,0.0060464795245,0.9790424,0.0114517986075,4_S7,fusion
p083_20240126,83,1,83,5_S8,1.5534732624005e-06,5.4511695939885e-06,1.0620585169350001e-05,3.81818465855e-06,0.002221452885,0.9977571075,5_S8,fusion
p085_20231128,85,1,65,3_S6,0.00174408949041,0.000737190251075,0.00417364565,0.7648538825,0.22773671075000002,0.0007544995675,3_S6,fusion
p085_20231130,85,1,68,3_S6,0.00018677251525,0.00030882832125000005,0.0006004036725,0.8503485725,0.14841510975,0.000140312039,3_S6,fusion
p085_20231204,85,1,69,3_S6,8.536468626999999e-05,0.000248317950625,0.000274821424,0.6530783095,0.34597258124999997,0.00034062941,3_S6,fusion
p085_20231207,85,1,70,4_S7,0.00039974838849,0.0009249470394999999,0.01292045927125,0.24591522275,0.7315504675,0.00828915295,4_S7,fusion
p085_20231211,85,1,71,4_S7,0.00036478613336999997,0.00031361092701075,0.0311415638411625,0.051454687137499996,0.9095936,0.0071317093225,4_S7,fusion
p085_20231218,85,1,72,4_S7,1.276037900916e-05,4.6372821868725e-05,0.0019992841482000005,0.005212840984850001,0.9893763225,0.0033523878850000004,4_S7,fusion
p085_20231227,85,1,74,4_S7,1.4305268918275e-05,5.7800600423575004e-05,0.0009446082062749999,0.0018318236879999999,0.9652312475,0.031920235670000005,4_S7,fusion
p085_20240115,85,1,77,4_S7,7.3019423865e-06,1.501741416e-05,0.001553958021125,0.0045570837325,0.9529080999999999,0.04095852245,4_S7,fusion
p085_20240119,85,1,79,4_S7,8.946619938526449e-07,8.1115232672365e-07,0.00018747375421867,0.0002038071282774625,0.9936644325000001,0.0059425606065,4_S7,fusion
p085_20240126,85,1,81,5_S8,1.55522042675e-07,9.2337390485e-07,8.01724369e-06,7.137434854e-06,0.24779120032500002,0.75219254225,5_S8,fusion
p089_20231128,89,1,64,3_S6,0.001907500072099,0.00305593997035,0.005136141144000001,0.7010316125,0.28782182074999996,0.00104701050075,3_S6,fusion
p089_20231130,89,1,67,3_S6,2.6471217145750004e-05,0.0006412528404999999,0.0009208174845,0.68795004625,0.3104164583,4.499439101e-05,3_S6,fusion
p089_20231204,89,1,68,3_S6,0.000102101714425,0.00015660064405000003,0.00012648077875,0.7119099575,0.28764093550000003,6.3978388e-05,3_S6,fusion
p089_20231207,89,1,70,4_S7,0.00013835105901324998,0.00040730472638500004,0.00474050000715,0.091487885075,0.9011484125,0.002077565955,4_S7,fusion
p089_20231211,89,1,71,4_S7,0.0002445449277241375,0.00022782397553700002,0.0006872339528500001,0.0295163010425,0.9633653025,0.0059587609537499996,4_S7,fusion
p089_20231218,89,1,73,4_S7,4.559838230475e-06,3.0484669287e-05,0.000445219479025,0.0022623438034999996,0.9960884725,0.00116891938,4_S7,fusion
p089_20231227,89,1,74,4_S7,9.953513600625002e-07,1.377081810175e-05,0.0002918312935915,0.003190578879775,0.9939302425000001,0.0025726162425,4_S7,fusion
p089_20240115,89,1,77,4_S7,5.161647972925001e-07,2.3557411797950003e-06,0.00010234630380000001,2.06839634975e-05,0.9889182925,0.010955839625,4_S7,fusion
p089_20240119,89,1,78,4_S7,0.001575819905580305,0.0008863240984020499,0.017726019862183005,0.005165859807832376,0.959959095,0.014686923525000001,4_S7,fusion
p089_20240126,89,1,81,5_S8,1.823498722e-06,6.08752858e-06,0.000485179081675,4.7644484325e-05,0.70867388275,0.29078542575,4_S7,fusion
p097_20231128,97,1,64,3_S6,0.000325729082375,0.00286197847,0.005142580515,0.85430735,0.13709253575,0.00026982815325,3_S6,fusion
p097_20231130,97,1,67,3_S6,3.2539803374999996e-05,0.000131393711,0.00018332996975,0.8536928575,0.145919648525,4.02599926e-05,3_S6,fusion
p097_20231204,97,1,69,3_S6,9.360197850000001e-05,0.0004549897225,0.001288691755,0.8012913775,0.19665484825000001,0.00021648095,3_S6,fusion
p097_20231207,97,1,68,3_S6,0.00010358878277500001,0.002542515539425,0.0086812556425,0.22623405425,0.7599559174999999,0.002482665585,4_S7,fusion
p097_20231211,97,1,69,3_S6,8.865590928525e-05,0.000447909178975,0.0023489987961250003,0.14108340774999997,0.8548430625,0.0011879968683999999,4_S7,fusion
p097_20231218,97,1,71,4_S7,6.886956825174999e-06,2.94217002875e-05,0.000193177695575,0.0016570720525,0.9936845950000001,0.004428799825,4_S7,fusion
p097_20231227,97,1,72,4_S7,6.635363043661751e-07,2.7271633426165e-06,3.09595001735e-05,4.466372768500001e-05,0.9935144425,0.00640653156375,4_S7,fusion
p097_20240115,97,1,75,4_S7,4.6915248778825e-07,4.70637477187e-06,5.9369482825e-05,0.00016787474572500002,0.975015955,0.0247516759155,4_S7,fusion
p097_20240119,97,1,79,4_S7,0.0005083293626334975,0.00011419890427035,0.006913739119775,0.0031048509626749998,0.933659795,0.055699128616249996,4_S7,fusion
p097_20240126,97,1,80,5_S8,9.478701827499999e-08,2.0118672375e-07,8.7660228565e-06,8.9294546625e-06,0.9067795,0.0932024865,4_S7,fusion
p099_20231128,99,1,65,3_S6,0.0012875684492374998,0.0013641188425,0.009610041175,0.9292207725,0.05819089825,0.00032659004025000003,3_S6,fusion
p099_20231130,99,1,66,3_S6,0.0009282877496,0.00143432377375,0.0003037614925,0.9759420175,0.021316099749999998,7.555541505e-05,3_S6,fusion
p099_20231204,99,1,68,3_S6,0.00010449297699999999,0.00020575002925,0.0004885901945,0.8630413875,0.13607138925,8.837811925e-05,3_S6,fusion
p099_20231207,99,1,70,4_S7,0.00028895139303850004,0.0015238576367,0.0686310316825,0.30197684,0.6231185674999999,0.00446076825875,4_S7,fusion
p099_20231211,99,1,71,4_S7,8.509794562499999e-05,0.00036548042250000005,0.0014149688949999998,0.42478708,0.5719356250000001,0.001411716336,4_S7,fusion
p099_20231218,99,1,72,4_S7,8.4599928124075e-06,0.00037850714739155,0.0018413057659425,0.018819404860000003,0.9753970125,0.0035553261474999998,4_S7,fusion
p099_20231227,99,1,74,4_S7,4.6648409124999997e-07,2.2013626725e-06,0.001155533573875,8.226757749999999e-05,0.99614799,0.002611578125,4_S7,fusion
p099_20240115,99,1,78,4_S7,4.708583121289e-06,9.780727662005e-05,0.00043505828977499994,0.001336728442625,0.9864222775,0.011703410584999999,4_S7,fusion
p099_20240119,99,1,79,4_S7,0.00014274120357024998,0.0009448429678700001,0.013284254154925,0.016664313829640003,0.9564952149999999,0.0124686606625,4_S7,fusion
p099_20240126,99,1,80,5_S8,1.03159187715175e-06,9.663840297132751e-06,9.17064367725e-05,1.05689585125e-05,0.768293845,0.231593185625,4_S7,fusion
p003_20230816,3,2,64,3_S6,0.0010706871400000002,0.0165272430535,0.31203729671749997,0.407397278075,0.219791601,0.043175894361,3_S6,fusion
p003_20230921,3,2,77,4_S7,0.00018928273999999998,0.00045543681286,0.005292192731499999,0.0932785184,0.89778641,0.002998132472,4_S7,fusion
p003_20231005,3,2,79,4_S7,0.0010745845649574998,0.0015757958371846,0.0067875152734,0.014986057445,0.924262025,0.05131403469375,4_S7,fusion
p004_20230816,4,2,61,3_S6,0.0069948390249999996,0.024923840225,0.33192847999999997,0.5523936374999999,0.0833082145,0.00045097771750000004,3_S6,fusion
p004_20230921,4,2,79,4_S7,0.000699360996665,0.0020021229313536997,0.048703886166575,0.20025187569499997,0.7473032975,0.001039450306375,4_S7,fusion
p004_20231005,4,2,82,5_S8,0.002030355650125,0.0029289397450000003,0.02457456725125,0.025847343563550004,0.42178236154999993,0.522836444,5_S8,fusion
p009_20230816,9,2,64,3_S6,2.6888013699999997e-05,0.00023808181599999998,0.008201444475,0.8240544025,0.16743480579999998,4.4380364625e-05,3_S6,fusion
p009_20230921,9,2,75,4_S7,0.011114026025549239,0.0004264750472386,0.00025531258136750004,0.00020543028045374998,0.94242975,0.0455689655125,4_S7,fusion
p009_20231005,9,2,84,5_S8,0.000224805638,3.8258744e-05,0.000287367342,3.7600167010000006e-05,0.05447274759999999,0.9449392025000001,5_S8,fusion
p014_20230816,14,2,69,3_S6,8.791305127499999e-05,0.001034646589575,0.1958099437125,0.7593238124999999,0.04370478775,3.890095775e-05,3_S6,fusion
p014_20230921,14,2,76,4_S7,0.024054049810924998,0.0107560503000675,0.00350470892295,0.010427574232249999,0.93540862,0.015848962524250002,4_S7,fusion
p014_20231005,14,2,79,4_S7,0.0006986948675825001,0.0002501899721875,0.0003345958015,0.00010329207635,0.9153525425,0.083260657325,4_S7,fusion
p015_20230816,15,2,66,3_S6,0.000122402376685,0.001824503558,0.026241892485,0.9267364825,0.04503891609999999,3.58086133625e-05,3_S6,fusion
p015_20230921,15,2,73,4_S7,0.0030123460085,0.0017345499851005,0.00381533581525,0.034255822784999994,0.9557040475,0.001477934433,4_S7,fusion
p015_20231005,15,2,77,4_S7,0.00116795879175,0.0155185733625,0.02349895718575,0.009179990581750001,0.7499907575,0.20064379885,4_S7,fusion
p018_20230816,18,2,68,3_S6,0.00034068104225,0.002016709422,0.0482387344325,0.8838473174999999,0.0652783211725,0.00027823866419750005,3_S6,fusion
p018_20230921,18,2,78,4_S7,0.0010278494724724999,0.00074553338184,0.001529931124,0.0020211663575,0.74235983,0.2523156978225,4_S7,fusion
p018_20231005,18,2,89,5_S8,0.000330871793625,0.0011624487680749998,7.478929775e-05,0.00021516120865,0.6592370575,0.338979719625,4_S7,fusion
p019_20230816,19,2,70,4_S7,0.00140426007,0.006130235725,0.27540817725,0.5544820525,0.1620729085,0.00050236988125,3_S6,fusion
p019_20230921,19,2,78,4_S7,6.72496208300085e-05,0.00023831624581439225,0.002485745549519675,0.00496273641344075,0.9919542875,0.0002916236082765,4_S7,fusion
p019_20231005,19,2,85,5_S8,5.397651200000001e-05,6.1361895e-05,0.0030683655435,0.00071243985625,0.426020046,0.570083801,5_S8,fusion
p020_20230816,20,2,70,4_S7,0.0005866574457499999,0.004954489457499999,0.05032737909999999,0.7020128099999999,0.2420221375,9.649099324999998e-05,3_S6,fusion
p020_20230921,20,2,72,4_S7,0.00019920029195000003,0.00028040769937499996,0.017708005059999997,0.1944806895,0.7862187900000001,0.0011129441906,4_S7,fusion
p020_20231005,20,2,78,4_S7,0.003535810647981625,0.0017324408129250001,0.090090192529353,0.0019227011740499999,0.8473720475000001,0.055346849077499996,4_S7,fusion
p022_20230828,22,2,19,0_S1,0.78196551,0.03697257013875,0.1793132253075,0.00139573624825,0.00022850523842499998,0.000124414065625,0_S1,fusion
p022_20230904,22,2,53,2_S5,0.08443705085,0.32620209475,0.43368667802375,0.12646023832125,0.0280800459,0.001133884651,2_S5,fusion
p022_20230908,22,2,63,3_S6,0.00021426742497,0.000438050207315,0.0230787505675,0.9691529499999999,0.0070405848075,7.536332986474999e-05,3_S6,fusion
p022_20230921,22,2,70,4_S7,2.368504475e-06,2.18235143355e-05,0.008723335246424999,0.3799215123317499,0.61120258365,0.00012832474347500002,4_S7,fusion
p022_20231006,22,2,72,4_S7,4.6211917550000004e-05,0.0006508443562499999,0.046916235545000004,0.0442112569425,0.9043184675,0.003856947151,4_S7,fusion
p022_20231017,22,2,75,4_S7,5.2971652253e-06,6.094904264702499e-05,0.0031083100226835,0.17162207904862498,0.8251721599999999,3.12140315e-05,4_S7,fusion
p022_20231023,22,2,77,4_S7,1.4016084517925e-07,8.715653345e-07,8.0780445290425e-05,0.0020439693776415,0.997521475,0.00035276877455000003,4_S7,fusion
p022_20231027,22,2,78,4_S7,4.4529374685674995e-06,1.84762404075e-05,0.000520973787226,0.001363441715125,0.9819870975,0.01610558170425,4_S7,fusion
p022_20231101,22,2,79,4_S7,4.66494754801e-06,2.0861085944999997e-05,0.00068023812074825,0.002188670846825,0.9562959875,0.040809611055499996,4_S7,fusion
p022_20231106,22,2,80,5_S8,0.00010779628637575,6.5316683425e-05,0.00047312036993575,0.00017276211411125001,0.88769526,0.11148578172500001,4_S7,fusion
p022_20231109,22,2,80,5_S8,6.29966298e-05,0.00011278258417499999,0.0026330230607150003,0.00087899271425,0.87203495,0.1242773081,4_S7,fusion
p022_20231120,22,2,84,5_S8,4.1470477275e-06,3.5456057900000004e-06,7.2906179866e-05,7.6080070935e-06,0.2968126882075,0.7030991175000001,5_S8,fusion
p022_20231124,22,2,86,5_S8,2.9836097549999996e-06,8.488446192500002e-06,6.978447694000001e-05,5.6675993664999995e-06,0.0056529712325,0.9942600650000001,5_S8,fusion
p022_20231127,22,2,88,5_S8,1.8611173087499998e-06,3.77397475425e-06,6.4339673075e-06,7.375819982499999e-07,0.0014134176050000001,0.998573825,5_S8,fusion
p022_20231130,22,2,89,5_S8,4.1063084225e-07,2.5222344850000002e-06,5.1863736062499994e-05,1.754992588e-06,0.0015372051025,0.99840626,5_S8,fusion
p024_20230828,24,2,15,0_S1,0.9748919374999999,0.0090204689,0.015309051675000001,0.0005540520600000001,0.00017172666025,5.27682266e-05,0_S1,fusion
p024_20230904,24,2,17,0_S1,0.340491998,0.3990756325,0.21589777405,0.037486375610000004,0.00622926044,0.0008189865367499999,1_S2,fusion
p024_20230908,24,2,23,1_S2,0.0077133821125,0.05300924043250001,0.05338782139999999,0.827420925,0.05836778595,0.0001008379945,3_S6,fusion
p024_20230921,24,2,28,1_S2,0.000273424263875,0.00109058195005,0.03428952421525,0.61696186,0.347020155,0.000364447907325,3_S6,fusion
p024_20231006,24,2,29,1_S2,0.00010404178925,0.000424081035825,0.047912156675,0.1891844973,0.6746292125000001,0.08774601802399999,4_S7,fusion
p024_20231017,24,2,29,1_S2,1.08808456638335e-05,0.00010753113744573224,0.0115492663704,0.135367123240875,0.852889275,7.5868473925e-05,4_S7,fusion
p024_20231023,24,2,29,1_S2,0.00013208243787425,0.001094698114245,0.2352025392655,0.1356344608,0.6274196575,0.00051656393,4_S7,fusion
p024_20231027,24,2,29,1_S2,8.302243585750001e-06,6.73504845175e-05,0.17205110027925,0.00330199549265,0.8215983975,0.002972873625,4_S7,fusion
p024_20231101,24,2,29,1_S2,2.00325397185e-05,0.00013392174385,0.0633625946875,0.00222738207,0.8884702725,0.045785798785000005,4_S7,fusion
p024_20231106,24,2,29,1_S2,4.7487230094999994e-05,0.00023008252355,0.1512900469775,0.0086001674922,0.81113274,0.0286994735,4_S7,fusion
p024_20231109,24,2,29,1_S2,8.361320245999999e-05,0.00029626444975,0.1794804906285,0.0006218361785,0.6540327049999999,0.16548513365,4_S7,fusion
p024_20231120,24,2,29,1_S2,3.47108864e-05,7.42189225e-05,0.21782033914525,0.000319117727,0.12825165824999998,0.6534999605,5_S8,fusion
p024_20231124,24,2,29,1_S2,3.92901505e-05,9.215805875e-05,0.037511714235,0.000173888771,0.63828423,0.32389873675,4_S7,fusion
p024_20231127,24,2,51,2_S5,5.98121783e-06,3.79629477035e-05,0.252179380539,0.00014750775305492499,0.387505692698,0.360123440625,4_S7,fusion
p024_20231130,24,2,51,2_S5,0.00022161944975,0.00026847030500000006,0.25019116915,0.0003895865795,0.4077106172500001,0.34121852974999994,4_S7,fusion
p028_20230828,28,2,15,0_S1,0.9584974275,0.024136583895,0.0167010968625,0.00051771567175,9.327201285e-05,5.387981775e-05,0_S1,fusion
p028_20230904,28,2,51,2_S5,0.16246523925,0.116483994625,0.57051792375,0.13708385442499998,0.012885732125,0.0005632615785,2_S5,fusion
p028_20230908,28,2,61,3_S6,0.000550449605,0.00121582052,0.25447975624999997,0.71598723,0.02745117465,0.00031554498625,3_S6,fusion
p028_20230921,28,2,70,4_S7,8.289057789955e-06,3.8101020384400006e-05,0.002309303574,0.03517426125,0.9619254500000001,0.0005445064650984999,4_S7,fusion
p028_20231006,28,2,73,4_S7,8.193659015e-05,0.00042894156350000004,0.014882860375,0.49667037249999996,0.48748206675,0.00045381837207499997,3_S6,fusion
p028_20231017,28,2,74,4_S7,8.820757047616e-05,0.0008370665102041,0.0222131592924775,0.32283732689087496,0.65342614,0.00059811787665,4_S7,fusion
p028_20231023,28,2,75,4_S7,4.3578147115e-05,0.00042194218565,0.012103062204025,0.18453211768375,0.8011689725,0.00173036606925,4_S7,fusion
p028_20231027,28,2,76,4_S7,0.000461932385975,0.023879356034975003,0.0284251669025,0.10207905865750001,0.8419912375,0.003163209475,4_S7,fusion
p028_20231101,28,2,77,4_S7,2.2786508600000004e-06,1.5482689125e-05,0.0003591344435,0.0013060520075,0.9765224325,0.02179461829875,4_S7,fusion
p028_20231106,28,2,78,4_S7,0.00018362323616547498,3.6186559883525e-05,9.6292791731625e-05,0.00010959048777500001,0.9491705500000001,0.050403713543625,4_S7,fusion
p028_20231109,28,2,79,4_S7,1.3362500469575e-05,1.2410903521000001e-05,0.00015411547284055,0.00016385148719625,0.8539923924999999,0.14566383165825,4_S7,fusion
p028_20231120,28,2,81,5_S8,2.569904437e-06,6.932245725e-06,2.0260137424825e-05,2.16494647325e-06,0.0084768903545,0.99149116,5_S8,fusion
p028_20231124,28,2,84,5_S8,7.823957028850001e-05,2.7184459765000003e-05,0.00042680794265,3.91586527625e-05,0.070317640795,0.9291109275,5_S8,fusion
p028_20231127,28,2,86,5_S8,1.9635054668274997e-05,1.463210707485e-05,0.0004275242457325,6.215605803575001e-06,0.13484104049,0.864690965,5_S8,fusion
p028_20231130,28,2,89,5_S8,3.124846956e-05,5.0319128888e-05,3.6282021545e-05,1.984686675425e-05,0.0022307075,0.9976315725,5_S8,fusion
p033_20230828,33,2,16,0_S1,0.8021058,0.09048373487500001,0.10571918675,0.0013359396575000002,0.000297345531125,5.801573312499999e-05,0_S1,fusion
p033_20230904,33,2,52,2_S5,0.0296792307,0.071284864,0.34979104525,0.5446382562500001,0.0044425533899999994,0.000164037730675,3_S6,fusion
p033_20230908,33,2,61,3_S6,0.00298934136242125,0.004354204049752499,0.0469015916047,0.88278795,0.062845776475,0.00012110725686999999,3_S6,fusion
p033_20230921,33,2,70,4_S7,0.00012793819728500002,0.0011188314133500003,0.021289141525,0.37904490134999996,0.51276756765,0.08565160548965,4_S7,fusion
p033_20231006,33,2,72,4_S7,0.000127968130455,0.0013465500110175,0.0459035767735,0.2275799203425,0.721065925,0.0039760423735,4_S7,fusion
p033_20231017,33,2,73,4_S7,3.575169025e-05,6.344215525e-05,0.0065792439250000005,0.16011723325000002,0.8328660075000001,0.00033830327499999996,4_S7,fusion
p033_20231023,33,2,74,4_S7,0.0016674595889235911,0.008979674364936274,0.21934063516827149,0.046561679027275,0.7233175574999999,0.000132972841,4_S7,fusion
p033_20231027,33,2,75,4_S7,1.5474337499999998e-06,1.6743389499999998e-05,0.000298230121,0.014285652672499998,0.9844950075,0.0009028565824999999,4_S7,fusion
p033_20231101,33,2,76,4_S7,1.335423355625e-05,0.000669598651085,0.00039433222287500004,0.00096956290625,0.9978543974999999,9.876545175e-05,4_S7,fusion
p033_20231106,33,2,77,4_S7,1.626088995275e-06,9.283989887500002e-06,0.00035201099444250007,0.0027699676300000004,0.996350085,0.00051706402455,4_S7,fusion
p033_20231109,33,2,78,4_S7,5.9545422275e-07,3.3963412125e-06,0.00016222079155,0.0004477751225,0.986069615,0.01331640155,4_S7,fusion
p033_20231120,33,2,83,5_S8,0.000161910307018,0.00037845855199350004,0.0014757282064925001,0.00079221421644,0.182670434,0.8145212575,5_S8,fusion
p033_20231124,33,2,85,5_S8,5.712006625e-07,2.6197486700000002e-06,9.0540181e-06,1.49027866115e-05,0.233888715715,0.7660841599999999,5_S8,fusion
p033_20231127,33,2,87,5_S8,1.5514020375e-06,4.8154932125e-06,2.2653311e-05,5.767829725e-06,0.18727659315,0.81268862,5_S8,fusion
p033_20231130,33,2,89,5_S8,3.95265877e-05,8.729526992499999e-05,0.0011912712511649999,7.974381377499998e-05,0.06324496335,0.9353572475,5_S8,fusion
p040_20230828,40,2,14,0_S1,0.87009015,0.05826649215785001,0.0671220307425,0.0026487952100000003,0.0015150140094999998,0.0003575216509125,0_S1,fusion
p040_20230904,40,2,54,2_S5,0.1899132523145,0.05030273938,0.24606369649999998,0.3714967105,0.1419868735925,0.0002366825170375,3_S6,fusion
p040_20230908,40,2,62,3_S6,0.00053340884175,0.0043977792449999996,0.040177140325,0.9391505875,0.015677364065,6.3721149225e-05,3_S6,fusion
p040_20230921,40,2,65,3_S6,4.3381118745e-05,0.0005042586384025,0.02093212362575,0.63881296083825,0.339487114075,0.00022021467605,3_S6,fusion
p040_20231006,40,2,71,4_S7,9.181551338901251e-06,9.703861822777e-05,0.0010650405020999842,0.236594986352155,0.762120055,0.00011368643275,4_S7,fusion
p040_20231017,40,2,72,4_S7,8.94192040752777e-06,6.773964578910665e-05,0.013010177602752466,0.13705362819703204,0.848172715,0.001686810913762375,4_S7,fusion
p040_20231023,40,2,73,4_S7,2.4062931772500004e-06,5.253591528e-05,0.000797064906025,0.31349285088075,0.684402385,0.0012527261300000001,4_S7,fusion
p040_20231027,40,2,74,4_S7,9.98994886e-07,4.2859471194999994e-05,0.000412488677941,0.045433365874475,0.946023735,0.008086586605,4_S7,fusion
p040_20231101,40,2,75,4_S7,6.6459474633612495e-06,4.5678730152149996e-05,0.0013249686408746875,0.02500801162,0.9666544875,0.0069602177635749995,4_S7,fusion
p040_20231106,40,2,76,4_S7,5.65941341243425e-05,0.00021768253258687499,0.010160670736063752,0.057209615926099994,0.8489870450000001,0.08336843174825,4_S7,fusion
p040_20231109,40,2,77,4_S7,3.145078391865e-05,0.000187671672725,0.00751506669951175,0.06919370533944999,0.9180085499999999,0.00506353941675,4_S7,fusion
p040_20231120,40,2,81,5_S8,4.292177598750001e-06,4.7971938615000006e-05,0.000683977862754,0.022229409497194003,0.482676370535,0.49435798000000003,5_S8,fusion
p040_20231124,40,2,82,5_S8,6.499364206749999e-06,2.7074019935e-05,0.0025249115690999997,0.0023891521908710003,0.29237517329,0.7026772622499999,5_S8,fusion
p040_20231127,40,2,84,5_S8,2.6982337595e-06,7.1499409175e-06,0.001142946536305,0.0018162811189375001,0.3134127664775,0.683618149,5_S8,fusion
p040_20231130,40,2,87,5_S8,1.54184664675e-06,8.217366535e-06,0.00010903250809,0.0026443615823275,0.10144806379924999,0.8957888125,5_S8,fusion
p052_20230929,52,2,13,0_S1,0.9997065549999999,0.0001030017422,0.000134666975525,1.9278396015000002e-05,1.47021432625e-05,2.1770627e-05,0_S1,fusion
p052_20231004,52,2,13,0_S1,0.999794925,0.00011313809322499999,7.512319999999999e-05,5.834675375e-07,1.7640544000000002e-06,1.4452076264999998e-05,0_S1,fusion
p052_20231011,52,2,14,0_S1,0.9875783875,0.0065598555,0.0054439182062499996,0.000241906653,0.0001227921345,5.31091486e-05,0_S1,fusion
p052_20231017,52,2,52,2_S5,0.35830809750000003,0.093663826,0.42328127499999996,0.12113168369999999,0.0034552799249999997,0.00015983198000000002,2_S5,fusion
p052_20231019,52,2,53,2_S5,0.6523791575,0.17131437100000002,0.12198515615,0.05074420275,0.0031681276799999996,0.000409006129,0_S1,fusion
p052_20231023,52,2,61,3_S6,0.0301245958,0.235091951,0.17288063150000002,0.53114087,0.03056034155,0.00020157180675000003,3_S6,fusion
p052_20231027,52,2,68,3_S6,0.0043790547675000005,0.012200398485,0.10014962549999999,0.838091495,0.0437458318,0.0014335967729499999,3_S6,fusion
p052_20231101,52,2,67,3_S6,0.00028671876250000003,0.0034455529249999995,0.20182437649999999,0.764208705,0.030144781574999998,8.986244775e-05,3_S6,fusion
p052_20231106,52,2,68,3_S6,9.773030774999999e-05,0.00125128720725,0.11028021128250001,0.6528333125,0.23545212102500002,8.5338791791e-05,3_S6,fusion
p052_20231109,52,2,70,4_S7,0.0001964176484125,0.0022747960962499997,0.269177868,0.57374688235,0.1544536115,0.0001504217705,3_S6,fusion
p052_20231120,52,2,72,4_S7,2.96149303416375e-05,0.00014720461984975001,0.0257811096374775,0.101516624965,0.8718986325,0.0006268608942000001,4_S7,fusion
p052_20231127,52,2,73,4_S7,1.493399653125e-06,4.4037854881699995e-06,0.000283675953937075,0.000354920116275,0.99381175,0.0055437212475,4_S7,fusion
p052_20231130,52,2,75,4_S7,6.494744825e-06,2.55695854e-05,0.01735264935,0.0003646192625,0.9757143525,0.0065363133075,4_S7,fusion
p052_20231204,52,2,76,4_S7,3.274693551015e-06,1.47380394077e-05,0.00025263896945525,0.00145113012900225,0.9475662775,0.0507119670925,4_S7,fusion
p052_20231211,52,2,77,4_S7,1.5520884200000002e-05,5.2401137665e-05,0.0015424726245,0.0001560406255,0.9361465225,0.0620870485,4_S7,fusion
p052_20231214,52,2,78,4_S7,4.122805537575e-08,4.7991811212500006e-08,6.393588995475e-07,1.602168902e-05,0.9534788325,0.04650441984,4_S7,fusion
p052_20231218,52,2,79,4_S7,8.0568591775e-06,4.207372480000001e-06,2.78204538925e-05,5.7132411349999996e-05,0.8979016825,0.1020011415,4_S7,fusion
p052_20231227,52,2,79,4_S7,6.6902879725e-06,7.4682858275e-05,3.455501246e-05,3.9867673062500004e-05,0.10781120775,0.8920329674999999,5_S8,fusion
p052_20240104,52,2,84,5_S8,1.124063745e-06,2.252876695e-06,4.580489075000001e-06,7.996254859499999e-06,0.057859405955000005,0.942124655,5_S8,fusion
p058_20230929,58,2,13,0_S1,0.9997814,3.1608650300000006e-05,0.00010967288641000001,7.29285914325e-06,2.1636646035e-05,4.8431936575e-05,0_S1,fusion
p058_20231004,58,2,13,0_S1,0.998348065,0.0006750929873999999,0.0005688993825,2.93345276325e-05,2.8970967690000002e-05,0.0003495949161,0_S1,fusion
p058_20231011,58,2,14,0_S1,0.952822815,0.006662571932499999,0.0316741575075,0.0061566318565,0.0026295785714,5.4219371375e-05,0_S1,fusion
p058_20231017,58,2,52,2_S5,0.35986905874999997,0.04369961349999999,0.5731369642499999,0.015439861825000002,0.0073504986500000005,0.0005039653367499999,2_S5,fusion
p058_20231019,58,2,53,2_S5,0.27363407074999996,0.07461534425,0.6262761325,0.021561895749999997,0.0029846995999999997,0.0009278660675,2_S5,fusion
p058_20231023,58,2,54,2_S5,0.1441702498,0.060094833,0.48468186,0.29895259150000003,0.0118160238325,0.00028445169,2_S5,fusion
p058_20231027,58,2,55,2_S5,0.012490125880100001,0.01583298007425,0.2088429286,0.678054535,0.0841195891975,0.00065983844722075,3_S6,fusion
p058_20231101,58,2,59,2_S5,0.0028291260640499996,0.013264139376350001,0.2305742055,0.7426338575,0.0105030910825,0.000195556768655,3_S6,fusion
p058_20231106,58,2,63,3_S6,0.00014022882707499999,0.0008036623775,0.166283579175,0.561898435,0.270205241775,0.0006688667700749999,3_S6,fusion
p058_20231109,58,2,64,3_S6,3.666543975e-05,0.000142978458,0.034287742975,0.59527465375,0.36964063399999997,0.0006173526478499999,3_S6,fusion
p058_20231120,58,2,67,3_S6,9.7189183625e-07,2.930116788e-06,0.0021501859569849997,0.0308071801325,0.9668577349999999,0.00018100308954999999,4_S7,fusion
p058_20231127,58,2,71,4_S7,1.5278387075e-07,3.0143366500000003e-07,0.00010329596597499999,0.00014557368275,0.9980717499999999,0.0016789111075,4_S7,fusion
p058_20231130,58,2,73,4_S7,1.853031783e-05,9.3142358409e-05,0.21082825716956,0.0019646520947500003,0.783680065,0.0034153907,4_S7,fusion
p058_20231204,58,2,74,4_S7,1.2703460190621999e-05,6.346967557867499e-06,0.003086134178751,0.0248800011476375,0.971793425,0.00022141619499999998,4_S7,fusion
p058_20231211,58,2,75,4_S7,5.7788362805500005e-06,1.9117666546499998e-05,0.0013175517700874998,6.563634125e-05,0.9886687875000001,0.009923154600039999,4_S7,fusion
p058_20231214,58,2,76,4_S7,3.382817875e-09,4.866484525e-09,1.1148234599999999e-07,6.1694940825e-05,0.998872465,0.0010657127365,4_S7,fusion
p058_20231218,58,2,78,4_S7,4.2441412104999996e-05,0.00038262885373500005,7.6576894375e-05,0.0017241041134825,0.8036942499999999,0.19408003332499998,4_S7,fusion
p058_20231227,58,2,79,4_S7,2.22038580925e-06,4.98730237225e-06,7.5602340099999995e-06,0.0038932775551849996,0.86850759,0.127584369975,4_S7,fusion
p058_20240104,58,2,81,5_S8,4.3918649000000003e-07,7.4045605415e-07,1.3031576225e-06,6.656538935125e-05,0.5217578629999999,0.47817312845,4_S7,fusion
p060_20230929,60,2,13,0_S1,0.9993830475000001,0.00037399348635,0.0001593931609,1.83941531045e-05,2.3312432938499998e-05,4.18766321e-05,0_S1,fusion
p060_20231004,60,2,13,0_S1,0.99792465,0.000678726065,0.0013129930525,3.8808813824999996e-05,2.100464525e-05,2.380266475e-05,0_S1,fusion
p060_20231011,60,2,53,2_S5,0.89608858,0.036109724176500005,0.0384180146025,0.028582088525,0.000739104544,6.248570310000001e-05,0_S1,fusion
p060_20231017,60,2,60,3_S6,0.3442653055,0.15819925625,0.29777644625,0.12964724525000001,0.06904724975,0.001064493366,0_S1,fusion
p060_20231019,60,2,67,3_S6,0.0192399085725,0.0560332190425,0.48100836674999997,0.4255064276,0.017737521139999997,0.00047458713470000007,2_S5,fusion
p060_20231023,60,2,67,3_S6,0.0015946934925,0.00706830855,0.04190375475,0.7865014925,0.16280710287425,0.0001246379676175,3_S6,fusion
p060_20231027,60,2,67,3_S6,7.189928472499999e-05,0.0009061334195,0.1330243042175,0.811876485,0.05403433231,8.68208035175e-05,3_S6,fusion
p060_20231101,60,2,70,4_S7,3.9644107450000004e-05,0.000297246891,0.05977769075,0.5710550050000001,0.36861884999999994,0.00021153637699,3_S6,fusion
p060_20231106,60,2,70,4_S7,7.477880499999999e-05,0.0007791701674999999,0.067428045875,0.608905318,0.26529011125,0.0575225878757,3_S6,fusion
p060_20231109,60,2,70,4_S7,0.000145999918825,0.00053013431075,0.21162247014,0.3752237825,0.4117122535,0.000765338633,4_S7,fusion
p060_20231120,60,2,71,4_S7,2.5957521134e-05,3.7747632853250005e-05,0.00023438433541499997,0.001045599595,0.99271458,0.00594181712,4_S7,fusion
p060_20231127,60,2,72,4_S7,3.9574561615e-05,1.885375765e-05,0.00013074671613499999,0.04297808435,0.9475857475,0.0092469834575,4_S7,fusion
p060_20231130,60,2,73,4_S7,0.00030635438931574994,9.6253099704e-05,0.0006403136286800001,0.00022356614250000002,0.9125287825000001,0.08620471637500002,4_S7,fusion
p060_20231204,60,2,74,4_S7,6.622950624999999e-07,1.280795185e-06,0.00184091568359,0.0002422520766,0.9891102350000001,0.0088046496295,4_S7,fusion
p060_20231211,60,2,75,4_S7,1.6164093835875e-05,2.7562447441750004e-05,0.006368648348925,0.0001765787777415,0.8634182475000001,0.129992833425,4_S7,fusion
p060_20231214,60,2,77,4_S7,5.7207977575000006e-08,6.47720895e-08,7.928304450000001e-07,9.3599646825e-06,0.91271049,0.08727921077500002,4_S7,fusion
p060_20231218,60,2,78,4_S7,4.795137399375e-06,6.391208968e-06,0.0185483443919675,6.4070293125e-05,0.5628626624999999,0.41851371725000003,4_S7,fusion
p060_20231227,60,2,79,4_S7,1.0573073562749999e-06,1.556637721e-06,1.13013511686e-05,5.370605456e-06,0.4981139125,0.5018668235000001,5_S8,fusion
p060_20240104,60,2,84,5_S8,2.8961051165e-07,5.344195076699999e-07,1.17929577875e-06,3.513824911e-07,0.002615637125,0.997382035,5_S8,fusion
p063_20231006,63,2,13,0_S1,0.9996751575,6.1753470875e-05,0.00012013679230000001,2.29536800035e-05,9.024798821250001e-05,2.9772079999999998e-05,0_S1,fusion
p063_20231011,63,2,13,0_S1,0.9997914024999999,9.003291e-05,7.4324703e-05,1.008013642e-05,1.6457681477500002e-05,1.772794605e-05,0_S1,fusion
p063_20231017,63,2,13,0_S1,0.999732785,0.00010669046825,0.000136727432325,1.820870445e-06,1.214675544e-05,9.783756535e-06,0_S1,fusion
p063_20231019,63,2,14,0_S1,0.8592821175,0.0077670990417500006,0.04277128031025,0.051377842452728,0.036507905125599996,0.00229378079795,0_S1,fusion
p063_20231023,63,2,14,0_S1,0.9960288974999999,0.0009192133865,0.0029012312499999996,5.0057498174999996e-05,4.50874896075e-05,5.5515962525e-05,0_S1,fusion
p063_20231027,63,2,14,0_S1,0.528518614,0.32431988074999996,0.1447616664875,0.0021748002725,0.0001228413405,0.000102193777,0_S1,fusion
p063_20231101,63,2,53,2_S5,0.0668634175,0.50079936,0.40403914625,0.027297121775,0.0008128820250000001,0.00018812238075,1_S2,fusion
p063_20231106,63,2,60,3_S6,0.00018434697950000002,0.0018827956125,0.04742894475,0.93834281,0.0119244611,0.00023664110173,3_S6,fusion
p063_20231109,63,2,64,3_S6,0.00015080294215999998,0.0011028223415,0.07117574366,0.883495415,0.04374674500300001,0.00032846182203749997,3_S6,fusion
p063_20231120,63,2,70,4_S7,0.001709544438825,0.00013773910925,0.001609377355,0.1280585775,0.8665339575,0.0019508312749999999,4_S7,fusion
p063_20231127,63,2,71,4_S7,7.540168245e-08,1.4196781975e-07,1.53133984615e-05,0.0032484815559999996,0.99537449,0.0013614385990999998,4_S7,fusion
p063_20231130,63,2,72,4_S7,9.86731209e-06,2.6417297824999998e-05,0.00084675415925,0.208011097035,0.7900913975,0.0010144478299999999,4_S7,fusion
p063_20231204,63,2,75,4_S7,9.27752184e-06,2.2148572455e-05,0.001495139971,0.0644126088,0.9322811099999999,0.0017797006911750002,4_S7,fusion
p063_20231211,63,2,78,4_S7,4.789924836000001e-07,9.480388321249999e-07,0.00075176373223,0.0095812296825,0.9892546625,0.00041092947061499997,4_S7,fusion
p063_20231214,63,2,79,4_S7,1.866878426e-05,3.5458392490000006e-05,0.000286507081,0.07160438043999999,0.9271501099999999,0.0009048449889999999,4_S7,fusion
p063_20231218,63,2,79,4_S7,1.1887931555e-07,3.2932322932500003e-06,4.481505124999999e-06,0.00019310030092499998,0.9974068250000001,0.0023921582825000005,4_S7,fusion
p063_20231227,63,2,79,4_S7,1.3731929825e-07,1.2051622514350002e-06,1.421645465e-06,7.659257835e-05,0.9787066249999999,0.0212140431675,4_S7,fusion
p063_20240115,63,2,83,5_S8,2.3214833375000003e-06,3.58113852675e-05,3.85487822625e-05,0.00014638597345,0.357005665,0.642771265,5_S8,fusion
p063_20240119,63,2,84,5_S8,8.848338555e-06,3.31749183e-05,3.5849577375e-05,9.023921431500002e-05,0.21470851575,0.7851234075000001,5_S8,fusion
p063_20240126,63,2,85,5_S8,1.13623595139e-05,1.7290427303250003e-05,1.3075875337500001e-05,5.8054215125e-06,0.006418518745,0.9935339249999999,5_S8,fusion
p064_20231006,64,2,13,0_S1,0.9998065575,1.255206045e-05,7.834277677500001e-05,1.310831809675e-05,7.36081943775e-05,1.5810844950000002e-05,0_S1,fusion
p064_20231011,64,2,13,0_S1,0.99982254,8.73872687575e-05,1.341934645e-05,4.1276413705e-06,4.582061894e-05,2.6762299325000003e-05,0_S1,fusion
p064_20231017,64,2,13,0_S1,0.9982496350000001,0.000475957542125,0.0012505857780000002,6.202693225e-06,6.4568040674999995e-06,1.1140643199999999e-05,0_S1,fusion
p064_20231019,64,2,13,0_S1,0.9889425625,0.007082383775,0.00306269365925,0.0003765626837875,0.0004221321086575,0.000113689924875,0_S1,fusion
p064_20231023,64,2,13,0_S1,0.9964603525,0.001040857335,0.0013428001625000001,1.09707119e-05,0.00016996231314999997,0.00097504767465,0_S1,fusion
p064_20231027,64,2,14,0_S1,0.7068120600000001,0.054686285575,0.2375325015,0.0007768300785,7.704599275e-05,0.00011525293000000001,0_S1,fusion
p064_20231101,64,2,52,2_S5,0.0547387499,0.1840386358,0.6947962925,0.063867651625,0.00186673344,0.0006919559629999999,2_S5,fusion
p064_20231106,64,2,61,3_S6,0.00019840131925,0.00339393523,0.18235317561,0.7660395225,0.0462440128365,0.0017709656028725,3_S6,fusion
p064_20231109,64,2,65,3_S6,6.3317121825e-05,0.0007097563342250001,0.009189707540000001,0.949405015,0.039926382267500005,0.00070582573172,3_S6,fusion
p064_20231120,64,2,69,3_S6,1.1550372216499999e-05,4.751443832500001e-05,0.00097776619895,0.10021630825,0.89768915,0.001057674485,4_S7,fusion
p064_20231127,64,2,69,3_S6,1.573151546175e-06,8.7865723281e-06,0.00020679019645,0.23206925185775,0.7676820725000001,3.1516792875000004e-05,4_S7,fusion
p064_20231130,64,2,71,4_S7,4.542041485e-07,2.6174913912500002e-06,5.2261455566e-05,0.006086437829000001,0.9933561925000001,0.00050204972,4_S7,fusion
p064_20231204,64,2,73,4_S7,1.0438657899e-06,8.723221692499999e-07,0.0001086899060225,0.013033999261249998,0.9868272375,2.815838345e-05,4_S7,fusion
p064_20231211,64,2,75,4_S7,3.388427643e-06,5.8104506555e-06,0.00191058688995,0.01661965373175,0.9812986525,0.00016196125325,4_S7,fusion
p064_20231214,64,2,77,4_S7,1.453736493875e-05,3.15548984753e-05,0.0001278655842725,0.017332052805675003,0.98122625,0.0012677825076175,4_S7,fusion
p064_20231218,64,2,78,4_S7,4.1812155250000005e-08,2.82471848025e-07,1.9661760825e-06,4.1907983352000004e-05,0.9957267325,0.0042291085565,4_S7,fusion
p064_20231227,64,2,79,4_S7,2.27428651e-07,5.837712417499999e-07,3.15411511975e-06,0.00044049043117500003,0.97846285,0.02109267377125,4_S7,fusion
p064_20240115,64,2,79,4_S7,4.2420472165e-06,1.3709306252499999e-05,0.00014023113523899998,0.000880509179425,0.6653905575,0.33357076965,4_S7,fusion
p064_20240119,64,2,81,5_S8,2.1929107625e-05,8.031695405000001e-05,0.0009528328894375,0.0004356710191325,0.37630643500000005,0.622202779,5_S8,fusion
p064_20240126,64,2,82,5_S8,1.70141087e-05,2.69124323e-05,0.0003042356855,0.023964850566075002,0.24664289445,0.7290440676750001,5_S8,fusion
p065_20231006,65,2,13,0_S1,0.9994808925,5.478053115e-05,0.00013282579875,4.869722501275e-05,0.0002541964045975,2.864034385e-05,0_S1,fusion
p065_20231011,65,2,13,0_S1,0.999786635,9.950484950499998e-05,2.1002980149999998e-05,6.39106293e-06,6.573643274e-05,2.0680259675e-05,0_S1,fusion
p065_20231017,65,2,13,0_S1,0.99545031,0.0032308021809000003,0.00127100647,1.5998688e-05,1.624422565e-05,1.5664919725e-05,0_S1,fusion
p065_20231019,65,2,13,0_S1,0.9931960200000001,0.0024339733275,0.0023470909325,0.0013337163318500002,0.00054910210475,0.0001400946335,0_S1,fusion
p065_20231023,65,2,13,0_S1,0.9834223425,0.0029770372990749997,0.01336470708,8.86061489295e-05,4.3895947569999996e-05,0.000103406071375,0_S1,fusion
p065_20231027,65,2,51,2_S5,0.3409293364,0.37979015250000003,0.27109297699999996,0.006924723832499999,0.0007315745075000001,0.00053125351475,1_S2,fusion
p065_20231101,65,2,52,2_S5,0.029983349325000002,0.0458220205,0.64389543925,0.278263515425,0.00169790875,0.000337778499575,2_S5,fusion
p065_20231106,65,2,60,3_S6,0.000118164489925,0.00249067910975,0.019452437425,0.8888714424999999,0.08536074245,0.00370653587325,3_S6,fusion
p065_20231109,65,2,68,3_S6,0.0006988743397500001,0.0003186886625,0.0050586961425,0.76301358,0.2304781675,0.00043198992025000004,3_S6,fusion
p065_20231120,65,2,70,4_S7,2.8568957162500003e-06,4.73581187925e-05,0.00025973492435,0.2201479835,0.7791448525,0.000397221370975,4_S7,fusion
p065_20231127,65,2,73,4_S7,2.630267265e-07,3.698886575e-07,7.944848975e-06,0.09805193569,0.9017438775,0.00019560042835499997,4_S7,fusion
p065_20231130,65,2,74,4_S7,2.05027227075e-06,3.9731030799999994e-06,0.003061779178185,0.012692626597500001,0.9820695575,0.0021700011582500003,4_S7,fusion
p065_20231204,65,2,75,4_S7,1.9980621182499996e-06,1.99720225425e-06,3.77022827125e-05,0.2149822574975,0.7846913225000001,0.00028475229324999995,4_S7,fusion
p065_20231211,65,2,76,4_S7,3.5011506794999997e-06,6.978339510250001e-06,0.0001507540798281,0.001228797871,0.99673824,0.001871690412225,4_S7,fusion
p065_20231214,65,2,78,4_S7,5.4439749e-07,1.8748057772875e-07,1.38350041141e-06,0.00367358546025,0.9962980250000001,2.6265130765e-05,4_S7,fusion
p065_20231218,65,2,79,4_S7,3.0043299063474997e-05,5.086169697325e-05,0.00077432437627875,0.0006052808974999999,0.933664395,0.0648751084175,4_S7,fusion
p065_20231227,65,2,79,4_S7,6.40511098125e-07,2.5699454445075e-05,2.8848996595e-06,5.022623224325e-06,0.947936825,0.05202894525000001,4_S7,fusion
p065_20240115,65,2,79,4_S7,6.556630350000001e-08,8.2149382925e-07,2.6666879174999997e-06,3.7217228e-07,0.15325959775,0.8467365,5_S8,fusion
p065_20240119,65,2,80,5_S8,2.9450714825e-06,2.5850275275e-05,0.0004897254697,0.0007368451743027499,0.42016479525000006,0.57857988675,5_S8,fusion
p065_20240126,65,2,88,5_S8,5.3454620777175e-07,7.2566705903625e-07,1.486541315115e-06,1.010612434575e-07,0.00090381706075,0.999093365,5_S8,fusion
p068_20231006,68,2,13,0_S1,0.999776655,2.308002675e-05,7.957282017500001e-05,2.125951659575e-05,7.8050063245e-05,2.135301375e-05,0_S1,fusion
p068_20231011,68,2,13,0_S1,0.999835355,8.823715548e-05,2.3311860325e-05,1.27567869825e-06,1.9393190925e-05,3.2417109575e-05,0_S1,fusion
p068_20231017,68,2,13,0_S1,0.9863337025000001,0.0038961732749550003,0.009720525825374998,2.0732448799999996e-05,1.02797275325e-05,1.85856255205e-05,0_S1,fusion
p068_20231019,68,2,14,0_S1,0.9901023525,0.0049636185075,0.00442564142225,0.00022730255882500003,0.00023073443175,5.0375826e-05,0_S1,fusion
p068_20231023,68,2,14,0_S1,0.9140593,0.052541456575,0.031443556825,0.0012179541735000002,0.00044033560925,0.0002974197765,0_S1,fusion
p068_20231027,68,2,52,2_S5,0.23508572124999996,0.15242318125,0.6004682825,0.011153127325,0.0005824662725,0.00028720381,2_S5,fusion
p068_20231101,68,2,52,2_S5,0.32751812874999997,0.09026952910375,0.52993920375,0.04197851652125,0.009651424975,0.0006431507125000001,2_S5,fusion
p068_20231106,68,2,64,3_S6,0.00038532913417499995,0.0009434129525,0.0274092983325,0.9132930424999999,0.0578332931,0.00013565715517499998,3_S6,fusion
p068_20231109,68,2,65,3_S6,0.00035022446600000004,0.0037683421695,0.027572519624999996,0.72470152,0.24206529808500002,0.0015420899700025002,3_S6,fusion
p068_20231120,68,2,67,3_S6,0.000122316973775,0.0005469175710000001,0.004841434925,0.5276583875,0.46497919249999997,0.0018517473225,3_S6,fusion
p068_20231127,68,2,68,3_S6,3.5145566200000004e-07,4.812768875e-07,6.021333575e-06,0.025823724987874996,0.9740738574999999,9.555464235000001e-05,4_S7,fusion
p068_20231130,68,2,69,3_S6,7.094253955e-06,3.76434545e-06,0.0086467938681375,0.00328632027,0.987023815,0.001032196173,4_S7,fusion
p068_20231204,68,2,70,4_S7,1.164357073825e-05,1.4666617522500001e-05,0.00027550116725,0.2064121146375,0.793181335,0.000104731778785,4_S7,fusion
p068_20231211,68,2,71,4_S7,1.68065918565e-05,1.338929608675e-05,0.0011501101876722501,0.004512820175,0.96453559,0.0297712809133,4_S7,fusion
p068_20231214,68,2,73,4_S7,2.2625239935e-06,2.43568199425e-06,3.9473787575e-06,0.010123633521224999,0.9828114075,0.007056293585374999,4_S7,fusion
p068_20231218,68,2,75,4_S7,1.1603466169999999e-05,3.30411023e-05,0.0007139834719999999,0.0045150949325,0.98040185,0.014324421025,4_S7,fusion
p068_20231227,68,2,78,4_S7,2.1906013875e-06,5.6277654925e-05,2.358810725e-05,0.00012184262424999999,0.8535280949999999,0.14626804750000003,4_S7,fusion
p068_20240115,68,2,79,4_S7,1.8418732249999999e-06,2.7527166867499997e-05,1.8694473624999996e-05,2.9136928374999997e-05,0.6854437824999999,0.314479003,4_S7,fusion
p068_20240119,68,2,80,5_S8,5.743894075e-05,7.878380174999999e-05,0.0016434777728075,0.00046207517702499996,0.696430715,0.3013274805,4_S7,fusion
p068_20240126,68,2,81,5_S8,5.2042158250000005e-05,2.0807450424999998e-05,0.0007387069127499999,8.648943182000001e-05,0.2719812574,0.72712068,5_S8,fusion
p082_20231128,82,2,67,3_S6,0.00039457479255,0.00033664237175000004,0.001290833955,0.88570478,0.112106772525,0.00016635561237499997,3_S6,fusion
p082_20231130,82,2,68,3_S6,5.5107995900000006e-05,9.1753859675e-05,0.0007766723785000001,0.9335129874999999,0.0652828626875,0.00028058597415074995,3_S6,fusion
p082_20231204,82,2,69,3_S6,0.000359145635,0.0001588850665,0.000797250404,0.5523696275,0.4459563495,0.0003587136625,3_S6,fusion
p082_20231207,82,2,70,4_S7,9.47202705e-05,0.00019388321999999996,0.0019328675989999998,0.09009329549999999,0.902169455,0.005515715275,4_S7,fusion
p082_20231211,82,2,72,4_S7,4.3035987e-05,8.251322245e-05,0.001105660185,0.0744483945,0.9216747900000001,0.0026455985985,4_S7,fusion
p082_20231218,82,2,73,4_S7,3.0701127685e-07,1.12297004115e-06,4.240162195e-07,0.000118615912575,0.9993275724999999,0.00055197746,4_S7,fusion
p082_20231227,82,2,74,4_S7,1.0050701917500001e-08,4.9305253995e-08,8.117695657499999e-08,4.1111684582499995e-06,0.999210355,0.0007854186526249999,4_S7,fusion
p082_20240115,82,2,76,4_S7,5.43009888e-07,2.2239127730000005e-06,4.74019831405e-05,0.000262607710055,0.9976655999999999,0.0020216080674999998,4_S7,fusion
p082_20240119,82,2,78,4_S7,1.5274311842499998e-07,5.5596489814325e-06,3.3705991891499996e-05,0.0003017416989545,0.99896837,0.000690455415,4_S7,fusion
p082_20240126,82,2,84,5_S8,5.2887142614e-07,4.0650534901e-06,9.270453643e-07,2.277494405e-07,0.135573394382,0.8644209125,5_S8,fusion
p088_20231128,88,2,67,3_S6,3.0307745025000002e-05,0.000231496900125,0.0017374629514500001,0.9219682100000001,0.0758072599825,0.00022527957862750002,3_S6,fusion
p088_20231130,88,2,68,3_S6,3.4629308675e-05,0.00014852549020499998,0.00078038995325,0.8897353574999999,0.109189010825,0.0001120563566,3_S6,fusion
p088_20231204,88,2,69,3_S6,4.9326359249999996e-05,7.908945685e-05,0.0006040518065,0.6051750275,0.3934359,0.00065659500575,3_S6,fusion
p088_20231207,88,2,71,4_S7,3.99345971295e-05,5.0568743605000005e-05,0.00014464357675000002,0.10009776106,0.8981732,0.001493905795,4_S7,fusion
p088_20231211,88,2,73,4_S7,0.00014114271195832676,0.00046672879376014,0.001264475080005,0.282530682566125,0.71468681,0.00091016291585,4_S7,fusion
p088_20231218,88,2,75,4_S7,3.709003964925e-06,1.6653419325e-07,2.54749468275e-06,7.213182625000001e-05,0.9989576275000001,0.000963864395,4_S7,fusion
p088_20231227,88,2,77,4_S7,5.8167735825e-07,3.087147055575e-05,8.009932425000001e-06,0.000736001005,0.99880219,0.00042235805825,4_S7,fusion
p088_20240115,88,2,78,4_S7,1.84484341175e-06,1.35916353e-06,0.000199681339119,1.03251869225e-05,0.9562120625,0.043574724675,4_S7,fusion
p088_20240119,88,2,79,4_S7,3.22625823125e-06,1.0088975176249998e-05,0.00024257047976000001,0.0042034786059925,0.9825834649999999,0.0129571803,4_S7,fusion
p088_20240126,88,2,80,5_S8,9.877393957e-08,1.72904050148e-06,9.833606400000001e-07,1.4230749540350001e-05,0.070010250875,0.9299726675000001,5_S8,fusion
p095_20231128,95,2,66,3_S6,4.0600040075e-05,0.0002748825845,0.0031550717425,0.958426775,0.037995164160000004,0.000107474376845,3_S6,fusion
p095_20231130,95,2,68,3_S6,3.693978985000001e-05,6.940429202500001e-05,0.00027341661275,0.8358133725,0.16372478447500002,8.2086052975e-05,3_S6,fusion
p095_20231204,95,2,70,4_S7,4.0545251875e-05,0.000105237989725,0.00068797191435,0.8258027,0.173275545625,8.80401204e-05,3_S6,fusion
p095_20231207,95,2,70,4_S7,9.5063546125e-05,9.037050604999999e-05,0.0002009278839,0.279303093,0.7193666974999999,0.0009438097167499999,4_S7,fusion
p095_20231211,95,2,71,4_S7,8.9856767e-05,0.00031573354000000007,0.001227936665,0.4496751375,0.5466365950000001,0.00205468518,4_S7,fusion
p095_20231218,95,2,73,4_S7,1.27376891125e-07,8.53205729e-07,2.5094456325e-06,0.0001643361855,0.9982242325,0.0016079687175000002,4_S7,fusion
p095_20231227,95,2,75,4_S7,1.3669125757999998e-07,6.538023082825e-07,2.052988738875e-06,0.0005052365730875,0.9852286225,0.0142633388995,4_S7,fusion
p095_20240115,95,2,78,4_S7,2.81248712755e-07,4.5644939575000005e-07,1.7915600795625e-05,0.00010896131068525002,0.78655522,0.2133171913925,4_S7,fusion
p095_20240119,95,2,79,4_S7,2.55965501325e-06,3.68739228375e-06,0.00046904119052750004,0.002027698607925,0.9802792,0.01721779045,4_S7,fusion
p095_20240126,95,2,80,5_S8,1.5829460115e-08,1.18966166325e-07,1.2676878800000001e-07,1.203702629075e-06,0.0144490636625,0.9855495175,5_S8,fusion
p098_20231128,98,2,66,3_S6,2.2525312249999998e-05,0.000282638604,0.00197603060375,0.856056975,0.14126944712,0.0003923496524,3_S6,fusion
p098_20231130,98,2,68,3_S6,3.25133947125e-05,4.708270115e-05,0.00036228281425,0.78531282,0.2139653330125,0.0002799630975775,3_S6,fusion
p098_20231204,98,2,69,3_S6,6.6042670825e-05,0.0001092369065125,0.000736211083,0.8284406075,0.170433973995,0.000213942638866,3_S6,fusion
p098_20231207,98,2,70,4_S7,0.00012727437983500002,0.0005181023345325,8.741721775e-05,0.0669628951375,0.9316350149999999,0.00066933864,4_S7,fusion
p098_20231211,98,2,71,4_S7,7.555500235e-06,7.341189506499999e-06,6.244299224249999e-05,0.2150827031825,0.7848237925,1.6180927175e-05,4_S7,fusion
p098_20231218,98,2,72,4_S7,2.9780454525e-08,6.744271747499999e-08,3.33848947e-07,4.5285716232499996e-05,0.9960899875,0.0038643066175000004,4_S7,fusion
p098_20231227,98,2,73,4_S7,3.6870514507000005e-08,1.993319285e-08,6.9210886e-07,9.48432455125e-05,0.9994988499999999,0.00040553851149999995,4_S7,fusion
p098_20240115,98,2,77,4_S7,1.1023714653325e-06,1.487115855e-07,1.22962110535e-06,7.991762338e-05,0.9940184624999999,0.00589912519125,4_S7,fusion
p098_20240119,98,2,79,4_S7,2.7056369242499995e-07,4.3190935267e-06,1.9322993564000004e-05,0.00286494586182,0.997002095,0.00010906680864999999,4_S7,fusion
p098_20240126,98,2,81,5_S8,4.52584156925e-08,1.0848841542125001e-06,2.6406355001625e-06,2.6192112260250003e-06,0.5154813125,0.48451233250000003,4_S7,fusion
p011_20230816,11,3,27,1_S2,0.00013837934097025,0.004111378676011,0.039653298485,0.8941271875000001,0.061302629649999996,0.0006671083546666074,3_S6,fusion
p011_20230921,11,3,51,2_S5,0.0008798142538874999,0.02045134861685,0.023107440192750003,0.1111700809575,0.8431811675,0.0012101666724999998,4_S7,fusion
p011_20231005,11,3,52,2_S5,0.004490299328750001,0.002662369726,0.0147014452425,0.00399750179175,0.7960696375,0.17807874225,4_S7,fusion
p012_20230816,12,3,65,3_S6,0.00068618866647125,0.00814123024775,0.0853262522875,0.8961721500000001,0.00966246046,1.16720700175e-05,3_S6,fusion
p012_20230921,12,3,79,4_S7,0.001161560666125,0.000582152757375,0.00025219667836749997,0.0015229620485000001,0.98896034,0.007520836700000001,4_S7,fusion
p012_20231005,12,3,82,5_S8,0.00407423895,0.00551636152425,0.0071272871442499995,0.00076616331289,0.45695055,0.52556535475,5_S8,fusion
p021_20230816,21,3,64,3_S6,0.0009792050683965,0.04080243039765,0.0184099168245,0.7937982575,0.145305249175,0.0007049358113925,3_S6,fusion
p021_20230921,21,3,83,5_S8,0.00026934500907499996,0.00168570572225,6.7053383e-05,0.00282402824225,0.9324748375,0.06267906625000001,4_S7,fusion
p021_20231005,21,3,83,5_S8,0.0003228775208625,0.0013628498806,0.0006090396020400001,0.0010551367956350998,0.5638588634999999,0.43279121915,4_S7,fusion
p029_20230828,29,3,20,1_S2,0.7949649249999999,0.0065300145012500005,0.19403008915,0.003969482474725,0.000345060751425,0.0001604291956325,0_S1,fusion
p029_20230904,29,3,52,2_S5,0.60385977,0.0044829189025,0.30608620515,0.02158291092575,0.0638636626585,0.00012453581886,0_S1,fusion
p029_20230908,29,3,60,3_S6,0.0102286416,0.02699222975,0.11704626812499999,0.62656896,0.21902130325000002,0.00014259329250000002,3_S6,fusion
p029_20230921,29,3,65,3_S6,0.05331403311183704,0.004461018058935,0.011316087032,0.1233007165155,0.8056261874999999,0.001981972155,4_S7,fusion
p029_20231006,29,3,71,4_S7,0.011420608431363175,0.04526550832430754,0.1311274399089,0.020916974448,0.7886672975,0.0026021819495750005,4_S7,fusion
p029_20231017,29,3,72,4_S7,0.000858251428029525,0.014680286324055,0.0214713056610625,0.014487703176700001,0.9479945650000001,0.000507885745,4_S7,fusion
p029_20231023,29,3,73,4_S7,0.00167003190713,0.04983310532861425,0.028299586685075002,0.013649504498870002,0.8946998675,0.011847932521049999,4_S7,fusion
p029_20231027,29,3,74,4_S7,8.21557318275e-05,0.0034409236005,0.0133802586135,0.005470383753500001,0.9740180875,0.0036081872675,4_S7,fusion
p029_20231101,29,3,75,4_S7,0.000458182469115,0.017770106436,0.002934915287,0.00191291836375,0.9354359600000001,0.041487892410000005,4_S7,fusion
p029_20231106,29,3,76,4_S7,0.00017962712142000002,0.0383070571125,0.0035460221675,0.0600554101925,0.8934494000000001,0.0044624782525,4_S7,fusion
p029_20231109,29,3,79,4_S7,0.0001114112443709,0.0015669450232500002,0.0023601506685749997,0.04389986751272075,0.939622725,0.012438909297525001,4_S7,fusion
p029_20231120,29,3,81,5_S8,0.00018930085025,0.00196811463875,0.0012402949934999998,0.00223432603125,0.24348641907500002,0.7508815175,5_S8,fusion
p029_20231124,29,3,83,5_S8,0.0001128422775,0.006085738175,0.007137332226,0.0016708884292499998,0.44394630299999993,0.5410468875000001,5_S8,fusion
p029_20231127,29,3,87,5_S8,4.4571609245e-05,0.00091789639825,0.00016725815125,0.000734948453,0.12469744925,0.8734378975,5_S8,fusion
p029_20231130,29,3,89,5_S8,7.808277692499999e-05,7.422846e-05,0.000417271379,0.00207692857145,0.165615336025,0.8317381650000001,5_S8,fusion
p031_20230828,31,3,14,0_S1,0.99619932,0.00164809655474,0.002078741233675,1.4868556298824999e-05,4.4270944086000004e-05,1.4710077700825e-05,0_S1,fusion
p031_20230904,31,3,22,1_S2,0.679681390975,0.04634812659024999,0.18210850380500004,0.09164869189157501,0.00020534053455,7.9814338925e-06,0_S1,fusion
p031_20230908,31,3,61,3_S6,0.023986270325,0.116038191085,0.18904077474999997,0.5128366375,0.158047235615,5.0847478425000005e-05,3_S6,fusion
p031_20230921,31,3,63,3_S6,0.0186176866187269,0.020738758944659503,0.19817043495999997,0.075309968975,0.6827571100000001,0.004406008849875,4_S7,fusion
p031_20231006,31,3,71,4_S7,0.00071827399338618,0.012558439668325537,0.022942030475322003,0.2187221624306685,0.743311595,0.0017475385111545,4_S7,fusion
p031_20231017,31,3,73,4_S7,0.017834734837499998,0.0056736933575,0.1154203705,0.071968966175,0.752914465,0.036187784125,4_S7,fusion
p031_20231023,31,3,74,4_S7,0.016099615564562603,0.03968865252449999,0.0904871836671,0.04978529585355249,0.7888510675,0.01508821528825,4_S7,fusion
p031_20231027,31,3,75,4_S7,0.00163708692280255,0.0045584090478895,0.02157475048625,0.0806571168958875,0.8762230424999999,0.0153495874579,4_S7,fusion
p031_20231101,31,3,76,4_S7,0.0002632236425035,0.00206329449,0.0088502537195,0.08042034720475,0.9039234024999999,0.004479457752899999,4_S7,fusion
p031_20231106,31,3,77,4_S7,4.302640875e-05,0.0028933871575000003,0.0041973006737499995,0.07125301286749999,0.9060484875000001,0.0155647898,4_S7,fusion
p031_20231109,31,3,79,4_S7,1.8580727250000003e-05,0.002771752903,0.012990684502499999,0.002200196865,0.97246112,0.0095576239875,4_S7,fusion
p031_20231120,31,3,80,5_S8,3.8171578749999996e-05,0.00112356995,0.0027139299550000004,0.005941536650000001,0.66899359,0.3211891735,4_S7,fusion
p031_20231124,31,3,81,5_S8,4.3230366874999995e-05,0.00044701926675,0.0038983108029000003,0.0001816491784035,0.1531839833425,0.842245815,5_S8,fusion
p031_20231127,31,3,84,5_S8,1.67751993175e-05,5.938052047625e-05,0.0002327998252285,3.199296283225e-05,0.06640695973499999,0.933252055,5_S8,fusion
p031_20231130,31,3,85,5_S8,4.9948435375e-05,0.000648733249,0.0083409012235,0.00033783910725999997,0.26443717042500003,0.7261854135,5_S8,fusion
p037_20230828,37,3,14,0_S1,0.9140113475,0.03007301406,0.051406401474999995,0.004242535426775,0.00024546362985000003,2.1246545500000002e-05,0_S1,fusion
p037_20230904,37,3,54,2_S5,0.11879706167250001,0.002516953279,0.6903719425,0.187163425375,0.001127533525,2.3074962674999998e-05,2_S5,fusion
p037_20230908,37,3,60,3_S6,0.0031072739,0.16742111,0.1740364448,0.6339374175,0.0213853539425,0.00011242449615000001,3_S6,fusion
p037_20230921,37,3,70,4_S7,0.046360685177,0.08930611271587499,0.148404573635,0.26365449825,0.451013095,0.001261048194,4_S7,fusion
p037_20231006,37,3,71,4_S7,0.002014879697,0.00656154673175,0.27124186844750003,0.12732403626924998,0.58270163275,0.010156048942499999,4_S7,fusion
p037_20231017,37,3,73,4_S7,0.00046114893750000003,0.02225951488475,0.017273703436499997,0.0313820663625,0.9281439975000001,0.0004795522138475,4_S7,fusion
p037_20231023,37,3,75,4_S7,0.0005770182466749999,0.004471297640000001,0.280031520395,0.023660892772750002,0.69026045,0.00099880992225,4_S7,fusion
p037_20231027,37,3,76,4_S7,0.0026543425075,0.007352986975,0.207372471875,0.12579559575000002,0.5959176475,0.060906942642499996,4_S7,fusion
p037_20231101,37,3,77,4_S7,0.00086385685225,0.030785171475,0.07384380040499999,0.00941316556,0.8793344625000001,0.0057595704425,4_S7,fusion
p037_20231106,37,3,78,4_S7,0.00010494349600160862,0.0010172613750920442,0.006715116939735,0.01514789685172731,0.968136275,0.008878547076419665,4_S7,fusion
p037_20231109,37,3,79,4_S7,0.000257543288409375,0.0007827387017500001,0.011971282774425001,0.052744722591825,0.93326049,0.0009831850395000002,4_S7,fusion
p037_20231120,37,3,80,5_S8,0.0001257164993,0.0020368941204999998,0.014933683622749999,0.00023656672375000002,0.218396537025,0.76427060375,5_S8,fusion
p037_20231124,37,3,85,5_S8,0.00043266411466499996,0.004209571383149999,0.0140766045825,0.000466890412,0.27402114868250005,0.7067931135000001,5_S8,fusion
p037_20231127,37,3,87,5_S8,4.701602990000001e-05,0.0010107354259250001,0.0013293616705,0.00014803673325,0.0315447682625,0.9659200875,5_S8,fusion
p037_20231130,37,3,89,5_S8,0.00030351714250000003,0.000797043162,0.14670034601749998,0.0008029552987499999,0.26895920097500003,0.58243694725,5_S8,fusion
p038_20230828,38,3,14,0_S1,0.9949904525,0.00160567671875,0.0031875555675,1.5814591885e-05,6.990260384000001e-05,0.00013065555081749998,0_S1,fusion
p038_20230904,38,3,60,3_S6,0.39749387975,0.0394320144,0.46642925,0.07697369355,0.0191856868225,0.00048550667075,2_S5,fusion
p038_20230908,38,3,62,3_S6,0.046790117502925,0.0134621385925,0.0283142636,0.6672450675,0.244095756625,9.267679605000001e-05,3_S6,fusion
p038_20230921,38,3,71,4_S7,0.00617284592505,0.008928071422500001,0.09818058924,0.237517009575,0.6479805375,0.0012209120895,4_S7,fusion
p038_20231006,38,3,72,4_S7,1.449236946688385e-05,0.007626237344121753,0.0011610739098493646,0.0015633185760842877,0.9889152,0.00071966035475,4_S7,fusion
p038_20231017,38,3,73,4_S7,0.000287694958685,0.023702648107499998,0.0255995488325,0.1055856943125,0.843,0.0018244200750000001,4_S7,fusion
p038_20231023,38,3,74,4_S7,0.00331819631860937,0.027075913327266925,0.006929655453171208,0.010450574156813476,0.9491957875,0.0030298757452125,4_S7,fusion
p038_20231027,38,3,75,4_S7,0.00028877705763,0.0145450197761,0.0024392423,0.0016427917980550001,0.97243836,0.0086458466,4_S7,fusion
p038_20231101,38,3,76,4_S7,0.0001260092586925,0.0210167995325,0.006264687780000001,0.008396887268,0.916336165,0.04785943720275,4_S7,fusion
p038_20231106,38,3,77,4_S7,2.188830204e-05,0.0018382643186000002,0.002991894014485,0.00205873470651575,0.990003705,0.0030854564624,4_S7,fusion
p038_20231109,38,3,78,4_S7,6.946896464575e-05,0.000734712846585,0.006059764109637774,0.013196599770288751,0.961156025,0.018783431385,4_S7,fusion
p038_20231120,38,3,79,4_S7,0.0003749407565,0.00895698001,0.027949008943499998,0.0015696599873,0.42285185000000003,0.5382975825,5_S8,fusion
p038_20231124,38,3,79,4_S7,0.000309040519535,0.012382578969576,0.019009803848262227,0.000129093019833,0.35464020100000004,0.61352930875,5_S8,fusion
p038_20231127,38,3,79,4_S7,0.001165152351125,0.0729331125675,0.083073389575,0.002834013177,0.25990345975,0.5800908725,5_S8,fusion
p038_20231130,38,3,80,5_S8,0.000593173858025,0.004861778246924999,0.0444218644085,0.0011329073358675,0.30857299967499996,0.640417291,5_S8,fusion
p039_20230828,39,3,14,0_S1,0.9985272825,0.0002404865055,0.001182826815,2.8995188750000003e-06,3.8351330249999994e-05,8.133365249999999e-06,0_S1,fusion
p039_20230904,39,3,17,0_S1,0.4692620555,0.00272664542,0.522183276175,0.0030680581399999997,0.0027206475369000002,3.929609515500001e-05,2_S5,fusion
p039_20230908,39,3,53,2_S5,0.103317067625,0.322822563,0.13516579974999998,0.25046618000000004,0.18724932075,0.00097907027075,1_S2,fusion
p039_20230921,39,3,70,4_S7,0.014773490828484344,0.04144956831545,0.1197290872306925,0.42304512984487147,0.4001551855,0.0008475323912500001,3_S6,fusion
p039_20231006,39,3,73,4_S7,0.068275034169263,0.029264443311931503,0.18532655659115002,0.059852662007074994,0.655571,0.0017102987873075,4_S7,fusion
p039_20231017,39,3,74,4_S7,6.764450463925e-05,0.0092501050488425,0.07872269703237501,0.0507609777995,0.8610474825000001,0.00015108633500000003,4_S7,fusion
p039_20231023,39,3,75,4_S7,0.00035851955531035,0.050062396259793,0.024245002268,0.0176847658013925,0.9069596125,0.00068967695282875,4_S7,fusion
p039_20231027,39,3,76,4_S7,0.00010881447175,0.020783859525000004,0.107846531,0.02812736245,0.79706298,0.04607047878,4_S7,fusion
p039_20231101,39,3,77,4_S7,0.00027858808939999996,0.014637034575000001,0.041942965525,0.0315847485897,0.906992755,0.0045638797200000004,4_S7,fusion
p039_20231106,39,3,78,4_S7,1.5665139699999998e-05,0.007315874470000001,0.023076754374999998,0.035660800689999994,0.93354079,0.0003900602175,4_S7,fusion
p039_20231109,39,3,79,4_S7,2.751881635e-05,0.00362320774025,0.2556370895685,0.00733612754725,0.7302828695,0.003093173935,4_S7,fusion
p039_20231120,39,3,80,5_S8,0.00103218758,0.0226353243875,0.41430372525000003,0.0033509846625,0.34620897625,0.21246881750000002,2_S5,fusion
p039_20231124,39,3,81,5_S8,0.00028336362625,0.032018607075,0.45682044725,0.0028374442200000006,0.220271722,0.2877684655,2_S5,fusion
p039_20231127,39,3,81,5_S8,0.0014713883947500002,0.045568829299999995,0.35496184399999997,0.0050449174625,0.1427593965,0.45019364775,5_S8,fusion
p039_20231130,39,3,82,5_S8,0.00045083333249999996,0.003605929145,0.1723197255,0.01408367253975,0.123892004675,0.68564778725,5_S8,fusion
p045_20230929,45,3,13,0_S1,0.999879505,1.58165488e-05,9.876700095e-05,6.5035391e-07,2.40808684e-06,2.8489574249999998e-06,0_S1,fusion
p045_20231004,45,3,13,0_S1,0.9946241224999999,0.0047988968520499995,0.00046112292550000005,3.92602685225e-05,3.22603504375e-05,4.4295262699000006e-05,0_S1,fusion
p045_20231011,45,3,14,0_S1,0.8120021175000001,0.183151635975,0.0031545303089999996,0.00114232365,0.0005179719937499999,3.1455126325e-05,0_S1,fusion
p045_20231017,45,3,15,0_S1,0.6357768025,0.17628923002500002,0.12683853684250002,0.032060821473625,0.02893241394735,0.00010223740668500001,0_S1,fusion
p045_20231019,45,3,51,2_S5,0.29413003611500005,0.00187439525565,0.6364203075,0.066039994575,0.0015120255275,2.31993875075e-05,2_S5,fusion
p045_20231023,45,3,53,2_S5,0.038684386325,0.00710158298175,0.49693364500000003,0.444912172,0.0123262725125,4.191646826275e-05,2_S5,fusion
p045_20231027,45,3,60,3_S6,0.00469232471,0.14293980950000001,0.20735737075,0.567266165,0.07720314195,0.000541170534,3_S6,fusion
p045_20231101,45,3,61,3_S6,1.3778391774999999e-05,0.0018180675028,0.160002443525,0.547391929875,0.290768602425,5.140567345e-06,3_S6,fusion
p045_20231106,45,3,66,3_S6,6.0301185699e-05,0.00018325580574999999,0.000947467082,0.89102315,0.107354288725,0.0004315134407250001,3_S6,fusion
p045_20231109,45,3,70,4_S7,0.000138127889489025,0.000550485591586725,0.00993462148125625,0.2458185190925,0.74235934725,0.0011988804019200001,4_S7,fusion
p045_20231120,45,3,72,4_S7,3.7176920424999995e-05,0.000523099590825,0.0011801680851249998,0.037601347525,0.9536373249999999,0.00702092900375,4_S7,fusion
p045_20231127,45,3,73,4_S7,1.009712218115e-05,6.309520186e-05,0.0006721512374499999,0.00569464380915,0.9897263575,0.003833639361625,4_S7,fusion
p045_20231130,45,3,76,4_S7,1.5863673445000003e-07,6.0482843545e-07,7.92608206e-06,0.0141481177732075,0.9858044,3.8842711715e-05,4_S7,fusion
p045_20231204,45,3,77,4_S7,1.1155303205e-05,4.68972510385e-05,0.000789934673175,0.004022916605925,0.9904771325000001,0.004651958703874999,4_S7,fusion
p045_20231211,45,3,78,4_S7,1.7363869650000002e-07,4.713290575e-06,4.0249926375e-05,0.0011038137602249999,0.9984812475,0.000369802631625,4_S7,fusion
p045_20231214,45,3,78,4_S7,2.49858652559e-06,2.5248158512e-05,9.0729523340525e-05,0.00108932316725,0.9962421875,0.0025500235037500003,4_S7,fusion
p045_20231218,45,3,79,4_S7,8.67899512375e-06,0.00149793631526,0.0033416496981139997,0.09852417429561298,0.89614064,0.00048696529799999996,4_S7,fusion
p045_20231227,45,3,79,4_S7,9.106155119e-06,0.00036613103146,0.0001894527966875,0.002342287767675,0.9879958124999999,0.0090972153919,4_S7,fusion
p045_20240104,45,3,80,5_S8,3.2687384199999998e-06,4.0241140882500005e-06,1.5264364145e-05,5.5444725177749996e-05,0.326634031825,0.6732879775,5_S8,fusion
p046_20230929,46,3,13,0_S1,0.9998912925000001,3.261599095e-05,6.552109187500001e-05,1.58999562e-06,4.767780164999999e-06,4.1980454e-06,0_S1,fusion
p046_20231004,46,3,13,0_S1,0.99407637,0.00318787108395,0.0026076021245,3.6885209135e-05,5.7544888075e-05,3.3733329175e-05,0_S1,fusion
p046_20231011,46,3,14,0_S1,0.9263928724999999,0.07033192165575,0.002245519,0.00095424467275,6.561980775e-05,9.8471559e-06,0_S1,fusion
p046_20231017,46,3,52,2_S5,0.7051660375,0.095570316,0.15683023449999997,0.028495186172500003,0.013199285338000001,0.0007389390713000001,0_S1,fusion
p046_20231019,46,3,54,2_S5,0.5893772922,0.00550222809,0.39000655475,0.01457404227,0.00053254416675,7.325071625e-06,0_S1,fusion
p046_20231023,46,3,60,3_S6,0.04433457975,0.009856444075000002,0.638511065,0.296449756675,0.010807680395,4.05057380175e-05,2_S5,fusion
p046_20231027,46,3,61,3_S6,0.047452528313750006,0.009381295840000001,0.6531865038250001,0.285192922175,0.004713193925,7.356985379999999e-05,2_S5,fusion
p046_20231101,46,3,61,3_S6,0.00020670469664149998,0.00109499685964,0.308269164415,0.6589343775000001,0.031459118165,3.563452357475001e-05,3_S6,fusion
p046_20231106,46,3,65,3_S6,0.000321300714823,0.002532999785025,0.0101950415735,0.6953095874999999,0.27809260592499996,0.013548422272774998,3_S6,fusion
p046_20231109,46,3,66,3_S6,0.0006240613304175,0.003542961338175,0.04362058707525,0.558153697325,0.39372760382500005,0.0003310586738375,3_S6,fusion
p046_20231120,46,3,71,4_S7,2.7474131824999997e-05,0.000187161283,0.0036126190853,0.096456252625,0.89760501,0.002111504160175,4_S7,fusion
p046_20231127,46,3,71,4_S7,9.7703775375e-06,0.002027089838275,0.000606361099,0.047707333500000004,0.9479600175,0.001689395510225,4_S7,fusion
p046_20231130,46,3,72,4_S7,6.471796370000001e-07,0.0001036322784625,9.1130914155e-06,0.00518303818555,0.9944781874999999,0.00022533568499999998,4_S7,fusion
p046_20231204,46,3,73,4_S7,2.957743417025e-07,5.98591235252925e-05,7.5024181089e-05,0.000820103244,0.8949702275,0.104074464612418,4_S7,fusion
p046_20231211,46,3,76,4_S7,1.7125576102500002e-06,4.1395104675e-05,3.41282425e-05,0.002098391345175,0.9941627125000001,0.0036616683400000002,4_S7,fusion
p046_20231214,46,3,78,4_S7,4.8330417594499995e-06,1.9329951834000003e-05,5.370005910525e-05,0.00013523238324999998,0.99852336,0.00126354672025,4_S7,fusion
p046_20231218,46,3,79,4_S7,2.3177636432499998e-05,0.00012581511525,0.00054920739565,0.00147416726,0.98832483,0.00950281425,4_S7,fusion
p046_20231227,46,3,79,4_S7,1.68724983575e-06,5.2160943875e-05,0.0001439531396875,0.00023773856899999998,0.93761609,0.061948353505000005,4_S7,fusion
p046_20240104,46,3,81,5_S8,1.9695936959999997e-05,8.290887275e-05,0.00010545061449999999,0.0008173607017500001,0.45625132691500003,0.542723255,5_S8,fusion
p048_20230929,48,3,13,0_S1,0.99986185,3.547590645e-05,8.862921385e-05,9.516162825e-07,3.136024065e-06,9.936531150000001e-06,0_S1,fusion
p048_20231004,48,3,13,0_S1,0.999702355,0.00020614646815285,7.081962382000001e-05,1.1838229359072499e-06,9.39515572414e-06,1.00844813047375e-05,0_S1,fusion
p048_20231011,48,3,14,0_S1,0.934884525,0.0435447103,0.01841212225,0.000283557654,0.00271234670375,0.00016272791249999997,0_S1,fusion
p048_20231017,48,3,15,0_S1,0.7778000100000001,0.08724234475,0.061152479074999995,0.07192010061000001,0.0018181623299999999,6.69235124e-05,0_S1,fusion
p048_20231019,48,3,16,0_S1,0.5555567775000001,0.0630358031,0.32937186399999996,0.04015082919,0.011166337460999999,0.00071840687525,0_S1,fusion
p048_20231023,48,3,54,2_S5,0.46170329335120497,0.011673300550607,0.16947888876249997,0.35634302265,0.00078351088,1.7969919108700003e-05,0_S1,fusion
p048_20231027,48,3,60,3_S6,0.17638393101074415,0.00949920979955,0.3422297304455,0.44765556435,0.024057213853750002,0.00017439150037939252,3_S6,fusion
p048_20231101,48,3,62,3_S6,0.000221525691575,0.0018845828190000003,0.321350071325,0.653953533025,0.022573087792500002,1.719878410475e-05,3_S6,fusion
p048_20231106,48,3,65,3_S6,4.855754871e-05,0.00078091761,0.0036250186649999998,0.7529762425,0.24254306411,2.6158262e-05,3_S6,fusion
p048_20231109,48,3,67,3_S6,0.0007586432301250001,0.17412753775,0.1153112354,0.44505603200000005,0.26440435,0.000342196819125,3_S6,fusion
p048_20231120,48,3,70,4_S7,4.1390491782749996e-05,0.000111638554855,0.013111467168000001,0.11751466353362501,0.8688303425,0.00039050462005,4_S7,fusion
p048_20231127,48,3,72,4_S7,4.389189366e-07,4.1852343461425e-05,8.33594156905e-05,0.012854208903100002,0.9868886225,0.00013154156276499999,4_S7,fusion
p048_20231130,48,3,73,4_S7,7.24770773175e-05,0.0005004276443249999,0.007610519443125001,0.008646056765999999,0.9519233349999999,0.031247157709999997,4_S7,fusion
p048_20231204,48,3,74,4_S7,2.3993692825e-06,0.00014657246452,0.00010367059772,0.00026736086512500003,0.9976382075,0.00184176302575,4_S7,fusion
p048_20231211,48,3,76,4_S7,4.9263779798625e-06,3.02146173941e-05,0.00027756188626875,0.0036050966490272503,0.98707178,0.00901040250575,4_S7,fusion
p048_20231214,48,3,77,4_S7,2.6124363357e-07,3.960944418649999e-06,4.1094902942075e-06,0.00031933857897500006,0.9990921025,0.00058019297475,4_S7,fusion
p048_20231218,48,3,78,4_S7,4.3076592534999994e-05,0.0001393446911825,0.001933966553625,0.000609225189875,0.904852365,0.09242202399999999,4_S7,fusion
p048_20231227,48,3,79,4_S7,4.2458430427499995e-06,4.0628963777500005e-05,0.0001022699676325,0.000722372674075,0.9881851975,0.010945255000000001,4_S7,fusion
p048_20240104,48,3,80,5_S8,2.1911044357499997e-05,0.002539907406375,0.0001966637146,0.00114046255085,0.5638328635000001,0.43226818125,4_S7,fusion
p053_20230929,53,3,13,0_S1,0.9998461925,2.3308745025e-05,0.000119944597775,9.8891452e-07,2.763273475e-06,6.729790125000001e-06,0_S1,fusion
p053_20231004,53,3,13,0_S1,0.999197825,0.00024666457237500005,0.0004927206359999999,3.5678814985e-05,1.2615374274999999e-05,1.44679362575e-05,0_S1,fusion
p053_20231011,53,3,15,0_S1,0.8578098749999999,0.08076912724825,0.055513642563250004,0.0027838719047925,0.0029429738846325,0.00018050127415,0_S1,fusion
p053_20231017,53,3,53,2_S5,0.6008815425,0.0154512001475,0.373743594,0.0071376738,0.002626307045,0.0001596653294,0_S1,fusion
p053_20231019,53,3,54,2_S5,0.35818993750000006,0.01178230425,0.6039389475000001,0.02171576805,0.0042523934295,0.000120638000125,2_S5,fusion
p053_20231023,53,3,60,3_S6,0.0253349437585,0.01064024311975,0.6609647474999999,0.30131557575,0.00171114632,3.3367573887499995e-05,2_S5,fusion
p053_20231027,53,3,63,3_S6,0.0006977357112375001,0.0008375200058165001,0.39240674265,0.58307621175,0.02297618881,5.589677013750001e-06,3_S6,fusion
p053_20231101,53,3,65,3_S6,6.3921343975e-05,0.0021409523375,0.02802147994825,0.737749255,0.23195047825,7.390066667499999e-05,3_S6,fusion
p053_20231106,53,3,67,3_S6,8.5774412525e-06,0.0060690564301500004,0.0067465122675,0.5097130363,0.47210516395,0.005357649152611,3_S6,fusion
p053_20231109,53,3,70,4_S7,1.0140916939999999e-05,0.01782081492345,0.009189872,0.47460046326,0.49833009825,4.86153065e-05,4_S7,fusion
p053_20231120,53,3,72,4_S7,0.000111952545625,0.0014744798002,0.0028134052935,0.033025561575,0.955592185,0.00698243185,4_S7,fusion
p053_20231127,53,3,74,4_S7,4.3587117625000006e-06,8.1350654775e-06,4.1783011125e-05,0.006217722255499999,0.99350735,0.000220707397,4_S7,fusion
p053_20231130,53,3,75,4_S7,1.455935049725e-05,8.637688267750001e-05,0.0008599724439725,0.015089439907705,0.9798724825,0.0040771530674999995,4_S7,fusion
p053_20231204,53,3,76,4_S7,3.5643151441375e-06,2.0620565828135e-05,0.000410017047016975,0.023368923380695676,0.9758516500000001,0.00034523024772500005,4_S7,fusion
p053_20231211,53,3,78,4_S7,1.932607928985e-05,0.00835372829715,0.08105022105932,0.0014039337101750002,0.9028955825,0.006277182969,4_S7,fusion
p053_20231214,53,3,80,5_S8,9.458689675e-06,7.5592975e-05,0.000125853747245,0.000684558624275,0.9279768975,0.0711276134,4_S7,fusion
p053_20231218,53,3,81,5_S8,5.0704382125e-06,3.7323547785e-05,2.2678772382999998e-05,0.00077298735115,0.738389226,0.26077272,4_S7,fusion
p053_20231227,53,3,79,4_S7,0.00010850994406750001,0.0086309468504,0.0005460544327024999,0.00039272647725,0.656707766,0.3336139895,4_S7,fusion
p053_20240104,53,3,79,4_S7,9.34894309925e-05,0.0010966865726249999,0.000491084814425,0.00048327516905,0.298104726925,0.6997307675,5_S8,fusion
p061_20230929,61,3,13,0_S1,0.9997133825,3.0661984375e-05,0.00024282339143250002,1.1342447849999998e-06,2.350847025e-06,9.69958405e-06,0_S1,fusion
p061_20231004,61,3,13,0_S1,0.9996671349999999,0.00016582039255524998,0.000117360485575,6.749448356125e-07,2.78836567315e-06,4.62060863385e-05,0_S1,fusion
p061_20231011,61,3,14,0_S1,0.984184145,0.004437579065,0.010924406865,0.00015372396775000001,0.00027625776815,2.392155765e-05,0_S1,fusion
p061_20231017,61,3,53,2_S5,0.5702273299999999,0.058522912,0.2466549325,0.05467629385,0.069789681127,0.000128872461625,0_S1,fusion
p061_20231019,61,3,53,2_S5,0.291434910975,0.00609798475,0.4536286935,0.13647646605,0.1122524754325,0.00010946056775000001,2_S5,fusion
p061_20231023,61,3,60,3_S6,0.0008916736188499999,0.0026776324843750003,0.40347475675,0.327475710655,0.265456661625,2.3535865599500003e-05,2_S5,fusion
p061_20231027,61,3,61,3_S6,0.00557331933279,0.0018037760115575,0.088871374074,0.6720648725,0.231579843525,0.00010685134178945001,3_S6,fusion
p061_20231101,61,3,62,3_S6,6.377271650000001e-05,0.00114188577635,0.38537131275,0.5928839930750001,0.020533579092499997,5.4721594795e-06,3_S6,fusion
p061_20231106,61,3,63,3_S6,2.595133955e-05,0.0015197754528749998,0.0071505461324999995,0.6838894725,0.30659037785000004,0.0008238817515000001,3_S6,fusion
p061_20231109,61,3,63,3_S6,1.71943226875e-05,0.000199839205,0.015180510262499999,0.6461187675000001,0.33813716625,0.0003465249676,3_S6,fusion
p061_20231120,61,3,71,4_S7,5.8704041075e-05,0.0008620364357499999,0.00075467773325,0.1531733095,0.8412473075,0.0039039808662499997,4_S7,fusion
p061_20231127,61,3,72,4_S7,0.0006464501121577085,0.01236818852466554,0.07736403965377434,0.023149012354475,0.7494709265,0.13700136785637998,4_S7,fusion
p061_20231130,61,3,73,4_S7,5.4565532016055e-05,0.00051176395421,0.0057307987462,0.009189618625875001,0.9673394125,0.017173868518750003,4_S7,fusion
p061_20231204,61,3,74,4_S7,1.2548595060000001e-06,3.0425222375e-06,1.9679297299999996e-05,0.0287789014876625,0.9707373749999999,0.0004597219325,4_S7,fusion
p061_20231211,61,3,75,4_S7,1.96311434525e-07,2.1045168465e-06,3.210924815625e-05,0.009859693003625,0.9893578625,0.00074802838575,4_S7,fusion
p061_20231214,61,3,76,4_S7,5.442489383925e-06,1.78781108725e-06,3.331453975e-06,0.00025894778470000006,0.998208575,0.0015219674957249998,4_S7,fusion
p061_20231218,61,3,79,4_S7,1.49111517515e-05,6.48023998725e-06,0.00028991490316250003,0.0004262809270675,0.98908171,0.0101807235225,4_S7,fusion
p061_20231227,61,3,80,5_S8,9.331485988499999e-05,0.000437238012,0.00047355534775,0.0004200243975,0.5318644724999999,0.46671136704250005,4_S7,fusion
p061_20240104,61,3,82,5_S8,3.10325032234e-05,1.7224547699749999e-06,4.622892112841e-05,4.40522846305e-05,0.443576808540125,0.5563001325,5_S8,fusion
p067_20231006,67,3,13,0_S1,0.998885425,0.00017248099525,0.0005812765575,1.613607275e-05,7.611897925e-05,0.000268591909175,0_S1,fusion
p067_20231011,67,3,13,0_S1,0.9997543274999999,9.521109325e-05,0.00011745289012500001,3.974078535e-06,9.2489519e-06,1.97665186e-05,0_S1,fusion
p067_20231017,67,3,13,0_S1,0.9992827000000001,0.00039563469635,0.000250657239,6.1777256e-06,1.68840437e-05,4.793992635e-05,0_S1,fusion
p067_20231019,67,3,14,0_S1,0.97965229,0.0055529227775,0.0124293594565,0.001775701474725,0.00050061572666,8.9160229e-05,0_S1,fusion
p067_20231023,67,3,14,0_S1,0.9708223524999999,0.0139941724375,0.015064771250000001,4.162942165e-05,5.2945788225e-05,2.4090246399999997e-05,0_S1,fusion
p067_20231027,67,3,54,2_S5,0.5839053675,0.09806068342499999,0.12205928775000001,0.19197412567,0.0039575942605,4.290406825e-05,0_S1,fusion
p067_20231101,67,3,60,3_S6,0.043347394000000004,0.074685971707775,0.846670385,0.034560118540065,0.0007140420645000001,2.20823211942425e-05,2_S5,fusion
p067_20231106,67,3,63,3_S6,7.5712992225e-05,3.6260858165e-05,0.23322026286499997,0.7657323709999999,0.0009348498375000001,5.521852660000001e-07,3_S6,fusion
p067_20231109,67,3,69,3_S6,2.7962225925e-06,2.521409013e-05,0.033039874612,0.9643678250000001,0.0025621289249999997,2.176625519325e-06,3_S6,fusion
p067_20231120,67,3,70,4_S7,4.90738045e-05,9.7835652175e-05,0.004699777011,0.45742178,0.53765212825,7.9420932e-05,4_S7,fusion
p067_20231127,67,3,71,4_S7,8.99902162975e-06,4.6347458727500005e-05,0.00012597638202500001,0.12263081585,0.8746942950000001,0.0024935721281125,4_S7,fusion
p067_20231130,67,3,72,4_S7,1.80692049e-07,2.1496548692499997e-05,4.989394305e-05,0.041960612175,0.955083915,0.00288388971225,4_S7,fusion
p067_20231204,67,3,75,4_S7,2.38127329325e-06,4.36286066075e-05,3.6270149740000005e-05,0.008353453421,0.9911964375,0.00036781973535,4_S7,fusion
p067_20231211,67,3,76,4_S7,2.0803641565e-07,7.6828686175e-07,8.8379181175e-06,0.0009421308450000001,0.9989673075000001,8.075867863499999e-05,4_S7,fusion
p067_20231214,67,3,77,4_S7,3.17406432819e-06,6.661166013974999e-06,1.4435678278705e-05,0.0014562062789999998,0.9947075750000001,0.0038119269270750003,4_S7,fusion
p067_20231218,67,3,78,4_S7,2.146611371125e-06,4.7380563085e-06,0.000358627645875,0.005711178797825,0.8902987050000001,0.10362460956000001,4_S7,fusion
p067_20231227,67,3,79,4_S7,2.700901146265e-05,0.0001037342101,0.000267269549015,0.00479594050325,0.7853208125,0.209485254825,4_S7,fusion
p067_20240115,67,3,79,4_S7,5.123187035e-05,4.1061590875e-05,0.0015928837777500003,0.0007472661410000001,0.49056151667500003,0.5070060675,5_S8,fusion
p067_20240119,67,3,82,5_S8,5.3529698107000005e-06,1.149866623255e-05,1.0137256347750002e-05,3.5390807934750002e-06,0.0011774570089249999,0.9987920275,5_S8,fusion
p067_20240126,67,3,86,5_S8,1.8958764297115e-05,1.5715020210505e-05,1.3539631777125e-05,0.0001465129609333525,0.0010002938726475,0.9988050024999999,5_S8,fusion
p072_20231006,72,3,13,0_S1,0.99971665,6.34209195e-05,0.00014294947435,3.67170246e-06,1.789178805e-05,5.5355661925e-05,0_S1,fusion
p072_20231011,72,3,13,0_S1,0.99865444,0.0005598802000000001,0.000569699627,3.5879887325e-05,6.90157905e-05,0.00011105733800000001,0_S1,fusion
p072_20231017,72,3,13,0_S1,0.9991222,0.0001248167185,0.000742627553125,5.345643875e-06,2.28887045e-06,2.75467788e-06,0_S1,fusion
p072_20231019,72,3,14,0_S1,0.95622176,0.003560571845,0.039501879475,0.000451519968375,0.000171206737225,9.307839877499999e-05,0_S1,fusion
p072_20231023,72,3,15,0_S1,0.88733351,0.00848385389186275,0.10378833997499999,0.0002757822685800375,7.2271614196625e-05,4.623897760812501e-05,0_S1,fusion
p072_20231027,72,3,53,2_S5,0.16286521325000003,0.0036494572175,0.8053312400000001,0.026726362195000002,0.00140271129675,2.5034529425e-05,2_S5,fusion
p072_20231101,72,3,55,2_S5,0.000633789425,0.0006214676875,0.754069525,0.2044358392,0.040235869023,3.5035365000000003e-06,2_S5,fusion
p072_20231106,72,3,63,3_S6,4.3466873415e-06,0.0001218342408725,0.05527947058249999,0.9425344,0.002044133365,1.5831558051249997e-05,3_S6,fusion
p072_20231109,72,3,65,3_S6,0.0001601437408875,0.007585002155,0.01518501155,0.7882423574999999,0.16900232429999998,0.019825162143750002,3_S6,fusion
p072_20231120,72,3,70,4_S7,0.0001749858548285,0.0006766108262175,0.01557096018575,0.6764641025,0.3069059095,0.00020745888458375002,3_S6,fusion
p072_20231127,72,3,72,4_S7,7.2215045700000005e-06,2.3322371625e-05,0.00018775970499999996,0.547294971,0.45245278975000003,3.3953221925e-05,3_S6,fusion
p072_20231130,72,3,75,4_S7,8.360177074999999e-07,8.229563274999999e-05,0.00018512646125,0.006557384540000001,0.9930304625,0.00014392668,4_S7,fusion
p072_20231204,72,3,76,4_S7,7.492245623185e-07,4.918240776136251e-06,2.3763173360582e-05,0.021278862736609595,0.9786638750000001,2.7801685999999997e-05,4_S7,fusion
p072_20231211,72,3,77,4_S7,2.66871194e-08,9.073866540000001e-07,1.0319923275e-06,0.000163841244825,0.9998300675,4.1246259e-06,4_S7,fusion
p072_20231214,72,3,78,4_S7,6.337667135e-07,1.2731004250000002e-07,4.1310011e-07,4.8478054750000004e-05,0.9997916500000001,0.000158678392,4_S7,fusion
p072_20231218,72,3,79,4_S7,8.10680106825e-05,4.513257263299999e-05,0.0003040729480175,0.0027430204282500002,0.9659640625,0.030862661984999998,4_S7,fusion
p072_20231227,72,3,79,4_S7,8.919127554275e-06,8.768603398900001e-06,6.898412756249999e-06,2.55606216445e-05,0.8301554975,0.16979432245925,4_S7,fusion
p072_20240115,72,3,82,5_S8,8.306113200000001e-07,1.75390111e-06,3.7524462524999997e-06,9.064706175e-07,0.0045319364000000004,0.995460815,5_S8,fusion
p072_20240119,72,3,83,5_S8,6.835052319999999e-06,3.740754436e-06,2.6752375874999996e-06,9.6454460825e-07,0.000325556933,0.9996602250000001,5_S8,fusion
p072_20240126,72,3,86,5_S8,4.328948779125e-06,6.512774054775e-06,7.137551592000001e-06,2.1407291092499998e-07,5.6753159275e-05,0.99992506,5_S8,fusion
p076_20231006,76,3,13,0_S1,0.999298885,6.5885914375e-05,0.0005247473925,1.01081432625e-05,2.7832243000000002e-05,7.256424049999999e-05,0_S1,fusion
p076_20231011,76,3,13,0_S1,0.9991379125,0.00013898995325,0.00063618843775,2.613128506e-05,3.15305598175e-05,2.9205779499999998e-05,0_S1,fusion
p076_20231017,76,3,13,0_S1,0.9978476625,6.7949819e-05,0.0018414003850000002,2.6974680475e-05,0.00020052784875,1.5500176374999997e-05,0_S1,fusion
p076_20231019,76,3,14,0_S1,0.983182265,0.0005052673425,0.015328948384999999,0.00039791685345,0.000516227711,6.936414875e-05,0_S1,fusion
p076_20231023,76,3,15,0_S1,0.8061774125000001,0.008050470175,0.18118834175,0.0003139337035000001,0.00410774787025,0.00016210556965,0_S1,fusion
p076_20231027,76,3,20,1_S2,0.34366950074999997,0.0387234595,0.31753185,0.27731866194,0.02265909964525,9.74044685e-05,0_S1,fusion
p076_20231101,76,3,53,2_S5,0.02803755171425,0.007776752159699999,0.4715897953,0.30351057412500004,0.189066372945,1.89793071365e-05,2_S5,fusion
p076_20231106,76,3,60,3_S6,0.00101463797836215,0.00223971065686975,0.07359305045850001,0.65508914025,0.25917103845,0.00889241890401,3_S6,fusion
p076_20231109,76,3,64,3_S6,9.367059925000001e-05,0.0002095293875,0.0027719762974999997,0.6679428225,0.3284193082,0.0005627027163749999,3_S6,fusion
p076_20231120,76,3,68,3_S6,0.00020719697111825,0.0005401730129374999,0.004223739802,0.13890513375,0.85028061,0.00584314654465,4_S7,fusion
p076_20231127,76,3,72,4_S7,2.02185421575e-05,0.000464574900075,0.0020456218965,0.03424082146125,0.94225179,0.02097693602025,4_S7,fusion
p076_20231130,76,3,73,4_S7,6.7839889124999995e-06,0.000109756332125,0.00010415437,0.021914939449999997,0.9729298749999999,0.00493446955475,4_S7,fusion
p076_20231204,76,3,74,4_S7,0.00016335874492999999,0.0009589689846795,0.0009307909214142499,0.1201386219474075,0.8766961,0.001112125382,4_S7,fusion
p076_20231211,76,3,75,4_S7,8.190381451750001e-07,7.3092121045e-06,0.0001543945103765,0.10718970554349189,0.8916512999999999,0.000996455601,4_S7,fusion
p076_20231214,76,3,75,4_S7,1.3098963799250001e-05,1.83347083735e-05,4.83933259855e-05,3.7439595272500006e-05,0.9918869,0.00799581218125,4_S7,fusion
p076_20231218,76,3,76,4_S7,3.8873158400000004e-05,4.1010856645e-05,0.000110393659575,0.00058886875204,0.9016373375000001,0.09758354550000001,4_S7,fusion
p076_20231227,76,3,78,4_S7,2.05364285945e-06,2.01355834485e-05,0.000242505568906175,3.6934753902499994e-05,0.9236783175,0.07602006489999999,4_S7,fusion
p076_20240115,76,3,80,5_S8,0.00015004976925,0.0013264561,0.03430598045000001,0.0078221728685,0.24425878925,0.7121365425,5_S8,fusion
p076_20240119,76,3,84,5_S8,2.9508626999999998e-06,1.41605122e-06,3.8621157635e-06,4.1422842650000003e-07,0.0002160608075,0.99977529,5_S8,fusion
p076_20240126,76,3,86,5_S8,6.968349575000001e-06,8.1533158e-06,1.2213999825e-05,1.5129462615e-05,0.09092603433499999,0.9090314625,5_S8,fusion
p093_20231128,93,3,66,3_S6,7.88252555625e-06,4.121710915675e-05,0.002896308993505,0.9404070099999999,0.0566289975,1.8558817356500002e-05,3_S6,fusion
p093_20231130,93,3,68,3_S6,2.32322512075e-07,2.5579506587500005e-06,3.5534010425e-05,0.984788185,0.0151724503225,1.0333562920499997e-06,3_S6,fusion
p093_20231204,93,3,69,3_S6,2.1466597331000002e-05,6.94731505e-05,0.00039022405449999994,0.7492661425,0.2501026107,0.000150085571225,3_S6,fusion
p093_20231207,93,3,70,4_S7,6.013201671e-08,6.526565435e-07,2.3229474255e-05,0.20845982707,0.7915128625,3.382246675e-06,4_S7,fusion
p093_20231211,93,3,71,4_S7,1.3568951425e-08,4.874161143499999e-07,4.31079121525e-05,0.29006017225,0.70989569625,5.4105801875e-07,4_S7,fusion
p093_20231218,93,3,73,4_S7,1.533765151425e-06,1.9242222843300002e-05,9.263781319225002e-05,0.00384361155359,0.992557185,0.003485810195125,4_S7,fusion
p093_20231227,93,3,75,4_S7,2.77941671875e-06,1.9965602815e-05,0.000161735250025,8.1922753e-05,0.9914820925,0.0082514643,4_S7,fusion
p093_20240115,93,3,76,4_S7,0.00131503699278025,0.000380384561755,0.001958300042225,0.004632727947235501,0.84212436,0.14958918925,4_S7,fusion
p093_20240119,93,3,79,4_S7,0.0024487272712274996,1.3662771358825e-05,6.66163212175e-05,5.111294575145e-05,0.6828414549999999,0.314578444725,4_S7,fusion
p093_20240126,93,3,83,5_S8,4.871062910925e-05,4.71712488415e-05,2.35239865075e-06,5.61089243851925e-06,0.00045527108498,0.9994409075000001,5_S8,fusion
p096_20231128,96,3,66,3_S6,8.258251711499999e-07,1.978452101e-06,4.721678975e-05,0.9929420975000001,0.007007845461,5.794856075e-08,3_S6,fusion
p096_20231130,96,3,68,3_S6,2.311758365e-06,2.339968307e-06,4.4511214324999996e-05,0.9982565975,0.00169385355,3.89526611e-07,3_S6,fusion
p096_20231204,96,3,69,3_S6,4.4958843760000005e-05,8.840061485e-05,0.0004838473205,0.4473556025,0.5519366930000001,9.0532785175e-05,4_S7,fusion
p096_20231207,96,3,70,4_S7,2.2669323525e-06,1.0224776775e-05,0.00024923695775,0.48898649715,0.5106936967500001,5.80511101e-05,4_S7,fusion
p096_20231211,96,3,71,4_S7,2.5145649875e-06,2.3705192173424998e-05,0.000164681038205,0.25021583895,0.749567035,2.6248303005000004e-05,4_S7,fusion
p096_20231218,96,3,73,4_S7,3.5273518035e-07,3.1484479415800003e-06,6.357100041750001e-05,0.00022715108365,0.9993560225,0.00034975359200400003,4_S7,fusion
p096_20231227,96,3,76,4_S7,2.0742088063249997e-06,2.370856482425e-05,5.035970756e-05,8.4712808025e-05,0.9955895775,0.00424952982,4_S7,fusion
p096_20240115,96,3,77,4_S7,2.48190196668e-05,1.1318951971750001e-05,4.9922101982499994e-05,2.5680124475e-06,0.9047360874999999,0.09517530112992499,4_S7,fusion
p096_20240119,96,3,83,5_S8,4.2426795299399995e-05,7.812750421999999e-06,3.7602253700000004e-05,9.304262536e-06,0.4460070275,0.553895867312,5_S8,fusion
p096_20240126,96,3,89,5_S8,1.845882913775e-06,1.1283924582499999e-07,9.65441390265e-08,4.2527647845629995e-08,0.000234871171415,0.9997630375000001,5_S8,fusion
p001_20230816,1,4,70,4_S7,0.0012659423922485001,0.014212483325,0.09422698416021749,0.7966648475,0.09253993645,0.0010898354275609998,3_S6,fusion
p001_20230921,1,4,79,4_S7,9.16528785e-05,0.017288977451,0.0027604033075,0.162517857525,0.8073929200000001,0.009948193752499999,4_S7,fusion
p001_20231005,1,4,87,5_S8,0.005095873256675001,0.0021511797908675,0.0085584811386675,0.00023677715773925,0.004524415800000001,0.97943326,5_S8,fusion
p007_20230816,7,4,67,3_S6,8.961208059125e-05,0.001649648857625,0.012043685101,0.94606649,0.03994394875,0.00020661253096949998,3_S6,fusion
p007_20230921,7,4,80,5_S8,0.0014409948299999998,0.0015427591500000002,0.080985727,0.1304691602375,0.4585199675,0.3270413899,4_S7,fusion
p007_20231005,7,4,83,5_S8,0.0018758802259999999,0.00154841091375,0.007860778575,0.0026094240085,0.127816185,0.8582893525,5_S8,fusion
p013_20230816,13,4,59,2_S5,0.00162476735,0.00690682278,0.00588554589,0.7142717894999999,0.269106274,0.0022048092299425,3_S6,fusion
p013_20230921,13,4,75,4_S7,0.009893677441600001,0.0029585751825,0.0136452595375,0.009119398963250001,0.9354687374999999,0.02891430418,4_S7,fusion
p013_20231005,13,4,88,5_S8,5.4126424642500006e-05,2.54697226175e-05,0.000334352676,1.5151681650000001e-05,0.0006878774559,0.9988829875,5_S8,fusion
p023_20230828,23,4,14,0_S1,0.7899623150000001,0.0030762518475,0.20615011315075,0.000555396291135,0.00014680987397499998,0.00010910083485499999,0_S1,fusion
p023_20230904,23,4,22,1_S2,0.30382372674999997,0.07838997515,0.5261391475,0.0869078465,0.00373405622,0.0010052143,2_S5,fusion
p023_20230908,23,4,63,3_S6,0.00048524259307499996,0.015084094875,0.2525281039225,0.7208960525000001,0.010890671115,0.000115871838525,3_S6,fusion
p023_20230921,23,4,70,4_S7,0.00037433250500000005,0.0050474746615,0.0041352289775000006,0.49862000700000003,0.4861653250000001,0.005657620508,3_S6,fusion
p023_20231006,23,4,71,4_S7,0.00041162507425,0.04098100915775,0.004992932315,0.0356948342125,0.91350461,0.0044149887692499995,4_S7,fusion
p023_20231017,23,4,73,4_S7,1.3011663829249997e-06,0.00121181108494,5.15767079175e-05,0.0003096208531765,0.9969940024999999,0.0014317353365000001,4_S7,fusion
p023_20231023,23,4,77,4_S7,0.000509062058531075,0.02895729720855,0.0140163461212025,0.00858857744425,0.9359949625,0.0119337094417,4_S7,fusion
p023_20231027,23,4,78,4_S7,0.00013707992786525,0.01571593743,0.003815418279625,0.00265060294635,0.9418934375,0.035787474284999995,4_S7,fusion
p023_20231101,23,4,79,4_S7,0.00023314570675,0.04743955035,0.0043347099775,0.0014930533665,0.8426254325,0.10387406487499998,4_S7,fusion
p023_20231106,23,4,78,4_S7,0.000883896937125,0.0601992955775,0.02054987042175,0.008567342773499999,0.7824075825,0.12739195675,4_S7,fusion
p023_20231109,23,4,79,4_S7,0.007177579853425,0.029686696587249997,0.0349961113735,0.008635188239900001,0.877174425,0.042329974725000004,4_S7,fusion
p023_20231120,23,4,81,5_S8,9.766131723499999e-05,0.0001321109736,0.001083217820185,7.708080729075e-05,0.05058787400675,0.948022095,5_S8,fusion
p023_20231124,23,4,83,5_S8,0.0001948469611,0.004580971636505,0.0042384125426,0.00023069457615125,0.003157450026,0.987597565,5_S8,fusion
p023_20231127,23,4,84,5_S8,0.0005157271462500001,0.000764662269425,0.006254804388825,0.000938231764115,0.027087229025,0.964439325,5_S8,fusion
p023_20231130,23,4,85,5_S8,0.00031214566002500004,0.000465456749375,0.015776085588,5.04659978475e-05,0.024502410475,0.95889347,5_S8,fusion
p034_20230828,34,4,15,0_S1,0.93611506,0.0363001007,0.01805547465,0.0085903464675,0.000626121810075,0.00031292041925,0_S1,fusion
p034_20230904,34,4,53,2_S5,0.01597929081085,0.032520774667499995,0.53044555175,0.403880782,0.015536526975,0.0016370400053425,2_S5,fusion
p034_20230908,34,4,61,3_S6,0.011928174428774,0.0056704000832500006,0.096852668784,0.8708676975,0.012660095787499999,0.0020209435710104996,3_S6,fusion
p034_20230921,34,4,70,4_S7,0.0001091544782425,0.00024536324425,0.0008680382849250001,0.114145644975,0.884013205,0.0006185442920000001,4_S7,fusion
p034_20231006,34,4,72,4_S7,2.2234963794825e-05,0.0001196945125,0.000692332380225,0.0022863211225,0.9958383275,0.0010410381775,4_S7,fusion
p034_20231017,34,4,73,4_S7,1.8377396235e-05,0.001573977944,0.00010061389475,0.00172840226,0.9954040200000001,0.00117460435725,4_S7,fusion
p034_20231023,34,4,74,4_S7,9.59897194131225e-05,0.0023039507100949996,0.0041686327052125,0.004512190903075,0.9782445249999999,0.010674686097249999,4_S7,fusion
p034_20231027,34,4,76,4_S7,0.0043493341298784,0.012388539091285001,0.037451855685516004,0.018190960946325,0.6646677875,0.26295153905625,4_S7,fusion
p034_20231101,34,4,77,4_S7,3.725919461e-05,0.0022429623393000002,0.001684517617575,0.003788777899,0.8235723699999999,0.1686741301,4_S7,fusion
p034_20231106,34,4,78,4_S7,2.44607582175e-05,0.000416032634275,0.00031275625925,0.0005151110231400001,0.989591165,0.00914046079,4_S7,fusion
p034_20231109,34,4,79,4_S7,0.0001215765702525,0.00017480441132999998,0.00352438484675,0.00170541131035,0.845433275,0.1490405635375,4_S7,fusion
p034_20231120,34,4,82,5_S8,2.3680830152e-05,7.9074039149425e-05,0.0005368607270885,5.391071033724999e-06,0.003384358664,0.9959706125000001,5_S8,fusion
p034_20231124,34,4,86,5_S8,7.5516776955e-06,5.469108075e-06,0.00080011705368,3.965969381074999e-06,0.0024914571944999997,0.99669145,5_S8,fusion
p034_20231127,34,4,88,5_S8,6.650988502499999e-05,9.5205305119e-05,0.0017911761119299998,2.37517982125e-05,0.0029255485903250003,0.99509784,5_S8,fusion
p034_20231130,34,4,89,5_S8,0.0006677053696,0.0007845057133250001,0.003209866992,0.000983677200574,0.0080633888675,0.9862907975,5_S8,fusion
p043_20230929,43,4,13,0_S1,0.9994632675,0.0002144966772,0.00014791363125,1.26589146e-05,4.3174049205e-05,0.00011849679649,0_S1,fusion
p043_20231004,43,4,13,0_S1,0.999005315,0.000248926267875,0.00056689071575,4.90903381e-05,4.7523437775e-05,8.224747282499999e-05,0_S1,fusion
p043_20231011,43,4,14,0_S1,0.9937263975,0.0009521262819999999,0.0043952178975,0.00041629039525000003,0.000376815733425,0.0001331952296,0_S1,fusion
p043_20231017,43,4,52,2_S5,0.8474556824999999,0.022873776025,0.11488374075,0.0131379078,0.000853629625,0.0007952764181,0_S1,fusion
p043_20231019,43,4,53,2_S5,0.125082679005,0.000698570591425,0.8669767875000001,0.00696208942625,0.000242856413225,3.6970901267499996e-05,2_S5,fusion
p043_20231023,43,4,60,3_S6,0.011305952175,0.00696930959,0.7146233550000001,0.253004874,0.013572776974999999,0.000523712065,2_S5,fusion
p043_20231027,43,4,61,3_S6,0.00319947629875,0.008311776905,0.366402258,0.606488975,0.014595223650000001,0.0010022698752500002,3_S6,fusion
p043_20231101,43,4,64,3_S6,0.00315949797564375,0.014257020439500001,0.077645734295,0.772853315,0.12407988874999999,0.008004508773745,3_S6,fusion
p043_20231106,43,4,70,4_S7,0.0004330425280625,0.002017141335,0.02346785218805,0.872022765,0.101518956135,0.00054024616531551,3_S6,fusion
p043_20231109,43,4,70,4_S7,0.0024488902465749996,0.007998100437499999,0.079693750264,0.49659046500000004,0.41261863125,0.00065018261325,3_S6,fusion
p043_20231120,43,4,70,4_S7,0.002474929092159,0.01986530093915,0.0395404897,0.043315579095,0.8449878900000001,0.049815776810807504,4_S7,fusion
p043_20231127,43,4,71,4_S7,1.36865510575e-05,0.00015135112892499997,0.00085607215125,0.01485539456325,0.9579817875,0.0261417431845,4_S7,fusion
p043_20231130,43,4,71,4_S7,0.001243238055934325,0.2031318189054,0.018555628939075,0.0095876718885,0.6334962,0.13398542248825002,4_S7,fusion
p043_20231204,43,4,72,4_S7,0.00014112881491272125,0.0012691721558528801,0.002710197111841,0.002257752470117625,0.969080275,0.024541500148825002,4_S7,fusion
p043_20231211,43,4,74,4_S7,0.0010300234235875,0.0059956213135,0.019566549271,0.0156144400575,0.7471875425000001,0.210605852525,4_S7,fusion
p043_20231214,43,4,76,4_S7,3.48309747975e-05,0.0002546513959508,0.00060334138793075,0.000452859593275,0.680068915,0.318585419865,4_S7,fusion
p043_20231218,43,4,77,4_S7,1.7498227825e-05,0.000945901662685,0.00062457543975,0.000378521274,0.751636105,0.24639745925000003,4_S7,fusion
p043_20231227,43,4,78,4_S7,3.89086426725e-05,0.0015480770008075003,0.001750831733025,0.00014970716275,0.6808218275,0.31569066382375,4_S7,fusion
p043_20240104,43,4,79,4_S7,0.00019859181762499998,0.0013146719439250001,0.00443221809305,0.00024933087675,0.4971390825,0.49666610969999997,4_S7,fusion
p050_20230929,50,4,13,0_S1,0.999772465,0.0001069275542375,4.176509615e-05,1.141203237975e-05,3.24222010248e-05,3.50012125985e-05,0_S1,fusion
p050_20231004,50,4,13,0_S1,0.999313135,0.0001694165795,0.0003883333859,3.601218934725e-05,4.7508645303250003e-05,4.562951730000001e-05,0_S1,fusion
p050_20231011,50,4,14,0_S1,0.958102435,0.00775920374714,0.019175715477499997,0.013680889119025,0.000752552057575,0.000529177891625,0_S1,fusion
p050_20231017,50,4,15,0_S1,0.6071307475,0.018630166,0.35438375000000005,0.018279428,0.00124891083975,0.00032698076624999996,0_S1,fusion
p050_20231019,50,4,16,0_S1,0.35866185250000004,0.00928506002,0.59211502125,0.038001245307499994,0.001269410593,0.00066739915775,2_S5,fusion
p050_20231023,50,4,20,1_S2,0.02377691196675,0.0042396196575,0.8219902025,0.14493194050000002,0.004821504426375001,0.00023982659233825,2_S5,fusion
p050_20231027,50,4,21,1_S2,0.0008273032205249999,0.0009524692703,0.2485909375,0.730930765,0.018648196175,5.025231185099999e-05,3_S6,fusion
p050_20231101,50,4,54,2_S5,0.0007977486555,0.0029953235142499996,0.110230935,0.8611184900000001,0.0247544435,0.00010308414242500001,3_S6,fusion
p050_20231106,50,4,67,3_S6,0.000318848989645,0.0021569645995,0.02038927966,0.9090541775000001,0.067198156225,0.00088253914316425,3_S6,fusion
p050_20231109,50,4,69,3_S6,4.467114109882375e-05,0.0010642999503975,0.0103616422837365,0.554330522,0.4338859425,0.00031292560032417506,3_S6,fusion
p050_20231120,50,4,70,4_S7,0.00071694239285,0.0028962887525,0.020594651836500003,0.29923787125,0.6269029700000001,0.049651280364129996,4_S7,fusion
p050_20231127,50,4,72,4_S7,4.362248560286e-06,3.3750990809799996e-05,0.00013181172678552498,0.012293762825650001,0.9828869825000001,0.0046493491596225,4_S7,fusion
p050_20231130,50,4,74,4_S7,9.45136324725e-05,0.000661433637375,0.0035057804259999996,0.014748938494999999,0.7449618525,0.2360274726825,4_S7,fusion
p050_20231204,50,4,75,4_S7,6.785294055e-07,2.8770642712499997e-07,7.28309204e-06,7.726220825e-05,0.9995192399999999,0.000395292558685,4_S7,fusion
p050_20231211,50,4,76,4_S7,0.0001469801742169021,0.0002086949884337248,0.001558252452942,0.0003855065988498,0.949974,0.047726570885467154,4_S7,fusion
p050_20231214,50,4,78,4_S7,7.0100077425e-06,7.050236125e-06,4.003727375e-05,4.4538185000000006e-05,0.9148179575,0.0850834160425,4_S7,fusion
p050_20231218,50,4,79,4_S7,3.3348786987499995e-05,7.180862425e-05,0.0017752967101750002,0.00448999785575,0.9391418925,0.054487597578750005,4_S7,fusion
p050_20231227,50,4,81,5_S8,7.762213887e-05,0.00016195713522500002,0.0012450478187749998,0.00047971976656,0.64286532,0.35517033,4_S7,fusion
p050_20240104,50,4,79,4_S7,0.0002417853815,0.00084820788375,0.00361535039375,0.0004042206209375,0.325944855,0.6689456025,5_S8,fusion
p051_20230929,51,4,13,0_S1,0.9996761774999999,0.0001871154778,4.2209244675e-05,1.172760652025e-05,3.2008358247750004e-05,5.0770754435000004e-05,0_S1,fusion
p051_20231004,51,4,13,0_S1,0.9990538225000001,0.00019095280635,0.0006787875624,1.99506284975e-05,3.6897185335e-05,1.9602601590000004e-05,0_S1,fusion
p051_20231011,51,4,15,0_S1,0.8904412125,0.005623562,0.061802645499999996,0.026960940575,0.014659544984250001,0.0005121517042500001,0_S1,fusion
p051_20231017,51,4,52,2_S5,0.5176669807500001,0.06518204345,0.23635206900000003,0.01229433285,0.16180704499999998,0.006697485164999999,0_S1,fusion
p051_20231019,51,4,60,3_S6,0.1107097875,0.0024889476725,0.8560880925000001,0.026154796719999998,0.0041545173575,0.00040386370474999997,2_S5,fusion
p051_20231023,51,4,65,3_S6,0.015878345445,0.006536614325,0.5368930949999999,0.43169844749999997,0.008812882125000001,0.000180629391525,2_S5,fusion
p051_20231027,51,4,66,3_S6,0.0012783819445,0.002255612139575,0.23084839975,0.613138325,0.15239040155,8.8828682965e-05,3_S6,fusion
p051_20231101,51,4,69,3_S6,0.0026905937914535,0.0123078526175,0.0821085897816,0.7227105325000001,0.1783968660925,0.0017855606326052501,3_S6,fusion
p051_20231106,51,4,70,4_S7,0.00077354465767725,0.0064141300195,0.0724089394989,0.8757501624999999,0.044238955775,0.0004142675066186,3_S6,fusion
p051_20231109,51,4,71,4_S7,0.001399870233825,0.00894742388,0.049597816249999996,0.6957269875,0.242461174,0.0018667255622500003,3_S6,fusion
p051_20231120,51,4,72,4_S7,0.0024555850227250004,0.012118595749750001,0.08043967747249998,0.3456109027,0.5493124325000001,0.01006280317025,4_S7,fusion
p051_20231127,51,4,75,4_S7,0.00011468651826600825,0.000791519058076485,0.003191608512789595,0.01059879684925875,0.89036948,0.09493389312852502,4_S7,fusion
p051_20231130,51,4,76,4_S7,0.0011288825045650895,0.06556799145981751,0.044079748968096,0.04068106225,0.652798255,0.19574404137039478,4_S7,fusion
p051_20231204,51,4,77,4_S7,7.0774334653624996e-06,0.00024567941978465,0.00014310777025175,0.004591511949175,0.9941570750000001,0.0008556379152160326,4_S7,fusion
p051_20231211,51,4,78,4_S7,0.0002002849507875,0.0032115421424999996,0.014555562277,0.0037746579999999997,0.8510846674999999,0.12717332995,4_S7,fusion
p051_20231214,51,4,79,4_S7,0.00032491420640224993,0.0005485049168875001,0.0026765801207680002,0.00106462666,0.649004455,0.34638096042374994,4_S7,fusion
p051_20231218,51,4,79,4_S7,4.909699622325e-05,0.002629812295375,0.0017104764105675,0.0012343436481500002,0.90633319,0.08804306733100001,4_S7,fusion
p051_20231227,51,4,81,5_S8,9.128696181625e-05,7.785752386647499e-05,0.000297699691925,1.3134075281499999e-05,0.121289856162,0.8782301325,5_S8,fusion
p051_20240104,51,4,82,5_S8,7.591391750000001e-05,0.00013446364075,0.00051572174575,6.234159975000001e-05,0.16813899315,0.8310725649999999,5_S8,fusion
p055_20230929,55,4,13,0_S1,0.9996155025,0.00021608299147499998,5.0452783e-05,1.2348032397500001e-05,4.45188113405e-05,6.1118786445e-05,0_S1,fusion
p055_20231004,55,4,13,0_S1,0.9995792875,0.0001130821865,0.00020953217134999998,1.3776251495000001e-05,4.5590609996e-05,3.86653315375e-05,0_S1,fusion
p055_20231011,55,4,14,0_S1,0.7587300975,0.050245074405705,0.16668657343157497,0.02227561925255,0.00101823057652,0.0010444244376825,0_S1,fusion
p055_20231017,55,4,20,1_S2,0.47008230025000003,0.09233772925,0.285508741,0.150426530575,0.00107725675,0.00056745285325,0_S1,fusion
p055_20231019,55,4,54,2_S5,0.1469091327,0.0035826688725,0.82113224,0.027224110354999997,0.0008522074462500001,0.00029967018712499994,2_S5,fusion
p055_20231023,55,4,55,2_S5,0.03096129512,0.018540394115,0.6590099924999999,0.28758917,0.0034453992550000003,0.00045372621625,2_S5,fusion
p055_20231027,55,4,60,3_S6,0.0029850049325000003,0.01213612274,0.30745238364999994,0.673239575,0.0038970567750000002,0.00028983879627500004,3_S6,fusion
p055_20231101,55,4,63,3_S6,0.0042269694254999995,0.04894800906525,0.065638675125,0.6519320975,0.22790086075000002,0.00135338844125,3_S6,fusion
p055_20231106,55,4,67,3_S6,0.0002365548009535,0.0067819112165,0.0167289976025,0.8810460475,0.09504616499999999,0.00016029534964999998,3_S6,fusion
p055_20231109,55,4,69,3_S6,8.687851612499999e-05,0.005743631077499999,0.010506524886499998,0.5743844300000001,0.4089474575,0.000331101688375,3_S6,fusion
p055_20231120,55,4,71,4_S7,0.000472992807696925,0.019516006912075,0.03296940326728,0.1004384987,0.8429650799999999,0.0036380123933,4_S7,fusion
p055_20231127,55,4,72,4_S7,1.415835918884575e-05,0.000536804984409075,0.00025831250788,0.028829271763749997,0.9637220299999999,0.00663943029582375,4_S7,fusion
p055_20231130,55,4,75,4_S7,6.797562508749999e-05,0.001268787515085,0.00162761259625,0.0005227948195,0.9909321474999999,0.005580640007499999,4_S7,fusion
p055_20231204,55,4,76,4_S7,0.0010759519943124999,0.010692230858614576,0.0114783885220175,0.00311362345495075,0.89148426,0.0821555414425,4_S7,fusion
p055_20231211,55,4,77,4_S7,1.761120296e-05,0.0010348268619999998,0.0009749185705000001,0.001134627440275,0.9670970325,0.029740922975,4_S7,fusion
p055_20231214,55,4,78,4_S7,7.516486255563251e-05,0.00032275640871925,0.00091091166251005,0.0012810888561575,0.9003526350000001,0.097057454727875,4_S7,fusion
p055_20231218,55,4,79,4_S7,3.5699535328145e-05,0.000365909612134625,0.0007233103826054001,0.0001686021960895,0.82511426,0.173592221225,4_S7,fusion
p055_20231227,55,4,79,4_S7,7.444157257499999e-05,0.0003068037405,0.00120685872525,0.00040876310907500004,0.558584185,0.439418945,4_S7,fusion
p055_20240104,55,4,80,5_S8,0.000139725962828125,0.00125201143927955,0.0018822227787092499,8.1889767959125e-05,0.2443934233,0.7522507,5_S8,fusion
p056_20230929,56,4,13,0_S1,0.9995399399999999,0.000162665547475,0.00018442258085,4.1926327287500004e-05,3.422861271275e-05,3.686547629e-05,0_S1,fusion
p056_20231004,56,4,13,0_S1,0.9992394625,0.0004481062525,0.000244789754,2.379198743675e-05,2.2303222462e-05,2.1545278615e-05,0_S1,fusion
p056_20231011,56,4,14,0_S1,0.65166369825,0.005364130645,0.33311326815,0.0088664359,0.0007139326940000001,0.00027852752875,0_S1,fusion
p056_20231017,56,4,15,0_S1,0.315057643,0.0474093115,0.57735007,0.052945782649999995,0.006042345695,0.001194845223,2_S5,fusion
p056_20231019,56,4,16,0_S1,0.0361774276175,0.0032220951,0.9430453725,0.013723604975,0.003044235625,0.0007873419989049999,2_S5,fusion
p056_20231023,56,4,20,1_S2,0.0157582062425,0.0157455535035,0.7302226350000001,0.2206903075,0.016427736249999998,0.001155561264425,2_S5,fusion
p056_20231027,56,4,55,2_S5,0.00405015783,0.014338086029999999,0.27569194575,0.475169485,0.22986467245,0.000885691598425,3_S6,fusion
p056_20231101,56,4,56,2_S5,0.0003706283270475,0.001064680331625,0.224735934511,0.7620040275,0.011672225380000002,0.00015251759078075,3_S6,fusion
p056_20231106,56,4,65,3_S6,0.000506884023263,0.0290095299925,0.044162225138499996,0.5609594975,0.36351510750000005,0.0018467717395,3_S6,fusion
p056_20231109,56,4,67,3_S6,0.00130713731375,0.0151448998525,0.0326874152875,0.408324753875,0.5392930100000001,0.00324276141375,4_S7,fusion
p056_20231120,56,4,70,4_S7,2.23176888e-05,0.0017819256637499998,0.00102842223925,0.0233461726425,0.9615081750000001,0.012312941800000001,4_S7,fusion
p056_20231127,56,4,72,4_S7,7.6081971519e-05,0.0004402636191,0.0065885883826,0.00079922158425,0.7862967025,0.20579913594,4_S7,fusion
p056_20231130,56,4,73,4_S7,0.0010176145985999999,0.031977880495,0.025111885365000003,0.01170618782225,0.5191867542499999,0.41099969194999997,4_S7,fusion
p056_20231204,56,4,74,4_S7,0.00015531765219339825,0.033458907715564944,0.0055281430685541495,0.0012836223682482501,0.94476423,0.014809790643612502,4_S7,fusion
p056_20231211,56,4,76,4_S7,1.04444153555872e-05,1.0221000604027502e-05,0.0006859214965395001,1.3434889141269999e-05,0.76117877,0.23810124565087748,4_S7,fusion
p056_20231214,56,4,78,4_S7,4.9072005600000006e-06,4.172580662e-05,7.477889769999998e-05,7.025408336400001e-05,0.6417283100000001,0.35808006849999996,4_S7,fusion
p056_20231218,56,4,80,5_S8,3.1666783075000004e-05,0.0001104704111,0.000840282345,2.9513525250000002e-05,0.6643841225,0.3346039225,4_S7,fusion
p056_20231227,56,4,82,5_S8,0.00011770516445,0.0005754091500925,0.00072663749165,9.12001057235e-05,0.42558572432375,0.572903355,5_S8,fusion
p056_20240104,56,4,83,5_S8,0.00022665589524625,0.00033727884392499997,0.0009867388479999999,1.6573832382500002e-05,0.1343099134475,0.8641228000000001,5_S8,fusion
p062_20231006,62,4,13,0_S1,0.999565825,8.017321715e-05,0.00017172347975,7.414785275e-06,5.7069196e-05,0.00011781778555,0_S1,fusion
p062_20231011,62,4,13,0_S1,0.997911625,0.0001856029623055,0.001444018524325,4.5105901315e-05,9.726534975000001e-05,0.0003163407648125,0_S1,fusion
p062_20231017,62,4,13,0_S1,0.991902015,0.0050325436905000005,0.002689739795,0.000137202895,0.00011626573525,0.000122193873425,0_S1,fusion
p062_20231019,62,4,14,0_S1,0.99176106,0.00037687111575,0.00697936913,6.080553125e-05,0.00023093551925,0.0005909447645,0_S1,fusion
p062_20231023,62,4,14,0_S1,0.992825955,0.00178777804925,0.00423838285,0.000949062826,0.00013678864729000002,6.20789418075e-05,0_S1,fusion
p062_20231027,62,4,14,0_S1,0.32322750274999995,0.0009411078925,0.6638862475,0.0110420565,0.0007455023899000001,0.000157554955575,2_S5,fusion
p062_20231101,62,4,51,2_S5,0.049842833748515,0.006599493432249999,0.8350670975,0.10278223557600001,0.005080291873625,0.0006280728686839,2_S5,fusion
p062_20231106,62,4,53,2_S5,0.0022116856288175,0.004741229153075,0.081275656845,0.87150188,0.039218762766,0.001050784296569,3_S6,fusion
p062_20231109,62,4,60,3_S6,0.004067245523049751,0.00136424702755,0.15618791691575,0.816633935,0.021433105924999998,0.0003135349941125,3_S6,fusion
p062_20231120,62,4,70,4_S7,0.005673875576706,0.004021764976675,0.0701227222991,0.38979892250000003,0.5286059797500001,0.0017767474584,4_S7,fusion
p062_20231127,62,4,72,4_S7,0.00046620981332,0.004480812078874999,0.0020908285993,0.059246704175,0.9193608325,0.0143545748482,4_S7,fusion
p062_20231130,62,4,73,4_S7,0.00025469527422375,0.006662194838625001,0.014094898575175001,0.059098407809999996,0.9144677975,0.00542197312625,4_S7,fusion
p062_20231204,62,4,75,4_S7,6.256474236062499e-05,0.000376776002245,0.00085083930227,0.0128725262875,0.9471558025,0.03868152872625,4_S7,fusion
p062_20231211,62,4,77,4_S7,7.246129698154375e-06,0.00036422487779785,0.00028238182312294996,0.0007398030495500001,0.9957201849999999,0.0028861542540575004,4_S7,fusion
p062_20231214,62,4,78,4_S7,0.00083871422512425,0.0016387386441675,0.00464612759144,0.06383783312465,0.92083228,0.008206279958375001,4_S7,fusion
p062_20231218,62,4,79,4_S7,0.0001131796211153275,0.0032583336998724998,0.00302569517236,0.00163415633075,0.9592952575,0.032673384251325,4_S7,fusion
p062_20231227,62,4,79,4_S7,3.773178151575e-06,5.1389271873499996e-05,0.0003309705891725,0.0031780054928675,0.9560940899999999,0.0403417821565,4_S7,fusion
p062_20240115,62,4,82,5_S8,2.7336449462599996e-05,0.00020472668157237497,0.00045380956158649996,7.6729413107e-05,0.034470758568749996,0.964766675,5_S8,fusion
p062_20240119,62,4,83,5_S8,9.9002040391975e-06,6.722683519125e-06,5.75682944325e-05,2.014555481e-06,0.00010328357787499999,0.999820505,5_S8,fusion
p062_20240126,62,4,86,5_S8,1.879136522015e-05,6.0842233000825005e-05,7.64168925825e-05,1.09415667475e-05,0.000365664957,0.999467325,5_S8,fusion
p071_20231006,71,4,13,0_S1,0.99895764,0.00033648179625000004,0.00032511945999999997,2.3101563925e-05,0.00017452951974999997,0.000183145025425,0_S1,fusion
p071_20231011,71,4,13,0_S1,0.9997422725,3.840592159999999e-05,0.00014889476475,9.91694865e-06,2.5114921e-05,3.5426384724999995e-05,0_S1,fusion
p071_20231017,71,4,13,0_S1,0.9994918475,0.0002194634211125,0.00023049202825,1.0289229557499999e-05,3.25732605915e-05,1.537839265e-05,0_S1,fusion
p071_20231019,71,4,13,0_S1,0.8513887499999999,0.009329390035,0.1372909125,0.00084052066375,0.00046398835,0.0006864047092499999,0_S1,fusion
p071_20231023,71,4,14,0_S1,0.901458795,0.015153561152499998,0.0769441552,0.0058189268957500005,0.00044323557055,0.00018134636575,0_S1,fusion
p071_20231027,71,4,51,2_S5,0.02637426261325,0.00252081737245,0.925770845,0.043383564299999997,0.00176792670845,0.000182603486059675,2_S5,fusion
p071_20231101,71,4,60,3_S6,0.0050751047425,0.0017374701174999998,0.9273214749999998,0.065197523,0.0006198534175,4.8572389275e-05,2_S5,fusion
p071_20231106,71,4,68,3_S6,0.0025339324198775,0.00714777071647,0.0609203745625,0.9130086675,0.015115757646574999,0.0012735223322160002,3_S6,fusion
p071_20231109,71,4,69,3_S6,0.0005760009133250001,0.001267782421125,0.053334894225000005,0.9338181249999999,0.01085890731,0.000144292922785,3_S6,fusion
p071_20231120,71,4,70,4_S7,1.626923453925e-05,0.000330888452625,0.0022099415099999997,0.192006593665,0.802985385,0.0024509100459,4_S7,fusion
p071_20231127,71,4,72,4_S7,0.00029422884387425,0.007883579622525,0.007705413009000001,0.027098538749999998,0.9323687174999999,0.024649515862,4_S7,fusion
p071_20231130,71,4,73,4_S7,0.0013674036348050001,0.0021690122567500003,0.03629719886575,0.1229517480325,0.8214779750000001,0.015736680717,4_S7,fusion
p071_20231204,71,4,74,4_S7,0.00056413776446,0.00310524077525,0.00251141109195,0.0341954342775,0.9556404900000001,0.003983273714999999,4_S7,fusion
p071_20231211,71,4,75,4_S7,7.47818716575e-06,4.88883073e-05,0.00014547380275,0.00370610332,0.9775691849999999,0.01852287882775,4_S7,fusion
p071_20231214,71,4,76,4_S7,6.0458477381e-06,2.9406916447925e-05,3.3370167861499996e-05,0.002816425760475,0.9779190899999999,0.019195631,4_S7,fusion
p071_20231218,71,4,77,4_S7,2.40517661808675e-05,0.00020547448903,0.0011498745727825,0.000264186653138175,0.910715025,0.08764142435000001,4_S7,fusion
p071_20231227,71,4,78,4_S7,7.82293700429e-05,0.001046949266055,0.0035938146224000003,0.00125076161272,0.8683259999999999,0.125704225,4_S7,fusion
p071_20240115,71,4,79,4_S7,2.472952743325e-05,0.00045193205735125005,0.0009818625622349999,0.00016993131384500002,0.319366231,0.6790053599999999,5_S8,fusion
p071_20240119,71,4,82,5_S8,7.524482135260001e-05,1.7124626758000003e-05,0.0001154859725,2.28773804e-06,0.03438138806,0.9654084350000001,5_S8,fusion
p071_20240126,71,4,85,5_S8,3.8873885527e-05,0.0002019656445413,0.00036528831452699995,2.1738218588375e-05,0.0011573494807499997,0.99821486,5_S8,fusion
p074_20231006,74,4,13,0_S1,0.9996666925,6.210879655e-05,0.00010850381500000001,9.40371655e-06,9.90355982e-05,5.4269904950000005e-05,0_S1,fusion
p074_20231011,74,4,13,0_S1,0.9995649875,0.00013760291813750002,0.000118583806575,1.2648484925e-05,5.19679245e-05,0.0001141872835,0_S1,fusion
p074_20231017,74,4,13,0_S1,0.998720065,0.000292180763075,0.00087867347675,1.6601619200000002e-05,2.0981645e-05,7.152813195e-05,0_S1,fusion
p074_20231019,74,4,13,0_S1,0.96129884,0.000886789805,0.035772622250000004,0.0001720169275,0.0006165582475,0.0012531950325,0_S1,fusion
p074_20231023,74,4,13,0_S1,0.992492685,0.0019512910757500002,0.0043103651675,0.000903205260625,0.00020203261485000004,0.000140407036025,0_S1,fusion
p074_20231027,74,4,20,1_S2,0.2910525510075,0.0008531819472500001,0.50431076,0.2024102804325,0.00090006362,0.00047315751073999997,2_S5,fusion
p074_20231101,74,4,53,2_S5,0.006274874644,0.000934479185225,0.749408235,0.24061053305750002,0.0024925155925,0.00027937993349999997,2_S5,fusion
p074_20231106,74,4,60,3_S6,0.00206012216434925,0.001962208361575,0.03756987235875,0.923707475,0.03293689852,0.0017634559865625,3_S6,fusion
p074_20231109,74,4,70,4_S7,0.00138786905175,0.0020889244449500003,0.11876641997500001,0.8392360475,0.0380221965,0.0004985400691749999,3_S6,fusion
p074_20231120,74,4,72,4_S7,0.0014576427016899998,0.00268132620619,0.05960476835425,0.4854625573375,0.4489368975,0.0018568014877499998,3_S6,fusion
p074_20231127,74,4,73,4_S7,6.136362414749999e-05,0.00021943600157500002,0.0018825893075,0.36364111,0.6276533725,0.0065421144083575,4_S7,fusion
p074_20231130,74,4,74,4_S7,0.000338747158241,0.00258510779305,0.00767693643915,0.021986898345,0.9294704174999999,0.037941871953925,4_S7,fusion
p074_20231204,74,4,75,4_S7,6.0999071075e-05,0.00038880377175,0.00046825792137500003,0.0797757107575,0.910800115,0.008506090787499998,4_S7,fusion
p074_20231211,74,4,78,4_S7,3.911787070036501e-06,9.638171193045e-06,6.4459550007e-05,0.00016430646042500001,0.9990379725,0.0007197399062575001,4_S7,fusion
p074_20231214,74,4,79,4_S7,8.76793729275e-06,2.233805118625e-05,4.070111975e-05,0.0008486325409797499,0.952561565,0.046517969009,4_S7,fusion
p074_20231218,74,4,79,4_S7,2.3350004986499998e-05,9.2884100408175e-05,0.00048489541145,0.0001164983963625,0.9405957650000001,0.058686647952500004,4_S7,fusion
p074_20231227,74,4,81,5_S8,8.0589955447575e-05,0.0001763116837265,0.0006148876800750001,0.0002304180255925,0.46483311404999994,0.53406468575,5_S8,fusion
p074_20240115,74,4,82,5_S8,2.157712987612375e-06,1.000386072116175e-05,1.752131502325e-05,6.713902878275e-07,0.00027781279785049997,0.9996918674999999,5_S8,fusion
p074_20240119,74,4,83,5_S8,5.43938167302565e-05,0.00011095046149536,0.0005187559992725,2.2518473283749997e-05,0.023196487086749998,0.9760968975000001,5_S8,fusion
p074_20240126,74,4,88,5_S8,0.00012518553917904377,4.520126149828e-05,6.434570819025001e-05,2.4376729031175e-06,9.2957829375e-05,0.999669855,5_S8,fusion
p080_20231006,80,4,13,0_S1,0.999579765,9.59385506e-05,0.00010181708975,1.2589993075e-05,0.000121597298,8.830329710000001e-05,0_S1,fusion
p080_20231011,80,4,13,0_S1,0.99936565,0.0004174153352075,9.538136200000002e-05,1.646035371e-05,4.2922596292499996e-05,6.211708554999999e-05,0_S1,fusion
p080_20231017,80,4,13,0_S1,0.9938183549999999,0.0003815344475,0.005408329425,0.00012287031475,0.0002038764988,6.501470175e-05,0_S1,fusion
p080_20231019,80,4,13,0_S1,0.5406526,0.0027894850625,0.35293697150000003,0.1018468746875,0.0014199393575,0.00035414061925,0_S1,fusion
p080_20231023,80,4,14,0_S1,0.2698766721,0.011666712899999999,0.52080603,0.17426733819999998,0.0200522408575,0.0033310289925,2_S5,fusion
p080_20231027,80,4,52,2_S5,0.0114245610225,0.00185298777375,0.6574135449999999,0.31879682025,0.00987800475,0.00063406636965,2_S5,fusion
p080_20231101,80,4,53,2_S5,0.004431238692500001,0.006353922195000001,0.70392799,0.24890542475,0.034629239925,0.0017521801235,2_S5,fusion
p080_20231106,80,4,62,3_S6,0.0010197334295225001,0.0010899579045201,0.017597394077850003,0.88048065,0.097551503075,0.0022607248802084,3_S6,fusion
p080_20231109,80,4,69,3_S6,0.001414190192365,0.001891454309575,0.06177081363,0.84762652,0.08651450724999998,0.000782523796245,3_S6,fusion
p080_20231120,80,4,70,4_S7,0.005164739711583873,0.0157898383196305,0.04717968773766105,0.24552617566925,0.6813356150000001,0.005003942231315001,4_S7,fusion
p080_20231127,80,4,73,4_S7,0.00017143580061999999,0.0008553236825750001,0.00455082999625,0.08102726391500001,0.9026500599999999,0.010745155007500002,4_S7,fusion
p080_20231130,80,4,74,4_S7,0.0002330931044915,0.0051991232602499994,0.0038644506615250003,0.0350623558375,0.9511156875,0.0045253074695,4_S7,fusion
p080_20231204,80,4,76,4_S7,0.00032194886944874994,0.0008382879017250001,0.0009325593203249999,0.044737204589000004,0.9301436200000001,0.02302636240275,4_S7,fusion
p080_20231211,80,4,77,4_S7,4.4754292887925e-05,0.000363299919247125,0.00060725205130506,0.00174822314055,0.9800525899999999,0.017183923188507498,4_S7,fusion
p080_20231214,80,4,78,4_S7,0.00013073899683425003,0.00013464340246825,0.00105524716035,0.0078474348953925,0.9485268950000001,0.042305012676999994,4_S7,fusion
p080_20231218,80,4,79,4_S7,3.97076501825e-05,0.000184533858875,0.00054887255825,0.00056311844,0.848122955,0.15054078775,4_S7,fusion
p080_20231227,80,4,81,5_S8,0.00011027525117524999,0.0004043323289645,0.00140360175275,0.000280956333,0.4846211325,0.51317973825,5_S8,fusion
p080_20240115,80,4,85,5_S8,3.4044058195e-05,2.412604957825e-05,0.0007254549790400001,3.0453732119999998e-05,0.0014517619264999997,0.997734225,5_S8,fusion
p080_20240119,80,4,88,5_S8,2.81671946108875e-07,9.71937198539125e-08,7.85123548275e-07,2.23306378875e-08,2.104130217625e-06,0.9999967249999999,5_S8,fusion
p080_20240126,80,4,89,5_S8,4.062535725e-06,3.07879524625e-05,0.0002056604894915,2.1786696251750005e-05,0.033391905174125,0.9663457950000001,5_S8,fusion
p081_20231006,81,4,13,0_S1,0.999686795,0.00016685401080000003,4.1723077e-05,9.4756056075e-06,5.1462769925000006e-05,4.36769638e-05,0_S1,fusion
p081_20231011,81,4,13,0_S1,0.9999076650000001,4.3621604809999996e-05,1.9656250275e-05,3.744762063875e-06,1.286314625e-05,1.2467548585e-05,0_S1,fusion
p081_20231017,81,4,13,0_S1,0.994383875,0.0041692166235,0.0006899728782499999,0.00016001759133,0.000298949672215,0.00029797822543250005,0_S1,fusion
p081_20231019,81,4,13,0_S1,0.96863323,0.00021170413275000002,0.03066346105,0.00011889078115,0.00028532517660000004,8.735982150000001e-05,0_S1,fusion
p081_20231023,81,4,14,0_S1,0.704381975,0.0820672605,0.098396049,0.091828860695,0.021516800187499997,0.0018090470225,0_S1,fusion
p081_20231027,81,4,53,2_S5,0.01707363695,0.0034124669999999998,0.8607363349999999,0.10876976275,0.009314011575,0.00069374730875,2_S5,fusion
p081_20231101,81,4,54,2_S5,0.002788708622663,0.0020276376826750004,0.8694046424999999,0.124186163765,0.001226101826,0.0003667528297996251,2_S5,fusion
p081_20231106,81,4,60,3_S6,0.0004630313487879,0.0015669042284325,0.090019829886775,0.805932575,0.100609780925,0.001407871290360525,3_S6,fusion
p081_20231109,81,4,64,3_S6,0.00021952841657499998,0.0006289147424999999,0.04450485328749999,0.623174727,0.33087208127499995,0.00059988340905,3_S6,fusion
p081_20231120,81,4,67,3_S6,0.000630165812765,0.00360135454185,0.046958697946,0.28950098870999996,0.6554995975,0.0038091991020000006,4_S7,fusion
p081_20231127,81,4,72,4_S7,3.065803582e-05,0.0003969148515,0.00176628367575,0.1072445377,0.887287,0.003274623033,4_S7,fusion
p081_20231130,81,4,73,4_S7,4.2542933306e-05,0.0015449682298675001,0.0008904285819249999,0.0022391365949425003,0.8219734375000001,0.17330950192499997,4_S7,fusion
p081_20231204,81,4,75,4_S7,0.00012724131532389175,0.005539854013097249,0.0028175474556779998,0.011425452101737225,0.962578095,0.017511853608925,4_S7,fusion
p081_20231211,81,4,77,4_S7,0.00018804933456925,0.005992768196060001,0.0039185356981249996,0.001565481593295,0.9077188249999999,0.08061636056525,4_S7,fusion
p081_20231214,81,4,78,4_S7,0.0017120070608511251,7.5066672302e-05,0.0006074060241965001,0.00029986676266,0.969308915,0.02799678108925,4_S7,fusion
p081_20231218,81,4,79,4_S7,0.00016861143088644,0.0015235036149899,0.00232299883415825,0.000396403225337,0.799651565,0.195936911175,4_S7,fusion
p081_20231227,81,4,79,4_S7,1.4012677865975e-05,3.5992817138025007e-05,0.00016873206218574998,1.627238374475e-05,0.8910777525,0.10868722803000001,4_S7,fusion
p081_20240115,81,4,83,5_S8,0.000115776158425,2.851386365e-05,0.00010128637849999998,1.558921372e-05,0.0028605803575,0.9968783124999999,5_S8,fusion
p081_20240119,81,4,85,5_S8,1.6024603752e-05,2.3552325500325e-05,0.00010311521323055,1.927576847405e-06,0.0004906573234675,0.99936475,5_S8,fusion
p081_20240126,81,4,89,5_S8,1.0626208927499998e-06,4.6895802956e-07,5.127877076365e-06,1.0859831907749999e-07,0.00015905357243249998,0.999834175,5_S8,fusion
p084_20231128,84,4,66,3_S6,0.00016601376008475,0.00013007009973,0.0016903214495,0.9441222,0.053617581750000004,0.0002737482189,3_S6,fusion
p084_20231130,84,4,68,3_S6,2.8230880313e-05,3.4726840455e-05,0.0005491417394750001,0.935868915,0.0634295658125,8.941534909750001e-05,3_S6,fusion
p084_20231204,84,4,69,3_S6,9.860599925e-05,0.0001304274476,0.000222244249125,0.7124870750000001,0.28665615549999995,0.000405462897025,3_S6,fusion
p084_20231207,84,4,70,4_S7,0.00015481213117144,8.05648420025e-05,0.001568118498275,0.019117821612875,0.975239615,0.003839037300425,4_S7,fusion
p084_20231211,84,4,71,4_S7,0.00030793275786325004,0.001363156859183,0.00522599395866,0.054588262195,0.9345485025,0.00396617742,4_S7,fusion
p084_20231218,84,4,73,4_S7,4.4764520052659e-06,1.1099734117452e-05,7.424226094928251e-05,0.000249181606391225,0.86915862,0.130502438571025,4_S7,fusion
p084_20231227,84,4,75,4_S7,5.620570188773025e-06,6.8103717969425e-05,0.00024299484086875,0.00032661785449999997,0.9844936525,0.014862955665539499,4_S7,fusion
p084_20240115,84,4,76,4_S7,8.356695975e-06,0.00016477435205850002,0.00012688605082500002,0.00014347540574999998,0.83724815,0.16230833825,4_S7,fusion
p084_20240119,84,4,78,4_S7,1.511109405e-06,7.64317027e-05,0.0002395048605,0.001187460974075,0.9870955375,0.011399569135,4_S7,fusion
p084_20240126,84,4,80,5_S8,3.445089511e-05,0.001474167828,0.0014010310496749999,7.504229504249998e-05,0.042826139250000006,0.954189165,5_S8,fusion
p090_20231128,90,4,65,3_S6,0.00033459530815,0.00019570662099999998,0.0018156213123750001,0.6634955149999999,0.333700855,0.0004577502525,3_S6,fusion
p090_20231130,90,4,67,3_S6,5.00370376175e-05,3.93027272025e-05,0.000220576511675,0.78606197,0.2133148131375,0.0003132675346395,3_S6,fusion
p090_20231204,90,4,65,3_S6,0.000455276527,0.00022380454725,0.000374768350375,0.4546790075,0.5430700625,0.001197074985,4_S7,fusion
p090_20231207,90,4,67,3_S6,0.00015476256861250001,2.4400382047499997e-05,0.0005221042833999999,0.0034113172075000003,0.9884945675000001,0.007392886875,4_S7,fusion
p090_20231211,90,4,69,3_S6,7.034207995325e-05,0.00019234847047549998,0.0005866433599125001,0.03739632053325,0.9591422399999999,0.00261212755,4_S7,fusion
p090_20231218,90,4,71,4_S7,2.065618313955e-05,2.7937218040184998e-05,0.000570397472158425,0.00094240704568185,0.8559019299999999,0.14253666056485,4_S7,fusion
p090_20231227,90,4,73,4_S7,0.0001574137331217425,0.00017913444770090002,0.0017919812208650001,0.0037693488812574998,0.9649658624999999,0.0291362743265,4_S7,fusion
p090_20240115,90,4,76,4_S7,2.726956627e-06,1.211811404175e-05,0.0003294248534075,0.00022879979531450004,0.9657653325,0.03366161377500001,4_S7,fusion
p090_20240119,90,4,78,4_S7,1.25610926075e-06,5.3009544825e-06,9.9662803875e-05,4.2506951059999996e-05,0.942218135,0.05763314865,4_S7,fusion
p090_20240126,90,4,80,5_S8,1.71705621e-05,0.00014097089100000002,0.0005747576197500001,0.000147362002175,0.34543953699999996,0.6536801725,5_S8,fusion
p092_20231128,92,4,68,3_S6,0.0009823748459825,0.0004634461175975,0.004284478743824999,0.9490893599999999,0.042261057975,0.0029193196236299997,3_S6,fusion
p092_20231130,92,4,69,3_S6,1.04015740875e-05,1.3782837525e-05,6.83483098875e-05,0.9639894025,0.035884455502499996,3.35496051175e-05,3_S6,fusion
p092_20231204,92,4,70,4_S7,0.00011097929236000002,0.000201366218625,0.00039165705224,0.710518595,0.287997537195,0.0007798709351749999,3_S6,fusion
p092_20231207,92,4,71,4_S7,0.004291763272062786,0.007748964646099,0.0284908323489925,0.037637541863785,0.896342955,0.025487956785315,4_S7,fusion
p092_20231211,92,4,72,4_S7,0.00067965343440425,0.0002490398237698,0.000642422421526375,0.083638630275,0.9100960499999999,0.0046942075246,4_S7,fusion
p092_20231218,92,4,74,4_S7,4.7427651817500004e-05,0.000185380198675,0.0012144004452749998,0.001229220575,0.9670652,0.030258378962500002,4_S7,fusion
p092_20231227,92,4,75,4_S7,4.244983938e-06,5.3935513475000005e-05,0.0001006129526,0.000210688963225,0.9815170274999999,0.01811348375625,4_S7,fusion
p092_20240115,92,4,76,4_S7,1.838082775e-05,0.00014296139392499998,0.00031346764175,0.00010768971325,0.8818623999999999,0.11755505385000001,4_S7,fusion
p092_20240119,92,4,78,4_S7,9.287946271e-06,8.08687406e-05,7.473023e-05,9.37975826e-05,0.9553985599999999,0.044342739974999996,4_S7,fusion
p092_20240126,92,4,83,5_S8,8.10395773378475e-06,1.2754081221832749e-05,7.463881554800001e-05,2.39196116463e-06,0.00047577734113124997,0.999426385,5_S8,fusion
p100_20231128,100,4,66,3_S6,7.059697968500001e-05,0.000105195234655,0.002303926235,0.959122465,0.03758111755,0.00081671875655,3_S6,fusion
p100_20231130,100,4,68,3_S6,5.829843465e-05,5.654648375e-05,0.00026569758249999996,0.9264203325,0.073111501685,8.7616006985e-05,3_S6,fusion
p100_20231204,100,4,69,3_S6,7.70146791e-05,0.0005356655157500001,0.0008037474767499999,0.5434042275000001,0.44897806,0.006201286013500001,3_S6,fusion
p100_20231207,100,4,68,3_S6,0.002418212647631675,0.008571111637525,0.019372332760275,0.0546871414189,0.907776315,0.0071748805632,4_S7,fusion
p100_20231211,100,4,69,3_S6,0.00033083054235000004,0.0020638823375,0.0041708048635,0.26747731950000003,0.5677746175,0.15818254227249998,4_S7,fusion
p100_20231218,100,4,70,4_S7,2.847477819e-06,4.9591280256750004e-05,6.676065297e-05,0.0024978128305000002,0.9115813625000001,0.0858016367,4_S7,fusion
p100_20231227,100,4,72,4_S7,5.443587473499999e-07,1.771486137175e-05,8.5717568951e-05,0.00047905073499000003,0.994739225,0.0046777776205000005,4_S7,fusion
p100_20240115,100,4,75,4_S7,0.000175928867401,0.00471462742275,0.0026732346049500003,0.0021599060217500003,0.7369712725,0.253305062925,4_S7,fusion
p100_20240119,100,4,77,4_S7,2.9443109529999997e-06,2.885372666e-05,5.82969437e-05,0.000136305054775,0.885501715,0.11427186268125002,4_S7,fusion
p100_20240126,100,4,79,4_S7,2.8183441671e-05,0.007346295633504999,0.0010142787301999998,6.22801402895e-05,0.5874152149999999,0.40413373100000005,4_S7,fusion
