image_id,session,plant,fold,camera,bbch,cls,p_0_S1,p_1_S2,p_2_S5,p_3_S6,p_4_S7,p_5_S8,pred
c3_p005_20230816_o02,p005_20230816,5,0,3,65,3_S6,0.030094054,0.96356833,0.0019143599,0.004359428,5.139834e-05,1.2522654e-05,1_S2
c3_p005_20230921_o07,p005_20230921,5,0,3,77,4_S7,0.058982037,0.05073045,0.04586835,0.078017525,0.76559716,0.0008045736,4_S7
c3_p005_20231005_o09,p005_20231005,5,0,3,79,4_S7,0.00367453,0.0026392958,0.0047175935,0.0016094956,0.9848489,0.002510216,4_S7
c3_p006_20230816_o04,p006_20230816,6,0,3,65,3_S6,0.0006027477,0.04228684,0.02000676,0.8543187,0.08241957,0.0003654342,3_S6
c3_p006_20230921_o02,p006_20230921,6,0,3,78,4_S7,8.287869e-06,0.0013215097,5.534659e-06,1.7876453e-06,0.9923298,0.0063330494,4_S7
c3_p006_20231005_o07,p006_20231005,6,0,3,79,4_S7,1.1592507e-08,7.580416e-08,1.15962004e-08,6.228714e-09,0.9997887,0.00021128134,4_S7
c3_p008_20230816_o06,p008_20230816,8,0,3,63,3_S6,0.039448194,0.8524819,0.0126296375,0.09257302,0.00273879,0.00012836797,1_S2
c3_p008_20230921_o03,p008_20230921,8,0,3,73,4_S7,4.486352e-05,0.0023310687,0.0005265977,0.0033286712,0.96553105,0.0282378,4_S7
c3_p008_20231005_o11,p008_20231005,8,0,3,76,4_S7,0.0007320515,0.00029755052,0.0013343731,0.006305116,0.8596751,0.13165583,4_S7
c3_p010_20230816_o07,p010_20230816,10,0,3,64,3_S6,0.0002924669,0.018998157,0.0010394703,0.9788365,0.0007969089,3.651629e-05,3_S6
c3_p010_20230921_o05,p010_20230921,10,0,3,72,4_S7,0.00010372936,0.0015827698,0.000109025445,6.5392036e-05,0.9442488,0.053890143,4_S7
c3_p010_20231005_o03,p010_20231005,10,0,3,85,5_S8,0.0088579245,0.0066764895,0.009809912,0.011502698,0.012087487,0.95106554,5_S8
c3_p016_20230816_o05,p016_20230816,16,0,3,70,4_S7,0.00076284696,0.04746688,0.00972692,0.70823014,0.23315497,0.00065817573,3_S6
c3_p016_20230921_o12,p016_20230921,16,0,3,75,4_S7,1.1488534e-05,8.57092e-06,3.485402e-06,1.6598042e-05,0.9960593,0.003900559,4_S7
c3_p016_20231005_o09,p016_20231005,16,0,3,77,4_S7,0.00087523006,0.0019701626,0.0011003696,0.00025342035,0.37490964,0.6208912,5_S8
c3_p017_20230816_o06,p017_20230816,17,0,3,71,4_S7,0.003577429,0.22072189,0.029304551,0.67494863,0.07124369,0.00020387377,3_S6
c3_p017_20230921_o10,p017_20230921,17,0,3,74,4_S7,1.1359735e-05,1.6985008e-05,2.0365424e-06,6.4341048e-06,0.9911205,0.008842775,4_S7
c3_p017_20231005_o06,p017_20231005,17,0,3,72,4_S7,0.0001387144,5.293854e-05,0.000105831394,3.72827e-05,0.012312888,0.98735225,5_S8
c3_p025_20230828_o11,p025_20230828,25,0,3,16,0_S1,0.9997621,0.00023626696,1.9855344e-07,3.2218754e-09,5.477653e-07,7.8084395e-07,0_S1
c3_p025_20230904_o03,p025_20230904,25,0,3,22,1_S2,0.7019493,0.19235402,0.10254672,0.001327126,0.001669386,0.00015342716,0_S1
c3_p025_20230908_o12,p025_20230908,25,0,3,61,3_S6,0.0023583004,0.24340405,0.0048340843,0.6342673,0.113949254,0.0011871038,3_S6
c3_p025_20230921_o07,p025_20230921,25,0,3,70,4_S7,2.4286397e-05,2.3504392e-05,0.00010842408,0.014455677,0.9853822,5.9280105e-06,4_S7
c3_p025_20231006_o12,p025_20231006,25,0,3,72,4_S7,0.21148343,0.011113209,0.49784958,0.0075190677,0.23063502,0.041399732,2_S5
c3_p025_20231017_o04,p025_20231017,25,0,3,75,4_S7,1.570611e-07,1.0020851e-05,2.2882701e-05,3.2514515e-06,0.9999616,2.0771438e-06,4_S7
c3_p025_20231023_o02,p025_20231023,25,0,3,76,4_S7,3.0573332e-08,1.1590453e-05,1.3945366e-06,3.693571e-06,0.9998789,0.00010438762,4_S7
c3_p025_20231027_o12,p025_20231027,25,0,3,77,4_S7,5.31817e-06,5.9185873e-05,3.420069e-05,0.0024474778,0.99353164,0.0039221235,4_S7
c3_p025_20231101_o07,p025_20231101,25,0,3,78,4_S7,1.1652813e-08,6.845001e-05,6.839559e-07,2.7868655e-06,0.99954337,0.00038464286,4_S7
c3_p025_20231106_o01,p025_20231106,25,0,3,79,4_S7,5.699743e-07,6.096642e-05,3.7857315e-06,7.20947e-06,0.96180576,0.038121704,4_S7
c3_p025_20231109_o12,p025_20231109,25,0,3,79,4_S7,1.8017101e-06,0.012291362,0.00010718861,2.2528115e-05,0.96301955,0.024557516,4_S7
c3_p025_20231120_o02,p025_20231120,25,0,3,81,5_S8,2.1410264e-05,0.019582888,0.00066723756,3.263144e-05,0.43205383,0.54764193,5_S8
c3_p025_20231124_o04,p025_20231124,25,0,3,81,5_S8,2.522539e-07,6.8016284e-06,5.8710466e-06,0.00014391544,0.9984365,0.0014067487,4_S7
c3_p025_20231127_o09,p025_20231127,25,0,3,81,5_S8,3.00683e-06,4.505486e-06,0.00012916574,1.7005383e-06,0.003169082,0.99669254,5_S8
c3_p025_20231130_o12,p025_20231130,25,0,3,81,5_S8,1.7827602e-05,9.05192e-05,0.0009791573,2.0004276e-05,0.7437299,0.25516257,4_S7
c3_p030_20230828_o03,p030_20230828,30,0,3,15,0_S1,0.9852695,0.014644485,5.6038178e-05,6.8134227e-06,6.4195565e-06,1.675024e-05,0_S1
c3_p030_20230904_o12,p030_20230904,30,0,3,53,2_S5,0.38516438,0.5937606,0.019270372,0.0017459658,5.4837154e-05,3.8548974e-06,1_S2
c3_p030_20230908_o03,p030_20230908,30,0,3,62,3_S6,3.9208477e-05,0.00353197,0.00011121741,0.99621093,0.00010394221,2.7366095e-06,3_S6
c3_p030_20230921_o03,p030_20230921,30,0,3,70,4_S7,0.00036966155,0.011467679,0.001669194,0.39238936,0.5911329,0.002971215,4_S7
c3_p030_20231006_o12,p030_20231006,30,0,3,73,4_S7,2.3946669e-08,4.512673e-07,8.447177e-07,4.0799645e-05,0.9999515,6.4286487e-06,4_S7
c3_p030_20231017_o02,p030_20231017,30,0,3,75,4_S7,4.912275e-07,0.00022802489,1.2594682e-05,9.674579e-06,0.9984964,0.0012527634,4_S7
c3_p030_20231023_o04,p030_20231023,30,0,3,76,4_S7,7.944473e-10,1.5903453e-08,3.0984233e-09,4.6487386e-07,0.99997747,2.2103453e-05,4_S7
c3_p030_20231027_o04,p030_20231027,30,0,3,77,4_S7,3.382636e-08,6.55677e-07,2.5716113e-07,1.533131e-05,0.99750346,0.0024802962,4_S7
c3_p030_20231101_o01,p030_20231101,30,0,3,78,4_S7,9.895207e-06,0.0006829278,5.9201957e-05,2.2464916e-05,0.9901197,0.009105738,4_S7
c3_p030_20231106_o08,p030_20231106,30,0,3,79,4_S7,0.00061926723,0.00032270074,0.0012944828,0.006565486,0.92029375,0.07090436,4_S7
c3_p030_20231109_o04,p030_20231109,30,0,3,79,4_S7,2.0955788e-08,7.820986e-07,9.31973e-08,8.838469e-07,0.9862801,0.013718134,4_S7
c3_p030_20231120_o03,p030_20231120,30,0,3,81,5_S8,3.4151986e-07,1.2638171e-06,7.6222386e-07,4.8127745e-08,0.89139706,0.10860055,4_S7
c3_p030_20231124_o10,p030_20231124,30,0,3,82,5_S8,1.3123558e-05,0.00144925,0.07093084,1.5558639e-05,0.15060598,0.7769853,5_S8
c3_p030_20231127_o02,p030_20231127,30,0,3,85,5_S8,4.6033385e-08,5.8387663e-08,5.4048525e-07,2.7972204e-08,2.3160644e-06,0.99999714,5_S8
c3_p030_20231130_o06,p030_20231130,30,0,3,87,5_S8,1.2363825e-05,1.9318699e-05,7.043006e-05,3.5510961e-06,0.00046657943,0.99942774,5_S8
c3_p035_20230828_o11,p035_20230828,35,0,3,14,0_S1,0.9999391,6.0574104e-05,1.8217161e-08,2.275592e-09,3.3024982e-08,2.9365168e-07,0_S1
c3_p035_20230904_o01,p035_20230904,35,0,3,16,0_S1,0.05273875,0.48244283,0.37426507,0.05860875,0.030271968,0.0016725841,1_S2
c3_p035_20230908_o08,p035_20230908,35,0,3,52,2_S5,0.0060148295,0.03405064,0.0047309175,0.94304585,0.008422041,0.0037357293,3_S6
c3_p035_20230921_o06,p035_20230921,35,0,3,52,2_S5,0.6461703,0.21470189,0.08947594,0.025529016,0.022370929,0.0017519675,0_S1
c3_p035_20231006_o07,p035_20231006,35,0,3,52,2_S5,0.007326345,0.05441295,0.0019203776,0.00085939694,0.9330829,0.0023980306,4_S7
c3_p035_20231017_o05,p035_20231017,35,0,3,52,2_S5,0.11062773,0.02583908,0.025215544,0.0036647413,0.83131546,0.0033375265,4_S7
c3_p035_20231023_o05,p035_20231023,35,0,3,52,2_S5,0.0024250392,0.018844675,0.0010949706,0.00094427157,0.96405447,0.012636643,4_S7
c3_p035_20231027_o02,p035_20231027,35,0,3,52,2_S5,6.2715985e-06,0.3500701,0.0001348852,0.0015523284,0.6407294,0.007507012,4_S7
c3_p035_20231101_o11,p035_20231101,35,0,3,52,2_S5,1.7399018e-09,1.5759734e-06,2.459846e-08,0.00014122491,0.99984765,9.544219e-06,4_S7
c3_p035_20231106_o08,p035_20231106,35,0,3,52,2_S5,1.2831447e-06,0.0014618575,4.425994e-06,0.0007163215,0.9965125,0.001303608,4_S7
c3_p035_20231109_o09,p035_20231109,35,0,3,52,2_S5,1.0395093e-07,1.5495647e-05,1.1548749e-06,8.871969e-05,0.99925715,0.0006373697,4_S7
c3_p035_20231120_o07,p035_20231120,35,0,3,52,2_S5,6.313206e-06,0.000183939,7.632592e-06,0.0008366423,0.9953218,0.0036437002,4_S7
c3_p035_20231124_o01,p035_20231124,35,0,3,52,2_S5,1.7382067e-07,8.691635e-06,3.2194648e-06,1.9545367e-05,0.9822711,0.017697377,4_S7
c3_p035_20231127_o10,p035_20231127,35,0,3,52,2_S5,2.4176914e-05,0.0017104055,0.0017289177,0.000390658,0.90630805,0.089837715,4_S7
c3_p035_20231130_o06,p035_20231130,35,0,3,52,2_S5,1.8819646e-05,0.035229005,0.00053380174,2.4662673e-05,0.94028986,0.023903823,4_S7
c3_p036_20230828_o07,p036_20230828,36,0,3,51,2_S5,0.90817183,0.091562815,2.0852163e-05,5.7647187e-05,3.2213928e-05,0.00015457113,0_S1
c3_p036_20230904_o04,p036_20230904,36,0,3,60,3_S6,0.46311638,0.5241683,0.0035085331,0.0029916535,0.0057215206,0.0004936603,1_S2
c3_p036_20230908_o01,p036_20230908,36,0,3,63,3_S6,0.00251675,0.00401691,0.0005743172,0.99220955,0.00067234406,1.0081176e-05,3_S6
c3_p036_20230921_o03,p036_20230921,36,0,3,70,4_S7,2.2462507e-06,1.3916418e-05,1.5940346e-05,0.0006550252,0.99926823,4.4655568e-05,4_S7
c3_p036_20231006_o01,p036_20231006,36,0,3,72,4_S7,0.00015439493,0.0010807015,0.000631718,0.00039463182,0.9958918,0.0018466224,4_S7
c3_p036_20231017_o03,p036_20231017,36,0,3,73,4_S7,0.00020176088,0.009607457,0.0042563854,0.4049752,0.58062875,0.00033040473,4_S7
c3_p036_20231023_o02,p036_20231023,36,0,3,74,4_S7,1.2397882e-06,1.0215317e-05,9.062172e-06,5.2887946e-05,0.99985373,7.288353e-05,4_S7
c3_p036_20231027_o05,p036_20231027,36,0,3,75,4_S7,1.3200557e-07,1.39492295e-05,4.1347766e-06,0.0028394377,0.99710304,3.9264443e-05,4_S7
c3_p036_20231101_o09,p036_20231101,36,0,3,76,4_S7,7.673565e-09,1.0993689e-06,4.5522007e-08,3.398214e-05,0.99985635,0.000108517845,4_S7
c3_p036_20231106_o06,p036_20231106,36,0,3,77,4_S7,7.4516376e-10,4.2254186e-07,8.619295e-09,4.2085358e-07,0.9999856,1.3554062e-05,4_S7
c3_p036_20231109_o04,p036_20231109,36,0,3,78,4_S7,8.656349e-06,2.186476e-05,1.0755702e-05,0.01954548,0.98029023,0.00012306773,4_S7
c3_p036_20231120_o10,p036_20231120,36,0,3,81,5_S8,0.0008237501,0.0005892392,0.00035403544,0.00065114757,0.020172792,0.9774091,5_S8
c3_p036_20231124_o08,p036_20231124,36,0,3,82,5_S8,5.4066673e-05,0.00016722061,0.0003310561,0.0001443616,0.0027153292,0.9965879,5_S8
c3_p036_20231127_o04,p036_20231127,36,0,3,83,5_S8,0.00011897887,5.118291e-05,0.00013386724,0.00037716507,0.0026651209,0.9966536,5_S8
c3_p036_20231130_o05,p036_20231130,36,0,3,84,5_S8,1.4135181e-05,1.1047519e-05,1.6656348e-05,4.013569e-05,0.00042844404,0.99948955,5_S8
c3_p054_20230929_o02,p054_20230929,54,0,3,13,0_S1,0.99991083,5.3607644e-05,1.7593697e-05,5.6665117e-06,1.9914748e-06,1.0266492e-05,0_S1
c3_p054_20231004_o11,p054_20231004,54,0,3,13,0_S1,0.9999254,5.2220614e-05,1.9856636e-05,1.0834993e-06,2.3612112e-07,1.1548033e-06,0_S1
c3_p054_20231011_o12,p054_20231011,54,0,3,14,0_S1,0.9990694,5.1694882e-05,0.00084406923,9.027961e-06,2.0925658e-05,4.8418447e-06,0_S1
c3_p054_20231017_o04,p054_20231017,54,0,3,53,2_S5,0.8862354,0.027423484,0.049673267,0.03619725,0.00037805224,9.262634e-05,0_S1
c3_p054_20231019_o06,p054_20231019,54,0,3,53,2_S5,0.9691705,0.005796815,0.023929952,0.0010375329,5.118198e-05,1.3912671e-05,0_S1
c3_p054_20231023_o06,p054_20231023,54,0,3,60,3_S6,0.7655554,0.13363963,0.06133943,0.034661476,0.004519573,0.0002844855,0_S1
c3_p054_20231027_o07,p054_20231027,54,0,3,65,3_S6,0.0004329385,0.006083001,0.049430285,0.9125799,0.0314538,1.9964698e-05,3_S6
c3_p054_20231101_o11,p054_20231101,54,0,3,65,3_S6,0.0002533209,0.0010090724,0.07620857,0.9224782,4.8803857e-05,2.090329e-06,3_S6
c3_p054_20231106_o02,p054_20231106,54,0,3,68,3_S6,0.0026426143,0.021233857,0.021707078,0.94267875,0.011536323,0.00020127383,3_S6
c3_p054_20231109_o05,p054_20231109,54,0,3,70,4_S7,7.666508e-06,6.211332e-05,9.649372e-05,0.018113378,0.9816558,6.4410604e-05,4_S7
c3_p054_20231120_o02,p054_20231120,54,0,3,71,4_S7,0.13257748,0.004822851,0.010630869,0.030572874,0.7992448,0.022151122,4_S7
c3_p054_20231127_o02,p054_20231127,54,0,3,73,4_S7,5.651014e-09,4.6576027e-08,4.964001e-08,8.7936765e-05,0.9999002,1.179305e-05,4_S7
c3_p054_20231130_o04,p054_20231130,54,0,3,75,4_S7,6.98918e-06,4.9259224e-06,3.08588e-05,0.0016158597,0.997863,0.00047843956,4_S7
c3_p054_20231204_o04,p054_20231204,54,0,3,78,4_S7,0.0002782426,0.00031215558,0.0038007,0.010837181,0.9818039,0.0029678969,4_S7
c3_p054_20231211_o04,p054_20231211,54,0,3,79,4_S7,2.8919709e-11,4.2936765e-10,1.6122808e-09,2.4931495e-07,0.999997,2.6932435e-06,4_S7
c3_p054_20231214_o11,p054_20231214,54,0,3,79,4_S7,9.115207e-10,3.476558e-06,2.4943376e-09,4.477308e-06,0.99897027,0.0010218016,4_S7
c3_p054_20231218_o07,p054_20231218,54,0,3,79,4_S7,2.5311918e-08,2.4624393e-07,1.676181e-08,2.2344138e-05,0.9993104,0.0006670435,4_S7
c3_p054_20231227_o03,p054_20231227,54,0,3,79,4_S7,9.869198e-07,6.263709e-07,4.0612957e-07,2.7556837e-07,0.9881622,0.011835531,4_S7
c3_p054_20240104_o08,p054_20240104,54,0,3,82,5_S8,1.7088488e-09,1.4921351e-08,4.3901519e-10,9.26523e-09,0.99310666,0.0068933517,4_S7
c3_p057_20230929_o10,p057_20230929,57,0,3,13,0_S1,0.9998235,6.037523e-05,4.920526e-05,2.9735009e-05,9.940271e-06,2.7312024e-05,0_S1
c3_p057_20231004_o08,p057_20231004,57,0,3,13,0_S1,0.99933064,0.0006332389,2.140107e-05,4.1413355e-06,2.7358958e-06,7.816932e-06,0_S1
c3_p057_20231011_o05,p057_20231011,57,0,3,21,1_S2,0.9999347,5.860305e-05,5.442689e-06,3.3818495e-07,4.7648575e-07,4.698153e-07,0_S1
c3_p057_20231017_o10,p057_20231017,57,0,3,60,3_S6,0.15433176,0.28613675,0.3151295,0.24328591,0.0009293957,0.00018670232,2_S5
c3_p057_20231019_o01,p057_20231019,57,0,3,61,3_S6,0.0036365227,0.025771895,0.56437665,0.4061667,4.677454e-05,1.4189224e-06,2_S5
c3_p057_20231023_o09,p057_20231023,57,0,3,64,3_S6,0.00058521517,0.0387599,0.008763665,0.93107015,0.020681215,0.0001398263,3_S6
c3_p057_20231027_o05,p057_20231027,57,0,3,65,3_S6,9.648111e-06,0.0030052403,0.0005337521,0.5798249,0.4161717,0.00045471868,3_S6
c3_p057_20231101_o02,p057_20231101,57,0,3,67,3_S6,0.016660625,0.255532,0.17279151,0.46290714,0.08927153,0.0028372009,3_S6
c3_p057_20231106_o11,p057_20231106,57,0,3,70,4_S7,2.1442634e-06,5.075974e-05,0.00015273716,0.1485004,0.8512827,1.1317834e-05,4_S7
c3_p057_20231109_o10,p057_20231109,57,0,3,71,4_S7,5.609894e-08,3.526536e-07,4.134877e-07,0.0005040868,0.9994784,1.6856162e-05,4_S7
c3_p057_20231120_o05,p057_20231120,57,0,3,73,4_S7,1.3723577e-07,7.391452e-07,1.8262807e-07,0.0010763063,0.99858356,0.00033909458,4_S7
c3_p057_20231127_o04,p057_20231127,57,0,3,75,4_S7,2.085548e-06,3.3739689e-06,2.6158372e-05,0.047489975,0.9522374,0.00024104025,4_S7
c3_p057_20231130_o12,p057_20231130,57,0,3,77,4_S7,2.6382658e-08,2.0896032e-06,1.9695542e-06,0.007962199,0.9907907,0.0012430238,4_S7
c3_p057_20231204_o04,p057_20231204,57,0,3,78,4_S7,2.6753278e-05,1.4452461e-05,0.000146052,0.00023404951,0.99677783,0.0028008493,4_S7
c3_p057_20231211_o11,p057_20231211,57,0,3,79,4_S7,8.595565e-09,7.249971e-07,1.1255704e-06,0.00011799747,0.99927753,0.00060264854,4_S7
c3_p057_20231214_o03,p057_20231214,57,0,3,79,4_S7,2.4056743e-07,4.7638397e-07,6.2484524e-08,2.495338e-08,0.99273807,0.0072611114,4_S7
c3_p057_20231218_o08,p057_20231218,57,0,3,79,4_S7,4.5114774e-08,4.2114436e-08,4.1986272e-08,3.1867853e-07,0.9938474,0.0061522494,4_S7
c3_p057_20231227_o02,p057_20231227,57,0,3,80,5_S8,1.0124916e-08,8.726459e-09,5.668192e-08,8.441035e-09,0.9681501,0.031849883,4_S7
c3_p057_20240104_o06,p057_20240104,57,0,3,83,5_S8,0.00036570878,2.6011316e-05,1.6832449e-06,4.299099e-06,0.043250807,0.95635146,5_S8
c3_p066_20231006_o04,p066_20231006,66,0,3,13,0_S1,0.9997279,4.9271224e-05,0.00014638943,1.5583511e-05,2.1365317e-05,3.9534363e-05,0_S1
c3_p066_20231011_o07,p066_20231011,66,0,3,13,0_S1,0.99971575,6.679667e-05,9.02238e-05,4.877325e-05,2.499792e-05,5.3431115e-05,0_S1
c3_p066_20231017_o07,p066_20231017,66,0,3,13,0_S1,0.9994435,0.000113422866,0.00019908667,5.045013e-05,4.1334948e-05,0.00015225397,0_S1
c3_p066_20231019_o05,p066_20231019,66,0,3,13,0_S1,0.99986696,6.312278e-05,2.543425e-05,1.0062233e-06,2.0237536e-05,2.326052e-05,0_S1
c3_p066_20231023_o07,p066_20231023,66,0,3,13,0_S1,0.99952686,0.00012303468,0.00012612435,0.00010299489,3.734182e-05,8.362891e-05,0_S1
c3_p066_20231027_o12,p066_20231027,66,0,3,14,0_S1,0.9921703,0.0032202143,0.004580976,6.5870177e-06,9.790892e-06,1.2191866e-05,0_S1
c3_p066_20231101_o05,p066_20231101,66,0,3,53,2_S5,0.93552256,0.01032605,0.053686917,0.00041337477,3.29403e-05,1.8236906e-05,0_S1
c3_p066_20231106_o03,p066_20231106,66,0,3,60,3_S6,0.003290444,0.14583145,0.7921486,0.058554746,0.00017064257,4.1271824e-06,2_S5
c3_p066_20231109_o11,p066_20231109,66,0,3,65,3_S6,5.224656e-06,8.7524444e-05,0.016610267,0.983229,6.781345e-05,9.078256e-08,3_S6
c3_p066_20231120_o02,p066_20231120,66,0,3,67,3_S6,9.3870955e-07,0.00034902367,0.00013620435,0.9717244,0.027782219,7.135849e-06,3_S6
c3_p066_20231127_o08,p066_20231127,66,0,3,70,4_S7,3.2572788e-07,5.8378217e-05,0.00015582185,0.0046408167,0.99509,5.452331e-05,4_S7
c3_p066_20231130_o08,p066_20231130,66,0,3,71,4_S7,4.191975e-12,7.927956e-10,1.0071084e-09,0.0003376472,0.99966073,1.6146965e-06,4_S7
c3_p066_20231204_o07,p066_20231204,66,0,3,73,4_S7,1.4162381e-08,5.1524205e-07,5.376898e-06,0.000104970335,0.99987507,1.4010948e-05,4_S7
c3_p066_20231211_o01,p066_20231211,66,0,3,75,4_S7,4.050258e-08,3.8831433e-05,2.6417954e-05,0.012740774,0.98716277,3.1228963e-05,4_S7
c3_p066_20231214_o01,p066_20231214,66,0,3,78,4_S7,4.69001e-09,1.1408044e-07,1.13789895e-07,9.8205724e-08,0.9999585,4.111013e-05,4_S7
c3_p066_20231218_o11,p066_20231218,66,0,3,79,4_S7,6.3957025e-08,1.551985e-05,1.8319539e-06,0.00030481056,0.9991738,0.0005038595,4_S7
c3_p066_20231227_o10,p066_20231227,66,0,3,80,5_S8,1.4574944e-07,5.6345702e-06,1.8733411e-06,1.7992712e-05,0.9608289,0.039145477,4_S7
c3_p066_20240115_o04,p066_20240115,66,0,3,82,5_S8,6.0478453e-07,7.0623755e-06,9.3552933e-07,1.5163136e-05,0.1272846,0.8726916,5_S8
c3_p066_20240119_o05,p066_20240119,66,0,3,82,5_S8,3.2884018e-06,5.060563e-06,1.1500961e-06,8.1996205e-07,0.0006220232,0.9993678,5_S8
c3_p066_20240126_o07,p066_20240126,66,0,3,84,5_S8,4.3579843e-05,5.0567273e-06,1.6429061e-05,8.949024e-07,0.003695094,0.9962388,5_S8
c3_p069_20231006_o11,p069_20231006,69,0,3,13,0_S1,0.999785,5.563341e-05,0.00011865438,1.2497817e-05,6.32493e-06,2.1798058e-05,0_S1
c3_p069_20231011_o06,p069_20231011,69,0,3,13,0_S1,0.9996088,0.0001728619,8.306955e-05,4.797492e-05,2.4008894e-05,6.335529e-05,0_S1
c3_p069_20231017_o08,p069_20231017,69,0,3,13,0_S1,0.9993824,0.00025423538,0.0001859811,3.537164e-05,3.1263953e-05,0.00011078063,0_S1
c3_p069_20231019_o12,p069_20231019,69,0,3,14,0_S1,0.9998869,9.5233685e-05,1.0104364e-05,2.2678735e-07,4.483413e-06,3.0306157e-06,0_S1
c3_p069_20231023_o09,p069_20231023,69,0,3,14,0_S1,0.9978613,0.0014047702,0.0005405389,0.00013387209,1.4261913e-05,4.5213448e-05,0_S1
c3_p069_20231027_o12,p069_20231027,69,0,3,15,0_S1,0.5123115,0.083161995,0.38063505,0.020409588,0.0022943474,0.0011874776,0_S1
c3_p069_20231101_o08,p069_20231101,69,0,3,53,2_S5,0.1544622,0.14850536,0.4759528,0.11480911,0.10179782,0.0044727297,2_S5
c3_p069_20231106_o12,p069_20231106,69,0,3,61,3_S6,2.1154644e-08,2.7675253e-07,7.3257644e-07,0.99988496,0.00011408441,1.4485881e-08,3_S6
c3_p069_20231109_o11,p069_20231109,69,0,3,66,3_S6,9.4632915e-06,0.00065147097,0.00062904094,0.8035733,0.19512746,9.248854e-06,3_S6
c3_p069_20231120_o06,p069_20231120,69,0,3,70,4_S7,0.00111085,0.003814631,0.004093093,0.08950735,0.9005419,0.00093220436,4_S7
c3_p069_20231127_o09,p069_20231127,69,0,3,72,4_S7,9.969519e-07,5.7326215e-06,1.1719601e-05,0.020380756,0.9792286,0.00037215152,4_S7
c3_p069_20231130_o07,p069_20231130,69,0,3,73,4_S7,1.6319913e-07,2.0922246e-06,2.8440428e-07,0.0004065534,0.99396557,0.0056254626,4_S7
c3_p069_20231204_o04,p069_20231204,69,0,3,74,4_S7,0.00033095366,0.0020032264,0.001988865,0.008476106,0.9838937,0.0033070296,4_S7
c3_p069_20231211_o05,p069_20231211,69,0,3,76,4_S7,1.4578461e-08,5.38113e-07,1.2953677e-07,2.4203588e-05,0.99946374,0.00051147136,4_S7
c3_p069_20231214_o05,p069_20231214,69,0,3,77,4_S7,3.2073979e-06,8.72465e-06,1.144849e-05,1.1103711e-05,0.9992693,0.0006962591,4_S7
c3_p069_20231218_o05,p069_20231218,69,0,3,78,4_S7,1.8048476e-06,1.44402475e-05,5.529506e-06,4.811114e-06,0.97891873,0.021054849,4_S7
c3_p069_20231227_o06,p069_20231227,69,0,3,79,4_S7,1.1425653e-05,8.11887e-06,7.6154965e-06,1.1067507e-06,0.9203726,0.07959918,4_S7
c3_p069_20240115_o04,p069_20240115,69,0,3,82,5_S8,1.940761e-05,4.1121148e-05,3.9470917e-05,1.15627145e-05,0.00856466,0.9913237,5_S8
c3_p069_20240119_o06,p069_20240119,69,0,3,82,5_S8,6.4698295e-05,0.00013320806,3.5318277e-05,2.913223e-05,0.000533522,0.9992041,5_S8
c3_p069_20240126_o09,p069_20240126,69,0,3,84,5_S8,3.954125e-05,2.6511118e-05,4.063472e-06,7.709928e-05,0.5177218,0.48213094,4_S7
c3_p070_20231006_o08,p070_20231006,70,0,3,13,0_S1,0.99947006,8.780091e-05,0.00030569083,4.5257242e-05,1.848481e-05,7.2751616e-05,0_S1
c3_p070_20231011_o08,p070_20231011,70,0,3,13,0_S1,0.99977535,0.00012052405,5.01875e-05,2.8432327e-05,5.396848e-06,2.011579e-05,0_S1
c3_p070_20231017_o03,p070_20231017,70,0,3,13,0_S1,0.99973553,7.478523e-05,0.00011448783,9.550087e-06,1.3852492e-05,5.1813786e-05,0_S1
c3_p070_20231019_o02,p070_20231019,70,0,3,14,0_S1,0.999458,0.00043372592,8.880127e-05,3.5447647e-06,6.211047e-06,9.807152e-06,0_S1
c3_p070_20231023_o03,p070_20231023,70,0,3,14,0_S1,0.99993134,5.926357e-05,3.3526082e-06,2.9082676e-07,2.1614719e-07,5.557534e-06,0_S1
c3_p070_20231027_o01,p070_20231027,70,0,3,21,1_S2,0.91849875,0.053941123,0.02717047,0.0003040888,5.9671598e-05,2.5886056e-05,0_S1
c3_p070_20231101_o12,p070_20231101,70,0,3,60,3_S6,0.14917243,0.35629457,0.46080294,0.033598043,7.5370815e-05,5.6575445e-05,2_S5
c3_p070_20231106_o08,p070_20231106,70,0,3,62,3_S6,4.776024e-08,6.842304e-06,2.593629e-05,0.99984586,0.000121225035,2.1844178e-08,3_S6
c3_p070_20231109_o07,p070_20231109,70,0,3,65,3_S6,2.1048976e-05,0.0012989646,0.0021165484,0.95746726,0.03909075,5.3651165e-06,3_S6
c3_p070_20231120_o03,p070_20231120,70,0,3,70,4_S7,0.00014093045,0.00429545,0.0010777679,0.8443479,0.14964354,0.00049447356,3_S6
c3_p070_20231127_o07,p070_20231127,70,0,3,71,4_S7,8.049968e-06,8.859134e-05,0.0007789041,0.28877163,0.7103324,2.0471623e-05,4_S7
c3_p070_20231130_o09,p070_20231130,70,0,3,73,4_S7,8.8117736e-07,8.14136e-06,9.856338e-06,0.0003623396,0.998248,0.0013707934,4_S7
c3_p070_20231204_o04,p070_20231204,70,0,3,75,4_S7,3.6110052e-07,1.0697459e-05,3.834144e-06,0.00035792793,0.9995012,0.00012592679,4_S7
c3_p070_20231211_o04,p070_20231211,70,0,3,76,4_S7,1.5598374e-12,6.486614e-09,6.5571326e-09,1.5496129e-08,0.9999981,1.9177992e-06,4_S7
c3_p070_20231214_o02,p070_20231214,70,0,3,77,4_S7,8.238751e-08,3.4778633e-08,5.8114857e-08,1.2343655e-06,0.9998135,0.0001851305,4_S7
c3_p070_20231218_o04,p070_20231218,70,0,3,78,4_S7,7.2046005e-09,1.3697628e-06,1.9393897e-07,1.2575819e-05,0.99243426,0.0075516035,4_S7
c3_p070_20231227_o05,p070_20231227,70,0,3,79,4_S7,2.707063e-10,1.1046034e-07,2.7513731e-09,7.3664387e-06,0.9996917,0.00030086242,4_S7
c3_p070_20240115_o04,p070_20240115,70,0,3,83,5_S8,5.358437e-08,9.413355e-07,6.662898e-08,1.1829577e-08,0.051884573,0.9481144,5_S8
c3_p070_20240119_o04,p070_20240119,70,0,3,84,5_S8,9.558933e-07,4.9440237e-06,2.0321663e-06,3.1706165e-07,6.145493e-05,0.99993026,5_S8
c3_p070_20240126_o01,p070_20240126,70,0,3,88,5_S8,7.0002825e-06,9.4115984e-07,8.6867004e-07,3.8913157e-08,0.00030190044,0.99968934,5_S8
c3_p075_20231006_o05,p075_20231006,75,0,3,13,0_S1,0.99958235,6.896502e-05,0.0002018528,4.4909706e-05,1.8944393e-05,8.292907e-05,0_S1
c3_p075_20231011_o01,p075_20231011,75,0,3,13,0_S1,0.99960655,0.00012956807,0.00014953042,5.0980023e-05,7.649508e-06,5.5787903e-05,0_S1
c3_p075_20231017_o05,p075_20231017,75,0,3,13,0_S1,0.9994773,0.0002700483,0.00013656451,2.2393699e-05,2.2515544e-05,7.114367e-05,0_S1
c3_p075_20231019_o07,p075_20231019,75,0,3,14,0_S1,0.99985814,6.7933914e-05,2.6451238e-05,4.162378e-06,2.0138707e-05,2.3166756e-05,0_S1
c3_p075_20231023_o02,p075_20231023,75,0,3,14,0_S1,0.99602723,0.003705558,7.172472e-05,7.634783e-06,1.9989805e-06,0.00018589506,0_S1
c3_p075_20231027_o04,p075_20231027,75,0,3,53,2_S5,0.94831127,0.03942271,0.011824073,0.0003298414,3.4701396e-05,7.7337296e-05,0_S1
c3_p075_20231101_o01,p075_20231101,75,0,3,53,2_S5,4.185944e-05,0.0003555888,0.029207898,0.97036135,3.293544e-05,3.9643663e-07,3_S6
c3_p075_20231106_o12,p075_20231106,75,0,3,54,2_S5,1.6888518e-13,8.5361546e-10,3.8199833e-08,1.0,1.3915382e-08,2.5103511e-13,3_S6
c3_p075_20231109_o04,p075_20231109,75,0,3,60,3_S6,1.0717155e-07,4.806961e-06,7.2739e-06,0.99996066,2.7236354e-05,1.5334809e-08,3_S6
c3_p075_20231120_o06,p075_20231120,75,0,3,68,3_S6,1.2225353e-05,0.00018948736,8.771677e-05,0.3948021,0.6044477,0.00046076864,4_S7
c3_p075_20231127_o12,p075_20231127,75,0,3,73,4_S7,2.7482347e-06,0.0030622454,0.0010589828,0.0012718536,0.90140855,0.093195535,4_S7
c3_p075_20231130_o09,p075_20231130,75,0,3,74,4_S7,2.2122797e-05,0.00047809715,0.0010062604,0.24004683,0.75250554,0.0059411814,4_S7
c3_p075_20231204_o11,p075_20231204,75,0,3,75,4_S7,8.152511e-06,7.156072e-05,9.643479e-05,0.02640083,0.9718151,0.0016079742,4_S7
c3_p075_20231211_o03,p075_20231211,75,0,3,76,4_S7,4.337596e-09,1.9451114e-07,2.290324e-07,8.981329e-06,0.9999138,7.671848e-05,4_S7
c3_p075_20231214_o09,p075_20231214,75,0,3,77,4_S7,5.1381182e-08,2.8676e-07,6.0482506e-08,3.2481541e-06,0.9995679,0.0004284155,4_S7
c3_p075_20231218_o05,p075_20231218,75,0,3,78,4_S7,6.437735e-10,9.993736e-09,2.2107873e-09,4.7225885e-09,0.99866116,0.0013387613,4_S7
c3_p075_20231227_o06,p075_20231227,75,0,3,80,5_S8,3.970606e-05,2.8303131e-05,6.673006e-05,1.0292149e-05,0.074932195,0.9249227,5_S8
c3_p075_20240115_o08,p075_20240115,75,0,3,83,5_S8,2.6060359e-06,1.6969302e-06,1.3018163e-06,2.6766017e-07,0.00019822955,0.999796,5_S8
c3_p075_20240119_o11,p075_20240119,75,0,3,85,5_S8,1.6884294e-05,1.4729236e-06,1.1007071e-05,5.3951527e-07,0.00014029574,0.99982977,5_S8
c3_p075_20240126_o03,p075_20240126,75,0,3,87,5_S8,1.8204095e-05,1.928204e-05,9.129306e-06,6.748883e-06,0.00018674604,0.99975985,5_S8
c3_p079_20231006_o12,p079_20231006,79,0,3,13,0_S1,0.9997634,7.064702e-05,7.034858e-05,2.8043345e-05,1.1964943e-05,5.5610304e-05,0_S1
c3_p079_20231011_o01,p079_20231011,79,0,3,13,0_S1,0.9996469,6.599793e-05,0.00017779329,5.7808014e-05,1.23665e-05,3.9077462e-05,0_S1
c3_p079_20231017_o11,p079_20231017,79,0,3,13,0_S1,0.9986155,0.00062626915,0.000551257,8.5915926e-05,3.5550336e-05,8.5459615e-05,0_S1
c3_p079_20231019_o05,p079_20231019,79,0,3,14,0_S1,0.9997383,0.00011953095,4.0111347e-05,5.390717e-06,6.4680244e-05,3.192985e-05,0_S1
c3_p079_20231023_o12,p079_20231023,79,0,3,14,0_S1,0.96823657,0.027077544,0.002121763,0.0023927693,4.9719532e-05,0.00012157536,0_S1
c3_p079_20231027_o09,p079_20231027,79,0,3,20,1_S2,0.67026436,0.24823663,0.06425157,0.008665948,0.0043199807,0.0042615402,0_S1
c3_p079_20231101_o10,p079_20231101,79,0,3,52,2_S5,0.003523951,0.035013657,0.9592892,0.0021471009,2.3641107e-05,2.536653e-06,2_S5
c3_p079_20231106_o01,p079_20231106,79,0,3,65,3_S6,1.6325696e-06,0.00013168417,0.0004385949,0.99938047,4.7512436e-05,5.0390042e-08,3_S6
c3_p079_20231109_o11,p079_20231109,79,0,3,69,3_S6,6.0988775e-08,1.7975157e-05,0.00014462584,0.9996333,0.00020396814,1.868191e-08,3_S6
c3_p079_20231120_o05,p079_20231120,79,0,3,70,4_S7,1.9855415e-06,3.7429636e-05,7.2361676e-05,0.005723947,0.99398214,0.00018208021,4_S7
c3_p079_20231127_o10,p079_20231127,79,0,3,73,4_S7,4.8548564e-11,1.536969e-07,4.255637e-08,0.0001251223,0.9998746,1.3180237e-07,4_S7
c3_p079_20231130_o04,p079_20231130,79,0,3,74,4_S7,1.2638058e-09,2.2077857e-07,6.241725e-07,0.00044210706,0.9995419,1.5226452e-05,4_S7
c3_p079_20231204_o12,p079_20231204,79,0,3,75,4_S7,5.420715e-09,3.7204265e-07,8.1621346e-07,0.048041377,0.9519571,3.2917112e-07,4_S7
c3_p079_20231211_o12,p079_20231211,79,0,3,76,4_S7,1.6306472e-11,2.9678654e-10,5.809047e-10,2.731486e-06,0.9999956,1.6969066e-06,4_S7
c3_p079_20231214_o03,p079_20231214,79,0,3,77,4_S7,9.838112e-06,3.7325543e-05,2.6849733e-05,5.4309123e-05,0.9974955,0.0023760723,4_S7
c3_p079_20231218_o08,p079_20231218,79,0,3,78,4_S7,1.6766622e-08,3.9998127e-07,2.1486159e-07,8.815829e-07,0.99715793,0.0028405627,4_S7
c3_p079_20231227_o02,p079_20231227,79,0,3,79,4_S7,5.529123e-10,3.600928e-08,1.0689448e-08,5.562849e-09,0.97706884,0.022931071,4_S7
c3_p079_20240115_o08,p079_20240115,79,0,3,81,5_S8,3.701886e-07,8.058195e-07,8.170397e-08,8.1377756e-08,0.320518,0.6794807,5_S8
c3_p079_20240119_o02,p079_20240119,79,0,3,82,5_S8,2.615716e-06,7.400742e-07,6.438258e-07,1.6095875e-07,6.9514725e-05,0.9999263,5_S8
c3_p079_20240126_o01,p079_20240126,79,0,3,87,5_S8,6.7833656e-07,4.5797805e-07,7.6282487e-07,1.9259643e-07,2.2137125e-05,0.9999757,5_S8
c3_p086_20231128_o05,p086_20231128,86,0,3,68,3_S6,1.049245e-05,1.3656575e-05,0.00012288621,0.99063206,0.009206501,1.44781325e-05,3_S6
c3_p086_20231130_o03,p086_20231130,86,0,3,69,3_S6,4.7030494e-07,5.6308744e-07,1.3034663e-05,0.9999311,5.4757533e-05,6.3614656e-09,3_S6
c3_p086_20231204_o11,p086_20231204,86,0,3,78,4_S7,3.055707e-08,4.8767706e-08,8.758027e-08,0.99802905,0.0019706895,8.119184e-08,3_S6
c3_p086_20231207_o03,p086_20231207,86,0,3,67,3_S6,7.151296e-07,4.7301974e-06,1.9425747e-06,0.0041603656,0.99314535,0.00268691,4_S7
c3_p086_20231211_o08,p086_20231211,86,0,3,71,4_S7,6.577018e-07,2.8339784e-07,8.791556e-08,4.0225907e-05,0.99881244,0.0011462787,4_S7
c3_p086_20231218_o10,p086_20231218,86,0,3,72,4_S7,6.1187616e-13,3.2992414e-11,5.888243e-12,1.702686e-07,0.9999993,5.65851e-07,4_S7
c3_p086_20231227_o01,p086_20231227,86,0,3,73,4_S7,1.3913072e-08,8.473204e-07,5.0581846e-08,0.00017150822,0.9996395,0.00018809637,4_S7
c3_p086_20240115_o09,p086_20240115,86,0,3,75,4_S7,2.0957361e-07,5.4240804e-06,1.1952247e-06,6.5206295e-05,0.98871183,0.011216144,4_S7
c3_p086_20240119_o04,p086_20240119,86,0,3,78,4_S7,2.5424798e-08,3.7261051e-07,2.9343019e-08,3.6128364e-07,0.994822,0.0051772054,4_S7
c3_p086_20240126_o02,p086_20240126,86,0,3,81,5_S8,1.990175e-08,1.5440905e-07,1.72171e-07,5.694605e-07,0.77992004,0.22007908,4_S7
c3_p087_20231128_o09,p087_20231128,87,0,3,66,3_S6,5.7699067e-06,7.334064e-06,0.00020667886,0.99933463,0.00044320934,2.3317646e-06,3_S6
c3_p087_20231130_o06,p087_20231130,87,0,3,68,3_S6,2.7720266e-06,8.862739e-06,4.2552e-06,0.9949763,0.0050059115,1.8716088e-06,3_S6
c3_p087_20231204_o03,p087_20231204,87,0,3,69,3_S6,7.899338e-09,5.913287e-08,7.724246e-08,0.99861574,0.0013840131,2.4011396e-08,3_S6
c3_p087_20231207_o11,p087_20231207,87,0,3,70,4_S7,2.2500195e-07,6.984612e-07,3.884264e-07,0.10767581,0.8922923,3.054731e-05,4_S7
c3_p087_20231211_o07,p087_20231211,87,0,3,71,4_S7,4.486404e-09,2.167061e-08,1.800529e-08,0.00020735353,0.99978584,6.79429e-06,4_S7
c3_p087_20231218_o06,p087_20231218,87,0,3,73,4_S7,8.78376e-07,1.380788e-05,5.93583e-06,0.023741687,0.97504175,0.0011959097,4_S7
c3_p087_20231227_o07,p087_20231227,87,0,3,75,4_S7,1.6380884e-09,1.5934184e-08,5.4915397e-09,9.126967e-06,0.99998903,1.8797434e-06,4_S7
c3_p087_20240115_o10,p087_20240115,87,0,3,78,4_S7,1.3789512e-06,6.1407125e-05,3.6899608e-05,4.282164e-05,0.9455051,0.05435254,4_S7
c3_p087_20240119_o03,p087_20240119,87,0,3,79,4_S7,1.7536099e-09,4.4347446e-09,3.6400863e-10,4.7607575e-08,0.9998734,0.00012654068,4_S7
c3_p087_20240126_o10,p087_20240126,87,0,3,81,5_S8,5.4183685e-05,3.4972778e-05,0.0002661072,5.7541984e-05,0.0003507681,0.99923635,5_S8
c3_p091_20231128_o07,p091_20231128,91,0,3,68,3_S6,3.3022076e-05,2.4395835e-05,0.00021606949,0.999009,0.00071467314,2.7080232e-06,3_S6
c3_p091_20231130_o10,p091_20231130,91,0,3,69,3_S6,1.8283212e-09,1.3808245e-08,3.8717612e-08,0.9999291,7.0830836e-05,3.266054e-10,3_S6
c3_p091_20231204_o09,p091_20231204,91,0,3,67,3_S6,1.3116232e-06,1.6248096e-05,4.243163e-06,0.85783494,0.14212744,1.5855127e-05,3_S6
c3_p091_20231207_o06,p091_20231207,91,0,3,70,4_S7,0.00057916046,0.0005670806,0.00011977645,0.12117093,0.8754814,0.0020816112,4_S7
c3_p091_20231211_o07,p091_20231211,91,0,3,71,4_S7,6.784787e-05,0.0002542955,7.330726e-05,0.34288606,0.6565621,0.00015638508,4_S7
c3_p091_20231218_o10,p091_20231218,91,0,3,72,4_S7,1.6022654e-10,4.6745217e-08,6.500678e-10,3.1359577e-05,0.9999385,3.0098678e-05,4_S7
c3_p091_20231227_o12,p091_20231227,91,0,3,74,4_S7,1.7288013e-09,2.9073565e-08,1.3460684e-09,1.2661217e-05,0.9999323,5.5050346e-05,4_S7
c3_p091_20240115_o12,p091_20240115,91,0,3,76,4_S7,1.5166629e-08,7.208124e-07,1.0471254e-07,5.795836e-07,0.9999516,4.6995774e-05,4_S7
c3_p091_20240119_o06,p091_20240119,91,0,3,79,4_S7,5.7833812e-08,1.8318696e-06,5.976521e-08,1.6016431e-06,0.98598576,0.014010743,4_S7
c3_p091_20240126_o10,p091_20240126,91,0,3,82,5_S8,2.116337e-06,1.2796694e-06,4.6157916e-06,8.7175107e-07,8.5738924e-05,0.99990535,5_S8
c3_p094_20231128_o02,p094_20231128,94,0,3,68,3_S6,5.3691615e-06,1.6652943e-05,0.00015989576,0.8079465,0.1918538,1.7706032e-05,3_S6
c3_p094_20231130_o09,p094_20231130,94,0,3,69,3_S6,2.9710474e-09,1.5293677e-08,3.2338286e-07,0.9999547,4.4961453e-05,1.6873354e-10,3_S6
c3_p094_20231204_o04,p094_20231204,94,0,3,70,4_S7,2.784258e-09,2.0168617e-08,2.4113639e-08,0.9996768,0.00032320592,9.050086e-09,3_S6
c3_p094_20231207_o11,p094_20231207,94,0,3,71,4_S7,1.0512061e-06,3.5997577e-06,5.0835065e-06,0.93649805,0.06347522,1.7025806e-05,3_S6
c3_p094_20231211_o08,p094_20231211,94,0,3,72,4_S7,1.8654443e-07,2.5538257e-06,1.9189242e-06,0.43076852,0.5691692,5.7677637e-05,4_S7
c3_p094_20231218_o10,p094_20231218,94,0,3,74,4_S7,2.6034857e-07,7.159641e-06,1.4037261e-06,0.00041475214,0.99851805,0.0010583898,4_S7
c3_p094_20231227_o06,p094_20231227,94,0,3,76,4_S7,4.024171e-12,5.950159e-10,3.243038e-11,1.0353725e-09,0.99998724,1.2784317e-05,4_S7
c3_p094_20240115_o02,p094_20240115,94,0,3,77,4_S7,3.7469556e-09,1.6306078e-08,1.3045043e-09,1.0856479e-07,0.9999738,2.6059763e-05,4_S7
c3_p094_20240119_o07,p094_20240119,94,0,3,80,5_S8,1.7567689e-05,2.7000046e-05,1.7217486e-05,6.5250756e-06,0.0006347968,0.9992968,5_S8
c3_p094_20240126_o11,p094_20240126,94,0,3,83,5_S8,1.8632078e-07,2.9170496e-06,7.4122186e-06,1.2554064e-07,0.025515763,0.9744736,5_S8
c3_p101_20231128_o11,p101_20231128,101,0,3,65,3_S6,3.5399939e-09,1.17832414e-07,5.61398e-07,0.999691,0.00030837435,1.2387318e-08,3_S6
c3_p101_20231130_o10,p101_20231130,101,0,3,69,3_S6,2.3919824e-06,7.901432e-06,4.0834868e-05,0.99132687,0.00862141,6.171598e-07,3_S6
c3_p101_20231204_o12,p101_20231204,101,0,3,69,3_S6,5.729115e-09,3.0333317e-07,4.090349e-08,0.9683631,0.031636544,8.434463e-08,3_S6
c3_p101_20231207_o05,p101_20231207,101,0,3,69,3_S6,2.3428079e-06,9.768013e-06,1.5459818e-05,0.8057114,0.19423369,2.7288397e-05,3_S6
c3_p101_20231211_o05,p101_20231211,101,0,3,70,4_S7,1.4357915e-06,9.639784e-06,2.6049431e-06,0.45193934,0.5480093,3.770491e-05,4_S7
c3_p101_20231218_o06,p101_20231218,101,0,3,71,4_S7,2.72205e-10,3.0432275e-08,9.278151e-09,0.00016408358,0.99983025,5.57653e-06,4_S7
c3_p101_20231227_o05,p101_20231227,101,0,3,73,4_S7,5.381399e-08,5.6595525e-07,3.282377e-07,0.00081803306,0.9954855,0.0036955548,4_S7
c3_p101_20240115_o11,p101_20240115,101,0,3,75,4_S7,5.018788e-09,6.6919476e-08,3.880026e-08,9.492857e-07,0.997523,0.0024760056,4_S7
c3_p101_20240119_o06,p101_20240119,101,0,3,77,4_S7,1.9071984e-09,1.6758811e-07,2.0512987e-09,1.1415364e-06,0.9981273,0.0018714493,4_S7
c3_p101_20240126_o12,p101_20240126,101,0,3,79,4_S7,3.574874e-09,1.6246236e-08,6.4471624e-09,1.9255668e-07,0.97827554,0.021724297,4_S7
c3_p002_20230816_o10,p002_20230816,2,1,3,68,3_S6,0.00064149854,0.0041635795,0.029698815,0.7184032,0.24516815,0.0019247615,3_S6
c3_p002_20230921_o04,p002_20230921,2,1,3,77,4_S7,1.1100451e-05,1.8948058e-05,0.020023143,0.0042026504,0.97548395,0.00026020643,4_S7
c3_p002_20231005_o12,p002_20231005,2,1,3,79,4_S7,1.066316e-06,1.0405957e-07,2.8922506e-07,2.9944056e-07,0.94481647,0.055181704,4_S7
c3_p026_20230828_o08,p026_20230828,26,1,3,16,0_S1,0.20761411,0.67945826,0.09921524,0.007367688,0.0049439273,0.0014007672,1_S2
c3_p026_20230904_o02,p026_20230904,26,1,3,53,2_S5,0.16324703,0.3520667,0.4577207,0.013938973,0.012269186,0.0007574608,2_S5
c3_p026_20230908_o09,p026_20230908,26,1,3,64,3_S6,0.0003834985,0.0024754116,0.044869505,0.95086586,0.0012688964,0.00013682454,3_S6
c3_p026_20230921_o01,p026_20230921,26,1,3,70,4_S7,0.00022065514,1.9622452e-05,0.01854455,0.03101369,0.9499098,0.0002916139,4_S7
c3_p026_20231006_o10,p026_20231006,26,1,3,71,4_S7,2.9826042e-06,2.3742017e-05,0.01706876,0.003744763,0.9788752,0.00028454754,4_S7
c3_p026_20231017_o11,p026_20231017,26,1,3,74,4_S7,1.925389e-05,0.000269943,0.124359995,0.21644185,0.65843695,0.00047200528,4_S7
c3_p026_20231023_o10,p026_20231023,26,1,3,75,4_S7,1.0976993e-05,0.000271885,0.0019606024,0.018237256,0.97800696,0.0015122653,4_S7
c3_p026_20231027_o04,p026_20231027,26,1,3,76,4_S7,3.623468e-09,5.42266e-08,1.6330126e-06,0.001042937,0.9987921,0.00016320053,4_S7
c3_p026_20231101_o09,p026_20231101,26,1,3,77,4_S7,7.277761e-11,3.36394e-09,9.882914e-08,4.879404e-05,0.9999503,7.573061e-07,4_S7
c3_p026_20231106_o07,p026_20231106,26,1,3,78,4_S7,1.6533859e-08,4.5822514e-08,1.0939479e-07,5.0008707e-06,0.9986816,0.0013132173,4_S7
c3_p026_20231109_o07,p026_20231109,26,1,3,79,4_S7,8.1353957e-10,2.3931253e-08,2.2381816e-08,2.0183372e-06,0.9964585,0.003539515,4_S7
c3_p026_20231120_o07,p026_20231120,26,1,3,84,5_S8,2.5500444e-08,5.030992e-08,1.9447732e-06,1.4166592e-06,0.0012054116,0.99879116,5_S8
c3_p026_20231124_o02,p026_20231124,26,1,3,85,5_S8,2.4612605e-06,1.2563955e-05,1.1716816e-05,0.0001510705,0.8481687,0.15165348,4_S7
c3_p026_20231127_o02,p026_20231127,26,1,3,86,5_S8,8.908863e-08,1.4035044e-07,1.7236165e-06,1.5542469e-06,0.00012530899,0.99987113,5_S8
c3_p026_20231130_o12,p026_20231130,26,1,3,89,5_S8,5.667148e-09,5.032829e-09,4.295524e-08,5.542559e-08,1.0603486e-05,0.9999894,5_S8
c3_p027_20230828_o04,p027_20230828,27,1,3,20,1_S2,0.5775132,0.06576906,0.3223902,0.032043293,0.0022516595,3.2567164e-05,0_S1
c3_p027_20230904_o07,p027_20230904,27,1,3,60,3_S6,9.059216e-05,3.9563012e-05,0.19850671,0.073960125,0.7273568,4.6120254e-05,4_S7
c3_p027_20230908_o02,p027_20230908,27,1,3,66,3_S6,4.910715e-05,0.00044818918,0.076010466,0.9229272,0.0005296847,3.536212e-05,3_S6
c3_p027_20230921_o09,p027_20230921,27,1,3,68,3_S6,1.8544759e-05,1.24821045e-05,0.002813872,0.00019174341,0.99122614,0.0057373014,4_S7
c3_p027_20231006_o08,p027_20231006,27,1,3,70,4_S7,8.756035e-06,4.9076567e-05,0.09219839,0.04016067,0.86688644,0.0006966329,4_S7
c3_p027_20231017_o07,p027_20231017,27,1,3,72,4_S7,1.5914203e-06,9.755769e-07,0.47175556,9.028697e-05,0.5278924,0.0002592674,4_S7
c3_p027_20231023_o07,p027_20231023,27,1,3,73,4_S7,4.708437e-06,0.00012980372,0.009165121,0.0026599525,0.9874665,0.000573973,4_S7
c3_p027_20231027_o08,p027_20231027,27,1,3,74,4_S7,4.8454734e-08,2.0092523e-06,0.00011141072,0.007180887,0.9920839,0.0006218286,4_S7
c3_p027_20231101_o07,p027_20231101,27,1,3,75,4_S7,1.8104198e-06,1.2058369e-05,0.000129668,0.0010555319,0.99791425,0.0008867477,4_S7
c3_p027_20231106_o09,p027_20231106,27,1,3,76,4_S7,1.5560294e-09,3.7427193e-07,0.00022680199,0.0011088214,0.99854714,0.00011689115,4_S7
c3_p027_20231109_o07,p027_20231109,27,1,3,77,4_S7,4.1297955e-08,1.0401417e-06,0.00033159897,0.00082329166,0.996356,0.002488086,4_S7
c3_p027_20231120_o11,p027_20231120,27,1,3,78,4_S7,7.764757e-12,2.0795755e-10,1.199083e-08,1.6025701e-06,0.99910647,0.0008918647,4_S7
c3_p027_20231124_o04,p027_20231124,27,1,3,79,4_S7,1.0927916e-07,1.0761763e-06,9.788224e-06,0.0008333665,0.9924429,0.0067126434,4_S7
c3_p027_20231127_o07,p027_20231127,27,1,3,79,4_S7,2.1329565e-06,8.317814e-06,0.00033732332,0.00056697143,0.93718135,0.061904013,4_S7
c3_p027_20231130_o01,p027_20231130,27,1,3,79,4_S7,6.566013e-09,2.1300316e-08,7.485473e-06,6.891147e-08,0.027986767,0.97200567,5_S8
c3_p032_20230828_o10,p032_20230828,32,1,3,15,0_S1,0.91438705,0.03683816,0.04459219,0.0032166706,0.00083307544,0.00013280091,0_S1
c3_p032_20230904_o08,p032_20230904,32,1,3,60,3_S6,0.8514563,0.007870456,0.10930825,0.0004375698,0.028484372,0.00244306,0_S1
c3_p032_20230908_o03,p032_20230908,32,1,3,64,3_S6,2.025103e-06,2.8336866e-05,0.0006243074,0.99912673,0.00021519253,3.4333173e-06,3_S6
c3_p032_20230921_o05,p032_20230921,32,1,3,72,4_S7,8.154486e-06,2.2290925e-07,0.07497677,0.00011623862,0.9248148,8.3796935e-05,4_S7
c3_p032_20231006_o03,p032_20231006,32,1,3,74,4_S7,1.4347907e-07,6.423146e-07,0.000114887145,0.00019151537,0.99883777,0.0008550779,4_S7
c3_p032_20231017_o05,p032_20231017,32,1,3,75,4_S7,4.3532497e-10,1.5944618e-09,5.3823696e-06,3.7666785e-05,0.99995375,3.2236321e-06,4_S7
c3_p032_20231023_o01,p032_20231023,32,1,3,76,4_S7,1.8953151e-05,0.0013292995,0.1954401,0.08466558,0.71849436,5.166062e-05,4_S7
c3_p032_20231027_o05,p032_20231027,32,1,3,77,4_S7,7.047705e-08,7.017983e-07,0.00033115863,0.0013155062,0.9981218,0.00023069726,4_S7
c3_p032_20231101_o07,p032_20231101,32,1,3,78,4_S7,7.684693e-05,2.442373e-05,0.0007563399,0.00016894308,0.9932714,0.0057020118,4_S7
c3_p032_20231106_o12,p032_20231106,32,1,3,79,4_S7,7.2688555e-10,2.2277873e-09,1.0814885e-07,3.541676e-06,0.99904627,0.000950008,4_S7
c3_p032_20231109_o09,p032_20231109,32,1,3,80,5_S8,4.1138014e-07,1.2244585e-06,4.937515e-06,4.6788733e-05,0.8536816,0.14626494,4_S7
c3_p032_20231120_o03,p032_20231120,32,1,3,81,5_S8,3.2387658e-07,3.5297975e-07,0.00022078768,5.54803e-06,0.04976109,0.9500119,5_S8
c3_p032_20231124_o08,p032_20231124,32,1,3,83,5_S8,8.094586e-10,5.131866e-09,4.7751732e-06,2.8138562e-08,0.007513553,0.9924817,5_S8
c3_p032_20231127_o06,p032_20231127,32,1,3,85,5_S8,1.4314036e-09,2.549155e-09,1.4275016e-06,6.958025e-08,0.075419225,0.92457926,5_S8
c3_p032_20231130_o12,p032_20231130,32,1,3,87,5_S8,5.838315e-09,9.962613e-09,8.638454e-08,2.9009355e-08,4.1328654e-05,0.99995863,5_S8
c3_p041_20230828_o08,p041_20230828,41,1,3,14,0_S1,0.9992268,0.00053948595,0.00017355192,4.83539e-06,4.215116e-05,1.3170303e-05,0_S1
c3_p041_20230904_o09,p041_20230904,41,1,3,53,2_S5,0.15144987,0.0028673722,0.79027486,0.053047955,0.0023206666,3.925467e-05,2_S5
c3_p041_20230908_o07,p041_20230908,41,1,3,60,3_S6,0.0005170545,0.01370277,0.14308332,0.84103274,0.0016461038,1.794919e-05,3_S6
c3_p041_20230921_o02,p041_20230921,41,1,3,66,3_S6,6.9953996e-05,8.38174e-06,0.075566575,0.007371459,0.91653734,0.00044634967,4_S7
c3_p041_20231006_o11,p041_20231006,41,1,3,72,4_S7,0.00331041,0.0012754288,0.06446689,0.00043125782,0.89914566,0.031370346,4_S7
c3_p041_20231017_o04,p041_20231017,41,1,3,73,4_S7,3.1815325e-05,0.0003604693,0.0026020198,0.008965999,0.98655635,0.0014832205,4_S7
c3_p041_20231023_o01,p041_20231023,41,1,3,74,4_S7,1.9672111e-06,2.1390879e-05,0.0010173339,0.0009249315,0.9979482,8.608464e-05,4_S7
c3_p041_20231027_o02,p041_20231027,41,1,3,75,4_S7,3.4825457e-06,3.8961192e-05,0.0013972727,0.08318628,0.9151452,0.00022876152,4_S7
c3_p041_20231101_o04,p041_20231101,41,1,3,76,4_S7,6.406457e-08,2.433517e-06,5.981977e-05,0.00053445343,0.9992975,0.0001056809,4_S7
c3_p041_20231106_o10,p041_20231106,41,1,3,77,4_S7,8.5237734e-05,4.101752e-06,0.00022345931,9.394763e-06,0.990131,0.009546828,4_S7
c3_p041_20231109_o11,p041_20231109,41,1,3,78,4_S7,3.8733293e-07,7.281453e-07,0.00020033539,0.00010950414,0.9989235,0.00076566567,4_S7
c3_p041_20231120_o03,p041_20231120,41,1,3,80,5_S8,3.4988418e-05,2.1261234e-05,0.00025371186,3.3337757e-05,0.010243454,0.98941326,5_S8
c3_p041_20231124_o04,p041_20231124,41,1,3,85,5_S8,2.294292e-06,7.373291e-07,3.522233e-06,2.9186433e-05,3.0953746e-05,0.99993336,5_S8
c3_p041_20231127_o12,p041_20231127,41,1,3,85,5_S8,7.030818e-06,9.267683e-07,2.6313169e-06,0.0005406862,9.0084555e-05,0.9993586,5_S8
c3_p041_20231130_o10,p041_20231130,41,1,3,85,5_S8,1.3280462e-05,4.2571073e-06,1.965186e-05,1.7323002e-05,0.0003832888,0.9995622,5_S8
c3_p042_20230929_o04,p042_20230929,42,1,3,13,0_S1,0.99883336,1.2679473e-05,1.8312213e-06,2.324556e-05,0.0004217241,0.0007072441,0_S1
c3_p042_20231004_o03,p042_20231004,42,1,3,14,0_S1,0.9998807,6.4899745e-05,2.722675e-05,7.5303215e-06,7.939039e-06,1.1698023e-05,0_S1
c3_p042_20231011_o08,p042_20231011,42,1,3,14,0_S1,0.9937968,0.00018645811,0.00017871187,2.449449e-05,0.0054210555,0.0003923561,0_S1
c3_p042_20231017_o05,p042_20231017,42,1,3,15,0_S1,0.15640779,0.028898478,0.7938627,0.016318412,0.0042512147,0.00026140804,2_S5
c3_p042_20231019_o03,p042_20231019,42,1,3,15,0_S1,0.30061385,0.23317832,0.44271013,0.022607205,0.00082538265,6.510563e-05,2_S5
c3_p042_20231023_o04,p042_20231023,42,1,3,53,2_S5,0.0056101857,0.2880443,0.37865794,0.31329468,0.014218042,0.00017481718,2_S5
c3_p042_20231027_o06,p042_20231027,42,1,3,54,2_S5,0.054672483,0.023372764,0.41859406,0.29704422,0.20504501,0.0012715268,2_S5
c3_p042_20231101_o01,p042_20231101,42,1,3,55,2_S5,9.819298e-06,0.0014003874,0.0045260014,0.99215204,0.0019061357,5.7082475e-06,3_S6
c3_p042_20231106_o09,p042_20231106,42,1,3,62,3_S6,3.996067e-08,8.282741e-07,0.000746887,0.6066948,0.39255062,6.7999194e-06,3_S6
c3_p042_20231109_o01,p042_20231109,42,1,3,68,3_S6,3.8837256e-06,0.0010381769,0.018048925,0.97353697,0.007366289,5.7116968e-06,3_S6
c3_p042_20231120_o09,p042_20231120,42,1,3,70,4_S7,1.0394984e-06,1.1534033e-05,0.0018782029,0.7343,0.26379585,1.334845e-05,3_S6
c3_p042_20231127_o06,p042_20231127,42,1,3,72,4_S7,2.4506494e-10,1.9269564e-09,1.6823147e-06,5.530003e-06,0.9999844,8.363619e-06,4_S7
c3_p042_20231130_o09,p042_20231130,42,1,3,74,4_S7,2.2157978e-09,4.3284142e-08,3.1798575e-06,1.668247e-05,0.9998827,9.736123e-05,4_S7
c3_p042_20231204_o05,p042_20231204,42,1,3,76,4_S7,3.575651e-08,2.8976245e-07,0.00018329748,0.0017455834,0.99537635,0.0026944515,4_S7
c3_p042_20231211_o09,p042_20231211,42,1,3,80,5_S8,2.1237277e-08,3.058493e-07,6.358971e-05,6.5211552e-06,0.9997304,0.00019911877,4_S7
c3_p042_20231214_o04,p042_20231214,42,1,3,82,5_S8,2.0942582e-06,1.0684169e-06,1.1798934e-06,8.631437e-05,0.09896346,0.9009459,5_S8
c3_p042_20231218_o06,p042_20231218,42,1,3,82,5_S8,1.5378177e-08,3.2829928e-07,1.3591796e-05,4.4875072e-05,0.9658948,0.0340464,4_S7
c3_p042_20231227_o05,p042_20231227,42,1,3,83,5_S8,9.022708e-08,2.7850228e-06,7.1006634e-06,2.2272185e-05,0.98531693,0.014650897,4_S7
c3_p042_20240104_o10,p042_20240104,42,1,3,84,5_S8,4.0563655e-06,7.414009e-07,5.9717017e-06,6.535607e-07,0.017745804,0.9822428,5_S8
c3_p044_20230929_o03,p044_20230929,44,1,3,13,0_S1,0.9990833,2.9003224e-05,3.8626986e-06,1.6748441e-05,0.00036476503,0.00050233654,0_S1
c3_p044_20231004_o09,p044_20231004,44,1,3,13,0_S1,0.99804723,0.00097000884,0.00085696543,3.8150316e-05,6.5480504e-05,2.2199742e-05,0_S1
c3_p044_20231011_o05,p044_20231011,44,1,3,15,0_S1,0.9210812,0.0243224,0.04224348,0.005048336,0.007043617,0.00026097608,0_S1
c3_p044_20231017_o06,p044_20231017,44,1,3,20,1_S2,0.14968579,0.09101077,0.6101718,0.14624429,0.0028006586,8.671098e-05,2_S5
c3_p044_20231019_o11,p044_20231019,44,1,3,51,2_S5,0.0021200003,0.009255551,0.3889192,0.59817004,0.0015227629,1.2404308e-05,3_S6
c3_p044_20231023_o10,p044_20231023,44,1,3,54,2_S5,1.9985415e-05,0.0018150843,0.003080245,0.9930161,0.0020568718,1.1667432e-05,3_S6
c3_p044_20231027_o10,p044_20231027,44,1,3,55,2_S5,5.821509e-05,0.0010616806,0.002962771,0.9958341,8.266019e-05,5.188968e-07,3_S6
c3_p044_20231101_o04,p044_20231101,44,1,3,59,2_S5,1.568027e-05,0.0029278276,0.028222946,0.96690315,0.0019291136,1.2215633e-06,3_S6
c3_p044_20231106_o08,p044_20231106,44,1,3,61,3_S6,4.1056833e-08,8.527915e-07,0.00034007107,0.99397933,0.0056795003,1.6441521e-07,3_S6
c3_p044_20231109_o10,p044_20231109,44,1,3,68,3_S6,3.6184279e-06,0.0007949159,0.012307813,0.7881881,0.19867413,3.141645e-05,3_S6
c3_p044_20231120_o09,p044_20231120,44,1,3,70,4_S7,3.411799e-05,0.00019018984,0.009571654,0.014146743,0.97574836,0.00030905526,4_S7
c3_p044_20231127_o09,p044_20231127,44,1,3,71,4_S7,9.559853e-08,6.8887084e-07,4.265412e-06,0.010132455,0.9898385,2.400195e-05,4_S7
c3_p044_20231130_o02,p044_20231130,44,1,3,72,4_S7,6.305726e-13,1.2425067e-10,2.7443815e-07,8.3160137e-07,0.9999882,1.0681196e-05,4_S7
c3_p044_20231204_o12,p044_20231204,44,1,3,72,4_S7,1.356575e-06,1.46972325e-05,0.00031553078,0.008955339,0.9903142,0.00039892588,4_S7
c3_p044_20231211_o04,p044_20231211,44,1,3,73,4_S7,7.2561215e-09,4.6959467e-08,3.7183173e-07,3.1051309e-06,0.9984871,0.0015093903,4_S7
c3_p044_20231214_o08,p044_20231214,44,1,3,74,4_S7,3.5890103e-11,2.4532436e-09,5.3607106e-08,5.0169365e-05,0.99986696,8.282368e-05,4_S7
c3_p044_20231218_o02,p044_20231218,44,1,3,76,4_S7,1.7014262e-11,2.0840607e-09,2.6830103e-08,0.0002008802,0.9997304,6.8682224e-05,4_S7
c3_p044_20231227_o01,p044_20231227,44,1,3,79,4_S7,5.154463e-10,1.6997177e-08,1.691767e-07,0.00018656894,0.99961877,0.00019448002,4_S7
c3_p044_20240104_o10,p044_20240104,44,1,3,81,5_S8,8.198135e-11,4.864675e-09,1.18221815e-08,2.1801804e-07,0.7395058,0.2604939,4_S7
c3_p047_20230929_o09,p047_20230929,47,1,3,13,0_S1,0.99943167,1.741902e-05,9.749042e-06,1.9012412e-05,0.00028121885,0.00024091045,0_S1
c3_p047_20231004_o08,p047_20231004,47,1,3,13,0_S1,0.9997968,0.00012925937,5.0688494e-05,2.6465243e-06,1.268846e-05,7.972127e-06,0_S1
c3_p047_20231011_o11,p047_20231011,47,1,3,14,0_S1,0.99957496,7.681583e-05,0.00014878558,6.2116615e-06,0.00016745845,2.57237e-05,0_S1
c3_p047_20231017_o03,p047_20231017,47,1,3,15,0_S1,0.34876162,0.0031954132,0.64543986,0.00012788962,0.0024573582,1.78871e-05,2_S5
c3_p047_20231019_o10,p047_20231019,47,1,3,15,0_S1,0.22800106,0.038429733,0.72033155,0.013111202,0.00010859952,1.7836615e-05,2_S5
c3_p047_20231023_o08,p047_20231023,47,1,3,16,0_S1,1.3949583e-05,5.7186582e-05,0.3516596,0.6476673,0.00060067576,1.360414e-06,3_S6
c3_p047_20231027_o06,p047_20231027,47,1,3,17,0_S1,3.291583e-06,0.0004299454,0.004321615,0.94356275,0.051677376,5.0468025e-06,3_S6
c3_p047_20231101_o01,p047_20231101,47,1,3,55,2_S5,4.0866116e-06,0.0029576342,0.0062953653,0.98867255,0.002068141,2.145842e-06,3_S6
c3_p047_20231106_o02,p047_20231106,47,1,3,61,3_S6,4.1123928e-07,1.0573885e-05,0.018689072,0.9670105,0.014284593,4.915677e-06,3_S6
c3_p047_20231109_o06,p047_20231109,47,1,3,65,3_S6,2.2043065e-07,1.896961e-05,0.00081859867,0.99812275,0.0010393478,4.8050588e-08,3_S6
c3_p047_20231120_o12,p047_20231120,47,1,3,70,4_S7,1.4524833e-05,4.6128935e-05,0.026058018,0.01684496,0.956672,0.00036438255,4_S7
c3_p047_20231127_o10,p047_20231127,47,1,3,71,4_S7,4.7142143e-07,7.0475526e-06,0.0001335785,0.39193687,0.60791296,9.039059e-06,4_S7
c3_p047_20231130_o09,p047_20231130,47,1,3,72,4_S7,2.4432502e-05,0.00014227704,0.07694414,0.4989919,0.4238709,2.6361913e-05,3_S6
c3_p047_20231204_o10,p047_20231204,47,1,3,74,4_S7,7.0832346e-07,3.4140508e-06,0.00012602065,0.025282461,0.9745564,3.099194e-05,4_S7
c3_p047_20231211_o12,p047_20231211,47,1,3,76,4_S7,2.437512e-10,2.6726727e-08,1.4183965e-07,4.8282844e-05,0.9999155,3.6053843e-05,4_S7
c3_p047_20231214_o02,p047_20231214,47,1,3,78,4_S7,9.532628e-11,8.579357e-10,6.778454e-08,5.345508e-06,0.9999882,6.391759e-06,4_S7
c3_p047_20231218_o04,p047_20231218,47,1,3,79,4_S7,1.9742925e-14,2.0205046e-12,2.6623764e-11,3.053459e-08,0.9999995,3.9911626e-07,4_S7
c3_p047_20231227_o05,p047_20231227,47,1,3,81,5_S8,1.9482887e-07,1.0621678e-06,2.4165781e-06,1.4017268e-05,0.038261488,0.9617208,5_S8
c3_p047_20240104_o11,p047_20240104,47,1,3,82,5_S8,5.3502673e-09,3.6737884e-09,9.061251e-10,7.629939e-08,0.00015021663,0.9998497,5_S8
c3_p049_20230929_o05,p049_20230929,49,1,3,13,0_S1,0.9997514,6.3478974e-06,3.6895935e-06,2.5372622e-06,0.00010307492,0.00013298407,0_S1
c3_p049_20231004_o04,p049_20231004,49,1,3,13,0_S1,0.99994564,1.2697129e-05,1.8117427e-05,1.0911481e-06,1.5373202e-05,7.070165e-06,0_S1
c3_p049_20231011_o12,p049_20231011,49,1,3,15,0_S1,0.9989034,0.000110597095,0.00020182904,2.1062358e-05,0.00072110735,4.1987812e-05,0_S1
c3_p049_20231017_o12,p049_20231017,49,1,3,15,0_S1,0.47034168,0.15739724,0.3474211,0.023719976,0.00094376813,0.00017628496,0_S1
c3_p049_20231019_o06,p049_20231019,49,1,3,16,0_S1,0.17690052,0.11620424,0.5614912,0.13201599,0.012991722,0.00039635107,2_S5
c3_p049_20231023_o11,p049_20231023,49,1,3,20,1_S2,0.46390527,0.42255083,0.104102604,0.008949021,0.00041043168,8.190269e-05,0_S1
c3_p049_20231027_o11,p049_20231027,49,1,3,55,2_S5,1.5067367e-07,1.2939983e-05,4.7143105e-05,0.9985738,0.0013596404,6.3820426e-06,3_S6
c3_p049_20231101_o07,p049_20231101,49,1,3,60,3_S6,0.00044384354,0.03451451,0.12416756,0.7022163,0.13815919,0.00049856864,3_S6
c3_p049_20231106_o02,p049_20231106,49,1,3,62,3_S6,4.157979e-07,2.5441712e-05,0.0006317022,0.99873346,0.0006087602,2.8017556e-07,3_S6
c3_p049_20231109_o07,p049_20231109,49,1,3,64,3_S6,1.3502371e-05,0.00066315825,0.010951117,0.63311005,0.35522687,3.5269546e-05,3_S6
c3_p049_20231120_o05,p049_20231120,49,1,3,71,4_S7,7.711084e-06,0.000102655154,0.011265126,0.13794824,0.8501911,0.0004851124,4_S7
c3_p049_20231127_o07,p049_20231127,49,1,3,72,4_S7,4.4721386e-08,6.0502494e-08,1.5135256e-05,1.8051463e-05,0.9953885,0.0045781126,4_S7
c3_p049_20231130_o11,p049_20231130,49,1,3,73,4_S7,2.2222635e-11,1.1799078e-09,1.9079788e-07,1.5991995e-05,0.99998224,1.5267884e-06,4_S7
c3_p049_20231204_o12,p049_20231204,49,1,3,74,4_S7,2.3761364e-12,1.0038108e-10,1.7075682e-07,5.41758e-07,0.9999976,1.7380956e-06,4_S7
c3_p049_20231211_o03,p049_20231211,49,1,3,75,4_S7,6.826231e-08,5.286044e-07,3.1218508e-06,1.0829716e-05,0.999966,1.9349263e-05,4_S7
c3_p049_20231214_o11,p049_20231214,49,1,3,77,4_S7,2.9940857e-08,2.7294251e-07,1.8753539e-05,4.1232906e-05,0.98175263,0.018187176,4_S7
c3_p049_20231218_o12,p049_20231218,49,1,3,78,4_S7,9.382445e-10,4.4836955e-08,2.1374426e-07,1.2379657e-05,0.99994624,4.107835e-05,4_S7
c3_p049_20231227_o12,p049_20231227,49,1,3,79,4_S7,2.6531504e-09,8.098066e-08,5.1129837e-07,4.0368595e-06,0.8787433,0.12125206,4_S7
c3_p049_20240104_o08,p049_20240104,49,1,3,82,5_S8,3.8102845e-09,5.260705e-09,2.0582963e-08,3.5442348e-08,1.2513349e-05,0.9999875,5_S8
c3_p059_20230929_o08,p059_20230929,59,1,3,13,0_S1,0.99995553,1.8357384e-06,1.4691651e-06,6.296525e-07,2.6969446e-05,1.3630756e-05,0_S1
c3_p059_20231004_o06,p059_20231004,59,1,3,13,0_S1,0.999833,8.957198e-05,4.0296705e-05,2.4377812e-06,1.8821202e-05,1.5835654e-05,0_S1
c3_p059_20231011_o03,p059_20231011,59,1,3,15,0_S1,0.9952195,0.0010262692,0.0036578542,8.780616e-06,6.216756e-05,2.5316393e-05,0_S1
c3_p059_20231017_o11,p059_20231017,59,1,3,53,2_S5,0.11560208,0.004060181,0.8784703,0.0015534356,0.00028473456,2.916427e-05,2_S5
c3_p059_20231019_o12,p059_20231019,59,1,3,60,3_S6,0.06495508,0.003977332,0.899178,0.031792525,9.357669e-05,3.4290288e-06,2_S5
c3_p059_20231023_o05,p059_20231023,59,1,3,64,3_S6,0.0007369031,0.22369047,0.023169378,0.7523749,2.6923348e-05,1.4770945e-06,3_S6
c3_p059_20231027_o02,p059_20231027,59,1,3,62,3_S6,4.1082817e-08,0.00020150069,0.0011528964,0.99863833,7.1192135e-06,2.368709e-09,3_S6
c3_p059_20231101_o08,p059_20231101,59,1,3,65,3_S6,7.774045e-06,0.00091411226,0.01212988,0.9317346,0.055208437,5.1873453e-06,3_S6
c3_p059_20231106_o10,p059_20231106,59,1,3,70,4_S7,1.0183905e-05,0.0006541806,0.001319779,0.7239279,0.27405944,2.8551285e-05,3_S6
c3_p059_20231109_o01,p059_20231109,59,1,3,71,4_S7,2.4547273e-07,0.00012210371,8.8433284e-05,0.98227316,0.017510878,5.138258e-06,3_S6
c3_p059_20231120_o11,p059_20231120,59,1,3,72,4_S7,1.8043574e-08,1.124679e-06,4.5935903e-05,0.06324307,0.93670464,5.272288e-06,4_S7
c3_p059_20231127_o04,p059_20231127,59,1,3,74,4_S7,2.2649307e-07,1.1516349e-06,1.9457477e-06,0.0006311054,0.9993326,3.2984168e-05,4_S7
c3_p059_20231130_o08,p059_20231130,59,1,3,75,4_S7,1.4991057e-08,5.1609206e-08,4.7075223e-06,3.9186296e-05,0.99872285,0.0012331281,4_S7
c3_p059_20231204_o04,p059_20231204,59,1,3,76,4_S7,4.7945562e-08,1.1970096e-07,1.2357248e-06,3.85594e-05,0.9999403,1.9824765e-05,4_S7
c3_p059_20231211_o04,p059_20231211,59,1,3,77,4_S7,3.3102288e-09,5.660904e-08,4.5556558e-07,1.0622433e-06,0.9998764,0.00012198057,4_S7
c3_p059_20231214_o04,p059_20231214,59,1,3,78,4_S7,1.4024612e-07,3.8707392e-07,5.4005716e-07,1.8727691e-05,0.9982603,0.001719835,4_S7
c3_p059_20231218_o10,p059_20231218,59,1,3,79,4_S7,1.4387443e-08,2.1656513e-07,7.685178e-06,0.00010181174,0.9931017,0.006788602,4_S7
c3_p059_20231227_o01,p059_20231227,59,1,3,81,5_S8,2.9076324e-09,1.1061005e-07,8.699305e-06,4.8042424e-05,0.9950598,0.0048834276,4_S7
c3_p059_20240104_o01,p059_20240104,59,1,3,83,5_S8,8.5898314e-08,1.7766914e-07,2.945417e-06,9.978396e-06,0.6710942,0.32889262,4_S7
c3_p073_20231006_o05,p073_20231006,73,1,3,13,0_S1,0.999882,1.11324625e-05,4.9819966e-05,8.000599e-06,3.11631e-05,1.7915803e-05,0_S1
c3_p073_20231011_o09,p073_20231011,73,1,3,13,0_S1,0.999395,4.5109624e-05,0.00028375944,1.2508345e-05,0.00020083597,6.269879e-05,0_S1
c3_p073_20231017_o10,p073_20231017,73,1,3,13,0_S1,0.9997427,9.29968e-05,0.0001451319,6.0491984e-06,9.220655e-06,3.8658527e-06,0_S1
c3_p073_20231019_o10,p073_20231019,73,1,3,13,0_S1,0.9848488,0.011542688,0.0032400978,0.00012703994,0.0001660542,7.543655e-05,0_S1
c3_p073_20231023_o10,p073_20231023,73,1,3,14,0_S1,0.9988372,0.0010675762,8.4829066e-05,1.0067813e-06,3.2174999e-06,6.270955e-06,0_S1
c3_p073_20231027_o09,p073_20231027,73,1,3,51,2_S5,0.17654103,0.7050996,0.079492435,0.036607724,0.001615894,0.0006433758,1_S2
c3_p073_20231101_o05,p073_20231101,73,1,3,53,2_S5,0.010474303,0.11944579,0.7888148,0.08110759,0.0001546846,2.9146884e-06,2_S5
c3_p073_20231106_o05,p073_20231106,73,1,3,69,3_S6,2.541796e-08,2.4964327e-06,0.00032278986,0.9993635,0.00031126945,3.252247e-08,3_S6
c3_p073_20231109_o08,p073_20231109,73,1,3,70,4_S7,1.6074088e-06,7.087951e-05,0.0061036204,0.98714197,0.006679355,2.5501402e-06,3_S6
c3_p073_20231120_o05,p073_20231120,73,1,3,71,4_S7,4.1704726e-07,2.8272502e-06,0.0010374375,0.16062605,0.83824253,9.0722526e-05,4_S7
c3_p073_20231127_o01,p073_20231127,73,1,3,72,4_S7,3.8460215e-07,9.7861885e-06,6.665485e-06,0.0014401245,0.99710864,0.0014344096,4_S7
c3_p073_20231130_o08,p073_20231130,73,1,3,75,4_S7,0.0009203646,0.0006309787,0.057939164,0.0015006803,0.64956915,0.28943962,4_S7
c3_p073_20231204_o07,p073_20231204,73,1,3,76,4_S7,4.025406e-05,3.8876846e-05,7.8020246e-05,0.004320789,0.99321544,0.0023066888,4_S7
c3_p073_20231211_o03,p073_20231211,73,1,3,77,4_S7,5.2633657e-09,6.989378e-09,1.0109383e-07,1.5061845e-07,0.9999286,7.112064e-05,4_S7
c3_p073_20231214_o01,p073_20231214,73,1,3,78,4_S7,1.5087915e-07,3.3262003e-07,1.9706079e-06,0.00030431568,0.9996314,6.1746694e-05,4_S7
c3_p073_20231218_o10,p073_20231218,73,1,3,79,4_S7,4.0641672e-09,2.4567964e-08,1.7521968e-08,2.3093535e-06,0.9999231,7.4515476e-05,4_S7
c3_p073_20231227_o06,p073_20231227,73,1,3,79,4_S7,8.099699e-09,4.034976e-08,1.4265282e-08,1.6070244e-08,0.9967135,0.0032864092,4_S7
c3_p073_20240115_o08,p073_20240115,73,1,3,84,5_S8,5.4487095e-06,1.794499e-06,3.5188737e-06,1.9809077e-06,0.0008960127,0.99909127,5_S8
c3_p073_20240119_o05,p073_20240119,73,1,3,85,5_S8,1.3114901e-08,2.3368236e-09,1.860149e-09,2.3076627e-08,9.190902e-06,0.9999908,5_S8
c3_p073_20240126_o11,p073_20240126,73,1,3,86,5_S8,1.6395909e-07,3.9221526e-08,8.617271e-09,2.7555248e-07,6.374329e-05,0.99993587,5_S8
c3_p077_20231006_o11,p077_20231006,77,1,3,13,0_S1,0.99995077,2.594924e-06,5.857731e-06,5.3582227e-07,2.1634938e-05,1.8701727e-05,0_S1
c3_p077_20231011_o02,p077_20231011,77,1,3,13,0_S1,0.99929833,6.67444e-05,0.00045018047,3.1767675e-05,0.0001242466,2.8771117e-05,0_S1
c3_p077_20231017_o10,p077_20231017,77,1,3,13,0_S1,0.9999453,1.3980563e-05,2.001159e-05,5.894885e-07,1.0618136e-05,9.46243e-06,0_S1
c3_p077_20231019_o08,p077_20231019,77,1,3,14,0_S1,0.9933355,0.0027782647,0.002278105,9.794136e-05,0.0007207384,0.00078939646,0_S1
c3_p077_20231023_o12,p077_20231023,77,1,3,20,1_S2,0.9997187,7.633536e-05,0.00015779297,1.899083e-05,2.3451665e-05,4.708627e-06,0_S1
c3_p077_20231027_o07,p077_20231027,77,1,3,53,2_S5,0.89050794,0.05425293,0.05445884,0.000679564,8.2258746e-05,1.8402588e-05,0_S1
c3_p077_20231101_o04,p077_20231101,77,1,3,55,2_S5,0.0044518537,0.014608626,0.8987929,0.082091436,5.4398934e-05,7.640835e-07,2_S5
c3_p077_20231106_o05,p077_20231106,77,1,3,60,3_S6,7.242581e-08,3.1454385e-06,0.0019475216,0.997677,0.00037220796,6.5578916e-09,3_S6
c3_p077_20231109_o04,p077_20231109,77,1,3,69,3_S6,9.00473e-09,1.7673267e-06,1.9522558e-05,0.99990344,7.522544e-05,5.036621e-09,3_S6
c3_p077_20231120_o05,p077_20231120,77,1,3,70,4_S7,1.4012416e-08,6.7134147e-07,0.00035571845,0.96401787,0.035625573,1.4656351e-07,3_S6
c3_p077_20231127_o12,p077_20231127,77,1,3,73,4_S7,3.5509512e-10,3.7728913e-08,1.2703053e-07,6.0663482e-05,0.99971503,0.0002241053,4_S7
c3_p077_20231130_o11,p077_20231130,77,1,3,75,4_S7,2.3869575e-06,1.6371692e-05,0.010176382,0.0004643449,0.98528427,0.0040562395,4_S7
c3_p077_20231204_o03,p077_20231204,77,1,3,76,4_S7,3.0747817e-06,1.7426539e-05,8.007062e-05,0.0014645559,0.9977779,0.00065695826,4_S7
c3_p077_20231211_o12,p077_20231211,77,1,3,77,4_S7,4.6268323e-09,7.013783e-08,6.6163335e-07,5.278396e-06,0.99947137,0.0005225649,4_S7
c3_p077_20231214_o09,p077_20231214,77,1,3,78,4_S7,7.286469e-07,6.2434683e-06,0.0017161847,0.012170082,0.98597324,0.00013355058,4_S7
c3_p077_20231218_o07,p077_20231218,77,1,3,79,4_S7,3.130618e-10,2.8265761e-08,3.4839776e-08,6.1095056e-06,0.9998228,0.0001711491,4_S7
c3_p077_20231227_o07,p077_20231227,77,1,3,79,4_S7,3.9146977e-10,1.15726975e-08,7.664673e-08,5.4876216e-07,0.9998103,0.00018907206,4_S7
c3_p077_20240115_o09,p077_20240115,77,1,3,81,5_S8,4.182788e-06,4.3529176e-06,1.998517e-05,1.50090245e-05,0.01011051,0.989846,5_S8
c3_p077_20240119_o08,p077_20240119,77,1,3,84,5_S8,9.187236e-09,6.5140053e-09,1.2947482e-08,3.833071e-08,3.321783e-06,0.99999666,5_S8
c3_p077_20240126_o01,p077_20240126,77,1,3,88,5_S8,7.276099e-09,2.5883478e-09,4.088214e-09,4.014048e-08,6.3106795e-06,0.9999937,5_S8
c3_p078_20231006_o07,p078_20231006,78,1,3,13,0_S1,0.99984026,1.4903919e-05,6.4451495e-05,3.601775e-06,4.954843e-05,2.7117852e-05,0_S1
c3_p078_20231011_o06,p078_20231011,78,1,3,13,0_S1,0.99987006,1.5064385e-05,4.444206e-05,2.2439112e-06,5.1031064e-05,1.7131322e-05,0_S1
c3_p078_20231017_o03,p078_20231017,78,1,3,13,0_S1,0.9994367,6.372769e-05,0.00028821226,4.5449083e-06,0.0001431321,6.378929e-05,0_S1
c3_p078_20231019_o05,p078_20231019,78,1,3,14,0_S1,0.99287206,0.005139293,0.0016088124,9.064313e-05,0.00021381234,7.541999e-05,0_S1
c3_p078_20231023_o06,p078_20231023,78,1,3,51,2_S5,0.93562895,0.055235468,0.008636677,0.000116636285,0.0003128012,6.954263e-05,0_S1
c3_p078_20231027_o12,p078_20231027,78,1,3,53,2_S5,0.5494163,0.22733814,0.21739267,0.0037766157,0.0018931293,0.00018308828,0_S1
c3_p078_20231101_o05,p078_20231101,78,1,3,60,3_S6,0.004426484,0.025064005,0.7669841,0.20266685,0.00085389096,4.7035383e-06,2_S5
c3_p078_20231106_o09,p078_20231106,78,1,3,63,3_S6,6.299248e-08,2.9733319e-05,0.00020163161,0.99976474,3.7474317e-06,2.4596924e-09,3_S6
c3_p078_20231109_o05,p078_20231109,78,1,3,70,4_S7,7.5588136e-06,0.00042558752,0.007786008,0.9875119,0.004266303,2.7373596e-06,3_S6
c3_p078_20231120_o11,p078_20231120,78,1,3,71,4_S7,4.518278e-07,1.9069948e-05,0.00096789293,0.5355308,0.46340472,7.708467e-05,3_S6
c3_p078_20231127_o10,p078_20231127,78,1,3,72,4_S7,2.172519e-07,7.3348915e-06,2.3706241e-05,0.0013375257,0.99790454,0.0007267301,4_S7
c3_p078_20231130_o12,p078_20231130,78,1,3,74,4_S7,0.00012440718,0.0005173671,0.091597214,0.008657698,0.8947085,0.0043949164,4_S7
c3_p078_20231204_o03,p078_20231204,78,1,3,76,4_S7,4.3365052e-08,4.3159775e-07,3.0947436e-07,0.00015001764,0.9998068,4.2444757e-05,4_S7
c3_p078_20231211_o08,p078_20231211,78,1,3,78,4_S7,5.135094e-10,2.6278743e-08,4.988561e-08,8.2817513e-07,0.9999871,1.2025878e-05,4_S7
c3_p078_20231214_o03,p078_20231214,78,1,3,79,4_S7,1.5658025e-09,4.9520352e-08,2.2533294e-08,1.5324234e-05,0.9999664,1.8211258e-05,4_S7
c3_p078_20231218_o05,p078_20231218,78,1,3,79,4_S7,6.902914e-07,1.5447247e-05,6.026542e-06,1.978182e-05,0.89704543,0.102912694,4_S7
c3_p078_20231227_o04,p078_20231227,78,1,3,79,4_S7,1.8576513e-07,3.5529076e-06,2.0552927e-06,1.0660344e-05,0.99238867,0.007594908,4_S7
c3_p078_20240115_o06,p078_20240115,78,1,3,83,5_S8,3.2082705e-09,1.0140686e-08,4.1308118e-07,9.1683905e-09,0.0017304339,0.9982691,5_S8
c3_p078_20240119_o01,p078_20240119,78,1,3,84,5_S8,1.7807082e-11,1.4353109e-11,1.8964039e-11,4.1826498e-10,6.127832e-08,0.9999999,5_S8
c3_p078_20240126_o09,p078_20240126,78,1,3,89,5_S8,9.202955e-10,9.232932e-10,4.3859396e-09,3.9906432e-08,3.3294666e-07,0.99999964,5_S8
c3_p083_20231128_o06,p083_20231128,83,1,3,68,3_S6,0.00016437599,6.275242e-05,0.0002847083,0.9993345,0.00015239992,1.1646946e-06,3_S6
c3_p083_20231130_o04,p083_20231130,83,1,3,69,3_S6,2.4128976e-05,2.0413107e-05,5.0251612e-05,0.9963599,0.003539607,5.7728566e-06,3_S6
c3_p083_20231204_o09,p083_20231204,83,1,3,70,4_S7,0.00039218453,0.00039866692,0.0013300212,0.8937677,0.10369178,0.00041957616,3_S6
c3_p083_20231207_o03,p083_20231207,83,1,3,71,4_S7,0.0016905462,0.0051039997,0.07113757,0.14653866,0.7722643,0.00326499,4_S7
c3_p083_20231211_o05,p083_20231211,83,1,3,73,4_S7,7.606628e-05,0.00017255431,0.002967202,0.093513325,0.9028513,0.0004195904,4_S7
c3_p083_20231218_o06,p083_20231218,83,1,3,75,4_S7,1.9885903e-08,6.577699e-07,2.258511e-07,4.4509357e-05,0.9974727,0.0024818215,4_S7
c3_p083_20231227_o02,p083_20231227,83,1,3,77,4_S7,1.4699e-09,2.9858688e-07,3.7881523e-07,2.169339e-05,0.99996793,9.710436e-06,4_S7
c3_p083_20240115_o01,p083_20240115,83,1,3,78,4_S7,1.2356132e-12,9.851159e-11,6.274773e-11,8.057161e-09,0.9999608,3.91746e-05,4_S7
c3_p083_20240119_o03,p083_20240119,83,1,3,79,4_S7,2.2488728e-11,2.7230485e-10,5.6773586e-09,6.7850016e-07,0.9999069,9.237797e-05,4_S7
c3_p083_20240126_o04,p083_20240126,83,1,3,83,5_S8,1.0314025e-06,6.356408e-07,9.690052e-07,6.153939e-06,0.0010696503,0.99892163,5_S8
c3_p085_20231128_o03,p085_20231128,85,1,3,65,3_S6,4.7023714e-05,1.4261608e-05,9.614984e-05,0.99952185,0.0003170826,3.5998244e-06,3_S6
c3_p085_20231130_o01,p085_20231130,85,1,3,68,3_S6,2.6240755e-06,2.6787977e-06,1.0961148e-05,0.99991655,6.6717315e-05,4.7785096e-07,3_S6
c3_p085_20231204_o03,p085_20231204,85,1,3,69,3_S6,0.00014773592,0.00013116567,0.00010109701,0.9801696,0.01920517,0.00024514276,3_S6
c3_p085_20231207_o03,p085_20231207,85,1,3,70,4_S7,5.9969938e-05,0.00020117522,0.0026154655,0.81469023,0.18200992,0.0004231879,3_S6
c3_p085_20231211_o11,p085_20231211,85,1,3,71,4_S7,5.078945e-08,1.4419172e-07,3.8516083e-07,0.0025477703,0.9972161,0.00023560101,4_S7
c3_p085_20231218_o12,p085_20231218,85,1,3,72,4_S7,6.578661e-08,6.3869277e-07,4.1732255e-06,7.489606e-05,0.9998287,9.1409864e-05,4_S7
c3_p085_20231227_o07,p085_20231227,85,1,3,74,4_S7,6.847938e-09,1.0768682e-07,4.8163376e-08,5.013383e-06,0.99957484,0.00041998387,4_S7
c3_p085_20240115_o05,p085_20240115,85,1,3,77,4_S7,2.6373579e-08,4.2012775e-07,1.9985646e-06,2.0238913e-05,0.99838567,0.001591617,4_S7
c3_p085_20240119_o04,p085_20240119,85,1,3,79,4_S7,3.683446e-12,5.0330157e-11,8.724448e-11,3.382176e-09,0.9997377,0.00026226635,4_S7
c3_p085_20240126_o02,p085_20240126,85,1,3,81,5_S8,1.9721642e-06,1.7668862e-06,1.6428451e-06,1.2089569e-05,0.00086111034,0.99912137,5_S8
c3_p089_20231128_o06,p089_20231128,89,1,3,64,3_S6,2.7476946e-05,3.2457e-05,6.644911e-05,0.9961448,0.0037237464,5.104535e-06,3_S6
c3_p089_20231130_o04,p089_20231130,89,1,3,67,3_S6,1.1615461e-05,2.075773e-05,3.8075348e-05,0.9989581,0.00096960337,1.8303762e-06,3_S6
c3_p089_20231204_o06,p089_20231204,89,1,3,68,3_S6,0.0002987846,0.0007492242,0.00053585094,0.91036093,0.08767005,0.00038513498,3_S6
c3_p089_20231207_o04,p089_20231207,89,1,3,70,4_S7,0.000587638,0.00080980547,0.06924913,0.779908,0.14832284,0.001122614,3_S6
c3_p089_20231211_o02,p089_20231211,89,1,3,71,4_S7,2.425801e-05,3.03871e-05,0.00020575074,0.73794794,0.26091826,0.00087341096,3_S6
c3_p089_20231218_o03,p089_20231218,89,1,3,73,4_S7,2.8347674e-08,8.5121087e-07,1.1350338e-06,6.939223e-05,0.9997696,0.00015894555,4_S7
c3_p089_20231227_o04,p089_20231227,89,1,3,74,4_S7,7.483061e-11,1.08796e-08,5.3341247e-09,1.5254386e-06,0.9999846,1.3803464e-05,4_S7
c3_p089_20240115_o10,p089_20240115,89,1,3,77,4_S7,6.936617e-12,3.8153383e-10,6.365987e-10,2.4470606e-07,0.99998796,1.1852741e-05,4_S7
c3_p089_20240119_o08,p089_20240119,89,1,3,78,4_S7,1.08154784e-10,9.611806e-10,8.831231e-10,7.0463426e-09,0.99697053,0.0030294172,4_S7
c3_p089_20240126_o03,p089_20240126,89,1,3,81,5_S8,4.1722878e-08,2.7536234e-07,3.9343675e-07,6.2109103e-07,0.0015254669,0.9984732,5_S8
c3_p097_20231128_o06,p097_20231128,97,1,3,64,3_S6,4.2701276e-07,2.2401572e-07,1.1425128e-05,0.9998765,0.00011139119,5.6683273e-08,3_S6
c3_p097_20231130_o01,p097_20231130,97,1,3,67,3_S6,7.4277764e-06,1.990931e-05,4.7079677e-05,0.996597,0.0033252083,3.3745735e-06,3_S6
c3_p097_20231204_o03,p097_20231204,97,1,3,69,3_S6,9.195334e-05,0.00024711582,0.0002028049,0.90743756,0.09190021,0.00012039009,3_S6
c3_p097_20231207_o08,p097_20231207,97,1,3,68,3_S6,1.242148e-05,7.0087175e-05,0.0011633075,0.012325095,0.9860377,0.00039129006,4_S7
c3_p097_20231211_o06,p097_20231211,97,1,3,69,3_S6,1.3480294e-05,1.3257753e-05,0.0010707652,0.11694749,0.88192177,3.32328e-05,4_S7
c3_p097_20231218_o06,p097_20231218,97,1,3,71,4_S7,4.8890496e-09,4.1955076e-07,1.0476499e-06,2.1306781e-05,0.99987864,9.850549e-05,4_S7
c3_p097_20231227_o08,p097_20231227,97,1,3,72,4_S7,4.0233547e-10,1.6593255e-08,6.083651e-07,2.4234944e-06,0.99998164,1.537195e-05,4_S7
c3_p097_20240115_o08,p097_20240115,97,1,3,75,4_S7,7.777465e-11,1.1298013e-09,5.0826543e-09,1.619421e-06,0.99994934,4.9034046e-05,4_S7
c3_p097_20240119_o09,p097_20240119,97,1,3,79,4_S7,1.6747879e-09,1.2147278e-08,3.6994024e-08,2.0001106e-07,0.9992748,0.00072495686,4_S7
c3_p097_20240126_o08,p097_20240126,97,1,3,80,5_S8,2.9119464e-11,3.609305e-10,5.0325843e-10,8.6276515e-08,0.9985806,0.0014193307,4_S7
c3_p099_20231128_o03,p099_20231128,99,1,3,65,3_S6,0.0011402961,0.00032367214,0.011980605,0.95826614,0.028269775,1.9535662e-05,3_S6
c3_p099_20231130_o08,p099_20231130,99,1,3,66,3_S6,0.001059069,0.0017424709,0.00068572885,0.9806892,0.015485433,0.00033803956,3_S6
c3_p099_20231204_o05,p099_20231204,99,1,3,68,3_S6,3.8157123e-05,4.570893e-05,3.3063647e-05,0.9919715,0.007882362,2.9271545e-05,3_S6
c3_p099_20231207_o08,p099_20231207,99,1,3,70,4_S7,0.002287428,0.004551493,0.12090632,0.7980703,0.0738112,0.00037318378,3_S6
c3_p099_20231211_o05,p099_20231211,99,1,3,71,4_S7,2.2673805e-06,5.382982e-06,2.9808121e-05,0.7272512,0.27268967,2.1732889e-05,3_S6
c3_p099_20231218_o12,p099_20231218,99,1,3,72,4_S7,1.5689825e-07,7.725789e-06,3.4020944e-05,0.00061245414,0.9989286,0.00041700414,4_S7
c3_p099_20231227_o05,p099_20231227,99,1,3,74,4_S7,9.877027e-10,1.4237074e-07,1.06377435e-07,2.8044795e-05,0.99954057,0.00043113134,4_S7
c3_p099_20240115_o12,p099_20240115,99,1,3,78,4_S7,2.6863947e-09,1.2850438e-08,5.6143186e-08,1.7244679e-06,0.9998852,0.0001130331,4_S7
c3_p099_20240119_o05,p099_20240119,99,1,3,79,4_S7,4.723849e-10,1.1271079e-08,1.16355565e-07,8.1756745e-08,0.99879116,0.0012086289,4_S7
c3_p099_20240126_o09,p099_20240126,99,1,3,80,5_S8,1.196548e-07,4.756238e-07,1.779309e-06,2.991644e-06,0.17344356,0.8265511,5_S8
c3_p003_20230816_o02,p003_20230816,3,2,3,64,3_S6,4.251544e-06,1.3802118e-05,0.03689963,0.96306235,1.9985575e-05,6.325403e-09,3_S6
c3_p003_20230921_o08,p003_20230921,3,2,3,77,4_S7,0.00011090054,0.0002945565,0.002144397,0.41466996,0.5825441,0.00023612751,4_S7
c3_p003_20231005_o08,p003_20231005,3,2,3,79,4_S7,1.4419395e-05,2.6051404e-05,0.000855048,0.0011232317,0.99492896,0.0030523096,4_S7
c3_p004_20230816_o11,p004_20230816,4,2,3,61,3_S6,0.0114372885,0.010193162,0.5820331,0.39038327,0.0058664666,8.6697946e-05,2_S5
c3_p004_20230921_o02,p004_20230921,4,2,3,79,4_S7,6.257059e-05,4.1538064e-05,0.000112785056,0.0050073997,0.9944396,0.00033610844,4_S7
c3_p004_20231005_o12,p004_20231005,4,2,3,82,5_S8,1.6784237e-05,5.1537666e-07,2.4203231e-05,6.4645346e-06,0.013083976,0.98686814,5_S8
c3_p009_20230816_o11,p009_20230816,9,2,3,64,3_S6,6.740078e-06,6.362039e-05,0.00017728626,0.81367147,0.18607256,8.323211e-06,3_S6
c3_p009_20230921_o10,p009_20230921,9,2,3,75,4_S7,4.975869e-05,1.4062413e-05,8.579593e-05,0.00012187562,0.9878349,0.011893504,4_S7
c3_p009_20231005_o01,p009_20231005,9,2,3,84,5_S8,3.325888e-08,8.590319e-10,2.751437e-08,1.3122303e-09,6.0444923e-05,0.99993944,5_S8
c3_p014_20230816_o08,p014_20230816,14,2,3,69,3_S6,2.4380913e-08,8.696093e-07,0.00013785336,0.979226,0.0206352,4.334e-08,3_S6
c3_p014_20230921_o02,p014_20230921,14,2,3,76,4_S7,0.00080159365,0.00072146556,0.0025629892,0.06454086,0.9277811,0.0035919554,4_S7
c3_p014_20231005_o06,p014_20231005,14,2,3,79,4_S7,3.4880013e-05,6.139699e-05,1.2035417e-05,9.315558e-05,0.7704464,0.22935218,4_S7
c3_p015_20230816_o01,p015_20230816,15,2,3,66,3_S6,2.4774488e-08,9.0907787e-07,0.002905675,0.99646544,0.00062790775,1.1587182e-09,3_S6
c3_p015_20230921_o12,p015_20230921,15,2,3,73,4_S7,0.00025307853,0.0007836158,0.011082733,0.47906387,0.50805724,0.0007593917,4_S7
c3_p015_20231005_o06,p015_20231005,15,2,3,77,4_S7,0.004040834,0.012373676,0.00815904,0.04322048,0.7857465,0.14645934,4_S7
c3_p018_20230816_o11,p018_20230816,18,2,3,68,3_S6,0.00012414134,0.0030382425,0.026284896,0.9644618,0.006081827,9.086025e-06,3_S6
c3_p018_20230921_o10,p018_20230921,18,2,3,78,4_S7,0.0069868946,0.0042249616,0.008737801,0.007961437,0.37219772,0.5998912,5_S8
c3_p018_20231005_o05,p018_20231005,18,2,3,89,5_S8,1.3157292e-06,3.4884636e-07,4.9465198e-06,1.1406294e-06,0.00027157657,0.99972063,5_S8
c3_p019_20230816_o03,p019_20230816,19,2,3,70,4_S7,8.7102235e-05,0.0002847913,0.005832429,0.9812174,0.012574886,3.4350394e-06,3_S6
c3_p019_20230921_o01,p019_20230921,19,2,3,78,4_S7,1.4134115e-06,1.1704687e-05,0.0029035402,0.00037547073,0.9965546,0.00015322052,4_S7
c3_p019_20231005_o07,p019_20231005,19,2,3,85,5_S8,7.2430804e-09,1.4621311e-10,6.3237266e-08,4.3036102e-10,1.7295727e-06,0.9999982,5_S8
c3_p020_20230816_o03,p020_20230816,20,2,3,70,4_S7,0.001400096,0.0025198436,0.017411217,0.93013763,0.048493158,3.8070535e-05,3_S6
c3_p020_20230921_o01,p020_20230921,20,2,3,72,4_S7,4.2344287e-05,2.546128e-05,0.0002220064,0.0021634586,0.99722517,0.00032151546,4_S7
c3_p020_20231005_o10,p020_20231005,20,2,3,78,4_S7,1.099674e-06,1.1170338e-06,1.8743157e-06,0.00010808054,0.9914596,0.008428194,4_S7
c3_p022_20230828_o11,p022_20230828,22,2,3,19,0_S1,0.9982836,0.001412253,0.00027443623,1.7129298e-05,3.2631501e-06,9.351021e-06,0_S1
c3_p022_20230904_o01,p022_20230904,22,2,3,53,2_S5,0.7311561,0.2262293,0.01868304,0.016457556,0.004453278,0.003020714,0_S1
c3_p022_20230908_o03,p022_20230908,22,2,3,63,3_S6,0.00010936131,0.00040044385,0.038144283,0.9611589,0.00018670292,3.9708416e-07,3_S6
c3_p022_20230921_o11,p022_20230921,22,2,3,70,4_S7,5.6286326e-06,5.185382e-05,0.00033131358,0.72780395,0.27180088,6.3579996e-06,3_S6
c3_p022_20231006_o06,p022_20231006,22,2,3,72,4_S7,2.563819e-06,6.218629e-05,0.013243316,0.0038936108,0.98217946,0.00061884045,4_S7
c3_p022_20231017_o03,p022_20231017,22,2,3,75,4_S7,1.3906372e-09,1.226272e-08,2.67804e-07,2.8943432e-05,0.999967,3.7762798e-06,4_S7
c3_p022_20231023_o02,p022_20231023,22,2,3,77,4_S7,3.7224893e-07,4.5776008e-07,2.6298899e-06,2.1136588e-05,0.9847963,0.015179136,4_S7
c3_p022_20231027_o12,p022_20231027,22,2,3,78,4_S7,6.760775e-08,4.1014093e-07,1.3150232e-06,7.216832e-05,0.9978005,0.002125451,4_S7
c3_p022_20231101_o10,p022_20231101,22,2,3,79,4_S7,2.576057e-06,9.528449e-05,0.0010792923,0.0016232176,0.97786283,0.019336743,4_S7
c3_p022_20231106_o07,p022_20231106,22,2,3,80,5_S8,2.4543162e-06,1.2146149e-05,1.1331912e-05,0.000113049435,0.7083115,0.2915496,4_S7
c3_p022_20231109_o10,p022_20231109,22,2,3,80,5_S8,7.12852e-05,0.00043410377,0.0021666782,0.007170405,0.9806326,0.00952497,4_S7
c3_p022_20231120_o03,p022_20231120,22,2,3,84,5_S8,6.657587e-05,6.958619e-05,0.00014487414,2.4661047e-05,0.360425,0.6392693,5_S8
c3_p022_20231124_o02,p022_20231124,22,2,3,86,5_S8,4.8338648e-06,1.1371006e-06,1.3826457e-05,5.9137335e-07,0.0010345953,0.99894494,5_S8
c3_p022_20231127_o03,p022_20231127,22,2,3,88,5_S8,2.3527111e-06,1.1720304e-06,2.609227e-05,1.7191935e-06,0.00024173036,0.99972695,5_S8
c3_p022_20231130_o04,p022_20231130,22,2,3,89,5_S8,1.2187515e-06,2.839337e-07,2.46449e-06,5.553856e-08,7.8171906e-05,0.99991786,5_S8
c3_p024_20230828_o03,p024_20230828,24,2,3,15,0_S1,0.9920237,0.0053731473,0.0013807452,0.0011685356,1.747169e-05,3.6277354e-05,0_S1
c3_p024_20230904_o03,p024_20230904,24,2,3,17,0_S1,0.4650057,0.15548585,0.26108685,0.11793472,0.00037740302,0.00010947834,0_S1
c3_p024_20230908_o11,p024_20230908,24,2,3,23,1_S2,0.0485176,0.007457909,0.013475865,0.929446,0.0010911882,1.1508883e-05,3_S6
c3_p024_20230921_o04,p024_20230921,24,2,3,28,1_S2,0.0002637021,0.0035483318,0.20457186,0.33358184,0.45798126,5.3025615e-05,4_S7
c3_p024_20231006_o08,p024_20231006,24,2,3,29,1_S2,1.6003303e-06,6.1580715e-05,0.96381897,0.022523742,0.013593711,4.416431e-07,2_S5
c3_p024_20231017_o08,p024_20231017,24,2,3,29,1_S2,1.05844665e-05,0.00020957235,0.95614356,0.03566845,0.007966947,8.1223794e-07,2_S5
c3_p024_20231023_o12,p024_20231023,24,2,3,29,1_S2,0.00016586574,0.0031695347,0.36165875,0.010549077,0.60539013,0.019066649,4_S7
c3_p024_20231027_o10,p024_20231027,24,2,3,29,1_S2,0.0002877219,0.0030503513,0.13761042,0.0053278375,0.7424162,0.11130745,4_S7
c3_p024_20231101_o07,p024_20231101,24,2,3,29,1_S2,2.4345684e-06,0.00011632886,0.90873224,0.0005599161,0.09039945,0.00018962863,2_S5
c3_p024_20231106_o04,p024_20231106,24,2,3,29,1_S2,0.0012563101,0.0058720736,0.30195832,0.00059651653,0.15886478,0.53145194,5_S8
c3_p024_20231109_o02,p024_20231109,24,2,3,29,1_S2,8.0620426e-05,0.0007161724,0.023028502,0.00040742307,0.53479296,0.44097432,4_S7
c3_p024_20231120_o03,p024_20231120,24,2,3,29,1_S2,0.0002438335,0.0035235619,0.12965764,0.0010020573,0.1830907,0.6824822,5_S8
c3_p024_20231124_o02,p024_20231124,24,2,3,29,1_S2,0.00017739621,0.005932251,0.56245023,0.0055275965,0.42240328,0.0035092477,2_S5
c3_p024_20231127_o07,p024_20231127,24,2,3,51,2_S5,1.7845824e-06,0.00016645834,0.18857539,7.944931e-05,0.7587732,0.05240365,4_S7
c3_p024_20231130_o09,p024_20231130,24,2,3,51,2_S5,2.484321e-05,7.602805e-05,0.00044737465,6.372696e-05,0.25324926,0.7461388,5_S8
c3_p028_20230828_o02,p028_20230828,28,2,3,15,0_S1,0.98647714,0.012360433,0.00037103955,0.0007382487,1.7106408e-05,3.606365e-05,0_S1
c3_p028_20230904_o08,p028_20230904,28,2,3,51,2_S5,0.7988676,0.06728824,0.037522472,0.09606847,0.00020697663,4.6290934e-05,0_S1
c3_p028_20230908_o06,p028_20230908,28,2,3,61,3_S6,0.010542181,0.018606571,0.10456477,0.8553329,0.010403142,0.0005504254,3_S6
c3_p028_20230921_o11,p028_20230921,28,2,3,70,4_S7,1.4365764e-06,7.2323314e-06,0.00032980938,0.2736379,0.7260199,3.611167e-06,4_S7
c3_p028_20231006_o03,p028_20231006,28,2,3,73,4_S7,0.000902575,0.008847168,0.3570937,0.11938272,0.5111393,0.0026345204,4_S7
c3_p028_20231017_o02,p028_20231017,28,2,3,74,4_S7,6.945857e-06,0.00017944584,0.049984157,0.05703656,0.89272827,6.4634645e-05,4_S7
c3_p028_20231023_o10,p028_20231023,28,2,3,75,4_S7,4.8694886e-07,1.3080341e-05,0.0014471952,0.007360833,0.9911397,3.8751816e-05,4_S7
c3_p028_20231027_o04,p028_20231027,28,2,3,76,4_S7,1.6735827e-05,8.488081e-05,0.0002538768,0.00050722435,0.9460222,0.053115122,4_S7
c3_p028_20231101_o04,p028_20231101,28,2,3,77,4_S7,3.777228e-07,4.3076975e-06,0.00017384136,7.02473e-05,0.9956391,0.0041121314,4_S7
c3_p028_20231106_o12,p028_20231106,28,2,3,78,4_S7,2.6950547e-06,1.6777334e-05,0.0008546528,5.7129357e-05,0.9862732,0.012795456,4_S7
c3_p028_20231109_o10,p028_20231109,28,2,3,79,4_S7,1.1094192e-07,5.730673e-07,2.7049917e-05,1.305602e-05,0.9956781,0.004281051,4_S7
c3_p028_20231120_o10,p028_20231120,28,2,3,81,5_S8,1.2608873e-06,7.1044667e-07,9.702125e-06,2.4212002e-06,0.00023432706,0.9997516,5_S8
c3_p028_20231124_o08,p028_20231124,28,2,3,84,5_S8,0.00011626775,8.842182e-05,0.002407647,0.000116091134,0.015601551,0.98167,5_S8
c3_p028_20231127_o07,p028_20231127,28,2,3,86,5_S8,2.046473e-05,1.9093153e-05,0.00012948239,1.8144723e-05,0.0023704323,0.99744225,5_S8
c3_p028_20231130_o06,p028_20231130,28,2,3,89,5_S8,2.672761e-05,2.6451908e-06,3.8172006e-05,1.2151949e-06,0.00031618116,0.9996151,5_S8
c3_p033_20230828_o06,p033_20230828,33,2,3,16,0_S1,0.9995945,0.00023941274,0.00013600201,2.1728614e-05,3.842687e-06,4.628769e-06,0_S1
c3_p033_20230904_o10,p033_20230904,33,2,3,52,2_S5,0.60934925,0.22101848,0.064313844,0.10435671,0.00078273256,0.00017892612,0_S1
c3_p033_20230908_o11,p033_20230908,33,2,3,61,3_S6,6.361346e-08,6.941984e-07,3.6337995e-06,0.9691293,0.030866288,5.6192995e-08,3_S6
c3_p033_20230921_o04,p033_20230921,33,2,3,70,4_S7,6.660212e-05,0.00011045869,0.0044915937,0.58638895,0.40890366,3.8701648e-05,3_S6
c3_p033_20231006_o08,p033_20231006,33,2,3,72,4_S7,0.000131528,0.00198266,0.36094147,0.5450205,0.091909565,1.4242462e-05,3_S6
c3_p033_20231017_o11,p033_20231017,33,2,3,73,4_S7,9.854896e-06,4.3455235e-05,0.0030079698,0.42070973,0.5762113,1.7741098e-05,4_S7
c3_p033_20231023_o03,p033_20231023,33,2,3,74,4_S7,0.0012712893,0.0011952417,0.001179055,0.063995734,0.9278427,0.0045159208,4_S7
c3_p033_20231027_o06,p033_20231027,33,2,3,75,4_S7,2.8194389e-05,0.0005778284,0.01985845,0.0036536742,0.94044334,0.03543857,4_S7
c3_p033_20231101_o02,p033_20231101,33,2,3,76,4_S7,0.0003350436,0.003643875,0.012807073,0.5812654,0.39995736,0.0019912308,3_S6
c3_p033_20231106_o01,p033_20231106,33,2,3,77,4_S7,4.559279e-07,1.6233535e-06,3.8981114e-05,0.0006658216,0.98977774,0.009515368,4_S7
c3_p033_20231109_o06,p033_20231109,33,2,3,78,4_S7,1.1541462e-05,2.9698665e-05,0.000127861,0.0014708245,0.94254804,0.055812,4_S7
c3_p033_20231120_o10,p033_20231120,33,2,3,83,5_S8,1.7440967e-06,4.2061506e-06,1.5728265e-05,6.2093284e-05,0.16473009,0.8351861,5_S8
c3_p033_20231124_o09,p033_20231124,33,2,3,85,5_S8,2.2621564e-06,6.2709514e-06,4.184509e-05,8.377627e-06,0.019777292,0.9801639,5_S8
c3_p033_20231127_o07,p033_20231127,33,2,3,87,5_S8,8.380739e-06,1.0294563e-05,6.823725e-05,0.00017238368,0.019412769,0.9803279,5_S8
c3_p033_20231130_o02,p033_20231130,33,2,3,89,5_S8,1.0736543e-05,7.5259572e-06,6.8573485e-05,4.957594e-06,0.00095481146,0.99895334,5_S8
c3_p040_20230828_o08,p040_20230828,40,2,3,14,0_S1,0.9994417,0.0004897075,3.175472e-05,3.2606185e-05,1.8454543e-06,2.3761613e-06,0_S1
c3_p040_20230904_o01,p040_20230904,40,2,3,54,2_S5,0.04218802,0.019178353,0.40364566,0.5309166,0.0040046186,6.678278e-05,3_S6
c3_p040_20230908_o05,p040_20230908,40,2,3,62,3_S6,0.001490367,0.0036863566,0.03314861,0.96036065,0.0013040926,9.984107e-06,3_S6
c3_p040_20230921_o04,p040_20230921,40,2,3,65,3_S6,9.772939e-05,0.0002229183,0.021522675,0.7788398,0.19924033,7.658339e-05,3_S6
c3_p040_20231006_o03,p040_20231006,40,2,3,71,4_S7,5.3586164e-06,0.00023462977,0.0054564034,0.35662022,0.63766885,1.451268e-05,4_S7
c3_p040_20231017_o12,p040_20231017,40,2,3,72,4_S7,1.6764191e-10,7.971918e-10,1.1343857e-08,6.5976183e-06,0.99998724,6.179663e-06,4_S7
c3_p040_20231023_o04,p040_20231023,40,2,3,73,4_S7,1.521273e-05,0.00042381953,0.024295975,0.38519835,0.58951634,0.00055032165,4_S7
c3_p040_20231027_o07,p040_20231027,40,2,3,74,4_S7,8.8943546e-07,7.65212e-06,3.721091e-05,0.00065318175,0.9568386,0.042462412,4_S7
c3_p040_20231101_o10,p040_20231101,40,2,3,75,4_S7,4.1913587e-05,1.0452029e-05,2.635799e-05,0.10012202,0.88602376,0.013775426,4_S7
c3_p040_20231106_o09,p040_20231106,40,2,3,76,4_S7,1.9901702e-07,7.624324e-07,0.00010198134,0.00034368705,0.9994012,0.00015214912,4_S7
c3_p040_20231109_o12,p040_20231109,40,2,3,77,4_S7,2.1054282e-05,3.8070026e-05,5.3862113e-05,0.0062716003,0.963991,0.029624386,4_S7
c3_p040_20231120_o10,p040_20231120,40,2,3,81,5_S8,3.46918e-06,3.2164323e-06,9.893902e-06,2.8242821e-05,0.02471369,0.9752415,5_S8
c3_p040_20231124_o11,p040_20231124,40,2,3,82,5_S8,1.07567956e-07,3.441641e-08,5.7396034e-07,1.3169387e-07,0.00038809446,0.9996111,5_S8
c3_p040_20231127_o01,p040_20231127,40,2,3,84,5_S8,1.9375398e-06,1.0275418e-06,1.8910123e-05,3.5145968e-06,0.003762684,0.9962119,5_S8
c3_p040_20231130_o10,p040_20231130,40,2,3,87,5_S8,1.1954407e-06,4.9317055e-07,5.9997856e-06,1.2584235e-06,0.000509965,0.999481,5_S8
c3_p052_20230929_o06,p052_20230929,52,2,3,13,0_S1,0.99992335,6.630196e-06,1.4336351e-05,4.4305994e-05,4.702679e-06,6.7909227e-06,0_S1
c3_p052_20231004_o08,p052_20231004,52,2,3,13,0_S1,0.9999895,5.274639e-06,3.566512e-06,7.962253e-07,1.8422031e-07,6.0462014e-07,0_S1
c3_p052_20231011_o09,p052_20231011,52,2,3,14,0_S1,0.99640465,0.0020388642,8.0263184e-05,0.0014299396,3.074261e-05,1.5511534e-05,0_S1
c3_p052_20231017_o12,p052_20231017,52,2,3,52,2_S5,0.9916741,0.0014396416,0.0055590644,0.0013248777,9.631251e-07,1.4074327e-06,0_S1
c3_p052_20231019_o07,p052_20231019,52,2,3,53,2_S5,0.19018303,0.033832405,0.6542513,0.120165646,0.0013654361,0.00020223206,2_S5
c3_p052_20231023_o08,p052_20231023,52,2,3,61,3_S6,0.063572004,0.07322087,0.6956749,0.16635758,0.0010853279,8.932982e-05,2_S5
c3_p052_20231027_o05,p052_20231027,52,2,3,68,3_S6,0.003478361,0.0023788319,0.29591683,0.6762027,0.022011016,1.2206479e-05,3_S6
c3_p052_20231101_o08,p052_20231101,52,2,3,67,3_S6,0.0005550956,0.0054874755,0.57323074,0.4185919,0.0020956043,3.922945e-05,2_S5
c3_p052_20231106_o11,p052_20231106,52,2,3,68,3_S6,2.4545729e-05,0.0006529053,0.0017375271,0.9845888,0.012984183,1.20113655e-05,3_S6
c3_p052_20231109_o12,p052_20231109,52,2,3,70,4_S7,0.00021315987,0.004750883,0.0910748,0.6463226,0.25723836,0.00040020645,3_S6
c3_p052_20231120_o10,p052_20231120,52,2,3,72,4_S7,2.1578331e-05,9.2573406e-05,0.00217796,0.013322869,0.97321725,0.011167784,4_S7
c3_p052_20231127_o06,p052_20231127,52,2,3,73,4_S7,8.785239e-06,2.439646e-05,0.0004916733,0.004081221,0.9826695,0.012724464,4_S7
c3_p052_20231130_o11,p052_20231130,52,2,3,75,4_S7,9.463058e-06,5.903499e-06,0.0012510038,0.0002991083,0.9983689,6.554297e-05,4_S7
c3_p052_20231204_o07,p052_20231204,52,2,3,76,4_S7,1.6118516e-07,3.1031172e-07,1.6239521e-06,5.2421692e-05,0.986753,0.013192488,4_S7
c3_p052_20231211_o03,p052_20231211,52,2,3,77,4_S7,1.0982178e-07,5.122696e-07,6.42388e-05,2.5987129e-06,0.98221326,0.017719267,4_S7
c3_p052_20231214_o10,p052_20231214,52,2,3,78,4_S7,6.655645e-06,1.5102395e-06,1.1082005e-05,4.2936135e-05,0.9451091,0.05482879,4_S7
c3_p052_20231218_o12,p052_20231218,52,2,3,79,4_S7,4.9097175e-09,5.9501932e-09,2.8047292e-08,1.4226976e-07,0.777919,0.22208083,4_S7
c3_p052_20231227_o07,p052_20231227,52,2,3,79,4_S7,0.00011206662,1.3658342e-05,4.3844964e-05,6.3375635e-05,0.17004319,0.8297239,5_S8
c3_p052_20240104_o09,p052_20240104,52,2,3,84,5_S8,2.8000116e-09,1.157411e-09,1.3384103e-07,3.3483385e-09,0.00011112359,0.9998888,5_S8
c3_p058_20230929_o02,p058_20230929,58,2,3,13,0_S1,0.9999957,4.7503698e-07,4.2817658e-07,7.520848e-07,8.3862255e-07,1.8042816e-06,0_S1
c3_p058_20231004_o04,p058_20231004,58,2,3,13,0_S1,0.99968755,0.00021327987,4.9734757e-05,1.2557401e-06,3.2688301e-06,4.5029326e-05,0_S1
c3_p058_20231011_o04,p058_20231011,58,2,3,14,0_S1,0.99983823,9.679153e-05,3.7374906e-05,4.379615e-07,2.4917138e-06,2.4599158e-05,0_S1
c3_p058_20231017_o11,p058_20231017,58,2,3,52,2_S5,0.7853419,0.0042851185,0.20519583,0.0043293443,0.0007340076,0.000113778,0_S1
c3_p058_20231019_o06,p058_20231019,58,2,3,53,2_S5,0.72461474,0.04289265,0.19310941,0.03159776,0.00635724,0.0014281878,0_S1
c3_p058_20231023_o05,p058_20231023,58,2,3,54,2_S5,0.7384888,0.17143486,0.07477682,0.013327915,0.0013275339,0.00064407004,0_S1
c3_p058_20231027_o04,p058_20231027,58,2,3,55,2_S5,0.0037222726,0.034274068,0.14158626,0.8062407,0.013895693,0.00028100738,3_S6
c3_p058_20231101_o11,p058_20231101,58,2,3,59,2_S5,0.0013646878,0.0030045102,0.9584506,0.020948375,0.016134692,9.7182776e-05,2_S5
c3_p058_20231106_o06,p058_20231106,58,2,3,63,3_S6,0.0003341706,0.011442887,0.08217033,0.72392523,0.18158922,0.0005382331,3_S6
c3_p058_20231109_o03,p058_20231109,58,2,3,64,3_S6,0.00060342945,0.0024456251,0.02982797,0.071502574,0.8751207,0.020499691,4_S7
c3_p058_20231120_o02,p058_20231120,58,2,3,67,3_S6,9.085633e-05,5.26732e-05,0.0006917475,0.016116403,0.9681666,0.014881742,4_S7
c3_p058_20231127_o04,p058_20231127,58,2,3,71,4_S7,1.2108921e-05,5.9015885e-05,0.0026473615,0.0062738857,0.9830304,0.007977302,4_S7
c3_p058_20231130_o06,p058_20231130,58,2,3,73,4_S7,0.0011900795,0.00029142728,0.0027664306,0.36197436,0.6308358,0.0029418997,4_S7
c3_p058_20231204_o05,p058_20231204,58,2,3,74,4_S7,0.0037771713,0.003737995,0.04893199,0.1545977,0.7842534,0.0047017545,4_S7
c3_p058_20231211_o10,p058_20231211,58,2,3,75,4_S7,2.0230896e-06,1.0535227e-05,1.5286972e-05,0.001918003,0.9518354,0.046218727,4_S7
c3_p058_20231214_o07,p058_20231214,58,2,3,76,4_S7,0.00023796769,7.1182345e-05,0.00045723421,0.017357834,0.95730895,0.024566824,4_S7
c3_p058_20231218_o02,p058_20231218,58,2,3,78,4_S7,2.7788905e-08,2.4468875e-07,1.164856e-06,6.9267744e-06,0.690724,0.3092677,4_S7
c3_p058_20231227_o11,p058_20231227,58,2,3,79,4_S7,1.61127e-07,7.6937306e-07,3.1933728e-06,2.8002976e-05,0.6894861,0.31048173,4_S7
c3_p058_20240104_o09,p058_20240104,58,2,3,81,5_S8,2.8028472e-07,1.5217317e-06,3.8213925e-06,5.964953e-05,0.8691082,0.13082649,4_S7
c3_p060_20230929_o11,p060_20230929,60,2,3,13,0_S1,0.99997306,1.5858388e-06,5.052519e-06,8.408046e-06,6.262181e-06,5.59639e-06,0_S1
c3_p060_20231004_o12,p060_20231004,60,2,3,13,0_S1,0.99976856,0.00014804535,6.477758e-05,8.192915e-06,1.9435395e-06,8.449318e-06,0_S1
c3_p060_20231011_o10,p060_20231011,60,2,3,53,2_S5,0.91056883,0.0053277016,0.061099354,0.022933694,4.5326182e-05,2.5066685e-05,0_S1
c3_p060_20231017_o06,p060_20231017,60,2,3,60,3_S6,0.4528927,0.2088926,0.10508527,0.23128727,0.0015831344,0.00025908515,0_S1
c3_p060_20231019_o10,p060_20231019,60,2,3,67,3_S6,0.78582156,0.0868373,0.1071152,0.014668966,0.0043858998,0.0011711202,0_S1
c3_p060_20231023_o02,p060_20231023,60,2,3,67,3_S6,0.0021339506,0.025568094,0.84739006,0.12456189,0.0003418038,4.220371e-06,2_S5
c3_p060_20231027_o01,p060_20231027,60,2,3,67,3_S6,0.0018871513,0.009132358,0.144199,0.8349443,0.009797544,3.9649316e-05,3_S6
c3_p060_20231101_o12,p060_20231101,60,2,3,70,4_S7,0.00050073996,0.002504333,0.08161755,0.46465212,0.45063028,9.505987e-05,3_S6
c3_p060_20231106_o05,p060_20231106,60,2,3,70,4_S7,5.8425205e-05,0.0010122702,0.018808769,0.8740003,0.10556115,0.0005590636,3_S6
c3_p060_20231109_o03,p060_20231109,60,2,3,70,4_S7,0.00035542986,0.00057172787,0.0064155874,0.95228475,0.04018991,0.00018257546,3_S6
c3_p060_20231120_o12,p060_20231120,60,2,3,71,4_S7,0.0007311652,3.241963e-05,0.00012944388,0.005115342,0.9877115,0.006280192,4_S7
c3_p060_20231127_o10,p060_20231127,60,2,3,72,4_S7,1.345463e-06,6.051343e-06,0.00010158442,0.00094758056,0.99815327,0.0007901002,4_S7
c3_p060_20231130_o11,p060_20231130,60,2,3,73,4_S7,1.2353163e-06,8.192146e-07,1.4651043e-05,0.0004257208,0.9831131,0.016444484,4_S7
c3_p060_20231204_o03,p060_20231204,60,2,3,74,4_S7,2.0012724e-06,3.473045e-06,2.5900526e-05,0.021414006,0.9782218,0.00033290393,4_S7
c3_p060_20231211_o10,p060_20231211,60,2,3,75,4_S7,3.0374927e-06,6.5680274e-06,0.00029005998,1.875949e-05,0.86235577,0.13732573,4_S7
c3_p060_20231214_o05,p060_20231214,60,2,3,77,4_S7,1.9968502e-07,2.7061967e-07,3.003813e-06,4.251078e-06,0.5771184,0.42287382,4_S7
c3_p060_20231218_o11,p060_20231218,60,2,3,78,4_S7,1.03354495e-07,7.294225e-07,3.6285655e-06,3.142859e-06,0.20618169,0.7938108,5_S8
c3_p060_20231227_o04,p060_20231227,60,2,3,79,4_S7,2.7975714e-08,7.26481e-08,3.569466e-07,1.4113635e-06,0.21763413,0.782364,5_S8
c3_p060_20240104_o06,p060_20240104,60,2,3,84,5_S8,8.300068e-09,1.0831769e-09,8.971467e-09,1.7767513e-09,0.00046500622,0.99953496,5_S8
c3_p063_20231006_o02,p063_20231006,63,2,3,13,0_S1,0.99997663,2.8933732e-06,3.726264e-06,1.4294961e-06,6.243092e-06,9.16872e-06,0_S1
c3_p063_20231011_o08,p063_20231011,63,2,3,13,0_S1,0.999987,4.2897536e-06,3.2746839e-06,1.8451763e-06,1.4821827e-06,2.1788585e-06,0_S1
c3_p063_20231017_o02,p063_20231017,63,2,3,13,0_S1,0.99997854,7.804267e-06,4.4866592e-06,1.3892569e-06,2.2872057e-06,5.4878624e-06,0_S1
c3_p063_20231019_o11,p063_20231019,63,2,3,14,0_S1,0.9766018,0.008473158,0.0026185839,0.008304555,0.0025901245,0.001411789,0_S1
c3_p063_20231023_o07,p063_20231023,63,2,3,14,0_S1,0.99916613,0.00046794882,0.0003397582,1.1036384e-05,3.3572578e-06,1.1925508e-05,0_S1
c3_p063_20231027_o11,p063_20231027,63,2,3,14,0_S1,0.48997116,0.29962713,0.16753154,0.040876877,0.0011370598,0.0008562032,0_S1
c3_p063_20231101_o11,p063_20231101,63,2,3,53,2_S5,0.089083776,0.24407761,0.58174574,0.08239807,0.0024123224,0.00028253245,2_S5
c3_p063_20231106_o09,p063_20231106,63,2,3,60,3_S6,0.0014362053,0.007199854,0.6861984,0.30445158,0.00070947973,4.5552497e-06,2_S5
c3_p063_20231109_o01,p063_20231109,63,2,3,64,3_S6,1.8978115e-05,0.00011560705,0.15100524,0.84879804,6.186577e-05,2.1953966e-07,3_S6
c3_p063_20231120_o10,p063_20231120,63,2,3,70,4_S7,2.1790342e-05,6.7229516e-06,0.00010237693,0.061997112,0.9377744,9.756045e-05,4_S7
c3_p063_20231127_o03,p063_20231127,63,2,3,71,4_S7,1.3441213e-06,1.562129e-05,0.00038993137,0.005660981,0.9910335,0.002898657,4_S7
c3_p063_20231130_o03,p063_20231130,63,2,3,72,4_S7,8.884381e-05,0.00035600358,0.008499372,0.13609399,0.84021825,0.014743617,4_S7
c3_p063_20231204_o02,p063_20231204,63,2,3,75,4_S7,0.00014646187,0.0013018001,0.01527475,0.6750364,0.30367216,0.00456843,3_S6
c3_p063_20231211_o06,p063_20231211,63,2,3,78,4_S7,9.964163e-06,9.407055e-06,0.00078688137,0.005569375,0.9934888,0.0001356619,4_S7
c3_p063_20231214_o04,p063_20231214,63,2,3,79,4_S7,4.0961613e-06,1.1087177e-05,0.00016254219,0.0028655373,0.9964568,0.00049995544,4_S7
c3_p063_20231218_o01,p063_20231218,63,2,3,79,4_S7,7.641104e-06,5.1103238e-05,0.00042853047,0.0010077336,0.9808188,0.017686209,4_S7
c3_p063_20231227_o09,p063_20231227,63,2,3,79,4_S7,1.4586656e-05,3.5959856e-05,0.00012250493,1.7743285e-05,0.23808,0.76172924,5_S8
c3_p063_20240115_o10,p063_20240115,63,2,3,83,5_S8,1.2695759e-06,4.392396e-06,1.8361632e-05,2.7761312e-06,0.035017185,0.96495605,5_S8
c3_p063_20240119_o04,p063_20240119,63,2,3,84,5_S8,2.0226305e-05,1.3232213e-05,4.7210324e-05,1.0503662e-05,0.018217111,0.9816917,5_S8
c3_p063_20240126_o04,p063_20240126,63,2,3,85,5_S8,1.4008204e-05,4.4647655e-07,1.6306914e-05,1.0691629e-06,0.00024215886,0.999726,5_S8
c3_p064_20231006_o06,p064_20231006,64,2,3,13,0_S1,0.9999976,3.3033163e-07,3.619603e-07,1.4401823e-07,7.7078255e-07,8.1108783e-07,0_S1
c3_p064_20231011_o05,p064_20231011,64,2,3,13,0_S1,0.9999573,3.3549436e-06,2.7319572e-06,7.1354584e-06,1.7134958e-05,1.2259709e-05,0_S1
c3_p064_20231017_o07,p064_20231017,64,2,3,13,0_S1,0.999861,5.27052e-05,3.393263e-05,2.9583523e-05,9.840521e-06,1.2775731e-05,0_S1
c3_p064_20231019_o12,p064_20231019,64,2,3,13,0_S1,0.948029,0.03870006,0.009801087,0.0028210715,0.00023003829,0.00041875656,0_S1
c3_p064_20231023_o03,p064_20231023,64,2,3,13,0_S1,0.9999181,3.9620474e-05,3.1146075e-05,1.2923755e-06,8.5768056e-07,9.083434e-06,0_S1
c3_p064_20231027_o03,p064_20231027,64,2,3,14,0_S1,0.7192388,0.020426368,0.25968698,0.0004018384,0.000156733,8.935581e-05,0_S1
c3_p064_20231101_o07,p064_20231101,64,2,3,52,2_S5,0.13277948,0.012447639,0.7459925,0.10838495,0.0003338511,6.151125e-05,2_S5
c3_p064_20231106_o03,p064_20231106,64,2,3,61,3_S6,5.3716907e-05,0.00014769917,0.011963948,0.9874551,0.00037754772,1.9271117e-06,3_S6
c3_p064_20231109_o05,p064_20231109,64,2,3,65,3_S6,0.0011926995,0.00469695,0.1375743,0.8502499,0.0061777844,0.00010826958,3_S6
c3_p064_20231120_o05,p064_20231120,64,2,3,69,3_S6,0.00012373677,0.00060579466,0.00766003,0.04295898,0.9320745,0.01657692,4_S7
c3_p064_20231127_o01,p064_20231127,64,2,3,69,3_S6,3.296276e-08,1.427579e-07,1.6045744e-05,0.0031978667,0.99678445,1.541856e-06,4_S7
c3_p064_20231130_o05,p064_20231130,64,2,3,71,4_S7,4.5284037e-06,5.6858436e-05,0.0006026393,0.011029773,0.97481775,0.013488377,4_S7
c3_p064_20231204_o02,p064_20231204,64,2,3,73,4_S7,2.6785045e-07,2.6822454e-06,9.172658e-05,0.0011099678,0.998665,0.00013046962,4_S7
c3_p064_20231211_o05,p064_20231211,64,2,3,75,4_S7,5.4890024e-06,9.826206e-05,0.0059141,0.0051531894,0.98720735,0.0016215532,4_S7
c3_p064_20231214_o05,p064_20231214,64,2,3,77,4_S7,3.124285e-05,3.1853742e-05,0.0001034585,0.0009314281,0.9681082,0.030793881,4_S7
c3_p064_20231218_o04,p064_20231218,64,2,3,78,4_S7,7.3434485e-06,3.0123874e-05,0.00026203133,0.00010882457,0.93947214,0.060119465,4_S7
c3_p064_20231227_o06,p064_20231227,64,2,3,79,4_S7,5.8594906e-05,0.00011491543,0.0009500618,0.0007428989,0.68019146,0.31794202,4_S7
c3_p064_20240115_o06,p064_20240115,64,2,3,79,4_S7,0.0002903649,0.00016529478,0.00014474109,0.00044356653,0.40149388,0.5974621,5_S8
c3_p064_20240119_o04,p064_20240119,64,2,3,81,5_S8,4.5192783e-06,3.631245e-06,2.6187447e-06,3.6496522e-06,0.32104987,0.6789357,5_S8
c3_p064_20240126_o08,p064_20240126,64,2,3,82,5_S8,9.567984e-07,3.5155786e-08,1.7710397e-06,1.4444325e-07,5.973854e-05,0.9999374,5_S8
c3_p065_20231006_o07,p065_20231006,65,2,3,13,0_S1,0.99999654,2.8491957e-07,8.204835e-07,1.4126606e-07,8.658366e-07,1.3905147e-06,0_S1
c3_p065_20231011_o03,p065_20231011,65,2,3,13,0_S1,0.999959,6.7007704e-06,5.329145e-06,1.119124e-05,1.0819142e-05,6.90842e-06,0_S1
c3_p065_20231017_o12,p065_20231017,65,2,3,13,0_S1,0.99997413,1.0300134e-05,6.6827474e-06,3.4836146e-06,1.6112041e-06,3.7753741e-06,0_S1
c3_p065_20231019_o08,p065_20231019,65,2,3,13,0_S1,0.99779093,0.00049971347,0.00070610555,0.00021209667,0.0002712587,0.0005198171,0_S1
c3_p065_20231023_o07,p065_20231023,65,2,3,13,0_S1,0.99911827,0.00074908003,0.00010636044,8.4024605e-06,3.2042867e-06,1.4667071e-05,0_S1
c3_p065_20231027_o10,p065_20231027,65,2,3,51,2_S5,0.21033616,0.3179581,0.43582514,0.03516188,0.00049993285,0.00021886143,2_S5
c3_p065_20231101_o02,p065_20231101,65,2,3,52,2_S5,0.10525863,0.0068390756,0.6403403,0.24728319,0.00024097881,3.7736107e-05,2_S5
c3_p065_20231106_o10,p065_20231106,65,2,3,60,3_S6,0.00090275554,0.005680313,0.13472319,0.85569793,0.002958358,3.752873e-05,3_S6
c3_p065_20231109_o10,p065_20231109,65,2,3,68,3_S6,0.0048675053,0.0072605135,0.020765917,0.810121,0.15521201,0.0017729701,3_S6
c3_p065_20231120_o12,p065_20231120,65,2,3,70,4_S7,0.0007875657,0.00056587317,0.003716008,0.4416317,0.5513717,0.0019271539,4_S7
c3_p065_20231127_o07,p065_20231127,65,2,3,73,4_S7,3.7215223e-08,1.0459074e-06,0.00014931551,0.015399899,0.9844423,7.469472e-06,4_S7
c3_p065_20231130_o04,p065_20231130,65,2,3,74,4_S7,8.8370047e-07,4.7775225e-06,0.0001270167,0.005997055,0.9936841,0.000186233,4_S7
c3_p065_20231204_o03,p065_20231204,65,2,3,75,4_S7,7.426338e-06,5.34587e-06,6.630212e-05,0.0046640695,0.99519604,6.0764654e-05,4_S7
c3_p065_20231211_o04,p065_20231211,65,2,3,76,4_S7,1.2891955e-09,9.77267e-10,6.6502076e-07,1.5990803e-05,0.9999832,7.898503e-08,4_S7
c3_p065_20231214_o09,p065_20231214,65,2,3,78,4_S7,8.184433e-05,1.1340371e-05,0.000117271484,0.0030901886,0.9948774,0.0018220164,4_S7
c3_p065_20231218_o10,p065_20231218,65,2,3,79,4_S7,0.00042923618,0.00032891255,0.0009770017,0.0006942385,0.42460692,0.5729637,5_S8
c3_p065_20231227_o06,p065_20231227,65,2,3,79,4_S7,8.4435005e-06,2.5937863e-05,0.00012860206,3.5168025e-06,0.35815153,0.64168197,5_S8
c3_p065_20240115_o10,p065_20240115,65,2,3,79,4_S7,1.02231965e-07,1.6815288e-07,4.1616212e-07,3.1130662e-07,0.031216588,0.9687825,5_S8
c3_p065_20240119_o12,p065_20240119,65,2,3,80,5_S8,7.692793e-05,0.0002202964,6.44145e-05,7.293635e-05,0.15963425,0.8399312,5_S8
c3_p065_20240126_o08,p065_20240126,65,2,3,88,5_S8,4.7795787e-08,3.6544372e-09,1.9389942e-07,5.4750573e-09,1.06447205e-05,0.99998915,5_S8
c3_p068_20231006_o01,p068_20231006,68,2,3,13,0_S1,0.9999833,3.1314314e-06,5.1639017e-06,2.3953578e-06,2.9600758e-06,3.029813e-06,0_S1
c3_p068_20231011_o11,p068_20231011,68,2,3,13,0_S1,0.9999709,5.685397e-06,3.2297187e-06,1.2305804e-05,4.8632564e-06,3.0197023e-06,0_S1
c3_p068_20231017_o11,p068_20231017,68,2,3,13,0_S1,0.9999676,1.1563768e-05,8.66025e-06,5.7260418e-06,2.3982755e-06,4.1049834e-06,0_S1
c3_p068_20231019_o07,p068_20231019,68,2,3,14,0_S1,0.9960679,0.0016555454,0.001730956,0.00029569058,6.657985e-05,0.00018318709,0_S1
c3_p068_20231023_o06,p068_20231023,68,2,3,14,0_S1,0.9549493,0.032806825,0.0030900016,0.00822304,0.00049293815,0.00043785438,0_S1
c3_p068_20231027_o01,p068_20231027,68,2,3,52,2_S5,0.50953406,0.2131828,0.2591616,0.015165977,0.0019402967,0.0010152578,0_S1
c3_p068_20231101_o04,p068_20231101,68,2,3,52,2_S5,0.91637343,0.06450792,0.017175449,0.0017670601,9.165289e-05,8.455111e-05,0_S1
c3_p068_20231106_o10,p068_20231106,68,2,3,64,3_S6,0.01910801,0.017862774,0.5537402,0.37918577,0.029591648,0.0005115697,2_S5
c3_p068_20231109_o05,p068_20231109,68,2,3,65,3_S6,0.0018250823,0.010249112,0.0591145,0.8977187,0.03095149,0.00014108719,3_S6
c3_p068_20231120_o02,p068_20231120,68,2,3,67,3_S6,0.002394177,0.0043356894,0.07475366,0.26109508,0.6535692,0.0038521492,4_S7
c3_p068_20231127_o08,p068_20231127,68,2,3,68,3_S6,5.386953e-05,0.0006116596,0.063277245,0.16390716,0.7718531,0.00029707197,4_S7
c3_p068_20231130_o09,p068_20231130,68,2,3,69,3_S6,1.95882e-06,6.815184e-06,9.08478e-05,0.0199212,0.979532,0.00044713405,4_S7
c3_p068_20231204_o06,p068_20231204,68,2,3,70,4_S7,1.3586168e-05,1.9573748e-05,8.9198336e-05,0.7847165,0.21514142,1.9746205e-05,3_S6
c3_p068_20231211_o09,p068_20231211,68,2,3,71,4_S7,2.3188665e-08,9.028626e-08,2.9076507e-06,1.4825193e-05,0.9994671,0.0005151561,4_S7
c3_p068_20231214_o02,p068_20231214,68,2,3,73,4_S7,2.2190248e-05,1.679038e-05,0.00023620755,0.0023102425,0.98595166,0.011462835,4_S7
c3_p068_20231218_o03,p068_20231218,68,2,3,75,4_S7,2.8777788e-05,0.00025076375,0.0022660538,0.0031543765,0.9816867,0.0126133375,4_S7
c3_p068_20231227_o02,p068_20231227,68,2,3,78,4_S7,0.00050421315,0.00084833265,0.006710425,0.005636501,0.45154232,0.5347582,5_S8
c3_p068_20240115_o09,p068_20240115,68,2,3,79,4_S7,4.88082e-06,1.657558e-05,3.7855643e-05,1.5549605e-05,0.5058216,0.49410355,4_S7
c3_p068_20240119_o02,p068_20240119,68,2,3,80,5_S8,0.0013957814,0.0057622045,0.0023090807,0.0010288893,0.24378233,0.7457217,5_S8
c3_p068_20240126_o07,p068_20240126,68,2,3,81,5_S8,4.8652466e-05,2.8306644e-05,0.00016678931,4.679332e-06,0.026552316,0.9731993,5_S8
c3_p082_20231128_o11,p082_20231128,82,2,3,67,3_S6,5.127027e-06,6.8421637e-06,0.00026380076,0.99780697,0.0019129904,4.3680234e-06,3_S6
c3_p082_20231130_o12,p082_20231130,82,2,3,68,3_S6,5.471396e-07,1.0169952e-06,3.1820135e-05,0.9999372,2.94326e-05,5.803487e-08,3_S6
c3_p082_20231204_o10,p082_20231204,82,2,3,69,3_S6,7.36967e-05,0.00014102487,0.00090833986,0.94824934,0.050605036,2.256331e-05,3_S6
c3_p082_20231207_o01,p082_20231207,82,2,3,70,4_S7,2.5315581e-05,2.1298087e-05,0.00017893859,0.00059762556,0.97031873,0.028858082,4_S7
c3_p082_20231211_o01,p082_20231211,82,2,3,72,4_S7,1.3895212e-07,2.719694e-07,3.8175995e-06,5.761262e-05,0.9971511,0.0027871605,4_S7
c3_p082_20231218_o08,p082_20231218,82,2,3,73,4_S7,2.255101e-06,3.05217e-06,2.6577703e-05,2.9500314e-05,0.93882257,0.061116077,4_S7
c3_p082_20231227_o08,p082_20231227,82,2,3,74,4_S7,3.8527182e-06,1.5310934e-05,4.8198195e-05,0.00018851146,0.9345505,0.06519354,4_S7
c3_p082_20240115_o01,p082_20240115,82,2,3,76,4_S7,3.2703966e-08,1.1111976e-07,6.129035e-08,1.2340942e-06,0.92523503,0.07476354,4_S7
c3_p082_20240119_o10,p082_20240119,82,2,3,78,4_S7,1.3766275e-07,1.1128649e-07,4.493209e-08,1.5108903e-07,0.987773,0.012226571,4_S7
c3_p082_20240126_o02,p082_20240126,82,2,3,84,5_S8,9.866262e-08,3.779613e-08,3.1589985e-07,8.8707655e-09,0.0016180014,0.9983816,5_S8
c3_p088_20231128_o06,p088_20231128,88,2,3,67,3_S6,1.4539619e-05,2.7901602e-05,4.4169676e-05,0.9968573,0.003045906,1.0108992e-05,3_S6
c3_p088_20231130_o05,p088_20231130,88,2,3,68,3_S6,3.8902404e-06,9.933262e-06,3.8715334e-05,0.98824525,0.0116896145,1.2527001e-05,3_S6
c3_p088_20231204_o12,p088_20231204,88,2,3,69,3_S6,6.209858e-05,0.00021655136,0.00044792902,0.9628976,0.03630634,6.9541544e-05,3_S6
c3_p088_20231207_o09,p088_20231207,88,2,3,71,4_S7,3.290673e-05,0.00019492679,0.00034771074,0.22672157,0.76730907,0.005393853,4_S7
c3_p088_20231211_o09,p088_20231211,88,2,3,73,4_S7,4.392681e-06,2.5782456e-05,6.0132606e-05,0.12399115,0.8744581,0.0014605167,4_S7
c3_p088_20231218_o08,p088_20231218,88,2,3,75,4_S7,6.8928516e-06,2.0372616e-05,0.000121897065,6.814266e-05,0.8945319,0.105250746,4_S7
c3_p088_20231227_o06,p088_20231227,88,2,3,77,4_S7,3.422859e-06,2.8119191e-05,7.2214985e-05,0.00010864217,0.9765621,0.023225581,4_S7
c3_p088_20240115_o06,p088_20240115,88,2,3,78,4_S7,3.360106e-07,2.923971e-06,4.7175718e-06,3.16065e-06,0.4757471,0.5242417,5_S8
c3_p088_20240119_o05,p088_20240119,88,2,3,79,4_S7,9.606243e-07,4.093412e-06,7.682485e-06,3.788783e-05,0.9316688,0.068280496,4_S7
c3_p088_20240126_o12,p088_20240126,88,2,3,80,5_S8,4.6662837e-08,1.1253538e-07,9.2201326e-08,2.2267868e-08,0.0074639223,0.9925358,5_S8
c3_p095_20231128_o10,p095_20231128,95,2,3,66,3_S6,5.550224e-05,0.0002473453,0.0015771542,0.98879504,0.009175521,0.00014941226,3_S6
c3_p095_20231130_o12,p095_20231130,95,2,3,68,3_S6,0.0056213276,0.007899083,0.006440174,0.90513587,0.074013144,0.00089038385,3_S6
c3_p095_20231204_o04,p095_20231204,95,2,3,70,4_S7,2.0537257e-06,7.568984e-06,3.2406984e-05,0.995933,0.0040246486,4.136683e-07,3_S6
c3_p095_20231207_o01,p095_20231207,95,2,3,70,4_S7,8.37029e-05,3.0155668e-05,0.000114291615,0.22613826,0.7730335,0.00060013164,4_S7
c3_p095_20231211_o05,p095_20231211,95,2,3,71,4_S7,2.2773038e-06,4.5970346e-06,4.2669344e-05,0.68748397,0.31245112,1.5330626e-05,3_S6
c3_p095_20231218_o04,p095_20231218,95,2,3,73,4_S7,7.8208353e-07,2.1421313e-06,1.0970793e-05,8.812225e-05,0.9917135,0.008184394,4_S7
c3_p095_20231227_o01,p095_20231227,95,2,3,75,4_S7,1.9329042e-05,0.00013895424,5.2858162e-05,0.00070859544,0.9733785,0.025701713,4_S7
c3_p095_20240115_o10,p095_20240115,95,2,3,78,4_S7,8.922707e-06,3.828267e-05,8.166015e-06,0.00010138439,0.9138229,0.08602036,4_S7
c3_p095_20240119_o08,p095_20240119,95,2,3,79,4_S7,3.5607843e-07,6.6460547e-07,5.417122e-08,8.207033e-05,0.99599993,0.003917032,4_S7
c3_p095_20240126_o04,p095_20240126,95,2,3,80,5_S8,1.0746077e-09,1.2458846e-09,1.0711922e-09,3.829995e-10,0.0017857993,0.99821424,5_S8
c3_p098_20231128_o06,p098_20231128,98,2,3,66,3_S6,0.00077618123,0.0011447828,0.0061872085,0.98626375,0.005452,0.00017613282,3_S6
c3_p098_20231130_o01,p098_20231130,98,2,3,68,3_S6,1.4790075e-07,5.017361e-07,1.1172773e-05,0.9997981,0.00019001604,4.2960377e-08,3_S6
c3_p098_20231204_o01,p098_20231204,98,2,3,69,3_S6,5.1825673e-08,6.225076e-07,3.0061237e-06,0.99119544,0.008800503,3.7536842e-07,3_S6
c3_p098_20231207_o07,p098_20231207,98,2,3,70,4_S7,0.00257752,0.0053775157,0.0075608226,0.21955316,0.7554751,0.0094559025,4_S7
c3_p098_20231211_o06,p098_20231211,98,2,3,71,4_S7,4.4638204e-05,7.73553e-05,0.00027101577,0.06281187,0.9359743,0.00082086923,4_S7
c3_p098_20231218_o03,p098_20231218,98,2,3,72,4_S7,7.0508904e-05,6.0094855e-05,0.0006388313,0.00015892625,0.8089517,0.19011994,4_S7
c3_p098_20231227_o06,p098_20231227,98,2,3,73,4_S7,2.0653994e-07,2.5805812e-06,3.2978747e-05,0.0001547204,0.99839777,0.0014117056,4_S7
c3_p098_20240115_o06,p098_20240115,98,2,3,77,4_S7,3.6815102e-08,6.0565696e-07,1.0160454e-06,2.0031657e-05,0.96825355,0.031724747,4_S7
c3_p098_20240119_o11,p098_20240119,98,2,3,79,4_S7,4.0715884e-07,1.6332533e-06,2.7642282e-05,8.858986e-05,0.99925095,0.0006307834,4_S7
c3_p098_20240126_o01,p098_20240126,98,2,3,81,5_S8,8.69022e-07,9.416221e-07,2.148038e-06,6.152013e-07,0.1217845,0.8782109,5_S8
c3_p011_20230816_o10,p011_20230816,11,3,3,27,1_S2,6.2575984e-09,1.1399451e-06,4.7629735e-05,0.9956453,0.004305862,3.40382e-09,3_S6
c3_p011_20230921_o03,p011_20230921,11,3,3,51,2_S5,0.0023251632,0.012254754,0.002127456,0.0017981783,0.980271,0.0012235187,4_S7
c3_p011_20231005_o04,p011_20231005,11,3,3,52,2_S5,0.0075173066,0.00064847735,0.00046499318,2.741753e-05,0.60720944,0.38413236,4_S7
c3_p012_20230816_o02,p012_20230816,12,3,3,65,3_S6,1.0811283e-08,1.0333583e-05,0.00013427033,0.9994381,0.00041722058,3.169424e-11,3_S6
c3_p012_20230921_o07,p012_20230921,12,3,3,79,4_S7,5.6938217e-07,4.82625e-07,5.8729245e-08,7.2220473e-07,0.99624735,0.003750832,4_S7
c3_p012_20231005_o12,p012_20231005,12,3,3,82,5_S8,2.5654066e-07,7.817067e-08,2.7739742e-07,6.2467926e-08,0.9926409,0.0073583983,4_S7
c3_p021_20230816_o03,p021_20230816,21,3,3,64,3_S6,1.6069999e-08,7.5224575e-06,3.4863078e-06,0.32431322,0.67567575,4.549375e-08,4_S7
c3_p021_20230921_o05,p021_20230921,21,3,3,83,5_S8,2.8296783e-05,0.0014001011,0.00020940618,0.0017686249,0.96825445,0.028339183,4_S7
c3_p021_20231005_o06,p021_20231005,21,3,3,83,5_S8,0.0015600626,0.0003656777,0.0010091385,0.0012012819,0.008568283,0.98729557,5_S8
c3_p029_20230828_o07,p029_20230828,29,3,3,20,1_S2,0.99802566,6.911637e-07,0.0019691994,7.53762e-08,3.5591481e-06,7.925954e-07,0_S1
c3_p029_20230904_o12,p029_20230904,29,3,3,52,2_S5,0.18475083,0.0035784843,0.06924952,0.73042756,0.011972878,2.0673668e-05,3_S6
c3_p029_20230908_o12,p029_20230908,29,3,3,60,3_S6,7.3985575e-06,0.0015623886,3.3732143e-05,0.92482126,0.073575005,1.4271066e-07,3_S6
c3_p029_20230921_o12,p029_20230921,29,3,3,65,3_S6,0.0010342082,0.0017346127,0.008125281,0.16267097,0.8262087,0.00022620196,4_S7
c3_p029_20231006_o05,p029_20231006,29,3,3,71,4_S7,6.111264e-07,0.0014515504,0.011567925,2.5219845e-06,0.9869146,6.2956125e-05,4_S7
c3_p029_20231017_o07,p029_20231017,29,3,3,72,4_S7,1.4338887e-09,6.4673536e-08,7.692336e-07,1.7257891e-05,0.9999802,1.7749978e-06,4_S7
c3_p029_20231023_o03,p029_20231023,29,3,3,73,4_S7,2.033578e-06,0.0003349713,3.4226683e-05,5.3417574e-05,0.9995166,5.88141e-05,4_S7
c3_p029_20231027_o12,p029_20231027,29,3,3,74,4_S7,2.2978088e-09,4.8012204e-08,5.706519e-08,4.982779e-05,0.9999484,1.7595773e-06,4_S7
c3_p029_20231101_o01,p029_20231101,29,3,3,75,4_S7,1.5058966e-09,3.492239e-08,1.91987e-08,2.7213013e-05,0.99996734,5.387778e-06,4_S7
c3_p029_20231106_o10,p029_20231106,29,3,3,76,4_S7,5.4754775e-08,3.5097222e-05,1.9605091e-05,5.201369e-05,0.9963869,0.0035064404,4_S7
c3_p029_20231109_o06,p029_20231109,29,3,3,79,4_S7,1.1720631e-05,0.00032447057,0.00043095887,0.005996885,0.93491966,0.058316242,4_S7
c3_p029_20231120_o06,p029_20231120,29,3,3,81,5_S8,1.7803138e-06,1.7147542e-05,3.9946735e-06,1.0513509e-05,0.00048813716,0.9994785,5_S8
c3_p029_20231124_o02,p029_20231124,29,3,3,83,5_S8,7.059499e-07,4.5973855e-05,1.3600801e-05,0.00025010182,0.84175324,0.1579364,4_S7
c3_p029_20231127_o01,p029_20231127,29,3,3,87,5_S8,1.4172012e-06,5.604971e-05,5.5388336e-06,1.5402224e-05,0.015793357,0.9841283,5_S8
c3_p029_20231130_o11,p029_20231130,29,3,3,89,5_S8,1.8595853e-06,1.0875739e-05,1.1329607e-05,4.4198664e-06,0.00010118243,0.9998703,5_S8
c3_p031_20230828_o09,p031_20230828,31,3,3,14,0_S1,0.9989673,2.0863901e-05,0.0009596832,1.0536404e-06,2.5370682e-05,2.5663967e-05,0_S1
c3_p031_20230904_o07,p031_20230904,31,3,3,22,1_S2,0.95608234,0.0010182991,0.04275785,8.4138446e-05,5.5388493e-05,2.0122816e-06,0_S1
c3_p031_20230908_o05,p031_20230908,31,3,3,61,3_S6,0.001448382,0.034952074,0.037402876,0.9181041,0.008092012,5.8382227e-07,3_S6
c3_p031_20230921_o05,p031_20230921,31,3,3,63,3_S6,0.18841603,0.033698667,0.087942794,0.6289296,0.060964055,4.879943e-05,3_S6
c3_p031_20231006_o09,p031_20231006,31,3,3,71,4_S7,5.7069275e-07,3.1181928e-05,1.2264891e-05,0.041294917,0.9586546,6.5022714e-06,4_S7
c3_p031_20231017_o11,p031_20231017,31,3,3,73,4_S7,0.0037352135,0.0024500927,0.025069712,0.62009114,0.34834644,0.00030746614,3_S6
c3_p031_20231023_o06,p031_20231023,31,3,3,74,4_S7,0.00020900548,0.0017688562,0.1360452,0.0025349488,0.8592502,0.0001918006,4_S7
c3_p031_20231027_o08,p031_20231027,31,3,3,75,4_S7,7.12605e-06,4.4069886e-05,0.002718207,0.0026087048,0.9935149,0.0011069657,4_S7
c3_p031_20231101_o08,p031_20231101,31,3,3,76,4_S7,2.369974e-08,5.263083e-05,8.559046e-05,5.105873e-06,0.9995009,0.0003558318,4_S7
c3_p031_20231106_o02,p031_20231106,31,3,3,77,4_S7,2.468175e-08,0.00010635756,6.718537e-06,0.000111548434,0.9995639,0.00021147975,4_S7
c3_p031_20231109_o08,p031_20231109,31,3,3,79,4_S7,4.1886242e-08,1.144425e-06,6.542941e-06,2.9146981e-06,0.99793786,0.0020514703,4_S7
c3_p031_20231120_o08,p031_20231120,31,3,3,80,5_S8,4.751308e-08,5.08879e-07,3.40523e-05,4.0338003e-07,0.81061745,0.1893476,4_S7
c3_p031_20231124_o01,p031_20231124,31,3,3,81,5_S8,1.6110129e-05,1.9941675e-05,0.00014794253,2.9339019e-05,0.0053200778,0.9944667,5_S8
c3_p031_20231127_o12,p031_20231127,31,3,3,84,5_S8,1.7088552e-05,1.2843852e-05,0.0003313358,8.724999e-06,0.000737043,0.99889296,5_S8
c3_p031_20231130_o04,p031_20231130,31,3,3,85,5_S8,5.03044e-06,1.6454554e-05,0.00014029241,7.935178e-06,0.0025335287,0.99729675,5_S8
c3_p037_20230828_o10,p037_20230828,37,3,3,14,0_S1,0.04243112,0.00030682862,0.9550923,0.0021219505,4.714123e-05,7.2740136e-07,2_S5
c3_p037_20230904_o12,p037_20230904,37,3,3,54,2_S5,0.8689119,0.00072287093,0.12351456,0.0058531635,0.0009972479,1.563429e-07,0_S1
c3_p037_20230908_o09,p037_20230908,37,3,3,60,3_S6,0.0023291835,0.35170636,0.011529075,0.63371766,0.00071767165,6.1642325e-08,3_S6
c3_p037_20230921_o03,p037_20230921,37,3,3,70,4_S7,0.0010031768,0.00014561896,0.0010734362,0.7217013,0.2760747,1.7835873e-06,3_S6
c3_p037_20231006_o12,p037_20231006,37,3,3,71,4_S7,6.779833e-07,9.022796e-07,3.2382704e-06,2.3666388e-07,0.999759,0.00023592242,4_S7
c3_p037_20231017_o03,p037_20231017,37,3,3,73,4_S7,3.0353276e-06,1.7535955e-05,4.288077e-06,3.7763843e-06,0.9999584,1.302776e-05,4_S7
c3_p037_20231023_o08,p037_20231023,37,3,3,75,4_S7,5.1194343e-06,0.0005651796,0.0074793524,6.7176e-05,0.99176747,0.000115819275,4_S7
c3_p037_20231027_o06,p037_20231027,37,3,3,76,4_S7,7.659985e-07,1.0221558e-05,0.00036891582,3.7169082e-07,0.998602,0.0010178214,4_S7
c3_p037_20231101_o03,p037_20231101,37,3,3,77,4_S7,4.8142923e-08,7.218744e-05,2.7551537e-06,8.575459e-06,0.9999131,3.4302668e-06,4_S7
c3_p037_20231106_o04,p037_20231106,37,3,3,78,4_S7,6.439738e-06,1.2638533e-06,0.00018524368,3.5912908e-05,0.9997323,3.8827664e-05,4_S7
c3_p037_20231109_o01,p037_20231109,37,3,3,79,4_S7,2.1792044e-05,0.06789906,0.04214624,8.4574895e-05,0.88922864,0.00061958365,4_S7
c3_p037_20231120_o07,p037_20231120,37,3,3,80,5_S8,3.8475937e-05,0.0001433876,0.0004530598,4.547319e-06,4.5674184e-05,0.9993148,5_S8
c3_p037_20231124_o06,p037_20231124,37,3,3,85,5_S8,3.557703e-06,2.9155474e-06,2.391995e-05,2.0523025e-06,8.215425e-05,0.99988544,5_S8
c3_p037_20231127_o03,p037_20231127,37,3,3,87,5_S8,1.6864709e-06,3.245891e-06,7.3746196e-05,9.78057e-07,1.8624614e-05,0.9999018,5_S8
c3_p037_20231130_o12,p037_20231130,37,3,3,89,5_S8,4.8824422e-05,4.737635e-05,0.07919594,3.3661054e-05,0.0144868875,0.90618724,5_S8
c3_p038_20230828_o11,p038_20230828,38,3,3,14,0_S1,0.99508286,0.0006539703,0.0042395485,2.1906648e-05,5.058391e-07,1.2691822e-06,0_S1
c3_p038_20230904_o08,p038_20230904,38,3,3,60,3_S6,0.4264128,4.078509e-05,0.5710683,0.0014379708,0.0010257694,1.4420673e-05,2_S5
c3_p038_20230908_o03,p038_20230908,38,3,3,62,3_S6,7.872223e-06,0.0010845942,1.3311391e-06,0.94211775,0.056788336,7.3106385e-08,3_S6
c3_p038_20230921_o04,p038_20230921,38,3,3,71,4_S7,0.0010479545,0.009898085,0.0048007346,0.27458462,0.7096556,1.2967207e-05,4_S7
c3_p038_20231006_o09,p038_20231006,38,3,3,72,4_S7,3.492356e-06,6.5139575e-05,4.094495e-05,0.0017940878,0.9980933,3.0856138e-06,4_S7
c3_p038_20231017_o11,p038_20231017,38,3,3,73,4_S7,1.8883415e-07,2.0279476e-05,2.815952e-06,0.016810184,0.98316634,1.5391586e-07,4_S7
c3_p038_20231023_o09,p038_20231023,38,3,3,74,4_S7,5.908727e-05,0.0043566744,0.0027251428,0.0058900313,0.9868483,0.0001208503,4_S7
c3_p038_20231027_o07,p038_20231027,38,3,3,75,4_S7,1.3213512e-06,0.00096784264,0.00021639008,0.00017997545,0.9981974,0.00043717521,4_S7
c3_p038_20231101_o06,p038_20231101,38,3,3,76,4_S7,1.6038628e-05,0.0003213393,0.00086457276,2.0175888e-05,0.6546235,0.34415433,4_S7
c3_p038_20231106_o03,p038_20231106,38,3,3,77,4_S7,1.1656512e-06,2.9135832e-05,0.00031593922,2.0070976e-05,0.9986816,0.00095196307,4_S7
c3_p038_20231109_o06,p038_20231109,38,3,3,78,4_S7,2.5987936e-09,3.6455472e-07,0.0011453838,2.2862912e-07,0.9988073,4.6695706e-05,4_S7
c3_p038_20231120_o10,p038_20231120,38,3,3,79,4_S7,2.5039306e-08,1.0609946e-06,1.51228e-05,1.3371506e-07,0.019447016,0.9805367,5_S8
c3_p038_20231124_o08,p038_20231124,38,3,3,79,4_S7,1.4461868e-06,8.004472e-06,0.00029487556,9.416873e-07,0.02098766,0.9787071,5_S8
c3_p038_20231127_o12,p038_20231127,38,3,3,79,4_S7,5.7533718e-05,0.0068592643,0.0008252083,0.0011774199,0.41867083,0.57240975,5_S8
c3_p038_20231130_o10,p038_20231130,38,3,3,80,5_S8,2.8569323e-07,1.6408125e-05,0.0016826495,1.8355088e-07,0.9486344,0.049666088,4_S7
c3_p039_20230828_o07,p039_20230828,39,3,3,14,0_S1,0.99888045,2.4737397e-05,0.0010895759,2.7200563e-06,1.4797788e-06,1.1580839e-06,0_S1
c3_p039_20230904_o03,p039_20230904,39,3,3,17,0_S1,0.028942352,1.803545e-05,0.9545204,0.015531445,0.0009869675,7.038466e-07,2_S5
c3_p039_20230908_o09,p039_20230908,39,3,3,53,2_S5,0.00077325606,0.09828125,0.01030322,0.19772974,0.69268465,0.00022793777,4_S7
c3_p039_20230921_o12,p039_20230921,39,3,3,70,4_S7,3.5471974e-05,0.0003414019,0.15352646,0.83769935,0.008397353,5.7908554e-08,3_S6
c3_p039_20231006_o11,p039_20231006,39,3,3,73,4_S7,0.000748146,0.0008102157,0.00027955213,0.002413631,0.9956709,7.765711e-05,4_S7
c3_p039_20231017_o08,p039_20231017,39,3,3,74,4_S7,2.4399181e-08,1.83147e-05,2.6088966e-05,3.1044584e-07,0.99995124,3.9663773e-06,4_S7
c3_p039_20231023_o03,p039_20231023,39,3,3,75,4_S7,1.1934372e-06,0.00037364126,0.00013929709,1.0376527e-06,0.9994831,1.761001e-06,4_S7
c3_p039_20231027_o05,p039_20231027,39,3,3,76,4_S7,3.139854e-08,0.00010523455,0.0014749944,3.968161e-09,0.99841046,9.306576e-06,4_S7
c3_p039_20231101_o01,p039_20231101,39,3,3,77,4_S7,1.2717773e-06,1.0449872e-05,0.000282151,3.2037202e-05,0.99965,2.3990384e-05,4_S7
c3_p039_20231106_o03,p039_20231106,39,3,3,78,4_S7,6.791367e-09,1.7634586e-07,2.6639726e-05,3.709959e-09,0.99997306,1.1914749e-07,4_S7
c3_p039_20231109_o08,p039_20231109,39,3,3,79,4_S7,8.909612e-08,4.9985833e-06,0.0006988359,2.2668931e-07,0.99868006,0.0006157702,4_S7
c3_p039_20231120_o10,p039_20231120,39,3,3,80,5_S8,0.00054411165,0.014012705,0.57484806,7.025609e-05,0.1032275,0.30729744,2_S5
c3_p039_20231124_o03,p039_20231124,39,3,3,81,5_S8,6.3879095e-05,0.00011581292,0.01495608,5.960799e-05,0.00124161,0.983563,5_S8
c3_p039_20231127_o10,p039_20231127,39,3,3,81,5_S8,0.00091215427,0.0027017232,0.21107893,0.00047082215,0.09852712,0.68630916,5_S8
c3_p039_20231130_o08,p039_20231130,39,3,3,82,5_S8,9.9026016e-05,0.00018447376,0.034116358,5.4421605e-05,0.03804271,0.9275031,5_S8
c3_p045_20230929_o10,p045_20230929,45,3,3,13,0_S1,0.9997311,8.654558e-05,5.0411498e-05,2.1943048e-05,2.181123e-05,8.8105124e-05,0_S1
c3_p045_20231004_o07,p045_20231004,45,3,3,13,0_S1,0.99971217,8.262587e-05,0.00018239903,7.980922e-06,6.8008626e-06,7.9921565e-06,0_S1
c3_p045_20231011_o05,p045_20231011,45,3,3,14,0_S1,0.99093926,0.009055992,3.206356e-06,1.5297448e-06,4.4392173e-08,2.2939519e-08,0_S1
c3_p045_20231017_o08,p045_20231017,45,3,3,15,0_S1,0.99561936,0.00068167417,0.0036559086,2.7378486e-05,1.3666605e-05,1.9982417e-06,0_S1
c3_p045_20231019_o12,p045_20231019,45,3,3,51,2_S5,0.012829231,4.58086e-05,0.9837246,0.0020303952,0.0013696122,3.4324435e-07,2_S5
c3_p045_20231023_o12,p045_20231023,45,3,3,53,2_S5,0.7118493,0.007946306,0.1605127,0.11942477,0.00026203683,4.9210616e-06,0_S1
c3_p045_20231027_o06,p045_20231027,45,3,3,60,3_S6,1.52366165e-05,0.0006946443,0.95409954,0.045180045,1.053289e-05,2.6679842e-08,2_S5
c3_p045_20231101_o03,p045_20231101,45,3,3,61,3_S6,1.5764431e-07,2.6971372e-07,0.46324065,0.5362175,0.0005413802,2.767253e-09,3_S6
c3_p045_20231106_o08,p045_20231106,45,3,3,66,3_S6,2.1384032e-08,1.4754151e-07,1.17876625e-05,0.9532792,0.04670879,6.361059e-08,3_S6
c3_p045_20231109_o10,p045_20231109,45,3,3,70,4_S7,7.814413e-07,1.919734e-06,2.2673934e-05,0.0018467053,0.9976133,0.00051456,4_S7
c3_p045_20231120_o10,p045_20231120,45,3,3,72,4_S7,8.1203274e-07,2.5801178e-06,8.869143e-06,0.0004297714,0.9971301,0.0024278348,4_S7
c3_p045_20231127_o06,p045_20231127,45,3,3,73,4_S7,3.33768e-09,2.5001646e-07,4.318935e-08,0.0004021803,0.9995921,5.4465404e-06,4_S7
c3_p045_20231130_o04,p045_20231130,45,3,3,76,4_S7,1.765071e-06,7.82309e-08,1.0197173e-05,0.017923422,0.98206264,1.9881068e-06,4_S7
c3_p045_20231204_o10,p045_20231204,45,3,3,77,4_S7,7.8784396e-10,2.711482e-09,8.361738e-09,1.3822711e-06,0.9999641,3.4469092e-05,4_S7
c3_p045_20231211_o03,p045_20231211,45,3,3,78,4_S7,5.7652247e-09,5.341757e-06,9.361223e-07,0.001313169,0.99857295,0.000107529704,4_S7
c3_p045_20231214_o02,p045_20231214,45,3,3,78,4_S7,1.1627538e-08,7.454029e-08,8.9473895e-09,1.3845241e-06,0.9923166,0.0076819276,4_S7
c3_p045_20231218_o04,p045_20231218,45,3,3,79,4_S7,1.3732211e-10,2.1018036e-09,2.620351e-09,2.427112e-08,0.9999759,2.4060653e-05,4_S7
c3_p045_20231227_o02,p045_20231227,45,3,3,79,4_S7,1.2606086e-10,8.114684e-08,5.9679794e-09,1.14460484e-07,0.99580294,0.004196911,4_S7
c3_p045_20240104_o02,p045_20240104,45,3,3,80,5_S8,2.4647607e-08,1.0951107e-08,4.0838142e-07,6.7172095e-09,0.20364262,0.7963569,5_S8
c3_p046_20230929_o04,p046_20230929,46,3,3,13,0_S1,0.9996847,0.00010112023,0.00011580331,5.9848593e-05,1.3103656e-05,2.5412617e-05,0_S1
c3_p046_20231004_o06,p046_20231004,46,3,3,13,0_S1,0.9963934,0.00081832206,0.0024421676,0.0001485154,0.00011581038,8.179944e-05,0_S1
c3_p046_20231011_o05,p046_20231011,46,3,3,14,0_S1,0.9988029,0.0011482536,4.0680166e-05,6.591325e-06,1.0636955e-06,4.1116184e-07,0_S1
c3_p046_20231017_o09,p046_20231017,46,3,3,52,2_S5,0.13913631,0.002440288,0.8576104,0.00039089203,0.00028922825,0.00013291265,2_S5
c3_p046_20231019_o01,p046_20231019,46,3,3,54,2_S5,0.003761104,6.8484865e-06,0.9960657,0.00016610998,2.4280615e-07,3.9262638e-10,2_S5
c3_p046_20231023_o06,p046_20231023,46,3,3,60,3_S6,0.02962887,0.00027368395,0.32578337,0.6443103,3.7964069e-06,5.5046474e-09,3_S6
c3_p046_20231027_o09,p046_20231027,46,3,3,61,3_S6,8.8172026e-05,0.00014862303,0.6542181,0.34547246,7.26465e-05,1.4121495e-09,2_S5
c3_p046_20231101_o11,p046_20231101,46,3,3,61,3_S6,2.397899e-08,1.13007566e-07,2.2252309e-05,0.99886143,0.001116171,8.7789576e-10,3_S6
c3_p046_20231106_o12,p046_20231106,46,3,3,65,3_S6,5.046075e-09,2.552066e-07,1.4631564e-06,0.80430233,0.19569558,3.1528813e-07,3_S6
c3_p046_20231109_o02,p046_20231109,46,3,3,66,3_S6,1.8073877e-05,0.00063196354,0.009992568,0.6642572,0.325081,1.9161518e-05,3_S6
c3_p046_20231120_o12,p046_20231120,46,3,3,71,4_S7,9.578773e-08,1.7195739e-06,1.5084363e-05,0.007924344,0.9919961,6.2527666e-05,4_S7
c3_p046_20231127_o10,p046_20231127,46,3,3,71,4_S7,1.4642842e-08,3.0385208e-06,2.4989295e-05,0.0010526794,0.9989191,2.0812716e-07,4_S7
c3_p046_20231130_o02,p046_20231130,46,3,3,72,4_S7,1.1134722e-09,5.399959e-07,2.8049962e-07,9.034438e-05,0.9999058,3.0278334e-06,4_S7
c3_p046_20231204_o12,p046_20231204,46,3,3,73,4_S7,1.0812796e-08,6.042396e-08,1.1318467e-07,0.00019506722,0.99979156,1.3214218e-05,4_S7
c3_p046_20231211_o04,p046_20231211,46,3,3,76,4_S7,4.5549298e-09,2.8214936e-07,1.0779673e-08,4.6592937e-05,0.99956554,0.00038762423,4_S7
c3_p046_20231214_o07,p046_20231214,46,3,3,78,4_S7,6.733984e-08,1.7480757e-07,1.05446944e-07,2.2088794e-07,0.9939243,0.0060750707,4_S7
c3_p046_20231218_o07,p046_20231218,46,3,3,79,4_S7,8.031802e-10,1.0072523e-09,5.3153695e-08,7.843191e-09,0.999956,4.40139e-05,4_S7
c3_p046_20231227_o02,p046_20231227,46,3,3,79,4_S7,4.6166545e-07,4.7293277e-05,4.16508e-05,9.106602e-06,0.036889993,0.96301144,5_S8
c3_p046_20240104_o03,p046_20240104,46,3,3,81,5_S8,0.00032751585,0.0002374466,0.0005513264,0.0013297723,0.9171912,0.08036278,4_S7
c3_p048_20230929_o03,p048_20230929,48,3,3,13,0_S1,0.9997094,2.0725613e-05,4.884085e-05,1.2128011e-05,9.6964395e-05,0.00011178716,0_S1
c3_p048_20231004_o10,p048_20231004,48,3,3,13,0_S1,0.99612516,5.5610628e-05,0.0023898704,4.070691e-05,0.0010109721,0.00037762354,0_S1
c3_p048_20231011_o06,p048_20231011,48,3,3,14,0_S1,0.997283,0.00013606681,0.00065425684,7.746814e-05,0.001739834,0.00010939585,0_S1
c3_p048_20231017_o09,p048_20231017,48,3,3,15,0_S1,0.10405858,0.0040893755,0.38731468,0.5033147,0.0012095753,1.3111753e-05,3_S6
c3_p048_20231019_o04,p048_20231019,48,3,3,16,0_S1,0.95082384,0.00057709054,0.048591703,6.9555754e-06,3.670366e-07,2.6226456e-08,0_S1
c3_p048_20231023_o03,p048_20231023,48,3,3,54,2_S5,0.005054477,0.0004706232,0.9362339,0.058238555,2.4523185e-06,1.2212326e-08,2_S5
c3_p048_20231027_o11,p048_20231027,48,3,3,60,3_S6,5.865717e-05,1.9435462e-05,0.11383783,0.88607794,6.1910932e-06,5.3418725e-10,3_S6
c3_p048_20231101_o08,p048_20231101,48,3,3,62,3_S6,1.5405568e-08,3.0515686e-08,0.00013819766,0.9998436,1.8206714e-05,4.433523e-12,3_S6
c3_p048_20231106_o11,p048_20231106,48,3,3,65,3_S6,4.4976606e-08,6.131039e-08,8.54008e-05,0.9986376,0.0012768256,3.089788e-10,3_S6
c3_p048_20231109_o01,p048_20231109,48,3,3,67,3_S6,7.536265e-07,2.627275e-05,0.90024567,0.056792185,0.04293428,8.237791e-07,2_S5
c3_p048_20231120_o10,p048_20231120,48,3,3,70,4_S7,1.4344622e-06,2.1081792e-06,0.0010281326,0.000115907234,0.99827623,0.00057625014,4_S7
c3_p048_20231127_o07,p048_20231127,48,3,3,72,4_S7,4.648317e-09,3.2268127e-07,3.7772518e-06,0.0004022398,0.9995931,5.5941274e-07,4_S7
c3_p048_20231130_o12,p048_20231130,48,3,3,73,4_S7,4.1670667e-09,4.2655714e-08,1.6424083e-06,1.126158e-06,0.99987364,0.00012345047,4_S7
c3_p048_20231204_o06,p048_20231204,48,3,3,74,4_S7,1.7764424e-09,2.9706042e-09,9.186964e-10,4.921714e-05,0.9999485,2.2823872e-06,4_S7
c3_p048_20231211_o11,p048_20231211,48,3,3,76,4_S7,2.9207287e-08,0.00015438425,4.74512e-05,0.00020060407,0.9995832,1.4378677e-05,4_S7
c3_p048_20231214_o07,p048_20231214,48,3,3,77,4_S7,9.382307e-10,1.6127863e-10,3.6756923e-10,4.2662005e-08,0.99995446,4.5457564e-05,4_S7
c3_p048_20231218_o10,p048_20231218,48,3,3,78,4_S7,3.0515457e-09,2.2469735e-08,6.3122496e-07,8.1653087e-07,0.99977,0.00022864234,4_S7
c3_p048_20231227_o07,p048_20231227,48,3,3,79,4_S7,3.257201e-10,5.344337e-09,7.738133e-09,4.8927404e-08,0.9991072,0.0008926984,4_S7
c3_p048_20240104_o10,p048_20240104,48,3,3,80,5_S8,1.7172808e-07,4.400771e-06,4.010958e-06,0.00060777424,0.79483247,0.20455118,4_S7
c3_p053_20230929_o12,p053_20230929,53,3,3,13,0_S1,0.999818,1.7780922e-05,3.0245445e-05,1.5617634e-05,5.3833865e-05,6.447434e-05,0_S1
c3_p053_20231004_o05,p053_20231004,53,3,3,13,0_S1,0.9992442,0.00028927767,0.00045013844,1.3654276e-05,6.5833945e-07,1.9822655e-06,0_S1
c3_p053_20231011_o08,p053_20231011,53,3,3,15,0_S1,0.99987423,7.661119e-05,4.7760386e-05,1.1450883e-06,6.471703e-08,3.6273057e-08,0_S1
c3_p053_20231017_o09,p053_20231017,53,3,3,53,2_S5,0.99953246,9.04338e-05,0.0002707089,1.9500505e-05,8.438631e-05,2.4907213e-06,0_S1
c3_p053_20231019_o12,p053_20231019,53,3,3,54,2_S5,0.58556706,7.6379976e-05,0.4139401,0.00035577267,5.7326277e-05,3.3820456e-06,0_S1
c3_p053_20231023_o03,p053_20231023,53,3,3,60,3_S6,0.0011111045,3.092695e-06,0.9988166,6.909849e-05,1.5189147e-07,2.0495583e-09,2_S5
c3_p053_20231027_o06,p053_20231027,53,3,3,63,3_S6,3.21199e-05,8.1901335e-06,0.942662,0.057281002,1.6663442e-05,8.974583e-09,2_S5
c3_p053_20231101_o01,p053_20231101,53,3,3,65,3_S6,7.322836e-08,2.875152e-07,6.721469e-05,0.99906653,0.0008660042,2.8408453e-09,3_S6
c3_p053_20231106_o02,p053_20231106,53,3,3,67,3_S6,3.988152e-05,0.00040716396,0.06504132,0.93271184,0.0017996596,6.275444e-08,3_S6
c3_p053_20231109_o08,p053_20231109,53,3,3,70,4_S7,7.308049e-10,1.8196676e-08,1.688596e-06,0.3061345,0.69386345,3.4570127e-07,4_S7
c3_p053_20231120_o09,p053_20231120,53,3,3,72,4_S7,3.7087567e-08,1.1404917e-06,1.7839652e-06,0.0003501603,0.998808,0.00083886646,4_S7
c3_p053_20231127_o07,p053_20231127,53,3,3,74,4_S7,4.9659437e-09,3.1110096e-07,4.2463944e-07,0.0002668346,0.99972564,6.683808e-06,4_S7
c3_p053_20231130_o10,p053_20231130,53,3,3,75,4_S7,9.464712e-09,9.750623e-08,3.3528337e-07,4.4343808e-05,0.9999496,5.583976e-06,4_S7
c3_p053_20231204_o09,p053_20231204,53,3,3,76,4_S7,7.3368382e-09,1.4460092e-07,6.6668804e-08,5.6701734e-05,0.9999317,1.1395496e-05,4_S7
c3_p053_20231211_o11,p053_20231211,53,3,3,78,4_S7,1.2541349e-09,5.8391066e-07,1.5966158e-08,6.754221e-05,0.99990904,2.2783686e-05,4_S7
c3_p053_20231214_o06,p053_20231214,53,3,3,80,5_S8,6.618008e-07,2.6425948e-06,2.0309144e-06,1.1549868e-05,0.5229064,0.47707665,4_S7
c3_p053_20231218_o01,p053_20231218,53,3,3,81,5_S8,4.78331e-09,8.172364e-09,5.5789395e-09,6.862487e-09,0.009221706,0.9907783,5_S8
c3_p053_20231227_o11,p053_20231227,53,3,3,79,4_S7,3.9126608e-08,4.3085347e-08,3.1161505e-08,1.275771e-07,0.19467738,0.8053224,5_S8
c3_p053_20240104_o12,p053_20240104,53,3,3,79,4_S7,1.5125182e-10,1.5534539e-10,6.168652e-10,3.6628733e-10,0.04835165,0.95164835,5_S8
c3_p061_20230929_o12,p061_20230929,61,3,3,13,0_S1,0.99964964,5.2468655e-05,4.914742e-05,2.5416744e-05,4.367595e-05,0.00017959063,0_S1
c3_p061_20231004_o04,p061_20231004,61,3,3,13,0_S1,0.9999558,6.690305e-07,4.2908825e-05,1.644794e-08,1.5391818e-08,5.9657486e-07,0_S1
c3_p061_20231011_o10,p061_20231011,61,3,3,14,0_S1,0.99919456,0.00025773214,0.0005143761,3.0029882e-05,1.3990245e-06,1.8767781e-06,0_S1
c3_p061_20231017_o08,p061_20231017,61,3,3,53,2_S5,0.59352,2.2500422e-05,0.4059163,0.00030227687,0.00023859677,3.304403e-07,0_S1
c3_p061_20231019_o05,p061_20231019,61,3,3,53,2_S5,0.77530485,0.00042851485,0.22415595,0.00010519486,4.786932e-06,6.497508e-07,0_S1
c3_p061_20231023_o09,p061_20231023,61,3,3,60,3_S6,0.00019377851,0.00015118295,0.9627863,0.03507314,0.0017948943,7.237356e-07,2_S5
c3_p061_20231027_o04,p061_20231027,61,3,3,61,3_S6,4.2049282e-06,1.0035391e-05,0.14115037,0.8588135,2.1893738e-05,8.573464e-10,3_S6
c3_p061_20231101_o09,p061_20231101,61,3,3,62,3_S6,5.0120184e-06,1.1120725e-06,0.7729499,0.22703813,5.890246e-06,1.5194714e-11,2_S5
c3_p061_20231106_o12,p061_20231106,61,3,3,63,3_S6,7.1583e-05,2.3411954e-05,0.00048001966,0.97896147,0.020461684,1.9185036e-06,3_S6
c3_p061_20231109_o08,p061_20231109,61,3,3,63,3_S6,2.6798403e-07,4.420969e-07,0.0005968642,0.9072617,0.09214044,3.6761043e-07,3_S6
c3_p061_20231120_o01,p061_20231120,61,3,3,71,4_S7,3.7750601e-06,3.3220007e-05,5.7431957e-06,0.0006321331,0.9611924,0.03813265,4_S7
c3_p061_20231127_o09,p061_20231127,61,3,3,72,4_S7,3.669785e-08,1.6945731e-06,1.6262471e-06,6.471894e-05,0.9998098,0.0001221396,4_S7
c3_p061_20231130_o11,p061_20231130,61,3,3,73,4_S7,4.7150563e-09,4.3210594e-07,5.2415925e-07,3.9912707e-06,0.9998964,9.8688055e-05,4_S7
c3_p061_20231204_o10,p061_20231204,61,3,3,74,4_S7,6.1628564e-09,1.2288191e-07,2.9827447e-07,4.8207976e-06,0.99998915,5.5340965e-06,4_S7
c3_p061_20231211_o04,p061_20231211,61,3,3,75,4_S7,1.6298669e-11,4.08269e-09,2.3584032e-10,4.088591e-06,0.9999957,2.1003007e-07,4_S7
c3_p061_20231214_o02,p061_20231214,61,3,3,76,4_S7,1.9259291e-08,4.6233888e-11,1.4033871e-10,5.0016937e-09,0.99999416,5.829952e-06,4_S7
c3_p061_20231218_o07,p061_20231218,61,3,3,79,4_S7,1.7426025e-07,6.8644574e-09,3.1603267e-07,4.853586e-08,0.7382266,0.26177284,4_S7
c3_p061_20231227_o07,p061_20231227,61,3,3,80,5_S8,9.5727755e-06,0.0009049287,0.0004501091,0.00030997774,0.712755,0.2855704,4_S7
c3_p061_20240104_o08,p061_20240104,61,3,3,82,5_S8,0.00037349286,2.905535e-06,2.9606117e-05,1.3626558e-06,0.30530924,0.6942834,5_S8
c3_p067_20231006_o09,p067_20231006,67,3,3,13,0_S1,0.99927276,1.41090195e-05,0.00019557122,2.150261e-05,0.0004014635,9.4577656e-05,0_S1
c3_p067_20231011_o04,p067_20231011,67,3,3,13,0_S1,0.9999113,6.8875993e-06,7.823579e-06,5.3209383e-06,3.113128e-05,3.7446713e-05,0_S1
c3_p067_20231017_o06,p067_20231017,67,3,3,13,0_S1,0.99983895,4.547863e-05,5.5478416e-05,4.545957e-06,1.0732542e-05,4.4812852e-05,0_S1
c3_p067_20231019_o08,p067_20231019,67,3,3,14,0_S1,0.98910743,0.0011801622,0.009083811,0.00047297872,7.8271616e-05,7.736563e-05,0_S1
c3_p067_20231023_o08,p067_20231023,67,3,3,14,0_S1,0.9751785,0.011667045,0.012069457,0.00014051034,0.0003670246,0.0005775738,0_S1
c3_p067_20231027_o09,p067_20231027,67,3,3,54,2_S5,0.17905605,0.024611952,0.29255676,0.5011342,0.0025967748,4.4222405e-05,3_S6
c3_p067_20231101_o12,p067_20231101,67,3,3,60,3_S6,0.021908628,0.000316507,0.9777124,6.0736198e-05,1.7381716e-06,8.457509e-08,2_S5
c3_p067_20231106_o01,p067_20231106,67,3,3,63,3_S6,4.7068906e-06,1.08042556e-07,0.0013504266,0.9986432,1.5136851e-06,2.370084e-10,3_S6
c3_p067_20231109_o12,p067_20231109,67,3,3,69,3_S6,5.0000745e-07,2.0129492e-05,0.20339863,0.7965455,3.5224035e-05,2.7536795e-09,3_S6
c3_p067_20231120_o09,p067_20231120,67,3,3,70,4_S7,1.1748196e-05,3.0503434e-05,0.004323352,0.89300466,0.10258159,4.817182e-05,3_S6
c3_p067_20231127_o11,p067_20231127,67,3,3,71,4_S7,6.847696e-10,1.45612385e-05,1.1578222e-06,0.00076645234,0.99921775,5.433297e-08,4_S7
c3_p067_20231130_o07,p067_20231130,67,3,3,72,4_S7,3.1752307e-09,6.9084615e-07,1.2735857e-06,0.0012112791,0.9987847,2.0036084e-06,4_S7
c3_p067_20231204_o04,p067_20231204,67,3,3,75,4_S7,3.701232e-09,7.625955e-07,4.1682924e-06,0.0025245233,0.9974705,9.300322e-08,4_S7
c3_p067_20231211_o07,p067_20231211,67,3,3,76,4_S7,1.8153264e-11,2.0546524e-09,8.630859e-10,3.9725927e-07,0.9999994,2.2905637e-07,4_S7
c3_p067_20231214_o08,p067_20231214,67,3,3,77,4_S7,1.0849741e-08,6.2385885e-10,3.0851283e-10,1.9111767e-06,0.9999981,3.1714467e-08,4_S7
c3_p067_20231218_o03,p067_20231218,67,3,3,78,4_S7,4.206269e-09,4.018095e-08,2.6644725e-06,9.904943e-07,0.9999924,3.920822e-06,4_S7
c3_p067_20231227_o09,p067_20231227,67,3,3,79,4_S7,1.6049418e-06,1.2678445e-06,1.2386e-06,1.3325162e-05,0.9803154,0.019667095,4_S7
c3_p067_20240115_o07,p067_20240115,67,3,3,79,4_S7,6.0462287e-07,5.126946e-07,1.3965075e-06,4.039187e-06,0.8572635,0.14272995,4_S7
c3_p067_20240119_o07,p067_20240119,67,3,3,82,5_S8,1.941836e-06,2.6554167e-07,3.958911e-07,7.9578676e-08,0.00026834474,0.999729,5_S8
c3_p067_20240126_o04,p067_20240126,67,3,3,86,5_S8,8.815026e-07,8.8436e-08,1.4014283e-06,4.8950137e-09,0.00010524892,0.99989235,5_S8
c3_p072_20231006_o01,p072_20231006,72,3,3,13,0_S1,0.99833703,0.00010760205,0.0003527585,4.2103908e-05,0.00047209373,0.00068834715,0_S1
c3_p072_20231011_o06,p072_20231011,72,3,3,13,0_S1,0.99997103,1.5093357e-05,5.8353626e-06,1.941295e-06,4.727791e-07,5.5783203e-06,0_S1
c3_p072_20231017_o06,p072_20231017,72,3,3,13,0_S1,0.9999409,4.1700687e-06,1.2469797e-05,2.5941173e-07,2.0666927e-05,2.1574171e-05,0_S1
c3_p072_20231019_o10,p072_20231019,72,3,3,14,0_S1,0.99348396,9.5723255e-05,0.006411656,2.4636586e-06,2.3809218e-06,3.8067897e-06,0_S1
c3_p072_20231023_o11,p072_20231023,72,3,3,15,0_S1,0.9963805,0.001063371,0.0024948844,1.0167519e-05,5.878512e-06,4.5181412e-05,0_S1
c3_p072_20231027_o04,p072_20231027,72,3,3,53,2_S5,0.19551629,0.026582478,0.77424896,0.0020612376,0.0015324655,5.8529768e-05,2_S5
c3_p072_20231101_o07,p072_20231101,72,3,3,55,2_S5,0.00048471545,0.0030377866,0.88700515,0.10944651,2.5765532e-05,3.486839e-08,2_S5
c3_p072_20231106_o02,p072_20231106,72,3,3,63,3_S6,4.957379e-06,3.366754e-05,0.25941095,0.7402168,0.00033362684,5.4067083e-08,3_S6
c3_p072_20231109_o03,p072_20231109,72,3,3,65,3_S6,0.023250053,0.0029688983,0.29952553,0.5386653,0.13533133,0.00025887374,3_S6
c3_p072_20231120_o08,p072_20231120,72,3,3,70,4_S7,1.31791085e-05,0.00024602606,0.0007149488,0.010917518,0.9875929,0.00051542476,4_S7
c3_p072_20231127_o07,p072_20231127,72,3,3,72,4_S7,1.3443922e-06,7.44922e-05,1.0785506e-05,0.17764701,0.82225907,7.295347e-06,4_S7
c3_p072_20231130_o08,p072_20231130,72,3,3,75,4_S7,2.917534e-06,0.00033609863,0.00033171635,0.0016549146,0.99610907,0.001565169,4_S7
c3_p072_20231204_o12,p072_20231204,72,3,3,76,4_S7,3.8339908e-07,2.9840196e-05,2.2683205e-06,0.0098066535,0.99014646,1.44910455e-05,4_S7
c3_p072_20231211_o11,p072_20231211,72,3,3,77,4_S7,5.129455e-10,6.4439695e-07,1.0875375e-08,1.9419864e-05,0.9999795,3.9628006e-07,4_S7
c3_p072_20231214_o03,p072_20231214,72,3,3,78,4_S7,4.0154977e-11,8.017802e-12,6.275194e-12,6.093895e-10,0.99999964,3.8305703e-07,4_S7
c3_p072_20231218_o04,p072_20231218,72,3,3,79,4_S7,1.0366137e-07,1.8411173e-07,5.115679e-05,4.6411973e-05,0.99956316,0.0003390214,4_S7
c3_p072_20231227_o04,p072_20231227,72,3,3,79,4_S7,2.4151058e-07,1.9278046e-08,2.4298874e-05,3.5350959e-06,0.9974232,0.0025487598,4_S7
c3_p072_20240115_o06,p072_20240115,72,3,3,82,5_S8,4.402937e-06,6.194516e-06,4.028729e-05,1.14742356e-07,0.0011633725,0.9987857,5_S8
c3_p072_20240119_o01,p072_20240119,72,3,3,83,5_S8,3.8243581e-07,9.185854e-09,2.1404732e-08,2.6585512e-09,7.908626e-07,0.9999988,5_S8
c3_p072_20240126_o05,p072_20240126,72,3,3,86,5_S8,1.2564573e-05,1.2899305e-06,1.0578536e-05,3.5770273e-07,4.4342047e-05,0.99993086,5_S8
c3_p076_20231006_o03,p076_20231006,76,3,3,13,0_S1,0.9996455,1.685218e-05,7.1675575e-05,9.386461e-06,0.0001615174,9.517156e-05,0_S1
c3_p076_20231011_o12,p076_20231011,76,3,3,13,0_S1,0.9995732,3.8878134e-05,0.00014482581,1.8587714e-05,9.861054e-05,0.00012587846,0_S1
c3_p076_20231017_o04,p076_20231017,76,3,3,13,0_S1,0.99967146,8.686003e-06,0.00014344779,8.760107e-06,0.00010262698,6.49793e-05,0_S1
c3_p076_20231019_o05,p076_20231019,76,3,3,14,0_S1,0.9792843,1.3621133e-05,0.020639205,7.5909966e-06,4.603336e-05,9.278112e-06,0_S1
c3_p076_20231023_o05,p076_20231023,76,3,3,15,0_S1,0.2833001,4.3718035e-05,0.7156721,0.00020558458,0.0007406517,3.789461e-05,2_S5
c3_p076_20231027_o10,p076_20231027,76,3,3,20,1_S2,0.16693535,0.013953503,0.70994586,0.1054992,0.003576103,8.997796e-05,2_S5
c3_p076_20231101_o04,p076_20231101,76,3,3,53,2_S5,0.0046461564,1.7180388e-05,0.54723805,0.44400015,0.0040983106,7.603202e-08,2_S5
c3_p076_20231106_o03,p076_20231106,76,3,3,60,3_S6,1.4255218e-05,1.11402305e-05,0.20052247,0.73856467,0.06088628,1.1555677e-06,3_S6
c3_p076_20231109_o07,p076_20231109,76,3,3,64,3_S6,9.329615e-06,1.6644246e-05,0.0014564652,0.99131995,0.007197202,3.381037e-07,3_S6
c3_p076_20231120_o04,p076_20231120,76,3,3,68,3_S6,0.00030540107,0.0005702706,0.06561641,0.00213695,0.9298986,0.0014724152,4_S7
c3_p076_20231127_o09,p076_20231127,76,3,3,72,4_S7,5.8352594e-09,1.3344101e-05,3.1506556e-07,0.005084947,0.99490094,4.3403563e-07,4_S7
c3_p076_20231130_o12,p076_20231130,76,3,3,73,4_S7,7.039963e-05,0.00060203444,0.0077459323,0.020038947,0.95443475,0.017107895,4_S7
c3_p076_20231204_o11,p076_20231204,76,3,3,74,4_S7,1.6130287e-05,0.0006411432,0.00016499149,0.004223335,0.9917951,0.0031593465,4_S7
c3_p076_20231211_o04,p076_20231211,76,3,3,75,4_S7,2.0319044e-06,8.041709e-05,0.012287767,5.5537016e-06,0.9871907,0.00043343677,4_S7
c3_p076_20231214_o03,p076_20231214,76,3,3,75,4_S7,1.715178e-08,5.933738e-10,4.9108073e-09,3.6965493e-09,0.9999778,2.2133625e-05,4_S7
c3_p076_20231218_o03,p076_20231218,76,3,3,76,4_S7,7.760953e-08,6.499656e-10,3.6436447e-06,3.8894457e-09,0.9993981,0.0005980267,4_S7
c3_p076_20231227_o11,p076_20231227,76,3,3,78,4_S7,1.242521e-09,2.2155782e-09,1.0052847e-08,1.5253455e-08,0.9996025,0.00039750987,4_S7
c3_p076_20240115_o10,p076_20240115,76,3,3,80,5_S8,1.4425832e-06,3.8824228e-07,2.4138582e-05,3.0374874e-08,0.08770056,0.91227347,5_S8
c3_p076_20240119_o12,p076_20240119,76,3,3,84,5_S8,5.203675e-09,4.3244092e-10,9.302116e-10,9.091656e-11,5.025882e-07,0.9999995,5_S8
c3_p076_20240126_o12,p076_20240126,76,3,3,86,5_S8,1.1868291e-06,1.5719925e-07,4.9247404e-07,2.0637524e-08,5.2897423e-05,0.9999453,5_S8
c3_p093_20231128_o08,p093_20231128,93,3,3,66,3_S6,2.1233254e-06,4.217983e-06,6.418287e-06,0.9986425,0.0013446194,1.1703454e-07,3_S6
c3_p093_20231130_o02,p093_20231130,93,3,3,68,3_S6,2.6808783e-08,1.9313923e-07,7.8232955e-07,0.9578222,0.042176727,1.5666084e-08,3_S6
c3_p093_20231204_o07,p093_20231204,93,3,3,69,3_S6,6.639171e-07,1.1537371e-05,2.5686115e-06,0.84814656,0.1518373,1.426654e-06,3_S6
c3_p093_20231207_o01,p093_20231207,93,3,3,70,4_S7,1.3927605e-07,8.4923715e-07,7.172577e-05,0.17832133,0.8215977,8.268937e-06,4_S7
c3_p093_20231211_o03,p093_20231211,93,3,3,71,4_S7,8.4035945e-10,2.9262319e-08,6.540103e-08,0.0024775092,0.99752027,2.0139144e-06,4_S7
c3_p093_20231218_o05,p093_20231218,93,3,3,73,4_S7,2.6057886e-10,2.1853608e-09,8.097829e-08,3.001153e-08,0.99999964,1.7764879e-07,4_S7
c3_p093_20231227_o12,p093_20231227,93,3,3,75,4_S7,7.807339e-09,7.913292e-08,1.3025058e-05,1.6961515e-08,0.9994659,0.000521102,4_S7
c3_p093_20240115_o05,p093_20240115,93,3,3,76,4_S7,7.087121e-08,3.7394026e-09,2.3133539e-07,7.673926e-09,0.9998882,0.000111416935,4_S7
c3_p093_20240119_o05,p093_20240119,93,3,3,79,4_S7,6.449201e-09,2.334729e-10,1.7660355e-08,2.8926997e-10,0.99989367,0.0001063037,4_S7
c3_p093_20240126_o07,p093_20240126,93,3,3,83,5_S8,3.104095e-06,9.805565e-07,9.344396e-06,1.2381945e-07,7.759801e-05,0.9999089,5_S8
c3_p096_20231128_o07,p096_20231128,96,3,3,66,3_S6,4.468561e-06,1.3204892e-05,7.2704104e-05,0.9953466,0.0045625903,4.1057768e-07,3_S6
c3_p096_20231130_o01,p096_20231130,96,3,3,68,3_S6,9.6771096e-08,2.9701494e-07,2.1773258e-06,0.9999385,5.883326e-05,5.120782e-09,3_S6
c3_p096_20231204_o10,p096_20231204,96,3,3,69,3_S6,6.787619e-05,6.680826e-05,0.00015236763,0.8041963,0.19542879,8.780122e-05,3_S6
c3_p096_20231207_o09,p096_20231207,96,3,3,70,4_S7,7.073184e-08,1.4649852e-06,1.1275732e-05,0.014961365,0.9849273,9.8465294e-05,4_S7
c3_p096_20231211_o07,p096_20231211,96,3,3,71,4_S7,8.723376e-06,9.3167255e-05,0.00012483825,0.03294207,0.96677333,5.788407e-05,4_S7
c3_p096_20231218_o04,p096_20231218,96,3,3,73,4_S7,4.0443157e-10,1.7214875e-09,3.6794445e-09,1.4556726e-07,0.9999671,3.2711836e-05,4_S7
c3_p096_20231227_o10,p096_20231227,96,3,3,76,4_S7,5.754568e-09,3.9710475e-09,3.6203696e-07,3.2549083e-09,0.999785,0.00021469474,4_S7
c3_p096_20240115_o03,p096_20240115,96,3,3,77,4_S7,5.5661597e-11,9.269416e-12,4.3650913e-10,1.669287e-10,0.9994165,0.0005835877,4_S7
c3_p096_20240119_o11,p096_20240119,96,3,3,83,5_S8,1.1572791e-06,1.7184122e-07,2.2938616e-06,2.1391319e-08,0.003901144,0.99609524,5_S8
c3_p096_20240126_o01,p096_20240126,96,3,3,89,5_S8,1.4780387e-06,7.4693034e-08,1.8234438e-07,1.2600699e-08,2.237081e-05,0.9999758,5_S8
c3_p001_20230816_o02,p001_20230816,1,4,3,70,4_S7,0.002749473,0.027438678,0.0073719956,0.44049886,0.51912314,0.0028178887,4_S7
c3_p001_20230921_o12,p001_20230921,1,4,3,79,4_S7,0.00024057919,0.0005115321,0.00092968735,0.016445175,0.97884935,0.0030237082,4_S7
c3_p001_20231005_o07,p001_20231005,1,4,3,87,5_S8,0.026378373,0.009892602,0.00815113,0.0024549612,0.066736266,0.88638675,5_S8
c3_p007_20230816_o09,p007_20230816,7,4,3,67,3_S6,0.0076093413,0.036115,0.051368814,0.8565929,0.047958534,0.0003554744,3_S6
c3_p007_20230921_o04,p007_20230921,7,4,3,80,5_S8,0.003304372,0.0010956356,0.0027264245,0.0025798772,0.8712502,0.119043425,4_S7
c3_p007_20231005_o11,p007_20231005,7,4,3,83,5_S8,0.0007100852,0.00012476396,0.00039855932,0.00032561232,0.010420971,0.98802,5_S8
c3_p013_20230816_o01,p013_20230816,13,4,3,59,2_S5,0.030750355,0.05202335,0.021960434,0.7780708,0.11378015,0.0034149308,3_S6
c3_p013_20230921_o12,p013_20230921,13,4,3,75,4_S7,0.017549565,0.008610587,0.0054446566,0.017847244,0.93252295,0.018025009,4_S7
c3_p013_20231005_o08,p013_20231005,13,4,3,88,5_S8,7.8903046e-05,6.0361717e-06,1.3633866e-05,1.137929e-06,6.2592815e-05,0.9998375,5_S8
c3_p023_20230828_o05,p023_20230828,23,4,3,14,0_S1,0.998295,0.0009989558,0.000474309,9.2281756e-05,4.8536593e-05,9.088971e-05,0_S1
c3_p023_20230904_o12,p023_20230904,23,4,3,22,1_S2,0.5242808,0.054205973,0.2995416,0.08701753,0.030007947,0.004946141,0_S1
c3_p023_20230908_o04,p023_20230908,23,4,3,63,3_S6,0.014511549,0.011609538,0.028451407,0.9353764,0.009926827,0.00012431553,3_S6
c3_p023_20230921_o02,p023_20230921,23,4,3,70,4_S7,0.0047266767,0.04793822,0.022413911,0.12969692,0.78876394,0.0064602657,4_S7
c3_p023_20231006_o10,p023_20231006,23,4,3,71,4_S7,0.015053938,0.07487838,0.06168977,0.0644476,0.67557335,0.108357,4_S7
c3_p023_20231017_o05,p023_20231017,23,4,3,73,4_S7,1.390342e-05,0.0012879365,0.00018244608,0.0003178871,0.9836927,0.01450502,4_S7
c3_p023_20231023_o06,p023_20231023,23,4,3,77,4_S7,0.0003591493,0.009048982,0.002763403,0.0006499321,0.84013546,0.14704305,4_S7
c3_p023_20231027_o05,p023_20231027,23,4,3,78,4_S7,5.733536e-06,0.00034839605,4.3092663e-05,1.4719401e-05,0.83196795,0.1676202,4_S7
c3_p023_20231101_o08,p023_20231101,23,4,3,79,4_S7,2.8557727e-06,6.430886e-05,3.762578e-05,1.32114565e-05,0.9486396,0.05124246,4_S7
c3_p023_20231106_o03,p023_20231106,23,4,3,78,4_S7,0.00048022,0.04530686,0.0046588928,0.0023846126,0.77690107,0.17026834,4_S7
c3_p023_20231109_o09,p023_20231109,23,4,3,79,4_S7,0.0026373297,0.014600299,0.0063862563,0.0021351099,0.7765091,0.19773182,4_S7
c3_p023_20231120_o08,p023_20231120,23,4,3,81,5_S8,9.75581e-07,9.387781e-07,1.6535745e-06,2.5756897e-08,9.498392e-06,0.9999869,5_S8
c3_p023_20231124_o02,p023_20231124,23,4,3,83,5_S8,1.703673e-06,0.00017330139,3.7256967e-05,2.8700228e-07,6.372466e-05,0.99972373,5_S8
c3_p023_20231127_o12,p023_20231127,23,4,3,84,5_S8,0.0004213285,0.0012747084,0.00075716886,0.0010650465,0.08990996,0.90657175,5_S8
c3_p023_20231130_o02,p023_20231130,23,4,3,85,5_S8,0.001394792,0.0071931966,0.0036943369,0.0014060983,0.03768375,0.94862777,5_S8
c3_p034_20230828_o01,p034_20230828,34,4,3,15,0_S1,0.99661535,0.000921442,0.0021425087,0.00027823585,2.2838904e-05,1.9615012e-05,0_S1
c3_p034_20230904_o07,p034_20230904,34,4,3,53,2_S5,0.34082013,0.09150704,0.29503384,0.2626653,0.009268362,0.0007053086,0_S1
c3_p034_20230908_o03,p034_20230908,34,4,3,61,3_S6,0.00045442948,0.0015118092,0.004267677,0.9840501,0.009700803,1.5186225e-05,3_S6
c3_p034_20230921_o01,p034_20230921,34,4,3,70,4_S7,0.0019164083,0.0011506145,0.0024187895,0.3029559,0.690248,0.0013102609,4_S7
c3_p034_20231006_o01,p034_20231006,34,4,3,72,4_S7,9.0128185e-07,5.7105e-06,6.5996915e-06,0.00015822999,0.99863154,0.0011970334,4_S7
c3_p034_20231017_o03,p034_20231017,34,4,3,73,4_S7,0.00017306136,0.005820517,0.0019269482,0.028782148,0.9615869,0.0017104376,4_S7
c3_p034_20231023_o12,p034_20231023,34,4,3,74,4_S7,0.00039710995,0.0018825575,0.0016290981,0.0018721258,0.9269252,0.067293935,4_S7
c3_p034_20231027_o11,p034_20231027,34,4,3,76,4_S7,0.008519082,0.0069311643,0.019414468,0.017754776,0.8296484,0.11773217,4_S7
c3_p034_20231101_o01,p034_20231101,34,4,3,77,4_S7,0.002336805,0.0054103388,0.008333398,0.097152345,0.83962244,0.047144745,4_S7
c3_p034_20231106_o01,p034_20231106,34,4,3,78,4_S7,0.0014712543,0.005682069,0.003683185,0.01214545,0.85987294,0.11714512,4_S7
c3_p034_20231109_o06,p034_20231109,34,4,3,79,4_S7,5.447633e-06,9.578243e-06,1.3977391e-05,2.6569628e-06,0.9067691,0.09319931,4_S7
c3_p034_20231120_o07,p034_20231120,34,4,3,82,5_S8,5.8550587e-10,2.669274e-10,1.5359203e-09,1.7541839e-12,9.288013e-09,1.0,5_S8
c3_p034_20231124_o06,p034_20231124,34,4,3,86,5_S8,1.1848078e-11,3.0229155e-12,8.0144294e-11,4.0470177e-14,3.3990438e-10,1.0,5_S8
c3_p034_20231127_o09,p034_20231127,34,4,3,88,5_S8,9.2222103e-07,2.531769e-06,6.3606067e-06,3.0127225e-07,3.1236043e-05,0.99995863,5_S8
c3_p034_20231130_o04,p034_20231130,34,4,3,89,5_S8,4.876062e-07,1.9899056e-07,1.0462736e-06,3.313999e-08,6.3148464e-06,0.9999919,5_S8
c3_p043_20230929_o05,p043_20230929,43,4,3,13,0_S1,0.9997992,0.00011615892,5.958583e-05,9.298772e-06,3.878886e-06,1.1895909e-05,0_S1
c3_p043_20231004_o04,p043_20231004,43,4,3,13,0_S1,0.9990212,0.0002760617,0.0006246759,4.1957894e-05,6.5834165e-06,2.958908e-05,0_S1
c3_p043_20231011_o05,p043_20231011,43,4,3,14,0_S1,0.9955388,0.0015625582,0.0026708483,0.00017540448,3.0997337e-05,2.1415888e-05,0_S1
c3_p043_20231017_o04,p043_20231017,43,4,3,52,2_S5,0.9887411,0.004456195,0.0045705037,0.0020089888,0.00010269931,0.00012053622,0_S1
c3_p043_20231019_o11,p043_20231019,43,4,3,53,2_S5,0.58615816,0.0018764476,0.40464762,0.0069737635,0.00026483598,7.920772e-05,0_S1
c3_p043_20231023_o06,p043_20231023,43,4,3,60,3_S6,0.07458351,0.028901216,0.74007267,0.14586934,0.009843718,0.00072961714,2_S5
c3_p043_20231027_o06,p043_20231027,43,4,3,61,3_S6,0.061030306,0.054085802,0.50642896,0.21927933,0.15486346,0.004312107,2_S5
c3_p043_20231101_o09,p043_20231101,43,4,3,64,3_S6,0.010957235,0.028878875,0.11715643,0.7577112,0.08164994,0.0036463258,3_S6
c3_p043_20231106_o12,p043_20231106,43,4,3,70,4_S7,0.0029502122,0.0021658828,0.008790869,0.9835603,0.0025213226,1.1490537e-05,3_S6
c3_p043_20231109_o08,p043_20231109,43,4,3,70,4_S7,0.0146217225,0.029583981,0.13547342,0.58370876,0.22924802,0.007364063,3_S6
c3_p043_20231120_o02,p043_20231120,43,4,3,70,4_S7,0.0028491318,0.008459384,0.0484475,0.37078854,0.5644408,0.0050147157,4_S7
c3_p043_20231127_o04,p043_20231127,43,4,3,71,4_S7,0.00013504224,0.0037681006,0.0044889245,0.06604943,0.86679786,0.058760628,4_S7
c3_p043_20231130_o10,p043_20231130,43,4,3,71,4_S7,0.004790969,0.5143837,0.03830507,0.0116338935,0.37352508,0.05736131,1_S2
c3_p043_20231204_o03,p043_20231204,43,4,3,72,4_S7,2.52394e-06,7.2024275e-05,6.523118e-05,0.00022172349,0.9289886,0.07064993,4_S7
c3_p043_20231211_o08,p043_20231211,43,4,3,74,4_S7,0.00036086404,0.0024514205,0.0011591895,0.006294382,0.54556316,0.44417095,4_S7
c3_p043_20231214_o05,p043_20231214,43,4,3,76,4_S7,2.0587294e-07,1.2988913e-07,5.4137917e-07,5.8237805e-07,0.65823203,0.34176645,4_S7
c3_p043_20231218_o05,p043_20231218,43,4,3,77,4_S7,2.7030058e-09,3.0007456e-08,4.3856733e-08,5.68102e-07,0.9906667,0.009332666,4_S7
c3_p043_20231227_o04,p043_20231227,43,4,3,78,4_S7,3.5006262e-09,1.2636191e-07,7.301726e-08,2.017052e-07,0.9779587,0.022040898,4_S7
c3_p043_20240104_o11,p043_20240104,43,4,3,79,4_S7,6.410778e-08,1.4219441e-06,7.8711656e-07,1.8690986e-07,0.64651245,0.3534851,4_S7
c3_p050_20230929_o08,p050_20230929,50,4,3,13,0_S1,0.9997645,0.00014694477,3.96094e-05,8.182364e-06,6.021742e-06,3.4765148e-05,0_S1
c3_p050_20231004_o06,p050_20231004,50,4,3,13,0_S1,0.99890625,0.00035067883,0.00065061735,3.756473e-05,1.3032659e-05,4.1908002e-05,0_S1
c3_p050_20231011_o09,p050_20231011,50,4,3,14,0_S1,0.9761362,0.006111015,0.012988737,0.004576485,0.000111878275,7.578369e-05,0_S1
c3_p050_20231017_o01,p050_20231017,50,4,3,15,0_S1,0.9562731,0.008022356,0.028190477,0.0071043745,0.00023377946,0.00017593952,0_S1
c3_p050_20231019_o04,p050_20231019,50,4,3,16,0_S1,0.58016104,0.038751554,0.33463737,0.042560272,0.0026435805,0.0012461231,0_S1
c3_p050_20231023_o12,p050_20231023,50,4,3,20,1_S2,0.28171453,0.010594843,0.6252949,0.08210635,0.00025585623,3.340263e-05,2_S5
c3_p050_20231027_o02,p050_20231027,50,4,3,21,1_S2,0.010928506,0.01084409,0.33619404,0.61617386,0.025753558,0.0001059843,3_S6
c3_p050_20231101_o02,p050_20231101,50,4,3,54,2_S5,0.010143544,0.0058385674,0.094439045,0.86102575,0.028146168,0.0004068992,3_S6
c3_p050_20231106_o03,p050_20231106,50,4,3,67,3_S6,0.0024731725,0.0033380156,0.005330226,0.89264536,0.09588391,0.00032932608,3_S6
c3_p050_20231109_o10,p050_20231109,50,4,3,69,3_S6,0.0004970479,0.002081321,0.0072545414,0.050664343,0.9268282,0.012674536,4_S7
c3_p050_20231120_o05,p050_20231120,50,4,3,70,4_S7,0.00030129554,0.00018315637,0.0006978275,0.0037188428,0.96610206,0.028996814,4_S7
c3_p050_20231127_o04,p050_20231127,50,4,3,72,4_S7,6.703415e-05,0.000100808626,0.0003645998,0.0998792,0.8969151,0.0026733049,4_S7
c3_p050_20231130_o08,p050_20231130,50,4,3,74,4_S7,8.687599e-05,0.00079028506,0.0014397932,0.016124973,0.95310944,0.0284486,4_S7
c3_p050_20231204_o03,p050_20231204,50,4,3,75,4_S7,7.4628566e-05,0.00011299407,0.0005565803,0.041856557,0.9560116,0.0013875935,4_S7
c3_p050_20231211_o06,p050_20231211,50,4,3,76,4_S7,2.5118062e-08,8.961128e-07,7.121218e-07,4.86145e-06,0.97439826,0.025595283,4_S7
c3_p050_20231214_o10,p050_20231214,50,4,3,78,4_S7,0.0003370885,0.0009934541,0.0019357788,0.0051365728,0.7752832,0.21631387,4_S7
c3_p050_20231218_o11,p050_20231218,50,4,3,79,4_S7,7.9303165e-05,0.0009794316,0.00060836825,0.00078229717,0.74942094,0.24812962,4_S7
c3_p050_20231227_o12,p050_20231227,50,4,3,81,5_S8,4.0758277e-05,0.0019755634,0.00030258566,0.0007554249,0.81326205,0.18366359,4_S7
c3_p050_20240104_o12,p050_20240104,50,4,3,79,4_S7,0.00018747617,0.0020288974,0.0003702885,0.000106502215,0.6402355,0.35707134,4_S7
c3_p051_20230929_o07,p051_20230929,51,4,3,13,0_S1,0.998917,0.0006961015,0.00023281219,4.8975904e-05,2.3038474e-05,8.21993e-05,0_S1
c3_p051_20231004_o08,p051_20231004,51,4,3,13,0_S1,0.9992981,0.00011458177,0.00056096696,1.6646598e-05,3.5739818e-06,6.0651914e-06,0_S1
c3_p051_20231011_o01,p051_20231011,51,4,3,15,0_S1,0.91636664,0.016739003,0.038170464,0.027713016,0.0008577564,0.00015318295,0_S1
c3_p051_20231017_o06,p051_20231017,51,4,3,52,2_S5,0.50075996,0.12583677,0.12309361,0.055367786,0.13504808,0.05989378,0_S1
c3_p051_20231019_o09,p051_20231019,51,4,3,60,3_S6,0.39730158,0.0254127,0.49837416,0.06845123,0.0043476094,0.0061126924,2_S5
c3_p051_20231023_o10,p051_20231023,51,4,3,65,3_S6,0.46744272,0.01743941,0.47654423,0.03556602,0.00273445,0.0002732341,2_S5
c3_p051_20231027_o11,p051_20231027,51,4,3,66,3_S6,0.010242567,0.008189049,0.5579706,0.41116637,0.01229369,0.0001378088,2_S5
c3_p051_20231101_o03,p051_20231101,51,4,3,69,3_S6,0.0012220528,0.0029055863,0.014326798,0.5153737,0.46390945,0.0022624535,3_S6
c3_p051_20231106_o01,p051_20231106,51,4,3,70,4_S7,0.0011962473,0.004228531,0.01636418,0.47854382,0.4939189,0.0057482715,4_S7
c3_p051_20231109_o08,p051_20231109,51,4,3,71,4_S7,0.0017635482,0.017976433,0.034224544,0.6426945,0.2984662,0.00487483,3_S6
c3_p051_20231120_o04,p051_20231120,51,4,3,72,4_S7,0.0002100905,0.00019861739,0.0005437077,0.001132592,0.96619284,0.031722054,4_S7
c3_p051_20231127_o06,p051_20231127,51,4,3,75,4_S7,0.00043681095,0.0065486315,0.0050493632,0.06821911,0.7771144,0.14263168,4_S7
c3_p051_20231130_o10,p051_20231130,51,4,3,76,4_S7,0.0009190061,0.08816969,0.011991153,0.0033451994,0.78161466,0.11396034,4_S7
c3_p051_20231204_o12,p051_20231204,51,4,3,77,4_S7,2.2438442e-05,0.0016436988,0.00061491714,0.0010179396,0.9926911,0.0040099504,4_S7
c3_p051_20231211_o09,p051_20231211,51,4,3,78,4_S7,0.0001015602,0.0030527164,0.00089575467,0.00020398162,0.52085483,0.47489113,4_S7
c3_p051_20231214_o05,p051_20231214,51,4,3,79,4_S7,0.00030870835,9.3976334e-05,0.00080077857,0.0005697391,0.8517077,0.14651908,4_S7
c3_p051_20231218_o11,p051_20231218,51,4,3,79,4_S7,3.4219279e-06,0.0002407083,2.0638321e-05,4.7713427e-05,0.43166813,0.56801933,5_S8
c3_p051_20231227_o05,p051_20231227,51,4,3,81,5_S8,9.2174474e-08,1.9656295e-07,4.1490168e-07,1.1124213e-08,1.2187634e-05,0.9999871,5_S8
c3_p051_20240104_o02,p051_20240104,51,4,3,82,5_S8,5.036646e-06,1.445488e-05,1.0023543e-05,4.1106748e-07,0.0006600102,0.99931014,5_S8
c3_p055_20230929_o05,p055_20230929,55,4,3,13,0_S1,0.99960345,0.00022308665,4.6818037e-05,1.2147641e-05,1.9254074e-05,9.519488e-05,0_S1
c3_p055_20231004_o05,p055_20231004,55,4,3,13,0_S1,0.99362355,0.0007681672,0.0053008944,0.00019790999,2.3075892e-05,8.6440195e-05,0_S1
c3_p055_20231011_o09,p055_20231011,55,4,3,14,0_S1,0.9936091,0.0024575752,0.0030231357,0.00086207734,1.5547e-05,3.2613545e-05,0_S1
c3_p055_20231017_o12,p055_20231017,55,4,3,20,1_S2,0.9279109,0.0136083225,0.044609588,0.012147058,0.0013710717,0.0003529977,0_S1
c3_p055_20231019_o02,p055_20231019,55,4,3,54,2_S5,0.8815137,0.005772447,0.10662156,0.0056590517,0.00032399507,0.00010923947,0_S1
c3_p055_20231023_o03,p055_20231023,55,4,3,55,2_S5,0.38356435,0.033484142,0.52299523,0.05535004,0.004386494,0.00021977023,2_S5
c3_p055_20231027_o04,p055_20231027,55,4,3,60,3_S6,0.009770114,0.024429461,0.3572978,0.58539593,0.022766743,0.0003399704,3_S6
c3_p055_20231101_o04,p055_20231101,55,4,3,63,3_S6,0.005770774,0.0529644,0.03352132,0.295077,0.5903882,0.0222783,4_S7
c3_p055_20231106_o05,p055_20231106,55,4,3,67,3_S6,0.0026085265,0.0196125,0.026339658,0.6398834,0.30174214,0.00981372,3_S6
c3_p055_20231109_o04,p055_20231109,55,4,3,69,3_S6,0.0022054324,0.06028493,0.022272825,0.15116377,0.74847454,0.015598461,4_S7
c3_p055_20231120_o04,p055_20231120,55,4,3,71,4_S7,0.00010911513,0.0011580465,0.0026085123,0.0664679,0.9249185,0.0047379783,4_S7
c3_p055_20231127_o09,p055_20231127,55,4,3,72,4_S7,5.7661942e-05,0.0015177974,0.00075485045,0.042334292,0.9391055,0.01622983,4_S7
c3_p055_20231130_o08,p055_20231130,55,4,3,75,4_S7,4.2419204e-05,0.00044434136,0.00076202245,0.0015570592,0.97759914,0.019594952,4_S7
c3_p055_20231204_o11,p055_20231204,55,4,3,76,4_S7,0.004705494,0.12742114,0.041705206,0.041561246,0.6173024,0.1673044,4_S7
c3_p055_20231211_o04,p055_20231211,55,4,3,77,4_S7,1.9114346e-05,0.00041415443,8.865296e-05,4.7260157e-05,0.8451326,0.15429814,4_S7
c3_p055_20231214_o05,p055_20231214,55,4,3,78,4_S7,1.1024418e-07,3.7082754e-07,4.963224e-07,4.115154e-06,0.90837216,0.09162272,4_S7
c3_p055_20231218_o07,p055_20231218,55,4,3,79,4_S7,5.0945e-08,2.2754408e-07,2.974316e-07,3.0746442e-06,0.8955324,0.10446391,4_S7
c3_p055_20231227_o04,p055_20231227,55,4,3,79,4_S7,7.6148886e-08,8.0862907e-07,7.1875974e-07,2.4069298e-06,0.88233864,0.11765732,4_S7
c3_p055_20240104_o11,p055_20240104,55,4,3,80,5_S8,6.1609186e-05,0.0016097106,0.00034960016,3.1137984e-05,0.09452076,0.9034271,5_S8
c3_p056_20230929_o09,p056_20230929,56,4,3,13,0_S1,0.9996644,0.00020487969,7.896435e-05,3.2576867e-05,3.847921e-06,1.5283344e-05,0_S1
c3_p056_20231004_o08,p056_20231004,56,4,3,13,0_S1,0.9994153,0.000116983625,0.00043764478,2.1220492e-05,2.0599239e-06,6.9660346e-06,0_S1
c3_p056_20231011_o07,p056_20231011,56,4,3,14,0_S1,0.9535777,0.013153123,0.026715936,0.0062593594,0.00012429051,0.00016960785,0_S1
c3_p056_20231017_o09,p056_20231017,56,4,3,15,0_S1,0.8224066,0.041346632,0.08283942,0.048333835,0.004094726,0.0009787779,0_S1
c3_p056_20231019_o11,p056_20231019,56,4,3,16,0_S1,0.22393236,0.04195648,0.6219253,0.090745226,0.013772078,0.0076685655,2_S5
c3_p056_20231023_o12,p056_20231023,56,4,3,20,1_S2,0.1056652,0.066896744,0.59403664,0.20098977,0.029648656,0.0027630078,2_S5
c3_p056_20231027_o11,p056_20231027,56,4,3,55,2_S5,0.039550174,0.06297071,0.34889632,0.3648674,0.16106723,0.022648111,3_S6
c3_p056_20231101_o09,p056_20231101,56,4,3,56,2_S5,0.0028479393,0.013855948,0.03714325,0.5870943,0.35394046,0.0051181493,3_S6
c3_p056_20231106_o08,p056_20231106,56,4,3,65,3_S6,0.000669519,0.009264755,0.009746284,0.072816506,0.8960932,0.0114096925,4_S7
c3_p056_20231109_o05,p056_20231109,56,4,3,67,3_S6,0.0010344739,0.012196158,0.008517624,0.030663535,0.89758366,0.050004505,4_S7
c3_p056_20231120_o07,p056_20231120,56,4,3,70,4_S7,0.00021692539,0.0016654968,0.0013574141,0.0032169477,0.93800837,0.0555349,4_S7
c3_p056_20231127_o07,p056_20231127,56,4,3,72,4_S7,0.00020335121,0.007275426,0.002723509,0.021722097,0.88747394,0.0806017,4_S7
c3_p056_20231130_o06,p056_20231130,56,4,3,73,4_S7,0.0021989255,0.15832347,0.029568324,0.007416984,0.599892,0.20260023,4_S7
c3_p056_20231204_o10,p056_20231204,56,4,3,74,4_S7,6.86692e-05,0.02055435,0.0028178184,0.00042041403,0.8726227,0.10351596,4_S7
c3_p056_20231211_o02,p056_20231211,56,4,3,76,4_S7,1.6270232e-09,2.1138622e-09,5.445806e-09,2.2895405e-08,0.97587913,0.024120875,4_S7
c3_p056_20231214_o04,p056_20231214,56,4,3,78,4_S7,2.4297307e-07,1.9797548e-07,3.0790042e-07,3.1948211e-06,0.86176366,0.13823247,4_S7
c3_p056_20231218_o05,p056_20231218,56,4,3,80,5_S8,1.425564e-06,1.1255194e-05,4.167227e-06,4.679623e-06,0.25208363,0.7478949,5_S8
c3_p056_20231227_o02,p056_20231227,56,4,3,82,5_S8,1.160271e-10,1.65396e-10,1.8646265e-10,6.274474e-13,8.989437e-08,0.9999999,5_S8
c3_p056_20240104_o07,p056_20240104,56,4,3,83,5_S8,4.0939e-09,8.559793e-08,3.260036e-08,1.6154716e-10,1.1825629e-06,0.9999987,5_S8
c3_p062_20231006_o05,p062_20231006,62,4,3,13,0_S1,0.9999018,4.288859e-05,1.2021698e-05,1.9122451e-06,6.419771e-06,3.4911962e-05,0_S1
c3_p062_20231011_o05,p062_20231011,62,4,3,13,0_S1,0.9997671,0.00014056764,5.6521058e-05,1.05404915e-05,6.394028e-06,1.8839892e-05,0_S1
c3_p062_20231017_o08,p062_20231017,62,4,3,13,0_S1,0.9992773,0.00029763623,0.00018473252,2.7024247e-05,4.9260154e-05,0.00016396187,0_S1
c3_p062_20231019_o01,p062_20231019,62,4,3,14,0_S1,0.9838213,0.0014622877,0.013327405,0.00030866347,0.00040671215,0.00067367783,0_S1
c3_p062_20231023_o07,p062_20231023,62,4,3,14,0_S1,0.9973495,0.00027103478,0.0018708401,0.00045178452,1.5950058e-05,4.1000756e-05,0_S1
c3_p062_20231027_o07,p062_20231027,62,4,3,14,0_S1,0.7191024,0.0043829833,0.26932555,0.0064425534,0.00048416312,0.0002624158,0_S1
c3_p062_20231101_o04,p062_20231101,62,4,3,51,2_S5,0.2816861,0.09514437,0.20313741,0.38219517,0.021791605,0.01604536,3_S6
c3_p062_20231106_o01,p062_20231106,62,4,3,53,2_S5,0.0002641439,0.0012665063,0.028368292,0.8224057,0.14749855,0.00019682836,3_S6
c3_p062_20231109_o06,p062_20231109,62,4,3,60,3_S6,0.095587656,0.011564735,0.061408494,0.10970253,0.052208457,0.6695281,5_S8
c3_p062_20231120_o05,p062_20231120,62,4,3,70,4_S7,0.003545745,0.028761841,0.014347009,0.026133435,0.8760442,0.051167767,4_S7
c3_p062_20231127_o06,p062_20231127,62,4,3,72,4_S7,0.0014099225,0.013893449,0.0032879778,0.5198029,0.44920903,0.012396714,3_S6
c3_p062_20231130_o08,p062_20231130,62,4,3,73,4_S7,2.8895422e-06,0.0002104887,0.00017802685,0.0016813597,0.9963115,0.0016157517,4_S7
c3_p062_20231204_o08,p062_20231204,62,4,3,75,4_S7,3.605876e-07,6.542135e-06,8.762948e-06,0.1361907,0.8636662,0.00012743236,4_S7
c3_p062_20231211_o06,p062_20231211,62,4,3,77,4_S7,4.0864528e-08,7.1792438e-06,4.870169e-06,0.00019531639,0.99924207,0.00055062026,4_S7
c3_p062_20231214_o08,p062_20231214,62,4,3,78,4_S7,0.00092725264,0.0015702752,0.003812779,0.31067675,0.6794068,0.003606145,4_S7
c3_p062_20231218_o11,p062_20231218,62,4,3,79,4_S7,2.2972303e-08,9.0532234e-07,1.0257668e-06,2.1727697e-05,0.99879277,0.0011835482,4_S7
c3_p062_20231227_o04,p062_20231227,62,4,3,79,4_S7,1.5231148e-08,4.5398842e-08,2.9816718e-07,8.721837e-06,0.998628,0.0013628216,4_S7
c3_p062_20240115_o04,p062_20240115,62,4,3,82,5_S8,7.0552517e-07,6.312031e-07,1.0173699e-06,8.995754e-08,0.00026418606,0.9997334,5_S8
c3_p062_20240119_o12,p062_20240119,62,4,3,83,5_S8,3.7876713e-08,8.066713e-08,7.167543e-08,9.459956e-10,4.739807e-06,0.999995,5_S8
c3_p062_20240126_o06,p062_20240126,62,4,3,86,5_S8,7.626191e-08,4.583974e-09,4.0779597e-08,1.0866668e-09,5.4164946e-07,0.9999993,5_S8
c3_p071_20231006_o01,p071_20231006,71,4,3,13,0_S1,0.99865437,0.00042175857,0.00059888494,7.2396004e-05,6.8745045e-05,0.00018379909,0_S1
c3_p071_20231011_o09,p071_20231011,71,4,3,13,0_S1,0.9998877,6.6267145e-05,3.28305e-05,3.0164172e-06,1.6417565e-06,8.506057e-06,0_S1
c3_p071_20231017_o07,p071_20231017,71,4,3,13,0_S1,0.9993443,0.00023690383,0.000122067126,1.3599397e-05,6.634618e-05,0.00021674989,0_S1
c3_p071_20231019_o06,p071_20231019,71,4,3,13,0_S1,0.97192746,0.0019970308,0.01940171,0.0019496342,0.0013391669,0.003385029,0_S1
c3_p071_20231023_o08,p071_20231023,71,4,3,14,0_S1,0.9949661,0.0010786436,0.0033838393,0.00046280347,3.9911007e-05,6.880605e-05,0_S1
c3_p071_20231027_o07,p071_20231027,71,4,3,51,2_S5,0.3264573,0.018200213,0.6368415,0.017789846,0.0004419485,0.0002692265,2_S5
c3_p071_20231101_o06,p071_20231101,71,4,3,60,3_S6,0.21478653,0.023668505,0.68614805,0.07469246,0.00058207667,0.00012235201,2_S5
c3_p071_20231106_o08,p071_20231106,71,4,3,68,3_S6,0.00026644417,0.0008863657,0.008835919,0.9733579,0.01661839,3.49608e-05,3_S6
c3_p071_20231109_o07,p071_20231109,71,4,3,69,3_S6,0.03483375,0.011738476,0.5398467,0.4029857,0.01028577,0.00030958917,2_S5
c3_p071_20231120_o09,p071_20231120,71,4,3,70,4_S7,0.00034987938,0.0015391068,0.009033712,0.17585582,0.81066805,0.0025535123,4_S7
c3_p071_20231127_o12,p071_20231127,71,4,3,72,4_S7,2.7042186e-05,0.002024147,0.0007210765,0.031724162,0.95852137,0.0069821547,4_S7
c3_p071_20231130_o10,p071_20231130,71,4,3,73,4_S7,0.00019840157,0.00023384999,0.0016299785,0.32079068,0.6718137,0.005333394,4_S7
c3_p071_20231204_o04,p071_20231204,71,4,3,74,4_S7,0.00024859622,0.00071845605,0.0003159454,0.20890167,0.78177077,0.008044558,4_S7
c3_p071_20231211_o09,p071_20231211,71,4,3,75,4_S7,3.626558e-08,1.45802e-07,7.4334724e-07,0.00048086315,0.99917066,0.0003476662,4_S7
c3_p071_20231214_o09,p071_20231214,71,4,3,76,4_S7,0.00019248697,0.00016477132,0.00054631237,0.007829614,0.9803458,0.010921013,4_S7
c3_p071_20231218_o05,p071_20231218,71,4,3,77,4_S7,2.2332762e-07,2.9922664e-09,2.5973497e-07,1.5991891e-07,0.9894349,0.010564525,4_S7
c3_p071_20231227_o04,p071_20231227,71,4,3,78,4_S7,2.4432065e-06,6.66065e-06,1.4312339e-05,6.0098546e-06,0.89643776,0.10353281,4_S7
c3_p071_20240115_o07,p071_20240115,71,4,3,79,4_S7,1.9788603e-08,1.8693986e-09,1.5531954e-08,1.3616684e-09,0.07973721,0.92026275,5_S8
c3_p071_20240119_o07,p071_20240119,71,4,3,82,5_S8,9.9193905e-08,3.493056e-08,1.2123162e-07,7.490698e-10,8.309973e-06,0.9999914,5_S8
c3_p071_20240126_o10,p071_20240126,71,4,3,85,5_S8,3.966885e-07,1.7372648e-07,6.599189e-07,4.3541455e-09,9.534281e-06,0.9999893,5_S8
c3_p074_20231006_o10,p074_20231006,74,4,3,13,0_S1,0.99980325,0.00010101944,3.316784e-05,7.650897e-06,7.74776e-06,4.7206508e-05,0_S1
c3_p074_20231011_o05,p074_20231011,74,4,3,13,0_S1,0.99981576,0.00010191153,4.3455555e-05,3.844366e-06,7.214527e-06,2.778446e-05,0_S1
c3_p074_20231017_o02,p074_20231017,74,4,3,13,0_S1,0.99955255,0.0001287408,6.5741e-05,3.056315e-06,5.029983e-05,0.00019952374,0_S1
c3_p074_20231019_o11,p074_20231019,74,4,3,13,0_S1,0.9928913,0.0004929093,0.0057314415,0.000304484,0.0002845792,0.0002953196,0_S1
c3_p074_20231023_o07,p074_20231023,74,4,3,13,0_S1,0.9922593,0.0014765153,0.005716544,0.0004330222,3.7902388e-05,7.676775e-05,0_S1
c3_p074_20231027_o05,p074_20231027,74,4,3,20,1_S2,0.3938288,0.0054982137,0.5893071,0.009563656,0.0013513974,0.00045082052,2_S5
c3_p074_20231101_o03,p074_20231101,74,4,3,53,2_S5,0.14535895,0.01054093,0.69333714,0.13971627,0.009693319,0.0013533859,2_S5
c3_p074_20231106_o11,p074_20231106,74,4,3,60,3_S6,0.0053007496,0.0041871844,0.014539216,0.852827,0.11922275,0.0039230655,3_S6
c3_p074_20231109_o08,p074_20231109,74,4,3,70,4_S7,0.0003672402,0.0005741807,0.013641672,0.65726924,0.32757294,0.0005747584,3_S6
c3_p074_20231120_o05,p074_20231120,74,4,3,72,4_S7,0.004079719,0.0031636357,0.05084571,0.17518094,0.7601409,0.0065890406,4_S7
c3_p074_20231127_o09,p074_20231127,74,4,3,73,4_S7,1.0426288e-06,1.3198962e-05,2.8404595e-05,0.45267174,0.54701716,0.00026842544,4_S7
c3_p074_20231130_o10,p074_20231130,74,4,3,74,4_S7,1.5891529e-06,1.1436621e-05,6.076983e-05,0.008441336,0.991219,0.00026592094,4_S7
c3_p074_20231204_o05,p074_20231204,74,4,3,75,4_S7,0.00014556615,0.0013316856,0.00063823565,0.7076679,0.2885816,0.0016350514,3_S6
c3_p074_20231211_o12,p074_20231211,74,4,3,78,4_S7,4.037958e-09,1.5438207e-08,4.456386e-08,1.0351927e-05,0.99982387,0.00016579533,4_S7
c3_p074_20231214_o08,p074_20231214,74,4,3,79,4_S7,1.5552681e-08,1.9519117e-08,5.842579e-08,3.3262324e-05,0.9995115,0.00045522218,4_S7
c3_p074_20231218_o04,p074_20231218,74,4,3,79,4_S7,3.4370956e-08,2.3922493e-07,2.225201e-07,2.9039356e-06,0.9826339,0.017362764,4_S7
c3_p074_20231227_o03,p074_20231227,74,4,3,81,5_S8,8.874858e-06,1.778882e-05,1.38841815e-05,4.1376675e-06,0.11686093,0.8830945,5_S8
c3_p074_20240115_o10,p074_20240115,74,4,3,82,5_S8,2.1429081e-07,4.5470136e-07,6.9782305e-07,7.1676194e-09,5.9299608e-05,0.9999393,5_S8
c3_p074_20240119_o11,p074_20240119,74,4,3,83,5_S8,0.00024541974,0.0007197901,0.00027558647,3.1211053e-05,0.028153135,0.9705748,5_S8
c3_p074_20240126_o08,p074_20240126,74,4,3,88,5_S8,5.2917174e-05,4.0804855e-05,1.6805026e-05,1.7261319e-06,0.0007427893,0.9991449,5_S8
c3_p080_20231006_o02,p080_20231006,80,4,3,13,0_S1,0.9997495,0.00012317233,4.1822113e-05,1.2802906e-05,1.5838348e-05,5.6861583e-05,0_S1
c3_p080_20231011_o09,p080_20231011,80,4,3,13,0_S1,0.9996784,0.00017277339,8.083837e-05,2.0689104e-05,1.2224362e-05,3.5150755e-05,0_S1
c3_p080_20231017_o09,p080_20231017,80,4,3,13,0_S1,0.9995721,0.00022956535,0.00014987389,2.2637374e-05,8.270309e-06,1.7547092e-05,0_S1
c3_p080_20231019_o08,p080_20231019,80,4,3,13,0_S1,0.99593383,0.00016956692,0.0037175084,6.305727e-05,5.370713e-05,6.246252e-05,0_S1
c3_p080_20231023_o06,p080_20231023,80,4,3,14,0_S1,0.9030697,0.008887747,0.07867593,0.003658683,0.0026536756,0.0030542717,0_S1
c3_p080_20231027_o05,p080_20231027,80,4,3,52,2_S5,0.17183134,0.0076788203,0.7849247,0.033851113,0.0013002487,0.0004138525,2_S5
c3_p080_20231101_o06,p080_20231101,80,4,3,53,2_S5,0.12009054,0.02069376,0.51259434,0.33998448,0.0059871823,0.00064971467,2_S5
c3_p080_20231106_o06,p080_20231106,80,4,3,62,3_S6,0.011046299,0.0014406134,0.08432823,0.6162215,0.2855386,0.0014247248,3_S6
c3_p080_20231109_o01,p080_20231109,80,4,3,69,3_S6,0.012277089,0.007580018,0.4233804,0.49455371,0.0619292,0.00027957474,3_S6
c3_p080_20231120_o11,p080_20231120,80,4,3,70,4_S7,0.0012046081,0.0057405205,0.009613146,0.07018203,0.88254493,0.030714812,4_S7
c3_p080_20231127_o05,p080_20231127,80,4,3,73,4_S7,1.5765518e-05,0.00010476445,0.0001753633,0.16615462,0.83204716,0.0015022838,4_S7
c3_p080_20231130_o11,p080_20231130,80,4,3,74,4_S7,1.7983599e-05,0.00071882457,0.0007745686,0.051830668,0.9445586,0.0020993203,4_S7
c3_p080_20231204_o05,p080_20231204,80,4,3,76,4_S7,4.2326934e-05,8.953983e-05,0.00012009976,0.27150396,0.7244329,0.0038111652,4_S7
c3_p080_20231211_o10,p080_20231211,80,4,3,77,4_S7,8.6629603e-07,5.532302e-06,7.925171e-06,0.00035875023,0.995814,0.0038128586,4_S7
c3_p080_20231214_o03,p080_20231214,80,4,3,78,4_S7,0.00015735174,4.9536607e-06,0.0001325697,0.0037997374,0.9892434,0.0066620824,4_S7
c3_p080_20231218_o06,p080_20231218,80,4,3,79,4_S7,4.2638515e-08,9.4246255e-09,3.549533e-07,1.3984104e-06,0.9959253,0.004072998,4_S7
c3_p080_20231227_o03,p080_20231227,80,4,3,81,5_S8,9.362634e-06,3.9484585e-06,1.7333994e-05,1.6927133e-06,0.055317786,0.9446499,5_S8
c3_p080_20240115_o06,p080_20240115,80,4,3,85,5_S8,2.7913734e-07,1.2637883e-08,1.6691627e-07,3.3953582e-10,1.0569573e-06,0.99999845,5_S8
c3_p080_20240119_o03,p080_20240119,80,4,3,88,5_S8,3.077188e-08,7.352923e-09,2.0332648e-08,1.409214e-10,3.1172224e-06,0.9999968,5_S8
c3_p080_20240126_o10,p080_20240126,80,4,3,89,5_S8,4.4569706e-10,1.9966481e-10,1.2979093e-09,1.8588369e-12,4.44732e-08,1.0,5_S8
c3_p081_20231006_o05,p081_20231006,81,4,3,13,0_S1,0.99973875,0.00010837881,5.4185708e-05,6.6153943e-06,1.4024049e-05,7.798724e-05,0_S1
c3_p081_20231011_o08,p081_20231011,81,4,3,13,0_S1,0.99984217,9.104551e-05,4.8403184e-05,3.0717958e-06,2.9575958e-06,1.2305956e-05,0_S1
c3_p081_20231017_o10,p081_20231017,81,4,3,13,0_S1,0.99795485,0.0009294132,0.0008453668,0.00019589905,2.947384e-05,4.4928613e-05,0_S1
c3_p081_20231019_o12,p081_20231019,81,4,3,13,0_S1,0.9908483,0.001278166,0.0067767743,0.00034167853,0.00022997805,0.00052511937,0_S1
c3_p081_20231023_o01,p081_20231023,81,4,3,14,0_S1,0.8507923,0.04573086,0.06368461,0.035838973,0.0027228948,0.0012303618,0_S1
c3_p081_20231027_o01,p081_20231027,81,4,3,53,2_S5,0.06448072,0.008586798,0.9038249,0.021718252,0.0011841202,0.00020511121,2_S5
c3_p081_20231101_o04,p081_20231101,81,4,3,54,2_S5,0.1197056,0.008152845,0.8026058,0.06725307,0.002117025,0.00016555528,2_S5
c3_p081_20231106_o12,p081_20231106,81,4,3,60,3_S6,0.0015045631,0.000911716,0.12613672,0.8375138,0.03382213,0.00011098979,3_S6
c3_p081_20231109_o01,p081_20231109,81,4,3,64,3_S6,0.00011966029,5.698862e-05,0.006915918,0.8748851,0.11792777,9.4502764e-05,3_S6
c3_p081_20231120_o04,p081_20231120,81,4,3,67,3_S6,0.0040540174,0.011706303,0.04530883,0.27796638,0.65783715,0.0031273542,4_S7
c3_p081_20231127_o06,p081_20231127,81,4,3,72,4_S7,1.3092589e-05,0.00037908155,0.00022922606,0.07935969,0.9174095,0.0026093582,4_S7
c3_p081_20231130_o09,p081_20231130,81,4,3,73,4_S7,6.290389e-05,0.002192537,0.001843437,0.051010247,0.9354901,0.009400839,4_S7
c3_p081_20231204_o12,p081_20231204,81,4,3,75,4_S7,0.00027845477,0.014707932,0.0038799047,0.018641336,0.879779,0.08271334,4_S7
c3_p081_20231211_o11,p081_20231211,81,4,3,77,4_S7,0.0005712117,0.048720185,0.008741594,0.0032330176,0.6593227,0.27941126,4_S7
c3_p081_20231214_o05,p081_20231214,81,4,3,78,4_S7,0.004503951,1.9596677e-05,0.00032144465,0.00069449,0.9724277,0.022032768,4_S7
c3_p081_20231218_o09,p081_20231218,81,4,3,79,4_S7,2.1510346e-06,1.992111e-05,1.0335468e-05,1.1606247e-05,0.93637186,0.06358408,4_S7
c3_p081_20231227_o04,p081_20231227,81,4,3,79,4_S7,1.2806574e-06,1.2073806e-07,1.3141193e-06,2.4706965e-06,0.9700796,0.029915323,4_S7
c3_p081_20240115_o02,p081_20240115,81,4,3,83,5_S8,0.00043510544,0.00017184809,0.0001691956,2.2703936e-05,0.007018309,0.9921828,5_S8
c3_p081_20240119_o07,p081_20240119,81,4,3,85,5_S8,2.1252652e-06,3.4203692e-06,2.5740612e-06,1.8561922e-08,0.00010910161,0.9998827,5_S8
c3_p081_20240126_o04,p081_20240126,81,4,3,89,5_S8,5.2545315e-09,5.773646e-10,3.3889525e-09,1.099532e-11,3.667023e-07,0.99999964,5_S8
c3_p084_20231128_o12,p084_20231128,84,4,3,66,3_S6,3.142427e-05,4.3417112e-06,4.5577464e-05,0.8494375,0.15040974,7.143934e-05,3_S6
c3_p084_20231130_o05,p084_20231130,84,4,3,68,3_S6,2.6065147e-05,2.3121971e-05,8.384192e-05,0.99424416,0.005616601,6.105248e-06,3_S6
c3_p084_20231204_o01,p084_20231204,84,4,3,69,3_S6,6.8006884e-05,5.857441e-05,9.7886776e-05,0.91688865,0.08230542,0.0005815276,3_S6
c3_p084_20231207_o12,p084_20231207,84,4,3,70,4_S7,4.2328866e-06,4.406598e-07,6.2678996e-06,0.0053625153,0.99336725,0.001259305,4_S7
c3_p084_20231211_o05,p084_20231211,84,4,3,71,4_S7,1.952514e-08,9.043673e-08,3.6995448e-07,0.0005620665,0.99931085,0.00012663726,4_S7
c3_p084_20231218_o01,p084_20231218,84,4,3,73,4_S7,1.6567778e-06,7.5958674e-08,2.7430876e-06,2.0198318e-05,0.9990578,0.0009174827,4_S7
c3_p084_20231227_o02,p084_20231227,84,4,3,75,4_S7,7.36899e-07,8.262185e-07,6.7440906e-06,8.2351566e-05,0.9970197,0.0028895922,4_S7
c3_p084_20240115_o07,p084_20240115,84,4,3,76,4_S7,4.7845095e-08,2.9096443e-08,6.5366685e-08,9.741192e-07,0.95978653,0.040212326,4_S7
c3_p084_20240119_o10,p084_20240119,84,4,3,78,4_S7,2.3217317e-10,2.3370822e-10,1.4503256e-09,1.6464337e-07,0.99902856,0.00097124226,4_S7
c3_p084_20240126_o09,p084_20240126,84,4,3,80,5_S8,3.63197e-05,0.0012437968,0.00018890912,0.00014060842,0.52509826,0.47329205,4_S7
c3_p090_20231128_o07,p090_20231128,90,4,3,65,3_S6,0.00020311591,8.44435e-05,0.0005487598,0.91116184,0.08762251,0.00037935504,3_S6
c3_p090_20231130_o09,p090_20231130,90,4,3,67,3_S6,0.000152488,0.00012056169,0.000115625924,0.99364203,0.005925416,4.3893808e-05,3_S6
c3_p090_20231204_o06,p090_20231204,90,4,3,65,3_S6,0.0002203627,3.7675887e-05,3.4479726e-05,0.9785524,0.02086122,0.00029385742,3_S6
c3_p090_20231207_o05,p090_20231207,90,4,3,67,3_S6,6.0167968e-06,3.8094473e-07,1.0113437e-05,0.003102883,0.99549496,0.0013856018,4_S7
c3_p090_20231211_o10,p090_20231211,90,4,3,69,3_S6,3.3447137e-07,1.1621179e-06,3.812219e-06,0.022327278,0.9773769,0.00029049083,4_S7
c3_p090_20231218_o03,p090_20231218,90,4,3,71,4_S7,3.4963608e-07,5.4826966e-08,1.6364024e-06,4.9676724e-05,0.9958222,0.0041261017,4_S7
c3_p090_20231227_o11,p090_20231227,90,4,3,73,4_S7,4.1465764e-06,1.0765124e-06,1.0702226e-05,0.00014747166,0.9921745,0.0076621966,4_S7
c3_p090_20240115_o03,p090_20240115,90,4,3,76,4_S7,9.144673e-06,2.3195562e-06,5.8558147e-05,0.00027872875,0.99121046,0.008440757,4_S7
c3_p090_20240119_o02,p090_20240119,90,4,3,78,4_S7,7.3124697e-06,2.9321277e-06,1.4725909e-05,0.00020182609,0.9968161,0.0029570728,4_S7
c3_p090_20240126_o01,p090_20240126,90,4,3,80,5_S8,2.5021018e-06,5.4850016e-06,1.268783e-05,1.5350652e-05,0.9591396,0.040824395,4_S7
c3_p092_20231128_o01,p092_20231128,92,4,3,68,3_S6,8.856283e-05,1.1475334e-05,0.00013959862,0.68318814,0.31593448,0.0006377585,3_S6
c3_p092_20231130_o06,p092_20231130,92,4,3,69,3_S6,3.186843e-05,3.868375e-05,0.00011499049,0.99616456,0.0036393101,1.0608985e-05,3_S6
c3_p092_20231204_o09,p092_20231204,92,4,3,70,4_S7,7.96896e-06,1.8575642e-05,1.5254484e-05,0.9811214,0.018779038,5.770873e-05,3_S6
c3_p092_20231207_o10,p092_20231207,92,4,3,71,4_S7,0.00053035654,0.0012797308,0.0017301223,0.024912197,0.80188257,0.16966507,4_S7
c3_p092_20231211_o06,p092_20231211,92,4,3,72,4_S7,5.5755886e-06,2.221976e-06,4.6377622e-06,0.0023462859,0.98804617,0.009595208,4_S7
c3_p092_20231218_o07,p092_20231218,92,4,3,74,4_S7,4.917998e-07,2.9200862e-08,3.9664477e-07,2.4446379e-06,0.9957652,0.004231439,4_S7
c3_p092_20231227_o02,p092_20231227,92,4,3,75,4_S7,2.9748188e-09,1.1745097e-08,4.0374413e-08,2.1559958e-06,0.996923,0.003074802,4_S7
c3_p092_20240115_o09,p092_20240115,92,4,3,76,4_S7,4.5043345e-07,3.1413882e-07,1.4136848e-06,2.3589932e-06,0.9528442,0.047151238,4_S7
c3_p092_20240119_o10,p092_20240119,92,4,3,78,4_S7,3.858325e-08,7.410016e-08,9.320675e-08,7.8230477e-07,0.99276155,0.0072373976,4_S7
c3_p092_20240126_o07,p092_20240126,92,4,3,83,5_S8,4.7114466e-07,6.4576744e-07,1.3509602e-06,1.539673e-08,0.0001842498,0.9998134,5_S8
c3_p100_20231128_o09,p100_20231128,100,4,3,66,3_S6,0.00028868314,0.00020042565,0.001613553,0.7790481,0.21691377,0.0019354846,3_S6
c3_p100_20231130_o12,p100_20231130,100,4,3,68,3_S6,1.37978495e-05,9.20779e-06,1.0861592e-05,0.99614525,0.0038055286,1.5356734e-05,3_S6
c3_p100_20231204_o03,p100_20231204,100,4,3,69,3_S6,1.4075334e-05,2.632419e-05,4.343218e-05,0.712318,0.28684044,0.00075772754,3_S6
c3_p100_20231207_o12,p100_20231207,100,4,3,68,3_S6,1.5950192e-06,8.000761e-06,2.4611267e-05,0.0059976387,0.99321234,0.00075578917,4_S7
c3_p100_20231211_o07,p100_20231211,100,4,3,69,3_S6,3.2607306e-05,0.00053903233,0.00039053147,0.39633062,0.6001533,0.002553831,4_S7
c3_p100_20231218_o11,p100_20231218,100,4,3,70,4_S7,6.655218e-08,7.5480564e-08,1.1591138e-06,7.574229e-05,0.99879956,0.0011232493,4_S7
c3_p100_20231227_o01,p100_20231227,100,4,3,72,4_S7,4.300359e-11,3.3999523e-10,1.1685269e-09,9.521613e-07,0.9999906,8.412011e-06,4_S7
c3_p100_20240115_o08,p100_20240115,100,4,3,75,4_S7,7.661265e-08,9.2895533e-07,5.1853175e-07,2.0322184e-06,0.98402786,0.01596866,4_S7
c3_p100_20240119_o04,p100_20240119,100,4,3,77,4_S7,3.255404e-07,9.155044e-08,5.567813e-07,5.0736753e-06,0.9948949,0.005098994,4_S7
c3_p100_20240126_o12,p100_20240126,100,4,3,79,4_S7,5.3385985e-10,5.486726e-10,2.216116e-09,9.960988e-09,0.9684179,0.031582173,4_S7
